date_str,source,url,themes,locations,persons,organizations,tone,translation_info,full_text
20260830133446,Corriere,https://www.corriere.it/economia/professionisti/26_agosto_30/professioni-fare-l-avvocato-o-il-commercialista-non-e-piu-l-ambizione-dei-giovani-redditi-troppo-bassi-20746576-52c1-47a7-a984-7e4854e13xlk.shtml,,,,,,srclc:ita,"AI e lavoro, lo studio Bce sugli Usa: occupazione e salari resistono al boom dell'intelligenza artificiale
di Massimiliano Jattoni Dall’Asén
Il mondo delle professioni invecchia e il ricambio generazionale rallenta. Il rapporto Confprofessioni fotografa il calo degli under 35, l’aumento dell’età media e un crescente divario nei redditi tra giovani e lavoratori maturi
«Poveri ma belli». Senza scomodare il cinema italiano degli anni Cinquanta, la definizione restituisce bene il paradosso della professioni come l’architetto, l’avvocato, il giornalista, il commercialista: carriere ancora capaci di attrarre giovani laureati, ma sempre più complicate dal punto di vista economico e professionale. Se l’Italia invecchia e il mercato del lavoro segue la stessa traiettoria. E anche il mondo delle professioni risente del calo demografico e della riduzione degli ingressi delle nuove generazioni: meno giovani, più lavoratori maturi e un ricambio generazionale sempre più difficile. È il quadro che emerge dal rapporto dell’Osservatorio di Confprofessioni. Negli ultimi cinquant’anni l’età mediana della popolazione italiana è passata da 33 a 49 anni, mentre la quota di giovani tra 0 e 14 anni si è dimezzata e quella degli over 65 è raddoppiata. Un cambiamento che si riflette direttamente sulla composizione degli occupati e, in particolare, sul settore delle libere professioni.
Il mercato del lavoro dipendente mantiene una struttura anagrafica più equilibrata rispetto al lavoro autonomo. Nel 2025 gli under 35 rappresentano il 24% dei lavoratori dipendenti, mentre la quota scende al 16% tra i liberi professionisti e al 15% tra gli altri indipendenti. Anche l’età media conferma questa distanza. Tra i professionisti l’età mediana raggiunge i 50 anni per gli uomini e i 46 anni per le donne. La presenza femminile, cresciuta negli ultimi anni, ha contribuito a contenere l’invecchiamento del settore, ma anche tra le professioniste il peso delle fasce più mature è ormai prevalente.
Il rapporto tra under 35 e over 54 evidenzia un progressivo indebolimento del ricambio generazionale. Nel lavoro dipendente il rapporto resta vicino all’equilibrio, grazie anche a percorsi di ingresso più strutturati. Nelle professioni, invece, l’accesso appare più complesso: servono tempi lunghi di formazione, stabilità economica iniziale e reti professionali consolidate, elementi che rendono più difficile l’ingresso dei giovani. «Il ricambio generazionale nel mondo delle professioni si è inceppato e i dati lo mostrano con chiarezza: i giovani entrano tardi, crescono lentamente e il divario con i senior si amplia lungo tutto il ciclo di vita», afferma il presidente di Confprofessioni, Marco Natali. «Non è solo un tema demografico, ma riguarda la capacità del Paese di innovare e garantire continuità alle competenze».
L’invecchiamento degli occupati si accompagna a un cambiamento profondo nella distribuzione dei redditi. Secondo il rapporto, la posizione economica delle nuove generazioni è peggiorata rispetto al passato. Nel 1987 i lavoratori tra 25 e 34 anni avevano un reddito pari al 97% della media complessiva. Nel 2022 la stessa fascia d’età è scesa al 78%. In poco più di trent’anni i giovani hanno perso quasi venti punti percentuali rispetto al reddito medio. Anche il momento di massimo rendimento economico si è spostato in avanti: se in passato il picco dei redditi era concentrato tra i 45 e i 54 anni, oggi si colloca più frequentemente nella fascia 55-64 anni, anche per effetto dell’allungamento della vita lavorativa e dell’aumento dell’età pensionabile.
Il fenomeno è ancora più evidente nel lavoro indipendente. Alla fine degli anni Ottanta i giovani autonomi tra 25 e 34 anni guadagnavano mediamente il 20% in più rispetto ai lavoratori senior. Nel 2022 la situazione si è ribaltata: gli stessi giovani risultano avere redditi inferiori del 16% rispetto agli over 55. «Le nostre analisi mostrano una penalizzazione sistematica dei giovani», spiega Ludovica Zichichi, ricercatrice dell’Osservatorio di Confprofessioni. «Nel lavoro indipendente il divario è più ampio e tende ad aumentare: i giovani restano sotto la fascia centrale della carriera e il picco reddituale si sposta sempre più avanti».
di Isidoro Trovato
Il rapporto evidenzia come la crisi del ricambio non sia soltanto quantitativa, ma anche economica. Le nuove generazioni entrano più tardi nelle professioni, hanno percorsi di crescita più lenti e incontrano maggiori difficoltà nel consolidare il proprio reddito. Le differenze generazionali si intrecciano anche con quelle di genere. Le giovani donne mostrano divari leggermente inferiori rispetto agli uomini, ma principalmente perché l’intera distribuzione dei redditi femminili rimane più bassa e compressa.
Intelligenza artificiale e lavoro: perché gli algoritmi rischiano di lasciare «rubare» la gavetta ai giovani
Donne e tecnologia, il paradosso italiano: più laureate degli uomini ma solo il 5% arriva ai vertici IT
Panetta: «Intelligenza artificiale leva decisiva per la produttività italiana, intervento pubblico necessario»
Guide turistiche, dopo la maxi bocciatura del 2025 (è passato il 2%) nuovo caos sull’esame 2026: «Fissato 15 giorni prima, impossibile prepararsi»
Infermieri, da settembre tre nuove lauree e la possibilità di fare ricette: quali sono i diversi profili e dove lavoreranno
Commercialisti e Consulenti del lavoro: ecco gli studi top in Italia, la classifica"
20260830130710,Pressenza,https://www.pressenza.com/it/2026/08/riparare-il-mondo-e-cedere-il-potere-lincontro-con-la-portentosa-cura-intergalattica/,,,,,,srclc:ita,"C’è un modo molto comune per interrompere la comunicazione tra le generazioni: l’atteggiarsi a custodi della verità da parte dei più maturi.
È un atteggiamento spesso saccente, tipico di sempre, ma che oggi acquisisce un peso particolarmente grave. Grazie all’inverno demografico, infatti, la gioventù attuale si trova in una condizione di minoranza assoluta, cosa mai avvenuta per i giovani del passato.
Mi riferisco ovviamente all’Occidente (ma a ovest di cosa?), ai Paesi ricchi (ma ricchi per chi?), insomma agli USA, al Canada, al Giappone, all’Europa e – al suo interno – al caso estremo dell’Italia.
Non sto a riportare i dati, li vediamo tutti. Calo delle nascite, allungamento della speranza di vita e dinamiche migratorie fanno dell’Italia, insieme al Giappone, un Paese per vecchi.
Tutto questo in un contesto di policrisi, ovvero di fratture che si intersecano e si nutrono a vicenda: climatica, politica, migratoria, sociale, energetica, logistica. Mao Zedong avrebbe detto: «Grande è la confusione sotto il cielo, la situazione è eccellente». Un po’ la stessa logica del «Tanto peggio, tanto meglio» dei massimalisti nostrani. Anche questo è un giudizio con parametri vecchi, senza senso, che cerca solo di scaricare sui più giovani le nostre responsabilità.
Mi vengono in mente le parole di Marco Rossi-Doria ascoltate anni fa a Biella: noi adulti dobbiamo fare due cose essenziali, porci il problema di come riparare il mondo e trovare il modo per cedere il potere alle generazioni successive.
Faccio questo preambolo perché sono stato a un incontro organizzato da persone molto più giovani di me a Subiaco, vicino a Roma. Hanno scelto un nome non canonico e provocatorio, specie come acronimo: PCI, Portentosa Cura Intergalattica.
Naturalmente usano il femminile sovraesteso: invece di ricorrere al maschile plurale, retaggio della società patriarcale, scelgono il femminile. È una delle pratiche che mi hanno insegnato in questi anni le mie figlie, insieme al rifiuto del binarismo di genere e ad altri elementi propri delle culture alternative contemporanee.
Vedo già le smorfie dei lettori più maturi. Bene, vi dico una cosa: se avete questa reazione verso il linguaggio sovraesteso è perché non volete cedere il potere e, soprattutto, non vi interessa riparare il mondo.
Al contrario, ho trovato molta attenzione e una profonda disponibilità all’ascolto nelle giornate trascorse con la Portentosa Cura Intergalattica.
Cosa possiamo fare noi adulti? Intanto porci in ascolto; dopodiché raccontare, senza sovrabbondare, le nostre esperienze e lasciare che siano loro a scegliere ciò che può servire per costruire un futuro diverso.
Così ho fatto, portando l’autocostruzione: una proposta nata dal design radicale degli anni ’70 che arriva fino a noi attraversando i decenni del disimpegno prima e dell’emergenza climatica poi.
Giudicate voi come è andata…"
20260830125442,Unione,https://www.unionesarda.it/3-minuti-con/la-nuova-provincia-e-utile-lo-dobbiamo-dimostrare-noi-ny00vz2c,,,,,,srclc:ita,"«La nuova Provincia è utile? Lo dobbiamo dimostrare noi»
Il vicepresidente Carlo Lai: i finanziamenti ci sono ma bisogna trasformarli in opere
Per restare aggiornato entra nel nostro canale Whatsapp
La rinata Provincia Ogliastra muove i suoi primi passi tra mille difficoltà. Prima la trafila burocratico-istituzionale per avere la quota di risorse dalla Provincia di Nuoro, oggi la necessità di un incremento del personale, ancora esiguo nonostante le nuove assunzioni. Carlo Lai, 51 anni, tessera Pd, sindaco di Jerzu e vicepresidente dell’ente intermedio con delega a Bilancio, Programmazione e personale, parla di finanziamenti, progetti e rapporti istituzionali con Comune e Regione. Senza nascondere le difficoltà che rischiano di intralciare il percorso.
A che punto siamo?
«Siamo passati dalla fase della ricostituzione della Provincia a quella, molto più impegnativa, della sua piena operatività. E sarebbe un errore far finta che le due cose coincidano. Abbiamo dovuto ricostruire un ente praticamente da capo: acquisire beni, risorse, procedimenti, competenze e rapporti finanziari, definendo una separazione dalla Provincia di Nuoro che inevitabilmente ha richiesto tempo e una grande quantità di lavoro amministrativo. Oggi il problema principale è soprattutto quello della capacità amministrativa. La Provincia deve occuparsi di centinaia di chilometri di strade, edifici scolastici, ambiente, appalti, bilancio, personale, programmazione e supporto al territorio, ma è ripartita con un organico estremamente ridotto».
Serve personale.
«I dodici posti messi a concorso due settimane fa, molti dei quali destinati a profili tecnici, rappresentano un passaggio molto importante. Ma dobbiamo continuare su questa strada, perché la prima opera pubblica che dobbiamo completare è la macchina amministrativa della Provincia. Possiamo avere finanziamenti e progetti, ma senza ingegneri, geometri, amministrativi e funzionari in numero adeguato quelle risorse rischiano di rimanere numeri scritti in un bilancio. Con una struttura efficiente diventano invece gare, cantieri, strade migliori, scuole più sicure e servizi. Il vero indicatore del successo della Provincia non sarà quindi quanto denaro avremo a disposizione, ma quanto riusciremo a trasformarlo rapidamente in risultati per l'Ogliastra».
Strade trincea da sistemare, progetti ancora fermi. E qualche spiraglio per la Villagrande-Tortolì. Qual è lo stato dell’arte?
«Sulla viabilità dobbiamo essere molto franchi: la situazione di diversi tratti della rete provinciale non è soddisfacente e in alcuni casi si trascinano criticità che vengono da molti anni di manutenzioni insufficienti. La nuova Provincia ha ereditato circa 270 chilometri di strade e non possiamo pensare di recuperare in pochi mesi un arretrato accumulato nel tempo. Però adesso dobbiamo cambiare passo. Sono già in corso procedure per interventi di manutenzione diffusa sulla rete e la priorità deve essere stabilita sulla base della sicurezza, dell'intensità del traffico e della funzione che ogni strada svolge per le comunità, evitando per quanto possibile la logica dell'intervento soltanto dopo l'emergenza. Sulla Tortolì-Villagrande, in particolare, oggi parlerei di qualcosa di più di uno spiraglio. Per il secondo stralcio della SP 27 il progetto esecutivo è stato approvato e la gara per quasi tre milioni di euro è stata pubblicata. È un fatto concreto. Naturalmente non voglio fare annunci trionfalistici: un'opera pubblica è davvero realizzata quando arrivano le ruspe e, soprattutto, quando viene consegnata ai cittadini. Però siamo finalmente in una fase operativa e dobbiamo accompagnarla fino all'apertura del cantiere. Quella strada è strategica non soltanto per Villagrande e Tortolì: riguarda il collegamento tra l'interno e la costa e rappresenta esattamente il tipo di infrastruttura sulla quale una Provincia deve dimostrare la propria utilità».
Da sindaco e da vicepresidente della Provincia, individui le priorità da affrontare alla ripresa dell’attività politico-amministrativa ormai imminente.
«Le metterei in un ordine molto semplice. La prima è rafforzare definitivamente la struttura amministrativa della Provincia, perché da quella dipende tutto il resto. La seconda riguarda le due grandi competenze che i cittadini identificano immediatamente con l'ente provinciale: strade e scuole. Dobbiamo trasformare le risorse disponibili in cantieri, programmare gli interventi anziché inseguire continuamente le emergenze e costruire una scala trasparente delle priorità. Ma aggiungerei una terza questione, che per me è altrettanto importante: dobbiamo decidere che Provincia vogliamo essere. Da sindaco conosco molto bene le difficoltà quotidiane dei piccoli Comuni. Mancano tecnici, professionalità specialistiche, capacità progettuale; spesso un Comune di poche migliaia o poche centinaia di abitanti deve affrontare procedure che sono sostanzialmente identiche a quelle di una grande città. Per questo credo che la Provincia debba diventare sempre di più la casa dei Comuni dell'Ogliastra: non un ulteriore livello burocratico, ma un ente capace di coordinare, progettare, fare massa critica, assistere i Comuni e rappresentare unitariamente il territorio davanti alla Regione e allo Stato. Abbiamo riconquistato una Provincia perché ritenevamo che l'Ogliastra avesse bisogno di una propria istituzione territoriale. Adesso dobbiamo dimostrare concretamente che quella scelta migliora la vita delle nostre comunità».
Anche gli studenti delle superiori stanno per tornare sui banchi. Lo stato di salute degli edifici scolastici rassicura oppure c’è tanto da fare?
Non userei né toni allarmistici né rassicurazioni di maniera: c'è ancora molto da fare. Il patrimonio scolastico provinciale è utilizzato quotidianamente da centinaia di ragazzi e insegnanti ed è un patrimonio che, in molti casi, ha bisogno di manutenzione, adeguamenti, eliminazione delle barriere architettoniche, efficientamento degli impianti e interventi per migliorare sicurezza e funzionalità. Proprio in queste settimane abbiamo procedure e interventi che riguardano, tra gli altri, il Convitto di Tortolì, il Liceo di Jerzu, l'Iti e l'Ipsar di Tortolì, gli istituti di Lanusei e la sede Ipia di Perdasdefogu. Questo dimostra che l'attenzione esiste, ma anche che il fabbisogno è significativo. L'obiettivo deve essere quello di passare progressivamente dalla manutenzione dettata dall'urgenza a una programmazione pluriennale dell'edilizia scolastica, nella quale ogni edificio sia conosciuto nelle sue criticità e gli interventi vengano programmati secondo priorità certe. Lo dico anche da sindaco di un Comune, Jerzu appunto, che ospita da quasi settant’anni un liceo scientifico e da oltre trent’anni anche un liceo linguistico e un Istituto tecnico commerciale e che ha il privilegio di avere una struttura di eccellenza: nei nostri territori una scuola non è soltanto un edificio. È un presidio sociale, culturale e demografico. Mantenere una scuola sicura, dignitosa e moderna significa anche offrire ai ragazzi dell'Ogliastra una ragione in più per poter studiare e costruire qui una parte del proprio futuro.
I rapporti con la Regione. Funziona il dialogo istituzionale o esiste qualche cortocircuito?
«Il dialogo istituzionale con la Regione esiste e in diversi casi ha prodotto risultati concreti. Sulla viabilità, sulla programmazione delle risorse e anche su alcuni interventi strategici abbiamo trovato interlocuzione e disponibilità. Sarebbe però altrettanto sbagliato negare che la nascita delle nuove Province abbia evidenziato anche rallentamenti, sovrapposizioni e complessità amministrative. Ricostituire un ente dopo anni significa trasferire personale, patrimonio, procedimenti, risorse e competenze: non basta una legge per rendere tutto immediatamente operativo. Credo quindi che il rapporto con la Regione debba fare un ulteriore salto di qualità, soprattutto nei tempi e nella certezza delle procedure. Non chiediamo corsie privilegiate. Chiediamo semplicemente che si tenga conto del fatto che una Provincia appena ricostituita non può essere considerata, dal primo giorno, organizzativamente identica a un ente che ha alle spalle decenni di continuità amministrativa. Da vicepresidente credo molto nella leale collaborazione istituzionale e non mi interessa alimentare conflitti tra enti. Da sindaco, però, so anche che dietro ogni ritardo amministrativo ci sono cittadini e comunità che aspettano una strada, una scuola, un servizio. La Provincia deve svolgere proprio questa funzione: raccogliere le esigenze dei Comuni, costruire una visione comune e presentarsi alla Regione con una voce territoriale forte e unitaria. L'Ogliastra non chiede privilegi. Chiede di avere le stesse opportunità degli altri territori della Sardegna e gli strumenti per costruire il proprio futuro».
Quanti soldi ci sono in cassa per progetti cantierabili?
«Quanti soldi ci sono in cassa per progetti cantierabili?
Il Rendiconto 2025 ci ha consegnato una situazione finanziaria certamente solida: al 31 dicembre la Provincia aveva oltre 16 milioni di euro di cassa. Ma bisogna fare una precisazione, perché non sarebbe corretto dire che siano 16 milioni liberamente spendibili per nuovi cantieri. Di quella cassa, oltre dieci milioni sono risorse vincolate, quindi già legate a specifiche destinazioni e interventi. Il risultato di amministrazione era di circa dodici milioni, dei quali quasi otto milioni vincolati, quasi due milioni accantonati e circa due milioni di avanzo libero.Abbiamo inoltre oltre due milioni di Fondo pluriennale vincolato per spese in conto capitale; quindi, risorse già riferite a investimenti programmati. Il problema della Provincia, dunque, oggi non è tanto la mancanza assoluta di risorse. Le risorse ci sono. La vera sfida, ripeto, è trasformarle rapidamente in progettazione, gare e cantieri, ed è proprio per questo che il rafforzamento degli uffici tecnici e della struttura amministrativa è così importante. Direi quindi che abbiamo davanti un portafoglio di diversi milioni di euro di interventi finanziati o finanziabili, ma distinguerei sempre le risorse effettivamente già cantierabili da quelle semplicemente presenti in cassa: un finanziamento diventa un'opera solo quando ci sono progetto, procedure e capacità amministrativa per realizzarlo»."
20260830113041,Notizie Geopolitiche,https://www.notiziegeopolitiche.net/israele-smotrich-punta-a-un-milione-di-nuovi-residenti-ebrei-nel-negev-e-in-galilea/,,,,,,srclc:ita,"di Giuseppe Gagliano –
Il ministro delle Finanze israeliano Bezalel Smotrich ha annunciato un piano per trasferire un milione di nuovi residenti ebrei nel Negev e in Galilea attraverso la costruzione di quaranta nuove comunità, decine di fattorie e centinaia di migliaia di abitazioni. Il progetto punta a modificare gli equilibri demografici di due regioni nelle quali vive una consistente parte della popolazione araba israeliana.
 Smotrich ha parlato apertamente di “giudaizzazione” delle due aree, sostenendo la necessità di rafforzare la presenza ebraica attraverso nuovi insediamenti e un maggiore controllo della pianificazione territoriale. In Galilea vivono circa 740mila palestinesi cittadini di Israele, mentre nel Negev la popolazione araba e beduina supera le 200mila persone e potrebbe avvicinarsi alle 300mila considerando gli abitanti dei villaggi non riconosciuti.
 Il progetto prevede anche interventi sulle strutture amministrative responsabili della gestione dei terreni e della pianificazione urbanistica. Smotrich ha annunciato l’intenzione di sostituire funzionari considerati contrari alla propria politica e di modificare i piani urbanistici che, secondo il ministro, ostacolano l’espansione delle comunità ebraiche.
 Negev e Galilea rivestono inoltre una particolare importanza strategica. La Galilea confina con il Libano ed è vicina alla Siria, mentre il Negev collega il centro di Israele con Eilat e si trova tra Gaza, Egitto e Giordania. Nelle due regioni sono presenti infrastrutture militari, energetiche e importanti vie di comunicazione.
 Nella strategia del governo, le nuove comunità dovrebbero quindi avere anche una funzione di presidio territoriale. Smotrich ha collegato il progetto alla necessità di contrastare la criminalità nelle comunità arabe, dove dall’inizio del 2026 sono state registrate almeno 161 vittime. I critici contestano però l’associazione tra criminalità, appartenenza nazionale e controllo demografico, sostenendo che questa impostazione rischi di aggravare le tensioni tra lo Stato e i cittadini arabi.
 La realizzazione del piano richiederebbe investimenti consistenti per abitazioni, strade, scuole, strutture sanitarie, reti idriche e sicurezza. Le comunità arabe denunciano da tempo difficoltà nell’ottenimento dei permessi edilizi, carenze infrastrutturali e, nel caso di numerosi villaggi beduini del Negev, il mancato riconoscimento amministrativo.
 La politica di rafforzamento della presenza ebraica in Galilea ha precedenti storici. Nel 1976 le proteste contro confische di terreni e programmi governativi provocarono scontri nei quali morirono sei cittadini arabi israeliani. Il 30 marzo è da allora commemorato dai palestinesi come Giornata della Terra.
 Il piano di Smotrich estende quindi il confronto sulla gestione demografica e territoriale dalla Cisgiordania all’interno dei confini internazionalmente riconosciuti di Israele. I sostenitori lo presentano come uno strumento per sviluppare aree periferiche e rafforzarne la sicurezza, mentre gli oppositori denunciano il rischio di una crescente discriminazione nell’accesso alla terra, alle autorizzazioni edilizie e agli investimenti pubblici.
 La questione riguarda infine il rapporto tra identità e cittadinanza nello Stato israeliano. Se attuato nelle dimensioni annunciate, il trasferimento di un milione di nuovi residenti potrebbe modificare profondamente gli equilibri demografici del Negev e della Galilea, trasformando le due regioni in uno dei principali terreni di confronto politico e sociale tra il governo e la popolazione araba israeliana."
20260830102927,Tele Radio News,https://www.teleradio-news.it/2026/08/30/caiazzo-notte-bianca-amministrazione-allo-sbaraglio-trasparenza-caiatina-esibisce-gli-atti-probatori/,,,,,,srclc:ita,"Caiazzo. Notte Bianca, ‘amministrazione allo sbaraglio’: ‘Trasparenza Caiatina’ esibisce gli atti probatori
dei cittadini, ma non è stata semplicemente un evento mal riuscito: è stata la dimostrazione definitiva del collasso amministrativo.
Solo due stands della società incaricata, con proposte minime e non rappresentative del territorio.
Nessun prodotto tipico, nessuna eccellenza locale, nessun percorso culturale o turistico.
il delegato alla cultura nonché presidente del Consiglio Comunale Civitella, l’assessore ai lavori pubblici Di Sorbo, la consigliera Simonelli, procedano con le dimissioni immediate, per consentire una riorganizzazione delle deleghe e un ripristino della credibilità istituzionale.
ASSESSORE Vice Sindaco DI SORBO Giovanni, presente;
ASSESSORE PANNONE Tommaso, assente;
ASSESSORE PETRAZZUOLI Monica, assente;
ASSESSORE SIMONELLI Angela, presente.
Poiché nessuno fa rilevare la presenza di situazioni a proprio carico, il Presidente, dopo aver constatato che gli intervenuti sono in numero legale, dichiara aperta la riunione ed invita i presenti a deliberare sull’oggetto sopraindicato.
Partecipa ed assiste alla seduta il Vice Segretario Generale, Dott. Sergio de Luca.
CHE l’amministrazione comunale ritiene fondamentale realizzare iniziative specifiche mirate alla valorizzazione del territorio e dei suoi prodotti agricoli ed artigianali favorendo, in collaborazione con le aziende agricole ed agrituristiche del territorio, l’allestimento di spazi per degustazioni di prodotti tipici del caiatino, nonché spettacoli di animazione itineranti per attirare maggiormente i visitatori ed
incentivare i flussi turistici, in special modo nel Centro Antico della Città per consentire ai visitatori di ammirare le bellezze architettoniche ed artistiche della Città di Caiazzo;
CHE è intenzione dell’Amministrazione comunale organizzare con l’obiettivo di valorizzare il centro storico come luogo di incontro, cultura e comunità e creare momento di aggregazione tra i giovani un evento denominato “NOTTE BIANCA” che si svolgerà in data sabato 29 agosto p.v, prevedendo
l’apertura straordinaria delle attività commerciali, con eventi correlati;
ATTESO che il presente atto di indirizzo non richiede l’espressione dei pareri di regolarità tecnica e contabile di cui all’art. 49 del T.U.E.L;
Con voto unanime reso nelle forme di legge;
Di Dare Mandato al Responsabile del Settore 4 di procedere con le attività propedeutiche per gli atti
conseguenziali a dare attuazione all’evento.
Di Dare mandato al Comando di Polizia Locale affinché disponga la chiusura al traffico, con contestuale divieto di sosta, nelle zone interessate dalle iniziative.
Di Dichiarare la presente deliberazione, a seguito di separata ed unanime votazione favorevole espressa in forma palese, immediatamente eseguibile ai sensi dell’art. 134, comma 4 del D. Lgs. n. 267/2000 stante
l’imminenza dell’evento in questione.
PREMESSO CHE:
 L’Amministrazione Comunale intende organizzare la manifestazione denominata Notte Bianca da svolgersi il 29 agosto 2026 in piazza Santo Stefano e nel centro storico;
 Per la riuscita dell’evento si rende necessario affidare il servizio di allestimento temporaneo, comprensivo di luci, service , sedie e ciò che concerne la riuscita dell’evento;
RICHIAMATI:
 Il D.Lgs. 36/2023 (Codice dei Contratti Pubblici), e in particolare l’art. 50, comma 1, lett. b), che prevede l’affidamento diretto per servizi e forniture di importo inferiore a 140.000 euro;
 L’art. 17 del D.Lgs. 36/2023 riguardante le fasi delle procedure di affidamento;
 La Delibera di Giunta n.91 del 12/08/2026 con la quale sono stati approvati gli indirizzi per l’organizzazione dell’evento;
DATO ATTO CHE:
 Si è provveduto a contattare la ditta Nova Matrix sas con sede in Puglianello (Bn)  specializzata nel settore, che ha quantificato un importo di €. 3.333,97 per affidare il servizio di allestimento completo;
 La ditta ha trasmesso l’offerta economica acquisita al prot. n. 13351/2026, per un importo pari a € 3.333,97 [Importo Totale IVA inclusa];
 L’offerta è stata ritenuta congrua, conveniente e rispondente alle esigenze dell’Ente;
 Visto anche il preventivo richiesto ed inviatoci dalla Siae di Caserta, acquisito al prot n 13350/2026 che ammonta ad €. 127,08 oltre Iva al 22% relativo al pagamento della licenza dei diritti d’autore in occasione delle manifestazioni
pubbliche;
VERIFICATO CHE:
 Si è provveduto ad acquisire la documentazione attestante la regolarità contributiva (DURC) della ditta presente agli atti di ufficio con scadenza validità 17/12/2026 ;
 Sono state effettuate con esito positivo le verifiche sul possesso dei requisiti di carattere generale previsti dal D.Lgs. 36/2023;
RITENUTO di dover procedere all’assunzione del relativo impegno di spesa sul Bilancio di Previsione 2026 sui capp. N 1013 e 1513;
Visto il Decreto Sindacale n. 4/2024 di incarico di E.Q. per il Settore IV; Ravvisata, quindi, la propria competenza ai sensi ed in conformità degli artt. 107 e 109 del d.Lgs. n.267/2000;
Dato atto della regolarità e correttezza dell’azione amministrativa ai sensi dell’art. art. 147 bis del D.Lgs.267/2000;
Visto il vigente regolamento sui controlli interni approvato con atto di Consiglio comunale n. 7 del 16/04/2013;
Rilevato che in relazione al presente provvedimento il sottoscritto Responsabile ha verificato l’insussistenza dell’obbligo di astensione e di non essere, quindi, in posizione di conflitto di interesse.
Visti gli artt. 151 comma 4, 183 e 191 D.Lgs. n. 267/2000 relativamente all’ordinamento finanziario e contabile, in particolare in merito all’assunzione e alla gestione di impegni di
spesa;
DETERMINA
1. DI APPROVARE le premesse quali parte integrante e sostanziale del presente provvedimento.
2. DI AFFIDARE direttamente, ai sensi dell’art. 50, comma 1, lett. b) del D.Lgs. 36/2023, il servizio di allestimento per la manifestazione “Notte Bianca 2026” alla ditta Nova Matrix sas con sede in Puglianello (Bn) per il
complessivo importo di  €. 3333,97 così ripartito: €. 700,00 + iva 22%= €. 854,00 per allestimento; €. 2.254,52 + iva 10%= €. 2.479,97 per fornitura.
3. DI IMPEGNARE la spesa complessiva di € 3.489,00 sul Capitolo 1013 e sul cap n 1513 del bilancio c.e.f:
1) la complessiva somma di € 3.333,97 iva compresa, per quanto sopra a favore dell’operatore Nova Matrix sas con sede in Puglianello (Bn ); 2) la somma di € 155,03 ( I.V.A e diritti di segreteria inclusi ), a favore dalla dalla Società italiana degli autori ed editori (SIAE), Mandataria di Caserta quale assolvimento  obbligatorio dei diritti SIAE per gli eventi previsti in occasione della Notte Bianca 2026, dando atto che le spese per i diritti SIAE sono esenti dal codice identificativo di gara (CIG) e che non è necessario acquisire il Documento unico di regolarità contributiva in quanto trattasi di un pagamento non soggetto alla normativa in materia di DURC;
5. DI DARE ATTO che ai sensi dell’art. 17 ter del D.P.R. 633 del 1972 si procederà alla scissione dei pagamenti (c.d. Split payment), scorporando l’IVA dai pagamenti relativi alle fatturazioni ricevute, versandola direttamente all’Erario secondo le modalità e i tempi previsti dalla norma.
6. DI LIQUIDARE, quale credito certo, la complessiva somma di €. 3.333,97 a favore di Nova Matrix sas per il servizio di allestimento previa presentazione di fattura elettronica;
7. DI TRASMETTERE il presente atto al Servizio Finanziario per i controlli di regolarità contabile e la successiva pubblicazione all’Albo Pretorio online e nella sezione “Amministrazione Trasparente”.
Il Responsabile del Procedimento Concetta Fusco
Il Responsabile del SETTORE IV POLITICHE AMBIENTALI SOCIO DEMOGRAFICO Gaetano Chichierchia.
(Comunicato Stampa – Elaborato – Archiviato in #TeleradioNews © Diritti riservati all’autore)"
20260830101450,Corriere Dell'umbria,https://www.corrieredellumbria.it/news/cronaca/463663/fermiamo-la-strage-dei-ragazzi-prima-causa-di-morte-dei-nostri-giovani-gli-incidenti-stradali.html,,,,,,srclc:ita,"CRONACA
Il luogo del tragico incidente stradale di Sant'Enea che ha visto la morte di due ragazzi di 17 anni (foto Belfiore)
La strage non si ferma. Sulle strade si continua a morire. E in particolare su quelle dell’Umbria dove ieri 5 ragazzi sono finiti fuori strada su un’auto schiantandosi su una casa e due di loro, appena 17enni (uno li avrebbe compiuti a novembre), sono morti. E’ accaduto a Sant’Enea di Perugia e sempre in Umbria, meno di 24 ore prima, erano già morte altre 2 persone in altrettanti incidenti stradali. Ma l’Umbria è solo uno dei tanti, troppi luoghi, dove il pericolo corre sulle strade.
Ogni volta è la stessa storia: finché c’è il clamore si parla di queste tragedie. Poi, finiti i funerali, torna a calare il silenzio. Resta solo il dolore della famiglie.
Ma non è su questo che oggi voglio porre tutta l’attenzione. Troppe volte abbiamo e si è scritto sulle necessità di maggior sicurezza, di una migliore educazione stradale, di più controlli. E non intendo neppure entrare nel merito delle cause di questo incidente di ieri, lo sottolineo. Perché spetta alla magistratura accertarne le cause e non certo al cronista giudicare. Ma c’è un dato che spesso viene lasciato ai margini dell’attenzione e dovrebbe invece fare più paura di tanti allarmi ai quali dedichiamo titoli, dibattiti, campagne e milioni di euro. Questo incidente lo pone in primo piano solo perché tra le vittime, anche questa volta ci sono loro: i nostri ragazzi.
In Italia, tra i 5 e i 29 anni, la prima causa di morte sono gli incidenti stradali. E troppo volte lo ignoriamo.
Non una malattia rara. Non il cancro. Non qualche nuova epidemia. La strada.
A dirlo non è un’associazione che si occupa di sicurezza stradale e nemmeno qualcuno interessato a spaventarci. Lo certifica l’Istat. E lo stesso vale a livello mondiale: per l’Organizzazione mondiale della sanità gli incidenti stradali sono la principale causa di morte tra bambini e giovani dai 5 ai 29 anni.
Una strage che abbiamo finito per considerare quasi normale.
Gli ultimi numeri italiani aiutano a capire di cosa stiamo parlando. Nel 2025 sulle nostre strade sono morte 2.868 persone e altre 237.822 sono rimaste ferite in 177.207 incidenti con lesioni.
Una buona notizia, tuttavia, c’è: rispetto al 2024 i morti sono diminuiti del 5,3 per cento. Una cattiva, però, la accompagna: gli incidenti sono aumentati del 2,2 per cento e i feriti dell’1,7 per cento. E quando si guarda ai giovani il quadro diventa ancora più inquietante.
La fascia tra 20 e 24 anni è addirittura una delle tre classi di età con il maggior numero assoluto di morti sulle strade italiane, insieme a quelle 55-59 e 60-64 anni. Il tasso di mortalità dei ventenni è arrivato a 77,1 morti per milione di abitanti, uno dei più alti in assoluto.
Tra i ragazzi di 18 e 19 anni, poi, le vittime sono salite dalle 78 del 2024 alle 87 del 2025: più 11,5 per cento.
E non basta. Mentre complessivamente i morti diminuiscono, tra i 15 e i 29 anni i feriti aumentano del 4,8 per cento.
Ancora più impressionante è il confronto con il 2019: tra i ragazzi di 15-17 anni le vittime sono oggi addirittura il 10,4 per cento in più.
E se dal dato nazionale si scende nei nostri territori, il quadro non diventa più rassicurante.
In Umbria nel 2024 gli incidenti stradali hanno ucciso 11 giovani tra i 15 e i 29 anni, 9 ogni 100.000 coetanei; nella stessa fascia d’età il tasso dei feriti è stato di 769,5 ogni 100.000 abitanti.
In Toscana le vittime sono state 29, pari a 5,6 ogni 100.000 giovani, mentre i feriti hanno raggiunto quota 1.094,5 ogni 100.000.
Sono numeri dietro ai quali ci sono nomi, famiglie, scuole, amici. E soprattutto vite che, statisticamente, avrebbero avuto davanti altri 50, 60, magari 70 anni.
E’ questo che rende un ragazzo morto sulla strada diverso, almeno dal punto di vista demografico, da gran parte delle altre vittime. Non si perde soltanto una vita. Si cancellano in pochi secondi decenni di vita futura.
Eppure mai come oggi le automobili sono state sicure. Frenata automatica, controllo elettronico della stabilità, mantenimento della corsia, sensori, telecamere, airbag ovunque, sistemi che riconoscono ostacoli e pedoni e, sui modelli più recenti, perfino il conducente distratto o assonnato.
Le macchine imparano a non sbagliare.
Noi molto meno.
Istat individua tra i comportamenti errati più frequenti distrazione, mancato rispetto della precedenza, velocità troppo elevata e manovre irregolari. Messe insieme rappresentano il 43,1 per cento delle cause degli incidenti.
Tradotto: una parte enorme di quello che accade sulle nostre strade non arriva dal cielo.
Arriva da noi.
Da quel messaggio al quale pensiamo di poter rispondere mentre guidiamo. Dalla notifica che guardiamo per “un secondo”. Dal sorpasso che farà guadagnare forse trenta secondi. Dal limite considerato un consiglio. Dall’idea che a noi non succederà.
Ed è proprio questo probabilmente il nemico più difficile da combattere: la percezione del rischio.
Ripeto che non intendo riferirmi in maniera specifica al caso di ieri, visto che dinamica e cause sono ancora tutte da stabilir. Ma sappiamo che, spesso, a 18 o 20 anni la morte è considerata una cosa che riguarda gli altri. Sembra lontana, quasi astratta. E un’automobile moderna, silenziosa e stabile può trasformare anche solo i 90 all’ora in una velocità apparentemente innocua.
Ma a 90 chilometri orari si percorrono più di 25 metri al secondo.
Basta guardare il telefono per tre secondi e si attraversa alla cieca uno spazio lungo quasi come un campo di calcio. Non lo hanno fatto i ragazzi coinvolti nello schianto di ieri, ma le indagini statistiche ci dicono che ce ne sono tantissimi che lo fanno. E non solo i giovani.
Poi c’è un altro dato che dovrebbe impedirci qualsiasi compiacimento. 
Nel 2025 l’Italia ha registrato 48,7 morti sulle strade per milione di abitanti.
La media dell’Unione europea è 43. Nella graduatoria europea della mortalità stradale siamo scesi al ventesimo posto.
Non esattamente un risultato di cui vantarsi.
E pensare che l’Italia si è data un obiettivo preciso: dimezzare entro il 2030 morti e feriti gravi rispetto al 2019. Significa scendere dalle 3.173 vittime di allora a meno di 1.586 morti all’anno.
Nel 2025 siamo ancora a 2.868.
Fate voi il conto.
In 6 anni, dal 2019 al 2025, abbiamo ridotto le vittime del 9,6 per cento. Per raggiungere il traguardo fissato per il 2030, nei prossimi cinque dovremmo abbatterle di un ulteriore 44,7 per cento rispetto al livello attuale.
Altro che traguardo dietro l’angolo.
Servono certamente strade migliori, illuminazione, manutenzione, incroci più sicuri, tecnologia e automobili capaci di proteggerci sempre di più. Servono sanzioni dove occorrono. Servono più agenti per i controlli delle forze dell’ordine e in particolare occorre incrementare il personale della Polizia stradale che ormai è una rarità, per carenze di uomini e mezzi, trovare a vigilare sulle nostre strade.
Ma probabilmente serve soprattutto qualcosa che non si compra con un autovelox: una diversa cultura della strada. E deve cominciare presto.
Non con la predica di un’ora quando si prende la patente, ma dalle scuole. Facendo vedere cosa significano davvero 50, 90 o 130 chilometri orari. Quanto aumenta uno spazio di frenata. Quanto percorre un’auto mentre leggiamo WhatsApp e gettiamo anche solo un occhio a Instagram o allo smartphone. Cosa succede a un corpo senza cintura. Perché un casco allacciato male può diventare inutile.
Perché la sicurezza stradale non dovrebbe essere insegnata come un capitolo del Codice della strada. Dovrebbe essere insegnata come educazione alla vita.
Nel frattempo continuiamo a discutere di emergenza giovani ogni volta che una nuova paura conquista le prime pagine.
Ce n’è una, invece, che è davanti ai nostri occhi da decenni. Ha quattro ruote. Oppure due.
La usiamo ogni giorno.
E tra i nostri ragazzi uccide più di qualsiasi altra cosa. Questa, purtroppo, è l’unica certezza che ci conferma l’incidente di ieri a Perugia.
I più letti"
20260830093922,Quifinanza,https://quifinanza.it/economia/spesa-istruzione-europa-classifica/1013565/,,,,,,srclc:ita,"Si avvicina il giorno del rientro a scuola per milioni di studenti in tutta Europa. Il tema dell’istruzione torna così sotto i rifrettori del dibattito pubblico, anche in Italia dove si avvicina la nuova legge di Bilancio. L’Europa sta vivendo anni e mesi di incertezze, tra pandemia, guerra in Ucraina e le conseguenze del conflitto tra Stati Uniti e Iran. Una realtà che si abbatte anche sulla scuola, sulle carenze presenti in certi Paesi e sugli investimenti.
Euronews ha cercato di rispondere al quesito se una maggiore spesa produca competenze più solide. Ha quindi analizzato i Paesi che spendono di più per l’istruzione e quali sono stati i risultati.
Indice
Quali Paesi europei spendono di più per l’istruzione?
Complessivamente i Paesi Ue hanno speso 806 miliardi di euro per l’Istruzione nel 2023 (ultimo dato aggiornato), pari al 4,7% del Pil. Si tratta di un dato elevato, ma se si guarda all’ultimo decennio, è in calo. Infatti secondo Eurostat, la spesa pubblica per l’istruzione in percentuale del Pil è diminuita, passando dal 4,96% del 2014 al 4,65% nel 2023.
La spesa più alta si registra in:
- Svezia con 6,8% del Pil;
- Finlandia con 6,29% del Pil;
- Islanda con 6,27% del Pil;
- Belgio con 6,21% del Pil;
- Danimarca con 6,11% del Pil;
- Norvegia con 5,74% del Pil;
- Francia con 5,26% del Pil;
- Olanda con 5,17% del Pil;
- Austria con 5,16% del Pil.
Dove si spende più vicini alla media Ue (sotto il 5% del Pil):
- Slovacchia con 4,92% del Pil;
- Svizzera con 4,83% del Pil;
- Slovenia con 4,82% del Pil;
- Cipro con 4,80% del Pil;
- Germania con 4,77% del Pil;
- Polonia con 4,54% del Pil;
- Portogallo con 4,48% del Pil;
- Bulgaria con 4,44% del Pil;
- Lettonia con 4,34% del Pil;
- Lituania con 4,34% del Pil;
- Spagna con 4,34% del Pil;
- Cechia con 4,27% del Pil;
- Italia con 4,06% del Pil.
Dove si spende meno (sotto il 3% del Pil):
- Lussemburgo con 3,93% del Pil;
- Ungheria con 3,62% del Pil;
- Malta con 3,44% del Pil;
- Grecia con 3,33% del Pil;
- Romania con 2,97% del Pil.
La classifica non tiene conto della differenza di ricchezza tra i paesi, ma dello sforzo finanziario di un paese nell’istruzione.
C’è correlazione tra investimenti e risultati?
Ci sono differenze notevoli tra il Pil che una nazione mette nell’istruzione e le risorse disponibili per ogni studente. Per esempio, il Lussemburgo ha speso il 3,74% del Pil per l’istruzione, al di sotto della media europea, ma ha registrato la spesa per studente più alta, pari a 18.422 (parità di potere d’acquisto) che è pari al doppio della media europea.
La Bulgaria ha invece un andamento opposto, con una spesa per l’istruzione vicina alla media europea in percentuale del Pil, ma una spesa per studente bassa, la più bassa in Europa.
Come questi dati si ripercuotono sui risultati degli studenti? Sappiamo che la Norvegia è tra i Paesi che spendono di più per ogni studente, mentre la Lettonia spende molto meno. Secondo l’analisi di Euronews, però, gli studenti lettoni ottengono risultati di gran lunga migliori rispetto ai Paesi nordici in quanto a competenze di base.
Cosa significa? Che spendere di più non produce automaticamente risultati migliori.
I risultati dell’OCSE
Il Programma per la valutazione internazionale degli studenti (PISA) mette a confronto le competenze di lettura, matematica e scienze dei quindicenni. Certo non si può cogliere ogni aspetto della qualità di un sistema educativo da un dato ristretto, ma può dare alcune indicazioni sul livello raggiunto.
Nel 2022 il 26,2% degli studenti dell’Unione Europea ha ottenuto risultati insufficienti in lettura e il 29,5% in matematica. Sono dati in peggioramento rispetto al 2012, quando si attestavano rispettivamente al 18% e al 22,1%.
I Paesi che spendono di più per studente registrano i risultati migliori in matematica, ma non è una relazione automatica, sottolinea l’analisi. L’Estonia per esempio ha registrato la percentuale più bassa di studenti con scarsi risultati in matematica nell’Unione Europea, seguita da Irlanda e Danimarca. Gli stessi tre paesi hanno registrato percentuali più basse in lettura.
E la Danimarca è tra i paesi europei che spendono di più per l’istruzione. La Lettonia invece ottiene risultati buoni, considerando le scarse risorse che mette nell’istruzione. Basti guardare i risultati degli studenti in matematica e lettura, che sono migliori rispetto alla media europea.
L’Europa è lontana dai livelli minimi
L’Unione Europea ha un obiettivo, ovvero quello di ridurre il tasso di insuccesso nelle competenze di base a meno del 15% entro il 2030. Ma quasi 3 studenti su 10 non raggiungono il livello minimo richiesto in matematica.
Il dato è alimentato dalla disparità socioeconomica: i risultati del PISA sottolineano una correlazione tra risultati inferiori e studenti appartenenti a fasce di reddito basse.
Se i livelli di investimento nell’istruzione dovessero restare simili agli attuali, il paradosso del calo demografico è che aumenterebbe la qualità dell’istruzione per singolo studente. Si prevede infatti che con il diminuire della popolazione, per esempio in Italia, Grecia e Spagna, cresca lo spazio per investire di più in ogni singolo alunno.
Secondo il rapporto della Commissione europea “Investire nell’istruzione 2025”, al cui interno è descritto l’obiettivo dell’istruzione per il 2030, classi meno numerose e un insegnamento personalizzato migliorano la formazione e quindi le competenze di base. Queste favorirebbero la produttività, l’innovazione e la crescita economica.
Secondo le stime, il Pil dei Paesi europei potrebbe superare l’8-10% rispetto alle proiezioni attuali entro il 2030 se un maggior numero di persone raggiungesse un livello sufficiente di competenze di base. Un obiettivo possibile solo in due modi: mantenendo gli investimenti attuali nei paesi dove si presenta il fenomeno del calo demografico e investendo di più in quelli dove la popolazione cresce."
20260830084925,Il Post,https://www.ilpost.it/2026/08/30/israele-emigrazione/,,,,,,srclc:ita,"Sempre più persone se ne vanno da Israele
Negli ultimi due anni il saldo migratorio è stato negativo, un dato preoccupante per un paese fondato proprio come rifugio per le persone ebree
- Condividi
- X
- Regala il Post
Nel 2025, per il secondo anno di fila, più persone israeliane hanno lasciato Israele di quanti siano stati gli immigrati. È un dato straordinario perché Israele è un paese fondato proprio sull’immigrazione di persone ebree, nato dopo la Seconda guerra mondiale con l’obiettivo esplicito di accogliere i sopravvissuti alla Shoah e chi scappava dalle persecuzioni in Europa e altrove.
Il saldo negativo dell’immigrazione è dato da alcune decine di migliaia di persone: per il 2025, l’anno più recente con dati consolidati, quasi 24mila persone sono immigrate in Israele e più di 69mila sono emigrate. Dati simili sono stati riscontrati per il 2024.
La popolazione israeliana continua a crescere di circa l’uno per cento all’anno per via dell’alta natalità. Nonostante questo, il fatto che più persone se ne vadano da Israele di quante ne arrivino è stato valutato come estremamente preoccupante da molti esperti e dalla politica israeliana: lo è a livello simbolico, per il ruolo che Israele ha sempre avuto agli occhi della comunità ebraica nel mondo; e lo è a livello economico, per via delle categorie di persone più propense ad andarsene.
Il progetto nazionale di Israele, fin da prima della sua fondazione, è stato pensato per favorire l’immigrazione di persone ebree da tutto il mondo, e fa parte dell’identità profonda dello stato. Tra il 1948 (anno della fondazione) e il 1960 l’immigrazione ha contribuito al 65 per cento della crescita della popolazione. Nei decenni successivi il dato si è attestato attorno al 20 per cento.
L’immigrazione delle persone ebree verso Israele è chiamata aliyah, che significa ascesa e – semplificando molto – lo stato ha adottato leggi speciali che danno quasi automaticamente la cittadinanza alle persone ebree che si vogliono trasferire in Israele. Per decenni andarsene da Israele era considerato una specie di tradimento del progetto nazionale: negli anni Settanta l’allora primo ministro Yitzhak Rabin definiva gli israeliani che se ne andavano «deboli» e «lebbrosi morali» (negli anni Novanta poi ritrattò le dichiarazioni).
– Leggi anche: Israele non si è più ripreso dall’assassinio di Yitzhak Rabin
Negli ultimi anni però il numero di persone che emigrano da Israele ha cominciato a crescere. Come è facile immaginare, il grosso del fenomeno è avvenuto dopo l’attacco di Hamas del 7 ottobre del 2023 e le numerose guerre cominciate dal governo di estrema destra di Benjamin Netanyahu.
In realtà le emigrazioni erano cominciate ad aumentare già nei due anni precedenti, il 2021 e il 2022. È difficile capire le ragioni dei movimenti di popolazione, ma molti esperti attribuiscono almeno in parte le cause all’instabilità politica di quegli anni, in cui in Israele si sono succeduti molti governi ed è aumentata la polarizzazione. Nel 2023 inoltre cominciarono in Israele enormi proteste contro una riforma della giustizia del governo di Netanyahu, che secondo i critici avrebbe danneggiato lo stato di diritto.
Come dicevamo, la grossa differenza l’hanno fatta l’attacco del 7 ottobre 2023 e le guerre degli anni successivi, durante i quali il saldo dell’immigrazione è diventato negativo. Molte persone hanno cominciato a percepire Israele non soltanto come un posto in cui la democrazia era sempre più minacciata dal governo di Netanyahu, ma soprattutto come un posto in cui la loro stessa vita era potenzialmente in pericolo.
Negli ultimi tre anni decine di civili israeliani sono stati uccisi principalmente dai razzi lanciati da Hezbollah e dall’Iran (escludendo le oltre mille persone uccise da Hamas il 7 ottobre e gli ostaggi israeliani uccisi in seguito), e decine di migliaia di persone israeliane sono state costrette ad abbandonare le proprie case per ragioni di sicurezza, soprattutto nella parte nord del paese, al confine con il Libano. Per mesi gli allarmi antimissile hanno suonato di frequente, costringendo la popolazione ad andare nei rifugi.
Il numero delle persone israeliane uccise e sfollate è molto inferiore rispetto a quelle uccise e ferite dall’esercito israeliano nella Striscia di Gaza e negli altri luoghi che Israele ha invaso e bombardato negli ultimi tre anni (tra questi Libano, Siria, Iran, Yemen). Ma la condizione costante di pericolo e provvisorietà ha comunque convinto molte persone israeliane a lasciare il paese e a trasferirsi all’estero.
Se questa tendenza dovesse continuare i rischi economici e sociali potrebbero essere consistenti.
Varie ricerche hanno mostrato che le persone più propense ad andarsene sono le più istruite e quelle che fanno mestieri a maggior reddito, come medici e imprenditori. Il rischio è di impoverire settori importanti per l’economia israeliana, come quello tecnologico. Inoltre la perdita di lavoratori ad alto reddito potrebbe impattare sul gettito fiscale: se la tendenza di emigrazione continuerà, secondo uno studio delle autorità fiscali israeliane lo stato potrebbe perdere fino a un miliardo di euro l’anno nei prossimi cinque anni in tasse non riscosse.
Tutto questo avviene in un contesto demografico in cui continua ad aumentare la popolazione ultraortodossa, che però partecipa in misura minore al mercato del lavoro (circa la metà dei maschi ultraortodossi non lavora per dedicarsi agli studi religiosi) e si rifiuta di fare il servizio militare obbligatorio per tutti gli israeliani.
Il fenomeno dell’emigrazione, di fatto, sta accelerando un processo già in corso da tempo nella società israeliana: si riduce la quota di popolazione secolare e aumenta quella degli ultraortodossi, che attualmente sono circa 1,4 milioni, il 14 per cento del totale."
20260830083054,T E News,https://www.tenews.it/2026/08/30/la-liberta-di-restare-alla-fortezza-pisana-di-marciana-il-confronto-sul-futuro-delle-isole-europee-1128824/,,,,,,srclc:ita,"Temi del giorno:
lunedì 31 agosto, alle 18.30
|“La libertà di restare”, alla Fortezza Pisana di Marciana il confronto sul futuro delle isole europee.
Le conclusioni saranno affidate a Sandra Scarpellini, Presidente della Provincia di Livorno, mentre a moderare l’incontro sarà Valerie Pizzera, giornalista de La Nazione.
Dal comune di Marciana
Si avvicina l’appuntamento con “La libertà di restare: fare delle isole europee luoghi in cui vivere, lavorare e costruire il proprio futuro”, in programma lunedì 31 agosto, alle 18.30, alla Fortezza Pisana di Marciana al quale sarà previsto anche un intervento dell’ex presidente del Consiglio Enrico Letta con un videomessaggio.
L’incontro, promosso da Luca Menesini, Presidente del Gruppo PSE al Comitato europeo delle Regioni, in collaborazione con il Comitato europeo delle Regioni, la Provincia di Livorno, il Comune di Marciana e SGI Europe nasce con l’obiettivo di portare al centro del confronto europeo le esigenze concrete delle comunità insulari e il loro diritto a poter restare, tornare e costruire il proprio futuro nei territori di origine.
Elba e Corsica saranno protagoniste di un confronto dedicato a temi fondamentali per la vita quotidiana delle isole: connettività, trasporti, abitare, sanità, istruzione, lavoro, servizi pubblici, cambiamento demografico e resilienza climatica. Questioni strettamente legate alla nuova Strategia dell’Unione europea per le isole, articolata in quattro ambiti: sviluppo economico e connettività; transizione energetica e resilienza climatica; comunità e qualità della vita; sicurezza e preparazione alle crisi.
Nel corso dell’incontro è previsto un videomessaggio dell’ex presidente del consiglio Enrico Letta, che approfondirà il tema del rapporto tra mercato unico e dimensione sociale dell’Europa, con particolare riferimento alla proposta di affiancare alla libertà di movimento anche la libertà di restare. Un principio che richiama la necessità di creare condizioni territoriali tali da non rendere la mobilità una scelta obbligata per chi vive nelle aree insulari.
Ad aprire i lavori saranno i saluti istituzionali del Sindaco di Marciana Simone Barbi. Seguiranno gli interventi di Marie-Antoinette Maupertuis, Presidente del Consiglio regionale della Corsica; Luca Menesini; Valeria Ronzitti, Segretaria Generale di SGI Europe e promotrice della Coalition for the Freedom to Stay; Nicola Perini, Presidente di Publiacqua e di Confservizi Cispel Toscana; e Maria Ida Bessi, Sindaca di Capraia Isola.
Al termine è previsto uno spazio per le domande e il confronto con il pubblico. Le conclusioni saranno affidate a Sandra Scarpellini, Presidente della Provincia di Livorno, mentre a moderare l’incontro sarà Valerie Pizzera, giornalista de La Nazione."
20260830071155,Sondriotoday,https://www.sondriotoday.it/formazione/scuola/grosio-nuova-scuola-media-inaugurazione-palestra-auditorium.html,,,,,,srclc:ita,"Grosio: sabato l'inaugurazione della nuova scuola media
Un edificio moderno e funzionale è pronto ad accogliere gli alunni per il nuovo anno scolastico
L'anno scolastico 2026/2027 inizia con i migliori auspici per gli alunni della scuola secondaria di primo grado di Grosio che, allo squillo della prima campanella, entreranno nel nuovo edificio che verrà inaugurato sabato 12 settembre. Al termine della cerimonia pubblica, la scuola rimarrà aperta alle visite per le famiglie dei ragazzi e per tutti i cittadini: una giornata di festa che coinvolgerà l'intero paese per un'opera pubblica che qualifica l'offerta scolastica. Una promessa mantenuta per l'Amministrazione comunale che nel suo programma ha dato priorità ai servizi per bambini e ragazzi, fondamentali per lo sviluppo sociale, economico e demografico del territorio.
L'edificio
L'edificio si sviluppa su cinque piani, per un totale di 2250 metri quadrati di superficie, dal piano interrato, che ospita palestra e spogliatoi, al primo e al secondo piano, dove sono ubicate le aule, passando per il piano rialzato, con ingresso, auditorium e uffici della segreteria, mentre al piano seminterrato si trovano i locali tecnici e di servizio. Una scuola moderna e funzionale, dotata di tutti gli spazi per la didattica e le altre attività che vi si svolgono, ma aperta anche alla comunità, con una palestra omologata di 400 metri quadrati e un auditorium da 132 posti a sedere che potranno essere utilizzati per assemblee scolastiche, incontri didattici ed eventi culturali.
L'intero intervento ha comportato un costo complessivo di 6 milioni e 920 mila euro, dei quali 5,940 finanziati da fondi Pnrr, 680 mila euro da risorse comunali e 300 mila euro, per la sistemazione degli esterni, da fondi Aqst della Provincia.
“Abbiamo colto l'opportunità dei fondi del Pnrr per realizzare un progetto ambizioso che avevamo in mente da anni, con l'obiettivo di offrire il meglio ai nostri ragazzi: un edificio confortevole e sicuro, con spazi ampi e funzionali, in grado di rispondere alle nuove esigenze della didattica - sottolinea il sindaco di Grosio Gian Antonio Pini -. Il vecchio stabile, costruito nel 1963 e riqualificato negli anni Ottanta, non era più adeguato a ospitare gli alunni e presentava diverse problematiche che non avremmo potuto risolvere con una semplice ristrutturazione. Come Amministrazione comunale siamo orgogliosi di mettere a disposizione dei nostri ragazzi non solo aule ampie e luminose ma anche laboratori, palestra, auditorium e spazi all'aperto. L'ambiente ideale in cui formarsi e imparare, oggi e in futuro”.
L'edificio è classificato Nzeb, ad altissima prestazione energetica, con cappotti termici, infissi ad alte prestazioni e impianti efficienti: il fabbisogno energetico è coperto in misura quasi totale dall'impianto fotovoltaico installato sul tetto.
La realizzazione del progetto per la scuola secondaria di primo grado completa il polo scolastico di Grosio per il quale il Comune ha investito anche nella realizzazione della nuova mensa, con oltre 150 posti, finanziata con 750 mila euro di fondi Pnrr e con 300 mila euro di risorse comunali. L'offerta di servizi per le famiglie si completa con l'asilo nido ""La cicogna"", inaugurato nel 2024 in via Volta."
20260830060000,Gq Italia,https://www.gqitalia.it/article/settimana-alla-casa-bianca-con-ufc,,,,,,srclc:ita,"Josh Hokit, peso massimo dell'MMA è in evidente difficoltà: sudato, teso, quasi sofferente. Mancano quattro giorni al suo incontro UFC (Ultimate Fighting Championship) sul South Lawn, il prato sud della Casa Bianca, ma sul palco del Media Day organizzato nel seminterrato un po’ cupo del JW Marriott, la pressione è già palpabile. Per ragioni misteriose, ha deciso di improvvisare uno sketch comico davanti ai giornalisti. Ed è un disastro. Le battute, tutte incentrate su donne in sovrappeso, cadono nel vuoto: da «la foto ancora non hanno finito di stamparla», fino a «le si è incastrata la lingua nel tostapane», ogni punchline si spegne in un muto imbarazzo. Nessuno concede nemmeno una risatina di cortesia. È quel tipo di silenzio glaciale che perseguita un comico fino alla tomba.
«Cazzo», reagisce Hokit. «Sto colpendo a vuoto. Ragazzi, svegliatevi». Poi si arrende: «Datemi una mano… qualcuno mi faccia una domanda».
Alcuni giornalisti, mossi da pietà, raccolgono l’appello. Uno di loro, Anik Subramanian, come leggo dal suo pass, è lì per Kimura, il sito svedese dedicato alle MMA. «Cosa pensi che il pubblico si aspetti di più domenica sera?», rompe il ghiaccio. «Che Derrick Lewis si tolga i pantaloni [Lewis, l’avversario di Hokit, lo ha fatto dopo il famoso incontro vinto nel 2018 a Las Vegas], o che tu prenda il microfono?».
«Che io mi tolga i pantaloni e prenda il microfono», risponde Hokit. «E lanci il sospensorio a Donald Trump». Mima il gesto di togliersi il sospensorio e di scagliarlo contro il presidente, un gesto quantomeno fuori dalle righe. L’atleta capisce subito di avere pisciato fuori dal vaso: «Forse non lo farò», balbetta.
Sono arrivato a Washington solo stamattina, ma una cosa è già evidente: questi lottatori, convocati per celebrare il 250° anniversario degli Stati Uniti e l’80° compleanno del presidente Trump, sono un gruppo imprevedibile. Dana White, presidente dell’UFC, concede loro totale libertà di parola, ma con dei ribelli fuori controllo arrivano inevitabilmente conseguenze difficili da contenere.
Osservo Hokit mentre lascia la sala, visibilmente preoccupato per il suo scivolone. «Pubblico tosto», mormora.
Il giorno seguente, alle 6 del mattino, un centinaio di giornalisti si assiepano sui gradini dell’Eisenhower Building, nei giardini della Casa Bianca. Stiamo per diventare i primi al mondo a mettere piede nell’arena The Claw, la struttura monumentale eretta per ospitare gli incontri di domenica. A partecipare alla visita all’alba sono soprattutto quei giornalisti a cui non è stato concesso l’accesso al South Lawn la sera degli incontri e che potranno invece seguire l’evento da un televisore nel poco invitante seminterrato del JW Marriott. Solo a una manciata di fortunati giornalisti sarà permesso di stare in mezzo alle personalità di spicco. Uno di loro sono io e ciò significa che, in pratica, mi ritrovo qui a fare gruppo con gli esclusi.
Un organizzatore dell’UFC ordina ai content creator e ai cameramen presenti di disporsi
a destra, mentre i giornalisti della carta stampata devono spostarsi a sinistra.
Ne consegue un massiccio esodo verso destra. Il novantotto per cento di noi, a quanto pare, è composto da content creator. La fila della carta stampata è praticamente formata da me, dal Toronto Star, da Business Insider e dal New York Times. Lancio uno sguardo alla fila brulicante dei creator. Non sono tutti superfan dell’UFC, alcuni stanno girando video per siti mainstream, ma non ho mai visto un pool di giornalisti con così tanti tatuaggi sul collo, né uno in cui così tanti uomini muscolosi si abbracciano, si danno il pugno e si chiamano “fratello”. I pool dei media tradizionali hanno tendenzialmente uno spirito molto diverso: in pratica ci odiamo a vicenda e vogliamo
che l’altro fallisca.
Sono arrivato a Washington con un atteggiamento positivo. Se Patti LaBelle può esibirsi sul South Lawn, perché non l’UFC? Ora, però, veniamo condotti dietro l’angolo, ed è una sorpresa. The Claw, un imponente groviglio di metallo e laser, sorge a una distanza sorprendentemente ravvicinata dalla Casa Bianca, in pratica a un tiro di spruzzo di sangue. Riesco a immaginare frammenti di cartilagine che volano fino al Truman Balcony. Intorno a me, i creator trasmettono in diretta le loro prime impressioni.
Tra i media mainstream circola una narrativa, inaugurata da Joe Rogan, secondo cui l’incontro all’aperto di domenica sera, evento davvero insolito, è destinato al disastro: «Sono previste forti tempeste…», dicono, e «ci sono preoccupazioni per gli insetti…». Ovunque io vada, sento evocazioni apocalittiche di sangue, insetti, tempeste e uomini che combattono. Sembra una canzone di Nick Cave.
Tra loro, tuttavia, c’è un content creator che non si lamenta. È rapito dallo stupore. «Quattro anni fa ho iniziato il mio percorso nelle MMA», dice rivolgendosi alla fotocamera del suo telefono. «Quanto sono fortunato a trovarmi sul South Lawn. Siamo dei privilegiati. Lavorate sodo. Correte dei rischi. Inseguite i vostri sogni. Se sarete abbastanza folli, potranno avverarsi. Grazie a tutti per il sostegno…».
È Subramanian, l’uomo che ieri ha gentilmente cercato di aiutare Josh Hokit a uscire dalla spirale in cui si era infilato, prima di continuare a scavarsi una buca ancora più profonda. Voglio capire da dove nasca la sua felicità contagiosa. Così, una volta accompagnati fuori dalla Casa Bianca, recupero un’intervista del 2024 dove racconta la sua storia a Mario Alyas, collega creator di MMA.
Il percorso di Subramanian nelle arti marziali miste è iniziato durante la pandemia di COVID. «Tutti i miei sport preferiti si sono semplicemente fermati», afferma. Poi l’UFC ha ripreso gli incontri, così ha iniziato a guardarli e se ne è appassionato. Ed ecco la sua storia delle origini. «Che storia incredibile!», reagisce entusiasta l’intervistatore. Aggrotto le sopracciglia. Non è una storia incredibile, penso. Sì, è sempre bello vedere i creatori di contenuti sostenersi a vicenda. Ma quella era, sotto ogni punto di vista, una storia delle origini banale.
Invio un messaggio a Subramanian per incontrarci nel seminterrato del JW Marriott. «La tua storia», gli dico, «non è abbastanza incredibile».
L’uomo sembra colto alla sprovvista dalla mia schiettezza. «Sì, no», risponde. Decide di prenderla come un complimento. «Grazie», aggiunge. Ma credo che stia trattenendo qualcosa. Le MMA sono chiaramente molto emozionanti per lui. Ci tiene davvero. Gli chiedo perché. «È l’unico sport in cui puoi essere veramente te stesso», spiega. «Questi ragazzi combattono alla Casa Bianca davanti al presidente, ma potrebbero farsi male sul serio. È una paura vera. Per questo ci mettono tanto sangue e sudore». Ecco perché durante il Media Day di ieri «abbiamo potuto vedere emozioni autentiche. Dana White lascia che dicano ciò che vogliono. Questo porta cose positive e negative, ma è autentico, non filtrato».
«Quindi, chi pensa che sia volgare fraintende?», gli chiedo. «Non si rendono conto di quanto sia sincero?». Mi risponde che è «un modo bellissimo» di dirlo. «Questo sport salva vite tanto quanto le mette in pericolo», dice. Come Derrick “The Black Beast” Lewis che prima di entrare nell’UFC, è cresciuto tra i tossicodipendenti a New Orleans ed è stato un prolifico combattente di strada, finito in carcere per violazione della libertà vigilata a seguito di un’accusa di aggressione aggravata nel 2004. «L’ultima volta che ho combattuto per strada, mi hanno rinchiuso per tre anni e mezzo», ha raccontato Lewis durante il Media Day di ieri. Questo dopo che la responsabile della lotta alla droga di Trump, Sara Carter, è salita sul palco consegnandogli una spilla di riconoscimento per «avere scelto di rimanere libero dalla droga». «A nome del presidente Trump», ha precisato, «congratulazioni, congratulazioni, congratulazioni! Non lo dirò mai abbastanza… È incredibile… grazie».
«Che cazzo era quella roba?», ha mormorato Lewis appena Carter ha lasciato il palco. Ha strappato grandi risate. A differenza di Hokit, Lewis è naturalmente divertente e magnetico. Subramanian sembra orgoglioso mentre descrive l’UFC come un rifugio per outsider tenaci, un luogo dove si può prosperare proprio perché si è sé stessi, senza veli né filtri.
Venerdì sera, conferenza stampa pubblica sui gradini del Lincoln Memorial. Migliaia di fan hanno atteso per ore sotto un caldo torrido in attesa di vedere i combattenti. Si scatenano temporali. I fulmini squarciano il cielo. Dai maxischermi lampeggia la scritta “Seek Shelter”. Quando l’evento finalmente comincia, è già chiaro che sarà un disastro. Su questi stessi gradini, nel 1963, Martin Luther King Jr. pronunciò il suo “I Have a Dream” di cui ricordiamo lo storico passaggio: «Riteniamo che le seguenti verità siano di per sé stesse evidenti: che tutti gli uomini sono stati creati uguali». Il giorno dopo, i giornali scrissero che aveva «commosso la folla» e «catturato il loro stato d’animo».
Stasera, invece, tocca a Josh Hokit parlare dai gradini del Lincoln Memorial, e la verità da lui considerata incontrovertibile è che il pugile Ilia Topuria «ha sposato una spogliarellista di Miami» ed è «così basso da non riuscire a vedersi nello specchio del bagno».
La folla, a differenza di quella di King, non è commossa. Anche perché i creator accreditati sul podio bloccano completamente la visuale. «Sedetevi, cazzo!», urla la gente. «Non vediamo niente!». È una scena di caos puro, un cortocircuito tra sacralità del luogo e trivialità del momento.
Il giorno dopo, però, tutto cambia. Il Fan Fest del sabato, sul prato dell’Ellisse, quel lembo di verde tra la Casa Bianca e il Monumento a Washington, è organizzato con una precisione quasi surreale. Sembra un Coachella di un universo parallelo, dove al posto di Chappell Roan ci sono attività dedicate ai pugni. Più di centomila fan si sfidano ai videogiochi di boxe, posano per le foto dentro un ottagono UFC, e si fanno trasformare dall’intelligenza artificiale in lottatori dentro una tenda gestita da Meta.
«Toccate il titolo!», urla la presentatrice dell’evento, Laura Sanko, mentre corre tra la folla con una replica della cintura di campione, incoraggiando i fan a metterci le mani sopra. «Come va, appassionati di combattimenti?», grida. «Alla grande!», le risponde un ragazzo accanto a me.
Il momento clou di sabato arriva all’improvviso: un’aquila calva, autentica, compare dal nulla e vola sopra le nostre teste così bassa che i suoi artigli sembrano sfiorarci. Il mio primo pensiero è che stiamo assistendo a una scena impossibile: un’aquila calva in carne e ossa che sorvola un festival di fan dell’UFC. Poi capisco che si tratta di una delle aquile da caccia addestrate a tornare al punto di partenza. Sono animali difficili da gestire, molto più dei falchi, e non avevo mai visto nulla di simile.
Poi la signora accanto a me sussulta di nuovo, battendo le mani come se fosse stata trafitta da una freccia di Cupido. Sul maxischermo è apparso il volto di Sean O’Malley. Con i capelli tinti in colori acidi e il fisico asciutto, O’Malley è una sorta di idolo pop dell’UFC: enigmatico e imprevedibile. Un attimo prima parla di come tenere un diario lo aiuti a gestire ansia e depressione; quello dopo racconta di quando uno sconosciuto lo ha sfidato a combattere e lui gli ha sferrato un calcio così potente da fargli «fare la pipì addosso. È stato fottutamente esilarante». O’Malley è un mosaico di contrasti.
Per una coincidenza fortunata, durante il Media Day di mercoledì mi è stato concesso un colloquio a tu per tu con lui. Avevo molte domande, alcune difficili, sulle sue fragilità psicologiche e sul matrimonio aperto, così ho iniziato da un terreno più neutro: la tecnica di combattimento.
«Parli spesso di spezzare le persone, mentalmente e fisicamente», gli ho chiesto. «Come si spezza qualcuno mentalmente?».
«Non facendosi colpire», ha risposto. «Qualcuno mi attacca, ma non mi prende. Lo anniento togliendogli speranza e fiducia. Comincia a dubitare di sé». E quando il dubbio arriva, «gli sferro pugni al mento, ancora e ancora e ancora, finché non cade».
Gli ho domandato se questa strategia mentale la applica anche nella vita quotidiana. «No», ha sottolineato. «Solo quando combatto. Non cerco di abbattere le persone nella vita di tutti i giorni».
Era tutto ciò che avevo sulla tecnica. Il timer dei miei 10-12 minuti stava correndo, così ho accelerato: una raffica di domande sui suoi lati più oscuri, una sorta di round lampo sui turbamenti psicologici.
«Un minuto prima parlavi di come il diario ti aiuti con ansia e depressione», gli ho detto, «e quello dopo raccontavi di quanto fosse esilarante indurre un tizio farsi la pipì addosso».
«Oh sì», ha detto. «È successo davvero».
«È una dicotomia curiosa», ho osservato.
«Solo perché apprezzo una routine mattutina, medito, scrivo sul diario e faccio il mio tuffo in acqua fredda non significa che non sia un po’ strambo», ha replicato.
«Hai un matrimonio aperto», ho aggiunto. «Di sicuro non funziona», ha ammesso.
O’Malley, nei podcast, si è spesso vantato dell’intesa con la moglie, Danya: del fatto che lui poteva avere rapporti con altre donne mentre a lei non era concesso frequentare altri uomini. La sua logica, come ha spiegato nel 2023 al podcast RawTalk di Bradley Martyn, era semplice, almeno per lui: «Sono un re. Pago tutto io. Tratto Danya come una regina. Se mi concedo qualche avventura, che importanza ha? Ho il testosterone che mi scorre nelle vene. Andrew Tate lo spiega bene: è una questione di status. Io ho lo status».
Poi, però, si è intristito. «Ha funzionato finché è durato», mi ha detto. Il matrimonio aperto, ha rivelato, è finito. «Sto ancora con mia moglie. Stiamo insieme da molto tempo. Adesso abbiamo due figli. Le ho fatto passare un po’ l’inferno. Ma ne siamo usciti».
«Le hai fatto passare l’inferno a causa del matrimonio aperto?», ho chiesto.
«Sì», ha risposto. «Non è facile da gestire per nessuno. Ha funzionato finché è durato, poi si è arrivati a un punto in cui mi sono detto: “Non voglio più farlo”. La mia scelta era: andarmene o provare a cambiare».
«Cosa ti ha fatto smettere?», ho voluto sapere. «È stato il risultato di una conversazione?».
«È stato il risultato del fatto che ho superato i limiti», ha rivelato. Aveva un’aria triste, quasi perplessa, come se quel cambiamento lo avesse colto di sorpresa.
«Cosa hai fatto?», ho insistito.
«Lei preferirebbe che non ne parlassi», ha risposto.
Il fallimento del matrimonio aperto di O’Malley, per me, è significativo. Ho appena terminato di scrivere The Castle, un libro su come vari uomini, sentendosi sradicati dalla società, sballottati in un mare di idee contrastanti su cosa significhi davvero essere un uomo, abbiano finito per diventare una sorta di separatisti. Si costruiscono mondi paralleli, piccoli castelli immaginari in cui non devono interagire con nessuno se non alle loro condizioni. Alcuni di loro traggono ispirazione dallo stile di vita dei lottatori dell’UFC. Ma qui a Washington vedo prove del fatto che, sebbene essere un anticonformista ribelle e senza limiti possa sembrare allettante in teoria, spesso nella vita reale non funziona bene.
Penso a Josh Hokit, che sospetto stia ancora tormentandosi per i suoi commenti avventati sul lancio del sospensorio verso il presidente Trump. E penso al tentativo, alla fine fallito, di Sean O’Malley di imporre una non‑monogamia unilaterale nel suo matrimonio. Questi uomini cercano di costruire utopie personali in cui tutto è permesso, ma l’esperimento sembra incrinarsi.
Verso la fine del Fan Fest di sabato, i maxischermi proiettano un montaggio dei grandi momenti della storia presidenziale. C’è la frase di Roosevelt: «L’unica cosa che dobbiamo temere è la paura stessa». Quella di Kennedy: «Non chiedete cosa il vostro Paese possa fare per voi…». Non manca Reagan: «Signor Gorbaciov, abbatti questo muro». Il montaggio tralascia Biden. Mentre guardo, mi chiedo quale momento abbiano scelto per rappresentare Trump. La risposta arriva subito: l’immagine è quella celebre, il sangue che gli cola dall’orecchio, il pugno alzato, il grido «Combattete! Combattete!». Sangue e forza.
Domenica. Serata di combattimento. A causa del rigoroso controllo dei servizi segreti, noi pochi giornalisti a cui è stato concesso di assistere dal South Lawn arriviamo alle 14.45, sei ore prima che venga sferrato il primo colpo. Una volta superati i controlli di sicurezza, veniamo confinati nella sala stampa della Casa Bianca, uno spazio a forma di corridoio che collega la residenza presidenziale alla West Wing. Nonostante la sua fama, è minuscola e angusta e ci sono solo due cose da fare per passare il tempo: farsi fotografare al leggio e usare il distributore automatico. GQ ha incaricato il celebre fotografo settantanovenne Bruce Gilden di realizzare questo servizio. È un’idea geniale: un fotografo di strada grintoso e anticonformista che immortala combattenti di strada grintosi e anticonformisti. È arrivato in aereo ieri sera. È vestito in modo diverso da tutti gli altri. Noi siamo tutti in giacca e cravatta. Lui indossa un gilet da lavoro e un cappello a secchiello.
Un membro della stampa accreditata, felice di vedere un volto nuovo, mi offre una visita guidata. Mi porta in quello che chiama la «Lavateria»: la minuscola zona che ospita l’angolo cottura e il bagno. «Possiamo sentire l’odore del cibo e quello del bagno allo stesso tempo», dice. L’unico oggetto di lusso in questo angolo cottura è una macchina da caffè all’avanguardia. È stato un regalo di Tom Hanks. Una volta ha visitato la sala stampa ed è rimasto inorridito dalle condizioni da baraccopoli; poco dopo è arrivato l’innovativo elettrodomestico.
«Il problema», commenta la mia guida, «è che nessuno sa come cazzo funziona». Le ore qui scorrono lente. Finché all’improvviso accade qualcosa. Trump sta organizzando una cena di compleanno prima dell’incontro. Di solito, i suoi ospiti entrano da un cancello lontano dalla sala stampa. Ma oggi è chiuso, e devono passare proprio davanti a noi. A quanto mi dicono, non succede mai. Non appena ce ne rendiamo conto, alcuni di noi escono e si appoggiano con finta nonchalance al muro, pronti a fotografare, e magari intervistare brevemente, i personaggi illustri in transito. Passano il dottor Oz. Passa JD Vance. C’è il presidente della Camera Mike Johnson. C’è Kash Patel.
Sento un trambusto dietro di me. È Bruce Gilden, il fotografo. Sta stringendo le spalle di un uomo. Sono faccia a faccia, a pochi centimetri di distanza, e ridono come vecchi amici. Gilden scatta una foto. L’altro uomo, mi rendo conto, è il segretario ai Trasporti Sean Duffy. Si stanno divertendo un mondo e così, dopo che Duffy se ne va, chiedo a Gilden: «Vi conoscete?». «No!», ringhia Gilden. «Ma conosco gente». Si tocca la testa, come a dire che lì dentro riconosce immediatamente il tipo di persona che ha davanti. «Conosco gente, vedi?». A quel punto, Stephen Miller sta camminando nella nostra direzione. Gilden, chiaramente incoraggiato dal fatto che con Sean Duffy era andata così bene, fa esattamente la stessa cosa. Si lancia verso Miller, gli afferra le spalle e gli ride in faccia con gioia. Stavolta non va liscia. Miller sorride con sportività, ma il suo entourage si allarma. I membri dello staff della Casa Bianca si radunano, confabulano, e sembrano discutere con urgenza se cacciare Gilden.
«Chi è?», li sento mormorare. «Può restare qui? Ha scavalcato il muro?».
Se Gilden non avesse settantanove anni, credo che a quest’ora sarebbe già stato scaraventato a terra. Mi allontano a grandi passi, il più possibile da lui. È tutta la settimana che faccio reportage, e ho l’impressione che lo spirito di Hunter S. Thompson, quel modo di lasciarsi inghiottire dagli eventi, di trasformare il caos in narrazione, stia cercando di trascinarmi con sé per mandare tutto a rotoli. Mi rendo anche conto di come questo episodio mi metta in una strana situazione: nella mia carriera mi sono comportato da ribelle molte volte, mentre oggi, qui alla Casa Bianca, sto recitando la parte del bravo ragazzo.
Gilden non viene cacciato via. Ma a causa del suo comportamento, a nessuno di noi è più permesso stare fuori. Veniamo ricondotti all’interno e guardiamo di malumore attraverso la finestra mentre Robert F. Kennedy Jr. e Cheryl Hines ci passano davanti. Più tardi, Gilden e io analizziamo l’incidente. «Credo che Sean Duffy mi abbia abbracciato per primo», sostiene. «Ti ho visto solo mentre lo abbracciavi tu», rispondo. Ma ammetto che potrebbe essere vero: Duffy sembrava davvero… ricettivo.
«Sì, mi ha abbracciato per primo, ed è stato davvero simpatico», insiste Gilden. Aggiunge che, nonostante le apparenze, aveva valutato l’atmosfera: «Sono stato in posti al mondo dove, se fai la mossa sbagliata, puoi trovarti in guai seri. Devi capire le persone».
A riprova di ciò, mi ricorda che non ha cercato di abbracciare Kash Patel, che era palesemente di cattivo umore. Mentre con Stephen Miller: «Non sapevo che diavolo sarebbe successo. Lui, però, mi ha sorriso, sua moglie ha sorriso, così mi sono sentito a mio agio, ok? Mi ha abbracciato e io ho abbracciato lui ed è stato davvero gentile». «Sono abbastanza sicuro che tu abbia abbracciato Stephen Miller per primo», dico. «Non vedo Stephen Miller come il tipo da prendere l’iniziativa di un abbraccio». «Forse hai ragione», concede. «Non me lo ricordo. Senti, faccio cose che forse altre persone non si sentono di fare, ma io mi fido del mio istinto». Riconosce che «nessuno è immune dal fraintendere una situazione» e che a causa sua siamo stati tutti costretti a rientrare, ma incolpa l’entourage di Miller per non avere chiesto al loro capo se gli dispiacesse essere abbracciato.
«Se scatti foto spontanee per strada, non puoi preoccuparti di ciò che pensano gli altri», spiega. «Se la pensi così, sei nei guai».
Gilden è come un lottatore dell’UFC: un outsider grintoso che non può essere controllato. A volte, come nel caso di Hokit e O’Malley, la realtà reagisce con forza contro chi sfida i limiti. D’altra parte, le sue fotografie sono davvero ottime.
Siamo tornati nella sala stampa da un’ora quando compare una donna che ci intima con urgenza di seguirla. «Presto!», grida. «Presto!». Veniamo spinti fuori, poi dentro attraverso la Palm Room della Casa Bianca. Succede così in fretta che riesco a distinguere solo una macchia sfocata di bellissimi toni di verde pallido e crema prima di venire spinti di nuovo fuori, sul South Lawn. Ed è lì che ci rendiamo conto di essere finiti, improvvisamente, in una sorta di Las Vegas presidenziale. La musica pompa, The boys are back in town!, mentre i laser ruotano.
Ognuno dei 4.300 possessori di biglietto può godere di una visuale perfetta: da Mark Zuckerberg ai 1.300 militari selezionati perché, secondo un documento trapelato dal Pentagono, soddisfacevano gli standard militari di composizione corporea, ovvero nessuno di loro è grasso.
Seguono sette incontri nell’arco di cinque ore. Stasera ognuno di essi si conclude con un knockout: è la prima volta che succede nei trentatré anni di storia dell’UFC. Un tifoso mi spiega in seguito che, secondo lui, ciò è dovuto al fatto che i livelli di adrenalina dei combattenti sono alle stelle per l’importanza dell’occasione.
L’unica volta in cui ho visto qualcosa di simile è stato nel 1999, al Madison Square Garden, durante l’incontro tra Lennox Lewis ed Evander Holyfield, finito con un controverso pareggio non unanime. Ho trovato quell’incontro molto difficile da interpretare. Sembravano entrambi sferrare un numero simile di colpi. Con l’UFC, è molto più facile capire chi sta vincendo: è l’uomo che prende a pugni e calci a più non posso l’avversario rannicchiato a terra. Come tutti gli altri, mi alzo in piedi, travolto dalla tensione del momento.
Sean O’Malley vince agevolmente il suo incontro. Balza fuori dalla gabbia per rendere omaggio a Trump. Si stringono la mano e, per un attimo, Trump gli accarezza teneramente la mano con cui ha colpito. È un gesto rapido, ma ha la solennità di un rituale imperiale.
«Buon compleanno, signor presidente!», grida il pubblico durante le pause.
Il gruppo demografico più interessante qui è il pubblico di Mar-a-Lago, alcuni dei quali, secondo quanto riferito, avrebbero pagato fino a 1,5 milioni di dollari in pacchetti di sponsorizzazione per un posto a bordo ring.
A giudicare dalle loro espressioni, ho l’impressione che una parte di loro stia semplicemente sopportando lo spettacolo per perseguire un obiettivo più grande: compiacere il presidente.
Un altro appassionato sulla cinquantina mi rivolge un sorriso che è al tempo stesso perplesso ed empatico. Non siamo amici. Non siamo al nostro posto.
Josh Hokit batte facilmente Derrick Lewis, ben più amato, ma anche di quasi 13 anni più vecchio. Anche lui salta fuori dalla gabbia per rendere omaggio a Trump. Ma, forse per compensare eccessivamente i suoi commenti avventati sui sospensori fatti a inizio settimana, supera la deferenza di O’Malley mettendo la sua catena d’oro al collo di Trump. Tornato nella gabbia, rincara la dose. «Un saluto a Trump per avere avuto le palle di indossare questa merda!», urla. E ancora: «Michelle Obama è un uomo. Ho ragione, America?». Il giorno dopo verrà riportato che Trump ha abbozzato un sorriso a questo commento, mentre altri tra il pubblico sono scoppiati a ridere. Ma io non sento nessuna risata. Solo il silenzio di tante persone che evidentemente pensano: «Non è stata una buona idea».
Trump sembra contrariato, poi si sfila la catena d’oro. Hokit ha infranto la regola aurea: non ha solo reso omaggio al presidente, ha trasformato la serata in una questione personale. Ha rubato la scena all’UFC e, soprattutto, al capo degli outsider ribelli. Se non avesse fatto quel commento, non saprei su cosa si sarebbero aggrappati i detrattori. Così com’è andata, domani i content creator accenneranno appena all’incidente, mentre i media mainstream non parleranno praticamente d’altro.
L’ultimo incontro, verso le 00.30, è di gran lunga il più brutale. Justin Gaethje riduce Ilia Topuria a una poltiglia insanguinata, sbattendogli il viso contro il pavimento e fratturandogli le ossa intorno a entrambi gli occhi, soprattutto il destro. Il medico a bordo ring tenta di fermare l’incontro, ma la folla reagisce con un boato: «Lasciateli combattere!», scandiscono. «Lasciateli combattere!».
Nonostante sia ricoperto di sangue, Topuria fa capire di volere andare avanti. Il suo team medico glielo permette. E così l’incontro prosegue per altri cinque minuti.
Davanti a me, una donna sulla settantina, molto benestante, fissa il maxischermo con un’intensità quasi ipnotica. Si aggrappa alla spalla del marito con dita sottili come rami secchi, mentre il volto di Topuria viene colpito sempre più duramente. Non si muove. Non distoglie lo sguardo. È come se stesse osservando un fenomeno naturale, qualcosa che non può fare a meno di studiare.
«USA!», ruggisce la folla, sempre più forte, mentre il sangue sgorga da Topuria. «USA! USA!».
«La serata è stata perfetta. Se si esclude Josh Hokit, la serata è stata assolutamente perfetta». Sono passati 12 giorni e sono al telefono con Dana White. «È una vera seccatura quando ci metti così tanto impegno in qualcosa», mi dice, «e poi c’è un idiota… Senti, sono un grande sostenitore della libertà di parola. Quando senti qualcosa nel profondo e vuoi dirlo, e agli altri non piace, peggio per loro. Siamo in America. Puoi dire tutto ciò che vuoi. Ma quello che è successo è un’altra storia». Secondo White, si è trattato solo di una trovata da parte di Hokit. Non diceva nemmeno sul serio. «Perché si comporta in un modo così fastidioso e controproducente?», chiedo. «A nessuno piacciono le sue pose. Non strappa nemmeno una risata. Non so se derivi dall’insicurezza. Forse stava compensando in modo eccessivo la sua battuta sul lanciare il suo sospensorio contro il presidente».
«Non lo so, amico», sospira White. «Senti, può essere di tutto, ma lo psicologo non è una di queste. Chi diavolo lo sa? L’hai detto tu. È una sorta di strana insicurezza. Oppure è una malattia mentale. Non ne ho idea».
Chiedo a White se posso intervistare Hokit. Dev’esserci, dico, un essere umano sepolto nel profondo di quell’idiota, «e se c’è qualcuno in grado di tirarlo fuori da lui, quello sono io».
«Certo, certo», risponde lui. «Organizziamo tutto. E se ci riesci, ti assumerò, cazzo, portandoti via da GQ, e ti farò venire qui a fare da terapeuta a tutti i testoni che ho». (Alla fine, nonostante diversi tentativi di contattare Hokit tramite l’UFC, mi viene detto che Hokit non è disponibile per un commento. Immagino che l’idea di parlare con me lo abbia intimidito più di quanto non avesse fatto l’incontro con Derrick Lewis).
«Capisco il tuo punto di vista sulla libertà di espressione», dico, «ma ti causa un sacco di problemi. Non pensi mai che dovresti controllarli un po’ di più?».
«No», risponde White. «Non credo che si debba dire a uomini e donne adulti cosa fare. Se venisse da me a chiedermi un consiglio, gli direi: “Penso che sia una cosa fottutamente stupida. Hai già dimostrato il tuo valore. Sei ovviamente un buon lottatore. Perché continui a comportarti così?”. Ma il bello del mio lavoro è che, alla fine, un giorno, lo vedrai prendere una bella batosta»."
20260830034043,Tutte Le Ultime Notizie,https://www.ilrestodelcarlino.it/bologna/cronaca/liste-dattesa-per-entrare-nelle-4d2a071e,,,,,,srclc:ita,"""Quasi 12mila anziani in lista d’attesa in Emilia-Romagna rappresentano un’emergenza sociale che richiede un cambio di passo. Bologna e Imola ne sono una dimostrazione evidente: in tutte le ultime rilevazioni si contano circa 850 persone in attesa nel distretto di Bologna e oltre 250 nel territorio imolese. In pratica ben 1.100 anziani e altrettante famiglie attendono una risposta"".
Questo il grido d’allarme lanciato da Pietro Vignali e Valentina Castaldini di Forza Italia che, snocciolando i numeri riguardo le liste d’attesa per le Rsa, continuano a mantenere ben puntati i riflettori sul tema. Stando a quanto viene riportato, Bologna al 31 dicembre scorso disponeva di 1.411 posti Cra accreditati, pari al 2,56% della popolazione con almeno 75 anni, contro una media-obiettivo regionale del 2,7% e un target del 3%. ""Per raggiungere almeno il 2,7% sono stati programmati ulteriori 80 posti nel 2026-2027, portando il totale previsto a 1.491. È evidente come anche la programmazione di 80 nuovi posti siano necessari, ma non basta confrontarli con gli anziani in attesa per capire le dimensioni del problema – insistono Vignali e Castaldini –. La programmazione deve anticipare l’invecchiamento della popolazione, non inseguirlo quando le liste sono già diventate così lunghe"".
Al quadro presentato si aggiungono poi i dati regionali sull’utilizzo delle Rsa: ""Nel 2025 il tasso standardizzato di utilizzo dell’assistenza residenziale è pari a 4,2 per mille nell’Ausl di Bologna e appena 3,9 a Imola, contro una media regionale di 4,6. Imola presenta il valore più basso tra tutte le Aziende considerate, mentre anche Bologna resta sensibilmente sotto la media. Anche il numero complessivo degli ospiti non cresce. A Bologna si passa da 4.921 anziani non autosufficienti inseriti in struttura nel 2024 a 4.889 nel 2025, 32 in meno. A Imola da 729 a 720, nove in meno"".
Uno scenario che spinge ora Forza Italia a continuare a puntare i riflettori sul tema, su cui è stata già annunciata un’interrogazione. ""Davanti a quasi 12mila anziani in attesa in Emilia-Romagna non bastano interventi incrementali. Il trend demografico impone investimenti strutturali, più residenzialità dove serve, più domiciliarità e una rete efficace per sollievo e post-dimissione. Soprattutto – concludono Vignali e Castaldini – occorre programmare sulla base dei bisogni reali dei singoli territori e non soltanto di medie regionali""."
20260830033246,La Nazione,https://www.lanazione.it/umbria/cronaca/desertificazione-bancaria-anche-pissignano-soffre-3de7efd0,,,,,,srclc:ita,"CAMPELLO SUL CLITUNNO – La desertificazione bancaria è un problema anche per Campello sul Clitunno, ma anche per gli altri borghi dell’unione dei comuni. A Campello ed in particolare nella frazione di Pissignano l’ultimo sportello ha chiuso di recente, ma è rimasto comunque disponibile il bancomat.
Nei giorni scorsi Regione Umbria ed Anci Umbria e le organizzazioni sindacali del credito hanno firmato un protocollo d’intesa e l’Amministrazione comunale di Campello sul Clitunno esprime pieno apprezzamento per un’iniziativa strategica volta a contrastare proprio il fenomeno della desertificazione bancaria.
""Il sistema del credito rappresenta uno dei pilastri fondamentali per la tenuta dei nostri territori, dichiara Stefano Bravi, assessore allo sviluppo economico di Campello sul Clitunno - attorno alla presenza degli istituti bancari si sviluppa l’economia locale, si genera crescita e si offre un sostegno concreto alle famiglie. Mantenere questi presidi significa difendere l’attrattività dei Comuni e contrastare in modo diretto lo spopolamento e il calo demografico"".
Sul delicato tema interviene anche la sindaca Simonetta Scarabottini (foto) ricordando che ""l’impegno del Comune di Campello sul Clitunno si è già evidenziato in passato dove un serrato e corretto coinvolgimento delle parti ha portato al mantenimento di una postazione atm e di un punto consulenza. L’auspicio, comunque che il segnale forte che parte dall’Umbria possa portare il tema della desertificazione bancaria alla ribalta nazionale""."
20260830030410,Tutte Le Ultime Notizie,https://www.ilrestodelcarlino.it/fermo/cronaca/valorizziamo-gli-spazi-pubblici-b42fd2f3,,,,,,srclc:ita,"Con i suoi dieci spazi verdi diversificati e ludici censiti, Altidona consolida un patrimonio di verde fruibile quasi unico in rapporto ad estensione ed abitanti. L’Amministrazione comunale guidata dal sindaco Giuliana Porrà, punta infatti sulla qualità della vita e sull’accoglienza di famiglie e bambini attraverso la realizzazione di una rete di aree dedicate alla socializzazione tra cui parchi e aree gioco di cui tre inclusive.
Nel rispetto di questa logica, sono in corso di definizione i lavori per l’ampliamento dei giochi nel parco vicino alla scuola materna, pensato per offrire ulteriori occasioni di svago e divertimento. ""Non vogliamo perdere nessuna occasione utile ad incrementare e migliorare gli spazi da mettere a disposizione di famiglie e bambini"" Commenta il sindaco Porrà che saggiamente orienta le scelte amministrative anche in relazione al dato demografico particolarmente significativo e in controtendenza rispetto al fenomeno dello spopolamento.
Nel 2025 infatti, Altidona ha registrato un aumento della popolazione residente di circa il 4,5%, una rarità nel panorama dei Comuni alle prese con il calo demografico. Anche nei primi sei mesi del 2026 l’Ufficio Anagrafe conferma il trend, con la crescita sostenuta sia dalle nuove nascite che dall’arrivo di nuovi residenti. ""Da sindaco sono fiera – sottolinea Porrà – perché significa che Altidona è una comunità viva e capace di attrarre. Credo che a questo risultato contribuiscano anche le tante occasioni di socializzazione e incontro"".
Da qui la rete dei dieci spazi pubblici che comprende aree diversificate per rispondere alle esigenze e al piacere di bambini, adulti e anziani. Tra queste il Parco due Ponti (un’estensione a prato di circa due ettari e mezzo adatta a feste e all’accoglienza di grandi numeri, con giochi e attrezzature per attività fisica) l’area giochi sul lungomare, (con beach volley e basket) pinete ombrose per chi vuole refrigerio e silenzio, aree pavimentate e zone verdi per i più piccoli messe in sicurezza con recinzioni.
E sulle tante opportunità di svago e ritrovo, emerge il valore socio culturale immenso dell’istallazione di giochi e arredi inclusivi su tre aree, perché mai nessuno si senta escluso né dall’attività ludica né da quella sociale. E’ questa la politica degli spazi pubblici dell’amministrazione Porrà, che accompagna una comunità in crescita e punta a rendere Altidona sempre più accogliente e vivibile, per le generazioni attuali e future.
""La nostra volontà – conclude il sindaco – è creare benessere radicato nella socializzazione che ha origine nell’incontro. Quello che questi spazi offrono a tutti"".
Paola Pieragostini"
20260829223447,Vietato Parlare,https://www.vietatoparlare.it/deindustrializzazione-europea-ipocrisia-bruxelles-suicidio-industriale/,,,,,,srclc:ita,"Un articolo sul Sole 24 Ore con il titolo “Von der Leyen: Ue pronta a difendere le imprese dalla Cina“ (Il Sole 24 Ore — Beda Romano), riporta le recenti dichiarazioni fatte a Parigi dalla presidente della Commissione Europea, la quale ha affermato l’intenzione di tutelare l’industria del Vecchio Continente dalla spietata concorrenza asiatica (evocando anche le recenti ricette di Mario Draghi).
Lamentando un aumento del 45% delle importazioni da Pechino negli ultimi cinque anni, la von der Leyen accusa la Cina di “pratiche sleali” e di “forte sussidiazione statale”, minacciando l’uso di strumenti protezionistici se i negoziati non porteranno a un compromesso entro il mese di ottobre.
Fin qui, la cronaca. Ma passando a un’analisi meno prona alle veline di Bruxelles, trovo semplicemente grottesca l’arroganza con cui le stesse istituzioni europee pretendono oggi di curare la malattia che hanno scientemente inoculato nei nostri sistemi economici.
La posizione della von der Leyen risulta oggettivamente ipocrita, per non dire in profonda malafede, per una lunga serie di ragioni che l’ortodossia mediatica si guarda bene dall’approfondire.
Il liberismo a senso unico e la farsa della Via della Seta
Ricordiamo bene come sia stato l’Occidente stesso, per decenni, a imporre e praticare un liberismo globalista senza regole, spingendo per delocalizzare le produzioni in Asia al solo scopo di comprimere il costo del lavoro e massimizzare i profitti di pochi. Ora che la competizione si fa a netto svantaggio europeo, Bruxelles scopre improvvisamente le barricate. I veri equilibri internazionali, da sempre, si costruiscono con accordi ad hoc e un sano pragmatismo orientato al vantaggio reciproco. Eppure, l’Unione Europea (costringendo anche l’Italia a fare un rovinoso e umiliante passo indietro) ha osteggiato in ogni modo l’inclusione nella “Via della Seta”. Abbiamo rinunciato a investimenti infrastrutturali e accordi bilaterali unicamente per una preclusione aprioristica, ideologica e per ribadire la nostra totale subalternità geopolitica a Washington.
Le lezioni di morale da chi ha prosciugato l’Europa
Ancora più paradossale è che la lezione di morale sulle “pratiche sleali” e sugli squilibri commerciali arrivi da un’esponente di spicco della Germania. Il Paese natale della von der Leyen, per oltre un decennio, ha accumulato un gigantesco surplus commerciale a spese degli altri partner UE, violando costantemente la soglia raccomandata del 6% del rapporto surplus/PIL stabilita dalle stesse regole macroeconomiche europee (arrivando a sfiorare il 9%). Berlino ha esportato massicciamente senza stimolare la domanda interna, impoverendo di fatto la periferia europea senza mai redistribuire la ricchezza. Un mercantilismo predatorio che le è valso durissime accuse non solo dai Paesi mediterranei, ma anche dal Fondo Monetario Internazionale e dalle stesse amministrazioni degli Stati Uniti, da Obama fino a Biden. Da che pulpito arriva la predica?
La favola degli “aiuti di Stato”
E veniamo al presunto scandalo delle sovvenzioni statali. L’UE si straccia le vesti fingendo di ignorare la realtà dei fatti: le aziende cinesi sono, per la maggior parte, a trazione statale o dipendono organicamente dalle strategie politiche del loro Paese. L’architettura del “capitalismo di Stato” è semplicemente la loro forza sistemica. Ma la verità indicibile è che nulla impedirebbe all’Europa di fare altrettanto. Non c’è una sorta di “legge divina” internazionale che vieti di proteggere le proprie imprese. Persino gli Stati Uniti se ne sono infischiati delle vecchie e polverose regole del WTO, varando sussidi statali miliardari per la propria industria con l’Inflation Reduction Act (IRA). L’Unione Europea, invece, ha scelto di castrarsi da sola, legandosi le mani con i suoi assurdi e dogmatici vincoli interni contro gli “aiuti di Stato”, per poi mettersi a piangere se le altre potenze corrono più veloci.
La fine dell’Italia: dalle privatizzazioni alla gabbia dell’Euro
Per noi italiani, questo discorso tocca un nervo storicamente molto scoperto. Un tempo, una sapiente architettura economica con una forte partecipazione statale era proprio ciò che contraddistingueva e rendeva grande il nostro Paese nel mondo (basti pensare all’IRI o all’ENI di Mattei). Il nostro inesorabile declino economico, industriale e demografico è cominciato esattamente negli anni ’90, con la scriteriata stagione delle privatizzazioni selvagge, spesso veri e propri regali a prezzi di saldo dei nostri gioielli industriali. Furono i sacrifici propedeutici all’ingresso in quella gabbia monetaria e di austerità chiamata Euro, che ha di fatto vietato allo Stato di fare politica industriale, rendendoci prede dei mercati.
Conclusione: una tecnocrazia fuori dalla realtà
Oggi la tecnocrazia di Bruxelles, la stessa che ha devastato la competitività industriale europea con fondamentalismi green irrealizzabili e sanzioni autolesionistiche, invoca disperatamente il protezionismo. Ma oggettivamente, la von der Leyen ha torto su tutta la linea.
Questo atteggiamento rivela una spaventosa hybris, una tracotanza burocratica completamente slegata dalla cruda oggettività dei rapporti di forza odierni. Come dimostrano gli analisti geopolitici più lucidi, l’UE non ha la forza politica, economica né tantomeno militare per dettare legge alle vere potenze in ascesa o per invertire processi storici ineluttabili con due vuote minacce tariffarie.
Il suo accanimento burocratico finirà per sortire un unico, drammatico effetto: stritolare ulteriormente le nostre piccole e medie imprese, vere vittime di questa miopia e uniche protagoniste di quel lavoro concreto che è espressione primaria della dignità della persona.
Seguici su Telegram | Condividi se pensi che questa lettura meriti di circolare
Riferimenti
- 
Fonte – Von der Leyen: Ue pronta a difendere le imprese dalla Cina, Beda Romano, Il Sole 24 Ore, p.7
- 
Fonte – The Euro: And its Threat to the Future of Europe, Joseph E. Stiglitz (https://wwnorton.com/books/The-Euro/)
- 
Fonte – Lo Stato Innovatore: un’analisi del ruolo pubblico nell’innovazione, Mariana Mazzucato (https://marianamazzucato.com/books/the-entrepreneurial-state/)
- 
Fonte – Il tramonto dell’Euro: come e perché la moneta unica ci sta distruggendo, Alberto Bagnai (https://www.imprimatureditore.it/)
- 
Fonte – Sovranità o subalternità. L’Italia e l’Europa nel nuovo ordine multipolare, Thomas Fazi (https://www.meltemieditore.it/) Appendice: Il declino industriale italiano:
Patrizio Ricci è il fondatore di Vietato Parlare, blog di geopolitica ed economia internazionale. Con un background economico e un passato nelle forze armate, applica al giornalismo d’opinione un metodo investigativo basato sui dati, guidato da una visione della realtà libera da riduzioni ideologiche. Ha scritto per Il Sussidiario, Cultura Cattolica e altre testate.
Sostieni il progetto
Se apprezzi questo lavoro, considera di supportarlo
Ogni contributo permette di mantenere un'analisi libera, indipendente e senza padroni. Puoi farlo attraverso il canale che preferisci.
Non ci sono importi minimi né abbonamenti obbligatori. Solo un gesto libero, da lettore ad autore."
20260829222451,Unione,https://www.unionesarda.it/lunione-in-edicola/il-paese-cresce-i-posti-allasilo-nido-no-ayfjwsfb,,,,,,srclc:ita,Accolte soltanto 12 domande su 33 e le famiglie si rivolgono ai centri vicini
20260829202451,Avellinotoday,https://www.avellinotoday.it/attualita/aree-interne-vescovi-benevento.html,,,,,,srclc:ita,"Aree interne, vescovi a confronto a Benevento: la diocesi di Ariano Irpino-Lacedonia porta la voce dell’Irpinia
Il 31 agosto e 1° settembre nella città sannita, S.E. Mons. Sergio Melillo e i vescovi di trenta diocesi italiane discuteranno strategie per rilanciare le comunità dei territori interni tra spopolamento, fragilità e nuove prospettive di sviluppo
La diocesi di Ariano Irpino-Lacedonia, guidata dal vescovo S.E. Mons. Sergio Melillo, sarà presente a Benevento il 31 agosto e 1° settembre per partecipare all’incontro dei vescovi delle aree interne. Un appuntamento importante che vedrà riuniti circa trenta vescovi provenienti da diverse regioni italiane per ascoltare i territori, condividere buone prassi e individuare nuove prospettive per le comunità che affrontano quotidianamente difficili sfide, dal calo demografico all’invecchiamento della popolazione.
Sfide delle aree interne: spopolamento, servizi e solidarietà
I vescovi si confronteranno sui temi urgenti legati alle aree interne: spopolamento, invecchiamento, fragilità dei servizi, ma anche sulle numerose esperienze di comunità, solidarietà e partecipazione che rappresentano una concreta possibilità di futuro per questi territori.
La voce dell’Irpinia e delle sue comunità all’incontro nazionale
Per la diocesi di Ariano Irpino-Lacedonia, l’evento sarà l’occasione per portare a livello nazionale la voce dell’Irpinia, condividendo le esperienze delle comunità locali e le aspettative dei tanti uomini e donne che continuano a vivere, abitare e custodire questi territori, spesso segnati da difficoltà ma ricchi di potenzialità.
Nuove prospettive per il futuro delle aree interne
Non si tratta solo di parlare delle criticità, ma di immaginare e costruire nuove strade affinché le aree interne possano tornare ad essere luoghi capaci di generare vita, opportunità di lavoro, relazioni e speranza. I lavori dell’incontro saranno conclusi dal cardinale Matteo Zuppi, arcivescovo di Bologna e presidente della CEI, con una riflessione dal titolo “Nuove prospettive per continuare il cammino”.
La chiesa diocesana al servizio del territorio
La chiesa diocesana di Ariano Irpino-Lacedonia ribadisce così la sua scelta di restare presente e attiva nel territorio, ascoltando i bisogni delle comunità e impegnandosi concretamente per contribuire a generare futuro nei paesi e nelle aree interne."
20260829174707,Notizie Geopolitiche,https://www.notiziegeopolitiche.net/america-latina-calo-della-natalita-e-invecchiamento-della-popolazione/,,,,,,srclc:ita,"di Paolo Menchi –
L’America Latina e i Caraibi stanno attraversando una trasformazione demografica senza precedenti, una rivoluzione silenziosa ma profonda che sta ridefinendo il volto delle sue città, la struttura delle famiglie e il futuro delle sue istituzioni. I dati pubblicati di recente dalle Nazioni Unite, attraverso studi congiunti di UNESCO, CEPAL, UNFPA e IBGE, tracciano un quadro inequivocabile: la vertiginosa caduta dei tassi di natalità sta portando la regione verso un declino della popolazione giovanile e un rapido invecchiamento della società.
 Entro il 2050, nei paesi latinoamericani si conteranno ben 38,3 milioni di persone in meno in età scolare rispetto al decennio corrente. Per comprendere la portata di questa transizione basta guardare indietro nel tempo: nel 1950 ogni donna nella regione aveva in media 5,8 figli, mentre oggi questo dato è crollato a 1,8, posizionando l’America Latina come la terza area con il tasso di fecondità più basso al mondo. Si tratta di un valore nettamente inferiore alla soglia di rimpiazzo generazionale (stimata a 2,1 figli per donna), e le proiezioni indicano che entro la metà del secolo tutti i paesi della regione scenderanno al di sotto di questo livello.
 In nazioni come il Brasile, le ultime rilevazioni demografiche indicano una fecondità scesa a circa 1,55 figli per donna. Tra il 2018 e il 2023, la contrazione delle nascite è stata particolarmente accentuata in Uruguay e Venezuela, dove ha superato il 15%, fino a toccare picchi superiori al 20% in Cile, Costa Rica e Argentina. Alla base di questo fenomeno vi è l’intreccio di diversi fattori sociali ed economici: la crescente urbanizzazione, la maggiore affermazione professionale delle donne, un accesso più diffuso ai metodi contraccettivi e gli elevati costi finanziari legati sia all’acquisto di un’abitazione sia al mantenimento dei figli.
 Se da un lato la contrazione demografica potrebbe causare un ridimensionamento complessivo dei sistemi educativi compreso tra il 32% e il 40%, dall’altro gli esperti di UNESCO e CEPAL vi leggono un’opportunità storica. La diminuzione della pressione numerica nelle aule libererà circa il 30% delle risorse finanziarie destinate all’istruzione per ciascun livello scolastico. Questo margine economico permetterà agli stati di investire finalmente sulla qualità: riducendo il numero di studenti per classe per offrire una didattica più personalizzata, universalizzando la formazione prescolare, rafforzando l’istruzione tecnica e secondaria e promuovendo una migliore qualificazione dei docenti.
 Tuttavia, il rovescio della medaglia è rappresentato dall’accelerato invecchiamento della popolazione. In Brasile, ad esempio, si stima che entro il 2028 si concluderà il cosiddetto “bonus demografico”, il momento in cui la popolazione in età lavorativa cesserà di superare il numero dei dipendenti. Entro il 2050, una persona su quattro in America Latina e nei Caraibi, circa 182 milioni di individui, avrà più di 60 anni."
20260829160053,La Repubblica,https://www.repubblica.it/economia/2026/08/29/news/calo_demografico_italia_immigrazione_natalita_saldo_fuga_cervelli-425554130/?rss=,,,,,,srclc:ita,"Nel 2025 le entrate nette dall’estero (arrivi meno partenze) hanno quasi interamente compensato il saldo naturale (differenza tra nascite e decessi) della popolazione, ancora una volta negativo. Nel 2025 le entrate nette sono state 296mila come risultato di 440mila arrivi e di 144mila partenze, come misurate attraverso iscrizioni e cancellazioni all’Anagrafe, a fronte di un saldo naturale di -297…"
20260829154747,Nuovo Sud,https://www.nuovosud.it/articoli/322680-politica-ragusa/lo-strappo-del-comitato-centro-storico-modica-il-pd-sconfitta-della,,,,,,srclc:ita,"Lo ""strappo"" del Comitato Centro Storico Modica, il PD: sconfitta della politica cittadina
""La scelta del Comitato Centro Storico di lasciare il Tavolo Tecnico Consultivo Permanente e disertare la seduta di lunedì 31 agosto non è un fulmine a ciel sereno: è l’esito annunciato di un’impostazione priva di regole, metodo e poteri decisionali che il Partito Democratico aveva contestato fin dal primo giorno"".  E' il commento del PD alla decisione del Comitato Centro Storico di Modica. «Avevamo avvertito l’Amministrazione: aprire organismi senza definirne competenze, tempi e strumenti attuativi avrebbe trasformato il confronto in un esercizio sterile», afferma Carmelo Blanco, vice segretario del Circolo PD di Modica. «Oggi non celebriamo una vittoria dell’opposizione, ma constatiamo una sconfitta della politica cittadina e, anzitutto, di chi governa. Dopo dieci sedute, nodi cruciali come la ricognizione degli immobili comunali, la disciplina della sosta e l’iter del Piano Urbanistico Generale (PUG) sono rimasti senza risposte. Il Comitato non volta le spalle al centro storico, ma abbandona un organismo ormai svuotato che rischia di ridursi a un mero simulacro del confronto. Quando un tavolo perde il soggetto che più ne aveva sollecitato la nascita, chi amministra ha il dovere di fare autocritica».
Per il Partito Democratico, il limite di fondo resta la totale assenza di una visione strategica: il cuore antico della città continua a essere affrontato a compartimenti stagni — attraverso micro-interventi slegati su ZTL o parcheggi —, ignorando la connessione profonda tra crisi demografica, desertificazione commerciale, mobilità, residenzialità e qualità della vita.
«La nostra critica è sempre stata preventiva e costruttiva», prosegue Blanco. «Lo abbiamo dimostrato il 19 giugno scorso con l’iniziativa “PENSARE UNA NUOVA MODICA — Dal Centro Storico alla Città”, chiamando docenti universitari e competenze scientifiche ad analizzare i numeri reali sull’andamento demografico e l’uso del patrimonio immobiliare, estendendo l’invito alla stessa sindaca. Il futuro di Modica riguarda ogni famiglia e ogni impresa, ben oltre gli schieramenti di parte».
Di fronte ai mesi preziosi perduti dall’Amministrazione, il Partito Democratico lancia una proposta alternativa e operativa:
«Il lavoro svolto dal Comitato Centro Storico è un patrimonio civico che non deve andare disperso. Il PD di Modica se ne fa carico e promuoverà un autentico percorso di co-progettazione della città, aperto a residenti, associazioni, categorie economiche, professionisti e istituzioni. Un percorso vincolato a tre pilastri non negoziabili: i dati per conoscere i problemi, le competenze per interpretarli e il metodo per trasformare le proposte in atti amministrativi con responsabilità e tempi certi. Non l’ennesimo tavolo di facciata, ma uno strumento per decidere e dare finalmente a Modica una nuova visione condivisa».
«Modica merita di più. Merita un progetto, non una sequenza di emergenze. Merita decisioni, non convocazioni a vuoto. Merita un centro storico abitato, vissuto e accessibile, non un tema da rinviare di riunione in riunione. Merita una politica che si assuma la responsabilità di scegliere: e il tempo per farlo è adesso»."
20260829150207,Positano News,https://www.positanonews.it/2026/08/un-abbraccio-ad-alessandro-di-battista-ti-aspettiamo-per-un-altro-successo/3854175/,,,,,,srclc:ita,"Un popolo senza giovani è difficile che possa cambiare, essere genitori è da eroi
|Un abbraccio ad Alessandro Dì Battista ti aspettiamo per un altro successo
Un abbraccio ad Alessandro Dì Battista ti aspettiamo per un altro successo. Ricoverato a Cuba in condizioni critiche. L’ex deputato e giornalista (48 anni) si trovava a Cuba per realizzare un reportage.Nella serata di venerdì 28 agosto ha accusato un forte mal di testa seguito da un malore, venendo ricoverato d’urgenza in gravi condizioni all’ospedale di Santa Clara. Riportiamo il suo intervento in occasione del Festival di Giornalismo l’8 agosto scorso a Piano di Sorrento a Villa Fondi.
La geopolitica: Dalla NATO agli algoritmi di Meta
Nel corso della serata, Di Battista ha tracciato una panoramica netta sulle attuali crisi internazionali, senza risparmiare critiche ai blocchi occidentali.
- Il conflitto in Ucraina: È stato descritto come una guerra “fondamentalmente provocata” dall’espansione della NATO. Di Battista ha ribadito un concetto a lui caro, già espresso nei suoi scritti e interventi: “La Russia non è il mio nemico”.
- La tragedia di Gaza e la censura social: Un passaggio forte è stato dedicato al Medio Oriente. Secondo Di Battista, Israele starebbe riuscendo a nascondere la reale portata del genocidio in corso manipolando e agendo sugli algoritmi di Meta (la società che gestisce Facebook e Instagram), silenziando di fatto la diffusione delle notizie sui social network.
Il dramma locale e nazionale: Gentrificazione e inverno demografico
L’argomento che ha colpito più da vicino il pubblico, toccando un nervo scoperto per chi vive e lavora in Costiera Amalfitana e nella Penisola Sorrentina, è stato quello della desertificazione sociale. Le nostre zone stanno subendo una riduzione drastica dei residenti, schiacciate dalla gentrificazione: i giovani fuggono per mancanza di opportunità, lasciando dietro di sé comunità composte prevalentemente da anziani.
Di Battista ha citato il rapporto sulla demografia in Italia intitolato “Volere o potere”, realizzato dalla Fondazione per la Natalità in collaborazione con l’Istat. Dal dossier emerge una verità tanto amara quanto logica:
“Un popolo senza giovani è difficile che possa cambiare, essere genitori è da eroi. Fare figli ti impoverisce .Se da una parte la povertà non mette nelle condizioni di fare figli, dall’altra i figli possono rendere poveri. Un paradosso che scoraggia anche i più motivati.”
In sintesi: non si fanno più figli perché le condizioni di partenza non lo permettono e perché la scelta stessa di mettere al mondo un bambino rischia di trasformarsi in una causa di impoverimento per le famiglie.
I veri numeri della crisi
Il crollo delle nascite è la tragedia principale del nostro Paese, un’emergenza che i politici continuano colpevolmente a ignorare. Il trend è impressionante, soprattutto se si chiede ai cittadini di raffrontare questi dati con i miliardi destinati all’aumento delle spese militari.
Ecco il bilancio anagrafico italiano degli ultimi quattro anni:
- 2022: 713.000 decessi — 393.000 nascite
- 2023: 661.000 decessi — 379.000 nascite
- 2024: 651.000 decessi — 370.000 nascite
- 2025: 652.000 decessi — 355.000 nascite
Fra venti anni ci saranno venti milioni di persone in meno , chi pagherà le pensioni?
Numeri che, come ricordato a Villa Fondi, non raccontano solo statistiche, ma il lento spegnersi del futuro del nostro Paese."
20260829141651,Il Vibonese,https://www.ilvibonese.it/salute/dieci-anni-di-avis-a-soriano-sorianello-e-gerocarne-una-storia-di-solidarieta-e-vita-a-presidio-delle-preserre-bm9b4zmg,,,,,,srclc:ita,"Festa per il primo decennale della sede comunale: un traguardo fondamentale per la sanità locale tra la sfida dello spopolamento e la necessità di un ricambio generazionale tra i donatori
Tutti gli articoli di Salute
PHOTO
Sanità del territorio, cultura della solidarietà e risposte concrete alle esigenze dei cittadini. Un traguardo significativo e una bella pagina di impegno sociale sono stati celebrati nel pomeriggio del 28 agosto presso la sala del ristorante ""Rosa dei Venti"" a Soriano Calabro, dove l’Avis comunale di Soriano-Sorianello-Gerocarne ha festeggiato i suoi primi dieci anni di attività.
 Una realtà ormai consolidata, nata per colmare un vuoto strutturale nell'area delle Preserre e cresciuta nel tempo grazie alla dedizione costante dei volontari, dei medici e di una comunità che ha saputo rispondere con generosità.
Il tavolo tecnico
All’incontro, organizzato per fare il punto sulla crescita dell'associazione e sulle sfide future, hanno preso parte figure di rilievo del settore associativo, sanitario e istituzionale. Il tavolo tecnico ha visto gli interventi della presidente dell’Avis comunale Rosetta Donato, del socio Christian Gradia, del sindaco di Sorianello Sergio Cannatelli, del parroco di Gerocarne Don Vincenzo Zappone, delle dottoresse Giuseppina Patania e Rosa Francese, affiancati dai vertici dell'associazione: il presidente dell'Avis provinciale Cosmo Gallizzi e il vicepresidente dell'Avis regionale Nicodemo Napoli.
Un decennio di sfide e il ricambio generazionale
Ad aprire i lavori è stata la presidente Rosetta Donato, che ha ripercorso il cammino non privo di ostacoli affrontato dall'associazione in questo primo decennio: «Questo è un grande evento perché non pensavo di festeggiare i dieci anni di Avis Soriano-Sorianello-Gerocarne. Non è stato facile portare avanti tutto questo, ma abbiamo un bisogno costante di sangue e di donatori, specialmente giovani. Il sangue non si fabbrica, bisogna capire l'importanza vitalissima di questo gesto».
 Una preoccupazione, quella legata al calo demografico e all'emigrazione giovanile, rimarcata con fermezza dal socio Christian Gradia. Il problema dello spopolamento colpisce direttamente il mondo del volontariato: «Il sangue non è un farmaco creato in laboratorio. Molti giovani lasciano il territorio per studio o lavoro e questo crea scompensi gravissimi per il ricambio generazionale tra i donatori. È fondamentale educare le nuove leve fin dai banchi di scuola alla cultura del dono».
Il valore sociale e il significato del dono
L'importanza dell'Avis come presidio sociale per l'intero comprensorio è stata evidenziata dal sindaco di Sorianello, Sergio Cannatelli, che ha parlato di un «percorso formativo e umano che ha introdotto in un territorio complesso una cultura della donazione prima inesistente». Un concetto rimarcato dal parroco di Gerocarne, Don Vincenzo Zappone, che ha richiamato la dimensione profonda della donazione: «Parlare di sangue significa parlare di vita. Donare è un atto d'amore gratuito verso il prossimo».
Un punto di vista storico/scientifico
Dal punto di vista medico e scientifico, la dottoressa Giuseppina Patania ha ricordato come la donazione sia anche sinonimo di prevenzione e salute pubblica: «Dietro una sacca di sangue c'è la sicurezza dei controlli a cui si sottopone il donatore e la consapevolezza di dare qualcosa senza chiedere nulla in cambio».
 Di forte impatto emotivo è stata la testimonianza diretta della dottoressa Rosa Francese, che ha raccontato la propria esperienza personale salvata in passato da una trasfusione d'emergenza grazie alla generosità dei donatori locali, per poi ripercorrere l'evoluzione storica e scientifica della medicina trasfusionale.
Prospettive future: capillarità e vicinanza ai più fragili
A tracciare il bilancio finale ed outlines per il futuro sono stati i vertici provinciali e regionali dell'associazione. Cosmo Gallizzi ha espresso profonda gratitudine verso i donatori attivi e ha ricordato gli importanti traguardi raggiunti dall'Avis provinciale, tra cui l'acquisto e la ristrutturazione della nuova sede e l'apertura di un punto prelievo attivo ogni venerdì.
 Infine, Nicodemo Napoli ha rivolto un pensiero sia ai donatori storici che a quelli attivi, rilanciando la missione dell'Avis sul territorio: «Siamo nati spinti dall'impegno di essere presenti capillarmente. Tra i nostri prossimi obiettivi c'è quello di attivare le donazioni domiciliari per gli anziani e per le persone più fragili che non possono spostarsi».
 Un compleanno che si trasforma così non solo in un momento di festa per i trascorsi dieci anni, ma in un punto di partenza per rafforzare la rete della solidarietà nelle Preserre vibonesi."
20260829140000,Unione Monregalese,https://www.unionemonregalese.it/news/territorio/317009/assegno-unico-da-record-9-9-miliardi-alle-famiglie-italiane-il-piemonte-vale-oltre-il-7-delle-richieste.html,,,,,,srclc:ita,"ultime notizie
29 Agosto 2026 - 16:00
L'Assegno Unico Universale (AUU) è la misura introdotta dal marzo 2022 per sostenere economicamente le famiglie con figli a carico. È riconosciuto per ogni figlio minorenne, per i figli maggiorenni fino a 21 anni al ricorrere di specifiche condizioni (ad esempio se studiano, svolgono un tirocinio o sono in cerca di lavoro) e senza limiti di età per i figli con disabilità. L'importo varia in base all'ISEE, all'età e al numero dei figli e alle eventuali maggiorazioni previste dalla normativa, ma è garantito in misura minima anche a chi non presenta l'ISEE.
L'assegno viene erogato mensilmente tramite accredito su conto corrente, carta con IBAN, libretto postale o bonifico domiciliato e può essere corrisposto interamente a un genitore oppure ripartito al 50% tra entrambi.
Gli ultimi dati diffusi dall'INPS raccontano un quadro di sostanziale stabilità di questa misura che continua a rappresentare uno dei principali strumenti di sostegno economico alle famiglie italiane. Nel primo semestre del 2026 sono stati erogati 9,9 miliardi di euro a favore di oltre 6,1 milioni di nuclei familiari e circa 9,6 milioni di figli, dopo i 19,8 miliardi distribuiti nel corso del 2025.
I rilievi aggiornati dell'Osservatorio statistico INPS, relativi al periodo gennaio 2025-giugno 2026, evidenziano una misura ormai consolidata, capace di raggiungere oltre sei milioni di famiglie con un sostegno economico che, nel solo primo semestre del 2026, ha superato i 9,9 miliardi di euro.
Nei primi sei mesi del 2026 i nuclei beneficiari sono stati oltre 6 milioni, mentre i figli raggiunti dalla misura hanno superato quota 9,6 milioni. L'importo medio mensile per figlio a giugno 2026 si attesta a 175 euro, ma varia sensibilmente in funzione dell'ISEE: si passa da circa 58 euro per chi non presenta l'indicatore o supera la soglia massima, fino a 227 euro per le famiglie appartenenti alla fascia ISEE più bassa.
Dal punto di vista finanziario, l'INPS ha erogato circa 9,9 miliardi di euro nel primo semestre del 2026, ai quali si aggiungono i 19,8 miliardi liquidati durante il 2025.
Il Piemonte si conferma tra le regioni con il maggior numero di richieste di Assegno Unico.
Nel 2025 sono state presentate 25.240 domande, pari al 6,9% del totale nazionale, riferite a 30.850 figli. Nei primi sei mesi del 2026 le nuove domande sono già 13.103, corrispondenti al 7,2% del totale italiano, per 16.505 figli interessati dal beneficio.
Si tratta di numeri che collocano il Piemonte stabilmente tra le regioni più rilevanti per diffusione della misura, alle spalle di Lombardia, Lazio e Campania e in linea con il peso demografico regionale.
Anche sul fronte degli importi emerge un quadro di sostanziale stabilità. Nel 2025 il numero di figli beneficiari in Piemonte oscilla intorno ai 630-636 mila al mese, mentre l'importo medio mensile per figlio varia tra 163 e 167 euro, sostanzialmente in linea con la media delle regioni settentrionali ma inferiore a quella registrata nel Mezzogiorno, dove gli importi risultano più elevati per effetto della maggiore concentrazione di nuclei con ISEE più bassi.
Nel primo semestre 2026 il Piemonte registra circa 619-628 mila figli beneficiari mensili, con un importo medio di 167-170 euro per figlio, leggermente superiore rispetto all'anno precedente grazie all'aggiornamento delle soglie ISEE e delle rivalutazioni previste dalla normativa.
L'analisi regionale conferma una dinamica ormai consolidata: gli importi medi crescono spostandosi dal Nord verso il Sud.
Mentre Piemonte, Lombardia, Veneto ed Emilia-Romagna si collocano mediamente tra i 165 e i 170 euro mensili per figlio, regioni come Calabria, Sicilia, Campania e Sardegna superano frequentemente i 190 euro, riflettendo una maggiore presenza di famiglie nelle fasce ISEE più basse.
Il dato non indica una diversa generosità della misura tra territori, ma fotografa le differenti condizioni economiche delle famiglie italiane.
Le statistiche confermano inoltre che l'importo cresce sensibilmente con l'aumentare del numero dei figli.
Nel 2026 una famiglia con un solo figlio riceve mediamente circa 150 euro al mese, mentre gli importi superano i 330 euro con due figli, arrivano oltre 660 euro con tre figli e sfiorano i 2.000 euro per i nuclei con sei figli o più, grazie alle maggiorazioni previste dalla normativa.
Versione web de L'""Unione Monregalese"", settimanale cattolico di informazione,
notizie ed opinioni di Mondovì. Iscr. n°8 Reg. Canc. Trib. di Mondovì del 05-04-1951.
Direttore Responsabile Corrado Avagnina.
Edito da CEM - Cooperativa Editrice Monregalese Società Cooperativa
Piazza S. Maria Maggiore, 6 - 12084 Mondovì - Tel. 0174 552900 - P.Iva: 01654260049
Registro delle Imprese di Cuneo n. 01654260049 
Albo Società Cooperative n. A118893
Capitale Sociale € 25.768,00 i.v."
20260829134901,Pressenza,https://www.pressenza.com/it/2026/08/le-disuguaglianze-tra-generazioni-continuano-ad-ampliarsi/,,,,,,srclc:ita,"Come sottolineava il Rapporto Giovani 2026 (ed. Il Mulino), promosso dall’Istituto Giuseppe Toniolo in collaborazione con l’Università Cattolica, con Ipsos e con il sostegno di Fondazione Cariplo, “non è una singola crisi a caratterizzare i giovani di oggi, ma una sequenza continua di eventi destabilizzanti, che ha reso l’incertezza la loro condizione di partenza. Dall’11 settembre alla pandemia, dalla Grande Recessione al ritorno della guerra in Europa, diventare adulti nel XXI secolo significa fare i conti con un mondo strutturalmente instabile. Lavoro fragile, autonomia che si allontana, relazioni condizionate dalla precarietà. Eppure, i giovani non stanno fermi: chiedono spazio, voce e un ruolo nelle scelte collettive. La partecipazione al recente Referendum lo ha confermato”. (https://www.rapportogiovani.it/generazioni-in-dialogo-giovani-lavoro-e-futuro-nel-rapporto-giovani-2026/).
C’è però un “divario generazionale”, che rischia di ampliarsi sempre più e con il quale occorre fare i conti. Il VII Rapporto 2025 a cura dell’Osservatorio Politiche Giovanili della Fondazione per la Ricerca Economica e Sociale ETS – RiES (https://www.fondazioneries.it/), dal titolo “Il divario generazionale. Nuove generazioni, vecchi squilibri: rompere l’inerzia”, evidenzia infatti come l’Italia si trovi oggi di fronte a una “persistente emergenza generazionale”: una condizione in cui le disuguaglianze tra generazioni si ampliano, non solo in termini di reddito e ricchezza, ma anche di aspettative di vita, benessere psicologico e accesso a servizi fondamentali.
I giovani italiani continuano a scontare ritardi strutturali nell’ingresso nel mercato del lavoro, nell’accesso all’abitazione e nella possibilità di costruire percorsi familiari e professionali stabili e duraturi. In parallelo, l’invecchiamento demografico accentua la pressione sui sistemi pensionistico e sanitario, riducendo gli spazi di investimento pubblico destinati alle politiche giovanili.
L’indice di dipendenza (rapporto tra la popolazione residente in età non attiva sulla popolazione in età lavorativa) in Italia ha raggiunto 57,6 punti (Istat, gennaio 2024), segnalando un rischio crescente di squilibrio intergenerazionale nella distribuzione delle risorse pubbliche già fortemente sbilanciate a favore degli over 65 (numericamente ed elettoralmente sempre più preponderanti).
Tale scenario conferma la necessità di passare da una logica di compensazione – che interviene a valle delle disuguaglianze – a una logica di prevenzione e riequilibrio strutturale, capace di incorporare la dimensione generazionale all’interno della programmazione economica, fiscale e sociale del Paese.
E a tal proposito, il VII Rapporto sottolinea la necessità di introdurre in maniera diffusa – e a tutti i livelli di governo – la Valutazione di Impatto Generazionale, che consente di stimare l’impatto generazionale ex ante ed ex post delle politiche pubbliche nelle sue dimensioni economica, sociale e ambientale. In maniera complementare, il Rapporto suggerisce anche di istituzionalizzare il bilancio intergenerazionale, come strumento di trasparenza e responsabilità nella programmazione economica dei Paesi membri dell’Unione.
Un ulteriore passaggio importante verso una maggiore equità intergenerazionale è rappresentato dall’introduzione generalizzata di soglie minime di investimento per le politiche che impattano sul mondo giovanile nei principali programmi pluriennali europei e nazionali, come già accade ad esempio nel caso del Fondo Sociale Europeo (FSE +), dove la Commissione UE ha stabilito che almeno il 12,5% delle risorse debba essere destinato all’occupazione giovanile.
Il quadro generale che emerge dal Rapporto restituisce un Paese diviso, ma non immobile. Le nuove generazioni manifestano una forte domanda di equità, di futuro e di riconoscimento, mentre la società italiana nel suo complesso sembra progressivamente consapevole della necessità di un nuovo patto tra età, ruoli e responsabilità.
Dall’insieme delle analisi condotte nel Rapporto emergono alcune linee di policy prioritarie, necessarie per avviare un riequilibrio strutturale tra le generazioni, a partire – come si diceva – dalla consapevolezza che in Italia la Valutazione di impatto generazionale delle politiche locali può rappresentare il principale strumento di attrattività e di contrasto allo spopolamento, uscendo dall’angolo nel quale sono racchiuse e relegate le politiche giovanili per considerare anche le politiche per la mobilità, l’abitazione, il lavoro, la ricerca e l’innovazione tecnologica e dall’istituzionalizzare il bilancio intergenerazionale, come strumento di trasparenza e responsabilità nella programmazione economica dei Paesi membri dell’Unione.
Inoltre, occorre: orientare la spesa pubblica verso il futuro, incrementando la quota destinata a istruzione, ricerca, innovazione, abitazione e occupazione giovanile; rafforzare la partecipazione giovanile alle decisioni pubbliche; ridurre i divari territoriali, promuovendo investimenti infrastrutturali e sociali nel Mezzogiorno e nelle aree interne; superare, in tema di regime degli impatriati, l’attuale approccio fiscale indifferenziato, introducendo un quadro normativo integrato e generazionale in grado di riconoscere e valorizzare il ruolo strategico dei giovani nella crescita del sistema economico e sociale del Paese; dotarsi di dati statistici di sufficiente granularità e costanza per poter misurare e contrastare il divario generazionale.
“Queste priorità, si legge nelle conclusioni del Rapporto, delineano una strategia di medio-lungo periodo che deve essere sostenuta da una governance multilivello e da un quadro normativo coerente, capace di superare la frammentazione e la discontinuità che storicamente caratterizzano le politiche giovanili italiane”.
Qui il Rapporto: https://www.fondazioneries.it/wp-content/uploads/2026/05/Il-Divario-generazionale.-VII-Rapporto-2025.pdf."
20260829130028,T E News,https://www.tenews.it/2026/08/29/comune-unico-lelba-come-la-svizzera-1128817/,,,,,,srclc:ita,"Temi del giorno:
Da Jacopo Bononi
Il dibattito politico sulla creazione di un Comune Unico all’Isola d’Elba si è riacceso con forza in questi giorni. Proviamo per sommi capi a riassumerne i contorni. Al centro della discussione c’è una nuova proposta di legge popolare, dichiarata procedibile dalla Regione Toscana, che punta alla fusione amministrativa dei sette comuni attuali: Portoferraio, Campo nell’Elba, Capoliveri, Porto Azzurro, Marciana, Marciana Marina e Rio. Per superare le resistenze storiche e la paura di perdere l’autonomia dei singoli paesi, l’attuale progetto propone un modello ibrido basato su 7 Municipalità.
Questo sistema è studiato per non annullare le specificità storiche e culturali dell’isola attraverso alcuni pilastri, ossia innanzitutto il presidio dei servizi al cittadino nel senso che gli attuali municipi storici non vengono chiusi: rimangono attivi sul territorio come uffici e sportelli decentrati, evitando che gli abitanti dei paesi periferici o montani debbano spostarsi a Portoferraio per pratiche e documenti.
Vi è poi la tutela delle radici culturali ed economiche nel senso che il modello riconosce e valorizza le diverse identità elbane, come la cultura mineraria della zona di Rio, la tradizione vitivinicola e medievale di Capoliveri, il passato mediceo di Portoferraio e la storia del granito di San Piero e Sant’Ilario a Campo.
Inoltre ogni ex-comune mantiene un Consiglio di Municipalità o dei delegati di zona. Questi organi garantiscono che le istanze e i problemi quotidiani di ogni borgo siano portati direttamente all’attenzione dell’unica giunta comunale. Infine gli archivi storici comunali non vengono accentrati. Rimangono custoditi nei rispettivi territori d’origine per preservare l’identità scritta e l’eredità documentale delle singole comunità.
I sostenitori della fusione evidenziano i seguenti vantaggi per l’intera comunità elbana ovvero che un unico ente rappresenta circa trentamila residenti stabili (che quadruplicano in estate), garantendo più forza contrattuale nei tavoli con la Regione e il Governo per sanità, trasporti marittimi e continuità territoriale. Vengono unificati i regolamenti urbanistici, commerciali e le tasse locali, eliminando la frammentazione che penalizza cittadini, tecnici e imprese.
Si riducono i costi della politica (un solo sindaco e una sola giunta invece di sette) e si ottiene l’accesso a specifici contributi economici statali e regionali previsti per le fusioni e viene centralizzata la promozione del ‘brand Elba’ nel mondo, superando i campanilismi e ottimizzando la gestione della tassa di sbarco e del calendario degli eventi. Tale soluzione per i suoi sostenitori consente una gestione centralizzata e più forte della raccolta rifiuti, dei trasporti interni, della pianificazione scolastica e della polizia locale. Gli oppositori del progetto invece sollevano forti dubbi sulla reale efficacia della fusione poiché esiste il forte timore che il capoluogo comprensoriale accentri tutti gli investimenti, gli uffici principali e l’attenzione politica, lasciando i paesi più piccoli privi di reale rappresentanza.
Si teme che le sette Municipalità diventino uffici puramente nominali e privi di un reale potere di spesa o di autonomia decisionale. La drastica riduzione dei consiglieri comunali totali, da oltre 80 distribuiti nei vari comuni a circa 24 per l’intera isola, potrebbe privare i piccoli borghi di un proprio rappresentante diretto eletto. Infine si teme che gestire un territorio insulare vasto, montuoso e morfologicamente complesso con un solo centro decisionale rischi di rallentare la manutenzione ordinaria e gli interventi d’emergenza. L’unico referendum consultivo sul tema si è tenuto nel 2013, registrando la vittoria netta del NO con il 60,35% degli elettori si è espresso contro il Comune Unico, a fronte del 39,65% di voti favorevoli. L’affluenza totale è stata del 43,05%. Il SÌ ha vinto esclusivamente nel comune di Portoferraio con il 64,03%. In tutti gli altri allora sette comuni dell’isola ha stravinto il NO, con il picco massimo registrato a Rio Marina (76,85%), bloccando di fatto il progetto legislativo della Regione Toscana.
Il dibattito sulla fusione dei comuni dell’Isola d’Elba in un Comune Unico rispetto al mantenimento delle sette municipalità attuali può trovare un parallelo illuminante nel modello federale svizzero. La Svizzera, infatti, riesce a coniugare un’estrema frammentazione e autonomia locale (i Cantoni e i Comuni) con una forte efficienza centrale. Nel contesto elbano, applicare la filosofia del sistema svizzero significherebbe cercare un equilibrio tra centralizzazione dei servizi e tutela delle identità locali. In Svizzera, il potere spetta ai cittadini e ai Cantoni, la Confederazione interviene solo quando i livelli inferiori non possono agire efficacemente.
Il Comune Unico non dovrebbe cancellare le sette realtà storiche (Portoferraio, Campo nell’Elba, Capoliveri, Porto Azzurro, Rio, Marciana, Marciana Marina) e in un’ottica ‘svizzera’, queste diventerebbero municipalità o municipi con autonomia decisionale su questioni iper-locali (es. decoro urbano, feste tradizionali, gestione della micro-viabilità), lasciando al ‘Governo Centrale Elbano’ la gestione macro (es. sanità, trasporti, turismo, pianificazione urbanistica generale. A livello federale, la Svizzera protegge i Cantoni piccoli attraverso il Consiglio degli Stati (la camera alta), dove ogni Cantone ha esattamente due seggi, indipendentemente dalla popolazione. Questo evita che i Cantoni più popolosi schiaccino i più piccoli. Se si creasse un Comune Unico basato solo sul peso demografico, Portoferraio rischierebbe di dominare il consiglio comunale e per garantire un’adeguata rappresentatività in ‘stile svizzero’, lo statuto del Comune Unico dovrebbe prevedere una ‘Consulta delle Municipalità’ o un sistema di voto ponderato nei comitati decisionali, assicurando che le comunità più piccole (come Marciana Marina) abbiano un diritto di veto o una rappresentanza minima garantita sulle scelte strategiche dell’isola. I Cantoni svizzeri hanno un’ampia autonomia fiscale: riscuotono le proprie tasse e competono tra loro, ma esiste anche un sistema di perequazione finanziaria per aiutare i Cantoni più poveri.
All’Elba i flussi turistici ed economici non sono distribuiti equamente tra i sette comuni attuali. Un modello comparabile dovrebbe prevedere che le risorse generate dalle aree a più alta densità turistica (es. le spiagge di Capoliveri o Campo) vengano in parte centralizzate e ridistribuite per garantire standard di servizi elevati e uniformi in tutta l’isola, pur lasciando alle singole municipalità una quota di bilancio da gestire in totale autonomia per le esigenze locali. Insomma, guardare alla Svizzera permette di capire che il Comune Unico non deve necessariamente significare ‘omologazione’.
Il successo di una transizione elbana dipenderebbe interamente da quanto lo statuto del nuovo ente sarà capace di blindare l’autonomia e la voce delle storiche sette comunità, trasformandole da comuni separati a ‘cantoni’ cooperanti di un’unica grande isola. La legislazione italiana non prevede un sistema ‘federale’ a livello comunale, ma offre strumenti flessibili all’interno del Testo Unico degli Enti Locali per blindare l’autonomia delle vecchie municipalità in caso di fusione. In caso di fusione, lo Statuto del nuovo Comune Unico può istituire dei Municipi nei territori delle comunità originarie. Per preservare la rappresentanza iper-locale, lo Statuto può prevedere l’elezione diretta di un Pro-Sindaco (o Presidente) e di un Consiglio del Municipio. Questo replicherebbe fedelmente il legislativo locale dei micro-comuni svizzeri.
Lo Statuto del Comune Unico può assegnare ai Municipi la gestione diretta di servizi di base (es. manutenzione ordinaria delle frazioni, servizi demografici di prossimità, autorizzazioni commerciali locali) e una quota fissa di bilancio. Per garantire il ‘Bicameralismo svizzero’ si può inserire nello Statuto (che richiede una maggioranza qualificata dei 2/3 per essere modificato) l’obbligo di parere vincolante del Municipio interessato per varianti urbanistiche o tasse di sbarco che colpiscono specificamente quel territorio. Infine, passare da sette politiche turistiche frammentate a una gestione unitaria ispirata alla Svizzera cambierebbe radicalmente il posizionamento globale dell’isola nel senso che oggi i sette comuni competono tra loro, frammentando le risorse in micro-campagne promozionali, mentre un unico assessorato al turismo permetterebbe di promuovere il ‘Brand Elba’ nel mondo con budget massicci e un’unica identità visiva, superando il campanilismo. Si passerebbe dal vendere i singoli paesi al vendere l’isola come un’unica grande destinazione dalle mille sfaccettature.
Prendendo spunto dalle recenti strategie di ‘Svizzera Turismo’ per combattere l’’overtourism’, il Comune Unico potrebbe attuare una ridistribuzione spaziale e temporale dei flussi e le risorse della tassa di sbarco centralizzata verrebbero usate per creare sistemi di mobilità integrata (es. navette elettriche uniche per tutta l’isola) e per incentivare il turismo storico nell’entroterra (ad esempio Marciana o Rio) durante la bassa stagione, decongestionando le spiagge in estate. Il rischio di un Comune Unico standard è l’omologazione (ad esempio eventi concentrati solo a Portoferraio), mentre con il modello dei ‘Municipi autonomi’ l’impatto sarebbe opposto. Ogni borgo manterrebbe il proprio budget per l’arredo urbano, i fiori e i mercatini tradizionali. I mercati locali e le feste identitarie (es. la Festa dell’Uva a Capoliveri) verrebbero gestiti direttamente dai Municipi, preservando l’autenticità che i turisti cercano. Inoltre un solo comune ha un peso politico ed economico enormemente superiore nei tavoli con la Regione Toscana e il Ministero per la continuità territoriale (traghetti e voli) e consentirebbe inoltre di attrarre grandi investimenti infrastrutturali (es. depuratori, portualità, piste ciclabili perimetrali), impossibili da finanziare per un singolo micro-comune. Insomma sarebbe una grande isola che, senza perdere alcuna delle sue peculiarità che l’hanno resa così desiderata nel mondo come mèta turistica, saprebbe darsi una struttura tecnico-politica ed organizzativa al passo coi tempi e con una ‘schiaccia briaca’ che non abbia nulla da invidiare all’Emmenthal svizzero. Costruire un solido domani oggi significa davvero avere ‘un grande futuro dietro alle spalle’."
20260829113402,Quotidiano Nazionale,https://www.quotidiano.net/economia/robot-umanoidi-in-fabbrica-contro-inverno-demografico-italia-copia-giappone-lw3fxiss,,,,,,srclc:ita,"Genova, 29 agosto 2026 - Il colosso Mitsubishi, nel Giappone che invecchia e fatica a trovare lavoratori, si prepara a portare in fabbrica robot umanoidi. Questa prospettiva può valere anche per l’Italia, alle prese con l’inverno demografico?
“Assolutamente sì, con il nostro trend l’unica possibilità è l’automazione, in varie forme. La cosa importante è che siano macchine molto flessibili, che possano aiutarci a mantenere una produttività come minimo equivalente a quella attuale”.
Giorgio Metta, ingegnere, è il direttore scientifico dell’IIT, l’Istituto italiano di tecnologia di Genova. Il suo nome è legato a filo doppio al progetto dei robot iCub, grandi come bambini di 3-4 anni, di cui è considerato il padre.
Su quali previsioni lavorate?
“Da qui al 2040 vedremo una diminuzione di lavoratori che si aggira intorno ai 3 milioni e mezzo di unità. Sono persone che vanno in pensione, un numero importante. In Italia ci stiamo attrezzando abbastanza ma non a sufficienza”.
Nel dibattito pubblico non si parla molto di automazione...
“Nei forum sì. Forse manca ancora la coscienza che dobbiamo metterci a fare davvero robotica e intelligenza artificiale. Non basta discuterne”.
Siamo sbarcati nell’era della Psysical Ai, stiamo addestrando i robot che devono imparare i gesti della vita reale, come piegare un asciugamano o affettare un avocado.
“Finora abbiamo digitalizzato cose statiche, abbiamo mandato le auto in giro con le telecamere per registrare le strade, abbiamo fatto una serie di operazioni per portare il mondo fisico dentro al digitale”.
Oggi è arrivato il tempo delle competenze.
“Dobbiamo riuscire a trasferire ai robot queste conoscenze, anche per poterle conservare nel tempo. E sto descrivendo la visione più delicata”.
Non così i video dall’India, migliaia di persone vengono pagate (molto poco) per filmare i gesti quotidiani, con telecamere fissate in testa. E tutto questo servirà per addestrare macchine che prenderanno il loro posto.
“Ci sono ormai tanti database che vengono utilizzati con questa finalità. Registrazioni in prima persona, si chiamano dati egocentrici. Perché il robot ha bisogno di quello: più il dato che raccogliamo è vicino a quello che vedrà la macchina quando ripeterà l’azione e migliore sarà la qualità dell’apprendimento. Posso immaginare che anche in Cina facciano le stesse cose, non solo in India”.
Ma bisogna fare i conti con lo sfruttamento.
“Purtroppo l’intelligenza artificiale di cui disponiamo ha bisogno di tanti dati. Quindi ci troviamo di fronte a persone che passano le giornate a rifare le stesse azioni per poter addestrare i robot. Ovviamente questa è la versione negativa. Poi ne esiste una intermedia”.
In altre parole?
“Possiamo chiedere ai robot di imitare quello che facciamo noi in maniera molto grossolana e poi continuare ad allenarli, aggiustando le azioni in base al criterio di successo di un certo compito”.
I data center però sono molto energivori.
“Si sta lavorando per costruire hardware e software che consumino molto meno. C’è tanto lavoro per i competitor dei colossi americani. Cercano di ottenere performances molto simili con un consumo energetico e computazionale molto più basso, a volte ci riescono”.
Potremmo non poterci permettere il costo.
“Chiaro, spendere così tanto per far funzionare queste macchine potrebbe non essere sostenibile. Anche perché molta dell’intelligenza artificiale che viene usata per generare testo o per scrivere software commette ancora molti errori. Quindi la si utilizza diverse volte per ottenere una soluzione che sia soddisfacente. La stessa azienda che vende quel servizio un giorno per poter guadagnare potrebbe dover applicare prezzi più alti. Non sappiamo quale sarà davvero il ritorno di investimento da questi enormi data center. Tutti ipotizzano un aumento di produttività ma bisogna ancora vedere che sia economicamente vantaggioso”.
Secondo Morgan Stanley Research un robot oggi in un Paese sviluppato costa 200mila euro.
“Quelli cinesi un po’ meno, si possono comprare per qualche decina di migliaia di euro. Siamo più vicini al costo di una piccola automobile. Ma ancora non servono a nulla, di solito sono venduti come oggetto di ricerca”.
A cosa state lavorando come IIT?
“A nuovi robot di materiali soffici come il silicone, perché quelli presenti oggi sul mercato sono piuttosto standard, molto rigidi, di metallo. La cosa importante in questo momento è ipotizzare o comunque realizzare delle macchine che siano molto più human friendly, se ci sbatto contro o ci lavoro insieme non devono essere pericolose”.
Ma se i robot si umanizzano e noi diventiamo sempre più tecnologici non rischiamo di perdere qualcosa di importante?
“In effetti uno studio che risale a un paio d’anni fa ha misurato quanto impariamo e ricordiamo quando facciamo le cose di nostro pugno, vale ad esempio per la scrittura di un testo. Con l’intelligenza artificiale abbiamo i risultati peggiori, pochissima capacità di memorizzare quello che abbiamo scritto, anche se lo abbiamo riletto”.
Quindi la soluzione qual è?
“Bisogna essere molto attenti, dipende se devo imparare a fare una cosa o se devo liberarmi di un compito. Questo è il criterio che uso per capire se usare l’AI”.
Siamo la fatica che facciamo a imparare qualcosa.
“Infatti bisogna sempre mantenere un interesse. Mi va benissimo se mandiamo i robot in miniera o nelle situazioni pericolose o se facciamo fare la produzione alle macchine. In tutto questo non vedo nulla di sbagliato. Ma poi dobbiamo tenere un livello elevato di apprendimento su cose che possono essere di altissima qualità”.
Ma come si governa questo fenomeno? Serve anche un indirizzo etico.
“Chiaro che bisogna ridisegnare un pezzo di sistema sociale. I benefici devono ricadere in maniera trasversale su tutti. Prima o poi la macchina che realizza un certo oggetto riusciamo a costruirla. A quel punto dobbiamo chiederci che cosa diventa il lavoro. Potremmo arrivare a una situazione dove oggettivamente fatichiamo pochissimo e facciamo solo cose belle”.
A togliere l’idillio ci pensa la guerra: la Russia in Ucraina avrebbe appena usato robot assassini. Se dobbiamo tenere tutto insieme, la sintesi finale qual è?
“Ci vuole un grande coraggio umano per affrontare questa sfida. Io non credo nel robot che si ribella. Come l’intelligenza artificiale, fa quello che viene chiesto da noi. Come per tutte le tecnologie, dobbiamo decidere come usarle. Quindi è giusto parlare di etica”.
Che cosa si propone nel suo mandato?
“Il nostro piano strategico prevede un grosso investimento sull’Ai per la scienza. Come IIT abbiamo quattro ‘missioni’: ricerca sui materiali, finalizzata afd esempio a quelli che siano riciclabili e biocompatibili; robot, anche umanoidi; algoritmi in senso matematico e infine biologia, con lo studio del cervello, quindi anche delle malattie del neurosviluppo come il Parkinson e dall’altra parte dell’RNA, come componente delle terapie anticancro”."
