date_str,source,url,themes,locations,persons,organizations,tone,translation_info,full_text
20260711184841,Il Giorno,https://www.ilgiorno.it/politica/fontana-viminale-agenti-fpfban6h,,,,,,srclc:ita,"Il governatore Attilio Fontana contro il Viminale e, dunque, il ministro Piantedosi. Il tema del contendere è la distribuzione dei nuovi organici di polizia sul territorio nazionale e la quota “penalizzante” per la Lombardia, dove arriveranno 180 agenti sui tremila totali, solo il 6% nonostante nella regione, dove si produce il 23% del Pil, viva il 17% della popolazione italiana. ""Non si può fare finta di nulla di fronte a questa sottovalutazione. Questa scelta - ha aggiunto - riflette una logica che non sa leggere il territorio"".
Lo stupore di Fontana
""In termini generali non può che essere visto positivamente il piano di rafforzamento degli organici sui territori annunciato dal Viminale. È il segno di un impegno che condivido – ha premesso Fontana – ma è del tutto chiaro che i dati indicano un'evidente sproporzione fra i territori"".
I numeri a confronto
""Se analizzati attraverso la lente del peso demografico ed economico della Lombardia: con oltre 10 milioni di abitanti, la Lombardia rappresenta circa il 17% della popolazione italiana. Ricevere 180 agenti su 3.000 totali equivale ad appena il 6% della quota distributiva, una percentuale nettamente inferiore alla sua impronta demografica. Vi è poi anche un divario economico: la Lombardia produce circa il 23% del PIL nazionale ed ospita una densità di imprese unica in Italia. La ricchezza prodotta e la concentrazione di asset economici - ha osservato – generano di per sé un volume di transazioni, mobilità e rischi che richiederebbero un presidio proporzionale"". ""Non conosco le logiche ministeriali che sottendono a questa decisione che, certo, risponderanno a motivazioni tecniche, ma non si può fare finta di nulla di fronte a questa sottovalutazione. Politicamente - ha sottolineato Fontana - è un segno ulteriore di sottovalutazione delle necessità del Nord produttivo, della Lombardia, di Milano: l'assegnazione del 6% dei nuovi agenti a una regione che rappresenta il 17% della popolazione e il 23% del PIL appare penalizzante e rischia di non rispondere alle crescenti richieste di sicurezza di un territorio così nevralgico per il Paese"".
L’annuncio di Molteni da Roma
""Si rafforzano e incrementano gli organici di questure e commissariati di polizia in tutta Italia grazie alle oltre 3000 assunzioni di poliziotti che ad agosto entreranno in servizio, secondo quanto stabilito dal piano nazionale di potenziamento, fortemente voluto dal Viminale e dal Governo. In Lombardia ai commissariati di polizia e alle questure verranno assegnati oltre 180 agenti in uscita dal 233º corso allievi. Poliziotti giovani, formati, che andranno a incrementare le attività di controllo del territorio, di contrasto all'immigrazione clandestina e di prevenzione dei fenomeni di allarme sociale come baby gang, maranza, spacciatori e criminalità predatoria"". A dichiararlo, in una nota, era stato Nicola Molteni, sottosegretario al ministero dell'Interno."
20260711170000,La Sicilia,https://www.lasicilia.it/news/cronaca/3057082/primo-weekend-da-bollino-rosso.html,,,,,,srclc:ita,"Viabilità
Primo weekend da bollino rosso
Giarre: lunghe code da Trepunti a viale Sturzo per l'assalto dei pendolari diretti a Riposto e Fondachello. Tra semafori non sincronizzati e sosta selvaggia, pesa la carenza di vigili urbani
Primo fine settimana da “bollino rosso” per via dell’assalto di vacanzieri e pendolari del mare diretti a Riposto e Fondachello. Si riaccendono i riflettori sulle criticità del traffico veicolare, acuite da una vistosa assenza di controlli e dall’imperante fenomeno del parcheggio selvaggio lungo gli assi di riferimento a Giarre con particolari rallentamenti a Trepunti in prossimità della barriera autostradale di via Luminaria.
La situazione più critica si registra lungo il viale Sturzo. Lunghe code chilometriche già ieri mattina nelle ore centrali sulla Statale, nel tratto compreso tra l’abitato di Trepunti e il crocevia di via Settembrini. Disagi e rallentamenti che puntualmente trovano origine già nella rotatoria di Trepunti dove si concentrano i flussi veicolari provenienti anche dai Comuni viciniori.
L’ingresso nord di Santa Maria la Strada, è tra i nodi viari più critici a causa dei flussi che riversano su via Finocchiaro Aprile e corso Messina, dove peraltro si registra una vistosa carenza di segnali. A complicare un quadro già compromesso c’è anche l’inadeguata sincronizzazione dei semafori tra corso Italia e via Duomo e che, purtroppo, a giudicare dalle file, agisce come un gigantesco imbuto, invece di fluidificare la circolazione. Nel tratto tra corso Messina e il piazzale del mercato ortofrutticolo, invece, i rallentamenti sono sistematici già dalle prime ore del mattino.
La situazione tocca il picco di massima allerta in due momenti precisi: alle 11 e alle 17, nell’ora di rientro, quando l'arteria che attraversa l’abitato di Santa Maria la Strada si trasforma nel corridoio di passaggio per il traffico diretto verso il litorale jonico.
Sullo sfondo di uno scenario da bollino rosso emerge la vistosa carenza nella gestione e nel controllo del territorio. Il vero nodo della questione resta l'esiguo organico della polizia locale. A Fondachello, sul lungomare di Fondachello di Mascali, a partire da oggi e nelle domeniche di luglio e agosto con orario 9.30-12.30, entra nel vivo il progetto “Info Point Estivo Fondachello – Servizi di Utilità Pubblica, Sicurezza e Campagna Ecologica”, promosso dal Nucleo Operativo Emergenza Sicilia, in sinergia con l’amministrazione comunale. L’iniziativa nasce per rispondere al considerevole incremento demografico stagionale, che interessa la frazione marinara mascalese durante i mesi estivi, allo scopo di garantire assistenza e sicurezza ai villeggianti."
20260711164654,Insideover,https://it.insideover.com/migrazioni/new-york-little-italy-e-la-mappa-della-discordia-se-per-raccontare-il-presente-la-metropoli-cancella-il-passato.html,,,,,,srclc:ita,"Le mappe servono a orientarsi, ma raccontano anche una storia. Decidere quali quartieri inserire, quali comunità rappresentare e quali nomi valorizzare significa inevitabilmente scegliere quale immagine della città consegnare ai cittadini e al mondo. È per questo che la pubblicazione della nuova mappa ufficiale delle New York City Immigrant Enclaves da parte dell’Office of Immigrant Affairs dell’amministrazione comunale ha innescato una polemica destinata a superare rapidamente i confini di Manhattan.
Tra le trenta enclave etniche indicate figurano Chinatown, Koreatown, Little Bangladesh, Little Yemen, Little Guyana, Little Senegal, Little Ukraine e numerosi altri quartieri simbolo delle migrazioni contemporanee. A mancare, però, è uno dei nomi più iconici della storia dell’immigrazione americana: Little Italy. Sacrilegio.
L’assenza ha provocato la reazione della Italian American Civil Rights League (IACRL), che ha accusato il sindaco Zohran Mamdani di voler “cancellare” gli italoamericani dalla memoria della città, oltre che invocare la lotta contro i comunisti che attenterebbero all’italica memoria. Nel giro di poche ore la vicenda è diventata un nuovo capitolo delle guerre culturali americane, dove perfino una cartina geografica può trasformarsi in terreno di scontro identitario.
La mappa della discordia e la risposta del sindaco
La nuova cartografia dell’Office of Immigrant Affairs nasce con l’obiettivo dichiarato di individuare le principali enclave delle comunità immigrate presenti oggi a New York. Non si tratta di una mappa storica, bensì di uno strumento pensato per rappresentare i quartieri che conservano una forte identità etnica contemporanea e che costituiscono punti di riferimento per residenti, associazioni e servizi pubblici. L’assenza di Little Italy è stata interpretata da molti esponenti della comunità italiana come una rimozione simbolica. La polemica si è ulteriormente intensificata quando la IACRL ha collegato l’episodio al precedente rifiuto, da parte dell’amministrazione comunale, di autorizzare l’edizione 2026 dell’Unity Day, sostenendo l’esistenza di un atteggiamento ostile nei confronti degli italoamericani.
Travolto dalle critiche, Mamdani ha respinto le accuse. Il sindaco ha spiegato che la mappa non era mai stata concepita come un elenco definitivo o esaustivo delle comunità etniche di New York e ha annunciato che Little Italy sarà inserita nei prossimi aggiornamenti. Mamdani ha inoltre ricordato che il progetto trae origine da un’iniziativa sviluppata durante la precedente amministrazione guidata da Eric Adams, pur riconoscendo la necessità di correggere alcune omissioni emerse dopo la pubblicazione. La precisazione non è bastata a spegnere la polemica, ormai diventata il simbolo di un confronto molto più ampio sul rapporto tra memoria storica e trasformazioni demografiche.
Non solo la IACRL: anche le istituzioni italoamericane chiedono una revisione
A differenza di quanto potrebbe apparire osservando il dibattito sui social, la contestazione non riguarda soltanto la Italian American Civil Rights League. Diversi membri dell’Italian Caucus del Consiglio comunale di New York hanno criticato apertamente la scelta dell’amministrazione, definendo la mappa “incompleta nel migliore dei casi e offensiva nel peggiore”. Gli esponenti del caucus hanno chiesto un confronto con storici, urbanisti e rappresentanti della comunità italiana affinché Little Italy venga riconosciuta come parte integrante della storia migratoria della città.
È una presa di posizione significativa perché sposta il dibattito dal terreno dello scontro politico a quello della rappresentazione istituzionale della memoria collettiva. Per molti italoamericani Little Italy non è semplicemente un quartiere turistico costellato di ristoranti e souvenir. È il luogo in cui, tra la fine dell’Ottocento e la prima metà del Novecento, decine di migliaia di immigrati italiani arrivati soprattutto dal Mezzogiorno costruirono reti familiari, imprese, associazioni mutualistiche, chiese cattoliche e attività commerciali che contribuirono in maniera determinante allo sviluppo economico e sociale della città.
Ancora oggi eventi come la Festa di San Gennaro rappresentano una delle manifestazioni popolari più conosciute di New York e continuano ad attirare milioni di visitatori ogni anno, mantenendo vivo un patrimonio culturale che va ben oltre la dimensione turistica.
La lunga ombra della Italian American Civil Rights League
La vicenda ha riportato sotto i riflettori anche la storia della Italian American Civil Rights League, un’organizzazione che continua a suscitare interpretazioni contrastanti. La lega nacque ufficialmente nell’aprile del 1970 per iniziativa di Joseph Colombo, boss dell’omonima famiglia mafiosa di New York. L’obiettivo dichiarato era combattere gli stereotipi che identificavano automaticamente gli italoamericani con la criminalità organizzata e difendere la dignità della comunità italiana negli Stati Uniti.
Molti studiosi della mafia americana, insieme a numerose ricostruzioni giornalistiche e giudiziarie, hanno però evidenziato come l’organizzazione fosse strettamente legata agli interessi della famiglia Colombo. La Lega finì così per svolgere anche una funzione di legittimazione pubblica del boss, organizzando grandi manifestazioni e contestando la rappresentazione della mafia nella stampa, nel cinema e nella televisione.
Dopo il declino seguito all’attentato contro Colombo nel 1971, la lega originaria cessò progressivamente la propria attività. L’organizzazione che oggi utilizza il nome Italian American Civil Rights League è distinta da quella storica, pur richiamandone simboli e finalità di tutela della comunità italoamericana. Questo elemento è essenziale per comprendere il contesto: le rivendicazioni odierne non possono essere automaticamente sovrapposte alla storia della lega fondata negli anni Settanta, ma il passato dell’organizzazione continua inevitabilmente a influenzarne la percezione pubblica.
Little Italy è scomparsa oppure è diventata patrimonio della memoria?
La domanda che attraversa tutta la polemica è in realtà di natura storica prima ancora che politica. Little Italy esiste ancora come enclave immigrata? Dal punto di vista demografico la risposta è complessa.
A partire dagli anni Settanta gran parte della popolazione italoamericana ha progressivamente lasciato Manhattan per trasferirsi a Brooklyn, Staten Island, Queens e nei sobborghi dell’area metropolitana. Parallelamente, Chinatown si è estesa verso Nord e verso Ovest, inglobando progressivamente gran parte dell’antico quartiere italiano.
Oggi la popolazione residente di origine italiana è molto inferiore rispetto al passato e Little Italy svolge soprattutto una funzione culturale, commerciale e memoriale. Restano Mulberry Street, la Festa di San Gennaro, il Museo Italoamericano, alcune attività storiche e una forte valenza simbolica, ma il quartiere non rappresenta più una delle principali concentrazioni residenziali di immigrati italiani.
È proprio questa trasformazione a rendere il dibattito così delicato. Se la mappa comunale intende fotografare esclusivamente la realtà demografica contemporanea, l’esclusione di Little Italy può essere interpretata come coerente con l’evoluzione urbana degli ultimi decenni. Se invece l’obiettivo è raccontare la storia delle migrazioni che hanno costruito New York, allora l’assenza assume inevitabilmente un valore simbolico che molti considerano difficile da giustificare.
Quando la memoria diventa terreno della “culture war” americana
La polemica su Little Italy arriva in un momento in cui negli Stati Uniti la memoria pubblica è diventata uno dei principali campi di battaglia politica. Negli ultimi anni statue confederate, nomi di scuole, programmi scolastici, musei, monumenti e perfino la toponomastica urbana sono stati oggetto di accesi confronti tra chi sostiene la necessità di aggiornare il racconto nazionale e chi teme una progressiva cancellazione del passato.
Anche la vicenda della mappa delle Immigrant Enclaves si inserisce in questa dinamica. Da una parte vi è l’idea che le istituzioni debbano rappresentare la composizione multiculturale della New York di oggi, dando maggiore visibilità alle comunità immigrate più recenti. Dall’altra emerge la convinzione che la storia della città non possa essere raccontata senza riconoscere il ruolo svolto dalle grandi migrazioni europee che tra Otto e Novecento hanno trasformato New York nella metropoli moderna.
La scelta di inserire o meno Little Italy in una mappa ufficiale diventa così molto più di una questione cartografica. Diventa una riflessione su chi abbia il potere di definire la memoria collettiva e su quali comunità meritino di essere ricordate nello spazio pubblico.
Per questo motivo la vicenda difficilmente si chiuderà con un semplice aggiornamento grafico della mappa. La discussione aperta in questi giorni mostra come, nell’America del XXI secolo, anche un quartiere possa trasformarsi nel simbolo di una più ampia competizione tra identità, storia e rappresentazione politica. In fondo, il vero oggetto del contendere non è soltanto Little Italy, ma il modo in cui New York sceglie di raccontare sé stessa: come città delle nuove immigrazioni o come mosaico capace di tenere insieme passato e presente, senza che l’uno cancelli l’altro.
Abbonati e diventa uno di noi
Se l'articolo che hai appena letto ti è piaciuto, domandati: se non l'avessi letto qui, avrei potuto leggerlo altrove? Se pensi che valga la pena di incoraggiarci e sostenerci, fallo ora."
20260711143500,Milano Finanza,https://www.milanofinanza.it/news/cosi-abbiamo-messo-le-pensioni-in-sicurezza-parla-il-direttore-generale-dell-inps-valeria-202607101921211841,,,,,,srclc:ita,"Il rapporto annuale dell’Inps ha celebrato quest’anno un quarto di secolo. Un’analisi che ha raccontato negli anni l’evoluzione dei fenomeni economici e sociali dell’Italia, interpretandone le trasformazioni attraverso le informazioni e i dati custoditi negli archivi dell’Istituto. Il primo dato positivo che balza agli occhi quest’anno è che l’occupazione ha raggiunto nuovi massimi storici: oltre 24 milioni in termini assoluti con un tasso percentuale del 63%. Ma ce n’è subito un altro che frena gli entusiasmi: l’Italia è tra i Paesi europei caratterizzati dal più elevato grado di invecchiamento demografico e i lavoratori hanno già iniziato a rinviare la pensione (da 64,5 anni nel 2024 a 64,7 anni l’anno scorso) perché il sistema contributivo li spinge a restare per aumentare l’assegno. Quanto è sostenibile nel lungo periodo il sistema previdenziale e che impatto avrà l’uso sempre più diffuso dell’intelligenza artificiale su lavoro e pensioni? A rispondere è il direttore generale dell’Inps, Valeria Vittimberga.
Risposta. Che il Paese ha cambiato passo a partire dal 2023, in coerenza con l’impostazione delle politiche del governo: sostenere l’occupazione regolare e stabile, ampliare la partecipazione al lavoro e consolidare la base finanziaria del sistema previdenziale. Nel 2025 i contribuenti all’Inps hanno raggiunto 27,2 milioni, circa 244 mila in più in un anno e 1,7 milioni in più rispetto al 2019, con una crescita particolarmente significativa tra under 34 (+12,4%), donne (+7,8%) e lavoratori extra Ue (+35,5%). I dipendenti sono saliti da 21,79 a 22,45 milioni. I contributi sociali hanno toccato 273,3 miliardi di euro, oltre 10 miliardi in più sull’anno precedente. Rispetto al febbraio 2022, punto più critico post-pandema, si contano oggi 1,66 milioni di dipendenti a tempo indeterminato in più, un effetto diretto delle scelte che negli ultimi anni hanno premiato la stabilizzazione del lavoro.
R. Vanno sottolineati alcuni elementi: come già detto tra il 2019 e il 2025 le donne assicurate all’Inps sono cresciute del 7,8%; la partecipazione delle donne con figli al mercato del lavoro continua comunque a essere condizionata dalla disponibilità e dalla continuità dei servizi di conciliazione. Il Bonus Asilo Nido è istruttivo: il tasso di utilizzo è passato dal 4% del 2017 a oltre il 35% nel 2025 e, per le beneficiarie effettive, si stima un aumento di circa 6 punti percentuali della probabilità di occupazione. Un bonus è efficace quando è stabile, prevedibile e collegato a un’offerta adeguata di servizi. In questa direzione va la scelta del ministero del Lavoro: dal 2026, per volontà del ministro Calderone, la domanda accolta produce effetti negli anni successivi, previa verifica dei requisiti, superando la logica della domanda annuale e rafforzando la capacità delle famiglie di programmare le proprie scelte. Nel 2025 il take-up (il tiraggio, ndr) è di circa il 31% tra le famiglie con Isee inferiore a 25 mila euro e raggiunge il 55% tra 25 e 40 mila, con Sud e Isole fermi al 29% contro il 43% del Centro. Il passo ulteriore, su cui l’Inps è al lavoro con il ministero, è usare i dati dell’Istituto per comunicazioni proattive agli aventi diritto.
R. L’Assegno Unico Universale è un pilastro delle politiche familiari: nel 2025 ha raggiunto circa 6 milioni di nuclei con un tasso di copertura del 94,9%. La conclusione dell’analisi è molto più circoscritta, riguardando un campione selezionato di madri dipendenti con specifiche caratteristiche. Nel confronto tra terzo e secondo quintile Isee emerge una riduzione di 1,15 punti percentuali della probabilità di lavorare, pari a circa il 2% rispetto al tasso iniziale; negli altri confronti gli effetti sono assenti o non significativi. Generalizzare questa evidenza all’intera platea femminile oltrepassa il perimetro della metodologia. Il Bonus Asilo Nido mostra invece per le beneficiarie effettive un aumento di circa 6% della probabilità di occupazione: il sostegno al reddito sostiene la genitorialità, mentre i servizi per l’infanzia rafforzano la partecipazione femminile.
R. Sta cambiando la composizione del lavoro autonomo. Tra il 2022 e il 2025 gli occupati indipendenti Istat sono aumentati del 4% circa, ma si riducono artigiani, commercianti e coltivatori diretti, mentre crescono collaboratori e professionisti della Gestione Separata: un’evoluzione sempre più orientata verso attività professionali e digitali, che richiede tutele adeguate contro redditi variabili e discontinuità contributiva.
R. Il dato dei 27,2 milioni di assicurati conferma un cambio di passo nella qualità del lavoro creato dalle politiche degli ultimi anni: rispetto al picco del precariato di febbraio 2022, oggi contiamo 1,66 milioni di dipendenti permanenti in più e la quota di temporanei sul totale è scesa dal 17 al 13% circa. Restano fragilità, soprattutto nel Mezzogiorno e tra i giovani, ma è proprio su queste aree che si concentra ora l’azione del governo. Tra il 2019 e il 2025 la retribuzione lorda mediana è aumentata del 10,8% e quella netta del 19,2, quasi il doppio: il rapporto stima che quasi la metà di questa crescita è attribuibile direttamente agli interventi fiscali succedutisi nel periodo, una misura dell’efficacia concreta delle scelte dell’esecutivo sul reddito disponibile delle famiglie.
R. La base finanziaria è oggi robusta: nel 2025 i contributi sociali hanno raggiunto come detto 273,3 miliardi. I pensionati sono circa 16,4 milioni e il reddito pensionistico lordo erogato è salito da 347 a 371 miliardi tra 2023 e 2025. La solidità corrente va però accompagnata da una lettura prudente del lungo periodo: nel 2025 il reddito pensionistico medio degli uomini supera del 34% quello delle donne, e con il sistema contributivo le interruzioni di carriera si riflettono più direttamente sull’assegno futuro. La risposta deve iniziare molto prima del pensionamento: proiezioni personalizzate comprensibili, evidenza tempestiva dei periodi scoperti, simulazioni dell’effetto delle diverse scelte lavorative e un’educazione previdenziale che raggiunga scuole, università e luoghi di lavoro. La previdenza complementare, avviata fin dai primi anni di attività, può rafforzare il reddito pensionistico grazie al tempo di accumulo. La sua efficacia cresce insieme alla regolarità del lavoro, all’adeguatezza delle retribuzioni e alla continuità dei versamenti.
R. Sono due facce della stessa transizione. L’invecchiamento della popolazione impone all’Istituto di anticipare i bisogni, ed è possibile solo con un’infrastruttura digitale capace di aggregare informazioni oggi disperse tra amministrazioni diverse. Il Portale Inps per i Giovani ha registrato 3 milioni di visite nel 2025, con un tasso di conversione del 20%; il Portale della Famiglia e della Genitorialità, che riunisce oltre 40 prestazioni Inps e circa 300 servizi di altre pubbliche amministrazioni, ha superato 332 mila accessi a marzo 2026. La trasformazione digitale produce valore pubblico quando riduce il mancato accesso ai diritti.
R. Il rapporto non offre ancora una misurazione causale dell’impatto dell’AI sull’occupazione. Il patrimonio informativo dell’Istituto può però diventare decisivo per un’osservazione longitudinale che colleghi l’esposizione dei settori alle nuove tecnologie con transizioni professionali, retribuzioni e ricollocazione. La priorità è una metodologia trasparente e indicatori periodici pubblici.
R. Il rapporto censisce 59 sistemi di AI già sviluppati o in uso. Tra gennaio e settembre 2025 il sistema di analisi delle motivazioni di contatto ha gestito 3,4 milioni di richieste, analizzandone automaticamente il 97,1%. L’AI può ridurre le attività ripetitive e migliorare la comprensibilità dei servizi. La sua efficacia va però misurata anche sugli esiti per i cittadini: per i sistemi che incidono sui diritti servono revisione umana, tracciabilità, protezione dei dati e una chiara possibilità di tutela.(riproduzione riservata)"
20260711114700,Lettera43,https://www.lettera43.it/costo-infertilita-investimenti-ritorni-solito-ritardo-italiano/,,,,,,srclc:ita,"Per anni la procreazione medicalmente assistita (Pma) è stata raccontata come una questione etica, sanitaria o individuale. Meno si è parlato del suo impatto economico. Eppure, l’infertilità ha un costo che va ben oltre quello sostenuto dalle persone: pesa sul Servizio sanitario nazionale, alimenta la mobilità sanitaria e il turismo procreativo, si intreccia con il calo delle nascite e, in ultima analisi, con la sostenibilità economica del Paese.
L’infertilità riguarda circa una persona su sei nel mondo
Secondo il registro nazionale della Pma dell’Istituto superiore di sanità, nel 2023 sono state trattate in Italia 89.870 coppie e, grazie alla procreazione medicalmente assistita, sono nati 17.235 bambini, pari al 4,5 per cento delle nascite. Numeri in crescita, mentre quello totale dei nuovi nati continua a diminuire. E non si tratta di un tema solo italiano: l’Organizzazione mondiale della sanità (Oms) stima che l’infertilità riguardi circa una persona su sei nel mondo, rendendola una questione di salute pubblica prima ancora che un problema individuale.
Il conto pagato dalle coppie, con forti differenze territoriali
Per chi affronta un percorso di Pma il costo è in larga parte privato. Prima dell’ingresso della fecondazione assistita nei Livelli essenziali di assistenza (Lea), molte coppie sostenevano integralmente le spese, spesso ricorrendo al settore privato o spostandosi in altre regioni o all’estero. Anche oggi, però, nonostante l’inserimento nei Lea rappresenti una svolta importante, rimangono forti differenze territoriali: in diverse aree del Paese i centri pubblici sono ancora insufficienti, le liste d’attesa lunghe e la mobilità sanitaria resta elevata.
Il costo di un percorso non si limita alla procedura medica: farmaci, viaggi, trasferte (anche all’estero) possono trasformare il desiderio di avere un figlio in un investimento da migliaia o decine di migliaia di euro. A queste cifre si aggiungono quelle più difficili da quantificare: il tempo sottratto al lavoro, gli spostamenti continui verso i centri specializzati e, non di rado, la necessità di rinviare o modificare progetti di vita e professionali.
Quanto costa allo Stato? Cosa dice lo studio italiano
Se il costo per le coppie è evidente, meno intuitivo è quello sostenuto dal sistema pubblico. Negli ultimi anni il dibattito si è concentrato soprattutto su quanto costi finanziare la Pma, più raramente ci si è chiesti quanto costi, invece, non finanziarla. In questo cambio di prospettiva si inserisce uno studio italiano pubblicato nel 2025 sulla rivista Health Economics Review, che, per la prima volta, prova a misurare non soltanto la spesa sostenuta dal Servizio sanitario nazionale, ma anche il vantaggio economico che le nascite ottenute grazie alla Pma possono generare nel lungo periodo.
La Pma come investimento che garantisce un ritorno fiscale positivo
Matteo Scortichini, statistico alla facoltà di Economia dell’Università di Roma Tor Vergata, e tra gli autori della ricerca, spiega a Lettera43: «La Pma non dovrebbe essere valutata esclusivamente come una prestazione sanitaria che genera costi immediati. Nel nostro lavoro abbiamo stimato che, a fronte di una spesa sanitaria rilevante, le nascite ottenute tramite Pma possono generare nel corso della vita un ritorno fiscale positivo per lo Stato, attraverso contributi, imposte e partecipazione futura al mercato del lavoro».
L’analisi ha preso in esame oltre 33 mila donne sottoposte a trattamenti di Pma e ha stimato una spesa sanitaria complessiva di circa 337 milioni di euro. A fronte di circa 16.300 bambini nati vivi, il beneficio fiscale netto nell’arco della loro vita sarebbe pari a circa 3,3 miliardi di euro.
Naturalmente, avverte Scortichini, questo non significa che la fecondazione assistita possa invertire da sola il declino demografico italiano. «Non può risolvere il problema né sostituire politiche più ampie per la natalità, il lavoro femminile e la conciliazione famiglia-lavoro. Ma, se inserita in una strategia pubblica, può essere letta come investimento sociale ed economico, non soltanto come costo sanitario».
In Francia il tema della fertilità da anni è parte integrante del welfare
Il confronto europeo dimostra come la fertilità possa essere affrontata come una leva di politica sociale ed economica. La Francia, per esempio, da alcuni anni ha iniziato a considerare la procreazione medicalmente assistita parte integrante del suo sistema di welfare, tant’è che la legge di bioetica del 2021 ha esteso l’accesso alla Pma anche alle donne single e alle coppie di donne.
In Italia, invece, l’accesso resta limitato alle sole coppie eterosessuali e, per superare questa disparità, l’Associazione Luca Coscioni ha lanciato la proposta di legge di iniziativa popolare “Pma per tutte”, per portare la riforma in parlamento.
La Spagna è il principale polo europeo della medicina della riproduzione
Diverso è il caso della Spagna, che oltre ad avere una normativa tra le più avanzate d’Europa, è diventata il principale polo continentale della medicina della riproduzione. Ogni anno migliaia di pazienti stranieri scelgono le cliniche spagnole per la maggiore disponibilità di donatrici di ovociti, i tempi d’attesa più contenuti e l’elevata specializzazione dei centri.
Intorno alla Pma si è così sviluppato un ecosistema economico che comprende ricerca, laboratori, strutture sanitarie, turismo medico, servizi alberghieri e di interpretariato. Un settore ad alto valore aggiunto che genera occupazione e attrae investimenti, trasformando la fertilità anche in un asset economico.
Al contrario, da noi il ritardo culturale e organizzativo sulla donazione di gameti continua a pesare: la fecondazione eterologa era vietata dalla Legge 40, ma è stata resa legale nel 2014 dalla Corte costituzionale. Il sistema nazionale della donazione, però, non è mai decollato e quasi tutti i gameti utilizzati dai centri italiani di Pma provengono ancora da banche estere, soprattutto spagnole (il 98,9 per cento degli ovociti donati, secondo l’ultima relazione del ministero della Salute).
Significa che l’Italia – anche attraverso il nostro Ssn – è costretta ad acquistare materiale biologico all’estero, finendo per alimentare un mercato sviluppato oltreconfine. Non è un caso che tra le proposte dell’Associazione Luca Coscioni ci sia anche quella di introdurre un congruo rimborso delle spese per le donatrici di gameti, sul modello di altri Paesi europei.
Investire prima: cos’è il social freezing
Un’altra strada che alcune Regioni stanno già percorrendo è quella della preservazione della fertilità, per provare a ridurre (almeno in parte) il ricorso alla Pma in età più avanzata. Il cosiddetto social freezing – la crioconservazione degli ovociti per motivi non medici – consente infatti alle donne di preservare la fertilità “congelandola” a quando la capacità riproduttiva è più elevata e rimandando l’eventuale gravidanza a un momento successivo.
La Regione Puglia, nel 2025, è stata la prima in Italia a introdurre un contributo fino a 3 mila euro per il social freezing destinato alle donne tra i 27 e i 37 anni con Isee non superiore a 30 mila euro, mentre iniziative analoghe sono al vaglio o in discussione in altre Regioni, dal Veneto alla Sicilia, dalla Toscana alla Basilicata. L’obiettivo non è incentivare una maternità tardiva né presentare la crioconservazione degli ovociti come garanzia di gravidanza futura, ma offrire uno strumento in più in un Paese in cui l’età media al primo figlio continua ad aumentare.
Anche sotto il profilo economico la logica è quella della prevenzione: preservare la fertilità quando le probabilità di successo sono maggiori potrebbe ridurre in futuro il ricorso a trattamenti più complessi, costosi e meno efficaci. È la stessa conclusione a cui è arrivato anche lo studio sopracitato, firmato da Andrea Marcellusi, Matteo Scortichini, Giulio Guarnotta, Mark Connolly e Andrea Busnelli, e che ha individuato proprio nell’accesso più precoce ai trattamenti uno degli elementi in grado di massimizzare i benefici sanitari ed economici della Pma."
20260711110409,Quotidiano Nazionale,https://www.quotidiano.net/economia/la-casa-per-fare-figli-48d98924,,,,,,srclc:ita,"Roma, 11 luglio 2026 – In Italia il percorso verso la genitorialità passa ancora, molto spesso, dalla casa. Non solo dal lavoro, dal reddito, dalla stabilità di coppia o dai servizi per l’infanzia. Prima di avere un figlio molte coppie cercano un’abitazione stabile, possibilmente di proprietà, considerata ancora una garanzia di sicurezza economica e familiare. È questo il nodo messo in luce da Alessandro Gallo e Daniele Vignoli in uno studio del 2025 dedicato al rapporto tra spese abitative e nascite in Italia, pubblicato nei giorni scorsi su Neodemos, il portale dedicato alla demografia. Il tema è centrale perché negli ultimi anni il dibattito sulla denatalità si è concentrato soprattutto su precarietà del lavoro, salari bassi, costo dei figli e carenza di servizi. Molto meno si è discusso della casa, nonostante l’abitazione sia una delle condizioni materiali più importanti nella costruzione di una famiglia. In un Paese dove circa il 74% delle famiglie vive in una casa di proprietà e dove il mercato degli affitti resta spesso poco attrattivo, costoso o instabile, l’accesso all’abitazione diventa una soglia decisiva. Se quella soglia si alza, anche la scelta di avere figli tende a spostarsi in avanti.
Lo studio di Gallo e Vignoli
Gallo e Vignoli analizzano il tema utilizzando il panel biennale dell’Indagine sui Bilanci delle Famiglie Italiane della Banca d’Italia, osservando il periodo 1998-2016. Lo studio considera circa 6.300 coppie eterosessuali, con uomini tra 18 e 54 anni e donne tra 18 e 45 anni. Le nascite vengono individuate guardando alla variazione della composizione familiare tra una rilevazione e la successiva: se nel biennio compare un nuovo componente con meno di due anni, viene registrata una nascita. L’elemento innovativo dello studio è l’attenzione alle spese per l’abitazione. Non si guarda soltanto al fatto che una coppia sia proprietaria o in affitto, né al prezzo degli immobili. Si considera invece quanto la casa pesa concretamente sul reddito familiare: rate del mutuo, affitto, eventuali ritardi nei pagamenti, bollette, manutenzioni straordinarie. Da qui la distinzione tra famiglie con spese abitative alte e famiglie con spese basse o moderate.
Il dato controintuitivo
L’ipotesi più immediata sarebbe questa: più la casa costa, meno risorse restano per un figlio. Dunque, spese abitative elevate dovrebbero ridurre la propensione alla natalità. I risultati, però, raccontano una storia più complessa. Le famiglie che sostengono spese elevate per l’abitazione hanno una probabilità più alta di avere un figlio nel biennio successivo: 15,1%, a fronte di una probabilità media di base pari all’8,9%. Il punto non è che spendere di più per la casa faccia nascere più figli. La lettura più convincente è un’altra: molte coppie aumentano l’investimento abitativo proprio in previsione dell’arrivo di un figlio. L’acquisto della casa, un mutuo più impegnativo o lavori di ristrutturazione possono essere passaggi preparatori alla genitorialità. La casa non è solo un bene patrimoniale: diventa lo spazio in cui rendere possibile il progetto familiare.
Proprietari e affittuari: la differenza decisiva
La vera frattura emerge quando si distinguono proprietari e affittuari. Tra le coppie con alte spese abitative, i proprietari hanno una probabilità di avere un figlio nel biennio successivo intorno al 17,5%, mentre gli affittuari si fermano al 9%. Tra le coppie con spese abitative basse o moderate, invece, la differenza tra proprietari e affittuari sostanzialmente scompare. È qui che si vede la specificità italiana. Il problema non è soltanto avere una casa, ma avere una casa percepita come stabile, sicura, familiare. La proprietà continua a rappresentare per molte coppie una condizione di protezione: non garantisce automaticamente la scelta di avere figli, ma la rende più praticabile. L’affitto, invece, soprattutto se costoso o precario, non produce la stessa sicurezza. In un mercato poco dinamico e poco protettivo per gli inquilini, può diventare una condizione di attesa, non di progetto.
Una possibilità per chi ha risorse
Lo studio mostra però anche un limite sociale molto rilevante: l’associazione positiva tra alte spese abitative e nascite riguarda soprattutto le famiglie con un patrimonio adeguato. In altri termini, investire nella casa prima di avere un figlio è possibile soprattutto per chi può permetterselo. Chi dispone di risparmi, aiuti familiari o redditi più solidi riesce a sostenere insieme il costo dell’abitazione e quello della genitorialità. Per molte giovani coppie il percorso è invece bloccato all’origine. Senza patrimonio, con salari bassi, contratti instabili e mutui più selettivi, comprare casa diventa sempre più difficile. E se la casa continua a essere vissuta come prerequisito per avere figli, allora anche la natalità viene rinviata. Il risultato è una nuova forma di disuguaglianza: non solo tra chi può comprare e chi non può comprare, ma tra chi può trasformare il desiderio di famiglia in realtà e chi deve rimandarlo.
Il nodo politico
Le implicazioni sono evidenti. Se in Italia il progetto di genitorialità continua spesso a passare dalla proprietà della casa, le politiche abitative non possono restare fuori dalle politiche per la natalità. Bonus e assegni alle famiglie possono aiutare, ma rischiano di incidere poco se le coppie non riescono prima a costruire una base abitativa stabile. Facilitare l’accesso alla casa significa agire su più fronti: mutui più accessibili per i giovani, garanzie pubbliche efficaci, sostegno agli affitti di lungo periodo, maggiore offerta abitativa a prezzi sostenibili, recupero del patrimonio inutilizzato, politiche urbane che non espellano le giovani famiglie dai centri e dai luoghi di lavoro. Serve anche un mercato dell’affitto più moderno, capace di offrire stabilità senza costringere necessariamente all’acquisto.
Denatalità, non solo colpa del precariato
Il messaggio dello studio di Alessandro Gallo e Daniele Vignoli è chiaro: la denatalità italiana non si spiega solo con il lavoro precario o con il costo diretto dei figli. Si spiega anche con la difficoltà di mettere insieme le condizioni materiali che rendono credibile un progetto familiare. La casa è una di queste condizioni. In Italia, diventare genitori resta spesso legato all’idea di avere prima un’abitazione sicura, preferibilmente di proprietà. Ma se questa tappa diventa sempre più selettiva, anche la natalità diventa più diseguale. Per questo parlare di figli significa parlare anche di mutui, affitti, patrimoni familiari, città, periferie e accessibilità abitativa. Il futuro demografico del Paese non si decide soltanto nei reparti maternità o nelle leggi di bilancio. Si decide anche sulla soglia di casa."
20260711093315,Tgcom24,https://www.tgcom24.mediaset.it/mondo/mamdani-little-italy-mappa-new-york_114293895-202602k.shtml,,,,,,srclc:ita,"Usa, Mamdani fa marcia indietro: Little Italy torna sulla mappa di New York
Dopo le dure proteste della comunità italoamericana, il sindaco della Grande Mela annuncia la correzione e il reinserimento dello storico quartiere
© Italy Photo Press
Alla fine è arrivato il passo indietro. Il sindaco di New York, Zohran Mamdani, ha annunciato che Little Italy tornerà a comparire nella mappa delle comunità immigrate della città dopo le polemiche esplose nelle ultime ore per la sua esclusione. Il primo cittadino della Grande Mela ha spiegato che la cartina era stata realizzata nel 2023 dalla precedente amministrazione e successivamente ereditata dall'attuale governo cittadino. ""Non è una lista completa delle oltre 200 comunità che chiamano New York casa"" ha chiarito Mamdani, assicurando che il progetto sarà aggiornato e che tra le modifiche previste ci sarà anche il reinserimento dello storico quartiere italiano.
La protesta degli italoamericani
L'assenza di Little Italy dalla serie di illustrazioni dedicate alle enclave di immigrati aveva provocato una dura reazione da parte delle associazioni italoamericane, che hanno interpretato la scelta come una cancellazione simbolica della loro storia. In prima linea si è schierata la Italian American Civil Rights League, che ha definito l'esclusione offensiva e ha accusato l'amministrazione di ignorare uno dei luoghi più rappresentativi dell'immigrazione italiana negli Stati Uniti. Alla protesta si sono uniti anche alcuni esponenti politici locali e il caucus italoamericano del Consiglio comunale, secondo cui lasciare fuori Little Italy significa sminuire il contributo dato dagli italiani alla costruzione della città.
La replica del Comune: ""Non volevamo cancellare nessuno""
Dalla New York City Hall è arrivata una difesa immediata. L'amministrazione ha precisato che il progetto non rappresenta una mappa completa di tutte le comunità etniche della metropoli, ma una raccolta di illustrazioni dedicata soprattutto ai quartieri che ancora oggi ospitano una consistente popolazione nata all'estero. Lo stesso criterio ha portato all'esclusione anche di quartieri storicamente legati alle comunità ebraiche e irlandesi. Secondo il Comune, quindi, non si è trattato di una scelta contro gli italoamericani, bensì di un progetto non esaustivo destinato ad ampliarsi nel tempo. Una spiegazione che, però, non è bastata a placare le critiche, fino all'annuncio della correzione da parte dello stesso Mamdani.
Perché Little Italy resta un simbolo?
Dal punto di vista demografico, la storica Little Italy non è più quella di un tempo. Nato nella seconda metà dell'Ottocento nel Lower Manhattan, il quartiere fu il principale punto di approdo per migliaia di immigrati italiani, soprattutto provenienti dal Sud, tra la fine del XIX secolo e i primi decenni del Novecento. Intorno a Mulberry Street sorsero negozi, panifici, banche, associazioni, chiese e giornali in lingua italiana. Nel periodo di massimo sviluppo vi abitavano quasi 10mila italiani e gran parte dei residenti aveva origini italiane. Con il miglioramento delle condizioni economiche nel Secondo Dopoguerra, molte famiglie lasciarono Manhattan per trasferirsi a Brooklyn, Staten Island, nel Bronx, nel Queens e nei sobborghi. Parallelamente Chinatown si espanse inglobando progressivamente gran parte dell'antico quartiere. Oggi Little Italy occupa soltanto pochi isolati, ma continua a essere un luogo altamente simbolico grazie ai suoi ristoranti storici, all'Italian American Museum e soprattutto alla tradizionale Festa di San Gennaro, che ogni anno richiama migliaia di visitatori.
Un simbolo più forte dei numeri
Le statistiche raccontano che la presenza italiana residente nel quartiere è ormai ridotta a una minima percentuale. La comunità italoamericana, però, continua a essere una delle più numerose di New York, con centinaia di migliaia di cittadini di origine italiana distribuiti nei cinque distretti della metropoli. È proprio questa distinzione tra realtà demografica e valore storico ad aver alimentato la polemica. Se oggi Little Italy non rappresenta più il cuore geografico dell'emigrazione italiana, continua infatti a incarnarne la memoria collettiva."
20260711075258,Corriere,https://corrieredibologna.corriere.it/notizie/politica/26_luglio_11/l-emilia-romagna-contro-l-inverno-demografico-trattenere-talenti-e-formare-i-migranti-gia-nei-loro-paesi-0394e0f0-b6d5-4ec4-bb52-e30d5820axlk.shtml,,,,,,srclc:ita,"L'Emilia-Romagna contro l'inverno demografico: «Trattenere talenti e formare i migranti già nei loro Paesi»
L'assessore Vincenzo Colla sulle prospettive preoccupanti dei prossimi 20 anni tracciata dal report della Regione: «La tenuta economica e sociale dipende dalla necessità di non perdere teste e intelligenza manuale per trasformare e realizzare prodotti che solo noi nel mondo sappiamo fare»
Vincenzo Colla, vicepresidente della Regione, il quadro tracciato dal vostro ufficio statistica per i prossimi venti anni delinea la prospettiva di un inverno demografico per l’Emilia-Romagna, con gli over 64 che passeranno dagli attuali 1,1 milioni a quasi 1,4 milioni. Come si affronta un cambiamento del genere?
«Il tema demografico è ormai fondamentale nelle realtà più evolute del mondo, è un problema di tutta l’Europa. Che l’età e la speranza di vita aumentino è un fatto positivo, ma il problema resta. La tenuta economica e sociale, per un Paese trasformatore come il nostro che deve prendere dagli altri energia e materie prime a costi sempre più alti, dipende dalla necessità di non perdere teste e intelligenza manuale per trasformare e realizzare prodotti che solo noi nel mondo sappiamo fare. Una comunità non può reggere se per ogni pensionato c’è un lavoratore. Sulla demografia anche la Ue sta lavorando, penso che anche il governo nazionale debba fare di più».
E la Regione Emilia-Romagna come sta rispondendo invece?
«Noi abbiamo fatto una legge apposta per attrarre e trattenere talenti, perché se le teste superano le frontiere, mettono su famiglia dove arrivano e non tornano questo è un problema serio. Abbiamo bisogno di fare rientrare i talenti e trattenerli, qualche risultato sta arrivando. Ma chi rientra, oltre che un lavoro stabile e stipendi dignitosi, deve affrontare il grosso problema della casa. Il tema delle politiche abitative, per gli studenti come per i lavoratori, sta diventando un fatto di politica industriale».    
Qualche segnale sta arrivando: il Comune di Bologna metterà un milione di euro all’anno per il welfare studentesco degli universitari, a partire proprio dalla questione casa. Però resta sempre l’impressione che siano gocce nel mare delle necessità in Emilia-Romagna.
«Non è vero che in questa regione non sta succedendo nulla sul terreno dell’abitare. L’impegno di Comune e Ateneo è un esempio, ma anche quello  che noi abbiamo messo in campo è il più grande piano di investimenti fatto finora: 300 milioni di euro per un piano casa, contro i 900 del governo a livello nazionale, dà un’idea delle dimensioni. Ma se vuoi far rientrare e trattenere qui i giovani talenti devi anche permettergli di acquistare una casa o affittarla a prezzi sostenibili. Ma se siamo a demografia piatta, anche se messi meglio di altre regioni, dobbiamo porci anche il tema di utilizzare molto di più la tecnologia di processo e di prodotto. Inevitabilmente ci sono da fare forti investimenti di automazione e di processo se vogliamo dare una risposta di tenuta al nostro sistema economico».
E poi ci sono i movimenti migratori: senza, si stima che da qui al 2045 la popolazione possa addirittura calare del 14%.
«Qui è bene che ci diciamo la verità: la politica discute dei temi di immigrazione tra buonismo e militarismo, due modelli comunque assurdi. Integrare è una delle cose più difficili, ma non si può accettare una popolazione che diminuisce mentre l’età continua ad alzarsi perché a quel punto diventa anche un problema di consumi e se crollano non reggerebbe nemmeno il sistema delle protezioni sociali che abbiamo oggi. Il tema del come siamo in grado di integrare è centrale. Noi stiamo mettendo in campo delle operazioni con i salesiani, Cna, Legacoop per fare formazione che stanno funzionando».
Per esempio?
«Al Cairo la Fondazione Adriano Olivetti, tramite i salesiani e con il sostegno della Regione, sta portando avanti un’operazione di specializzazione per profili metalmeccanici che include anche un focus su diritti e doveri un volta in Italia, sulle possibilità che offriamo. Allo stesso modo sta accadendo in Etiopia. Non è che andiamo a “rubare” dei ragazzi là, ma gli andiamo a spiegare che nel nostro Paese, adeguatamente formati, possono avere un lavoro dignitoso e una sistemazione. Anche gli imprenditori hanno capito che bisogna realizzare foresterie per trattenere qui i lavoratori. Il tema dell’integrazione sarà sempre più fondamentale, come quello della qualità del lavoro. Con una disoccupazione al 4%, migliore della media europea, dobbiamo preoccuparci di allargare il numero di persone che sono al lavoro e fare entrare nel mondo del lavoro sempre più donne: oggi siamo al 70%, ma si può crescere ancora ed è la strada da percorrere»."
20260711065807,Il Fatto Quotidiano,https://www.ilfattoquotidiano.it/2026/07/11/ai-giovani-mancano-casa-e-reddito-per-creare-una-famiglia-oggi-poveri-e-ricchi-fanno-piu-figli-della-classe-media-che-e-schiacciata/8445207/,,,,,,srclc:ita,"“Ai giovani mancano casa e reddito per creare una famiglia. Oggi poveri e ricchi fanno più figli della classe media, che è schiacciata”
“I giovani non fanno più figli e non sono interessati alla famiglia? In verità i dati del Rapporto presentato in occasione della prossima Giornata mondiale della popolazione, il cui tema quest’anno è “Realizzare le speranze e le aspirazione dei giovani – oggi e per il futuro”, dicono una cosa diversa. Al netto delle differenze legate alla mentalità e alle norme sociali dei vari paesi, quello che emerge con forza è che non esiste in alcun modo un rifiuto di stare in coppia e avere figli”. La demografa Letizia Mencarini, docente presso l’Università Bocconi di Milano, commenta il nuovo Rapporto dell’UNFPA (United Nations Population Fund, Fondo delle Nazioni Unite per la popolazione), sul futuro demografico in 73 paesi, dal titolo: “Scelte, Vite e futuri: Cosa vogliono i giovani e cosa influenza le loro decisioni sulle relazioni e la genitorialità”. All’indagine hanno partecipato oltre 108mila persone tra i 18 e i 39 anni, italiani compresi.
Cosa emerge da questo lavoro?
Questa ricerca – coordinata per la parte scientifica e per il questionario dal demografo Bocconi Arnstein Aassve e da un gruppo di lavoro di cui faccio parte – evidenzia come i giovani non stiano voltando le spalle alla famiglia privilegiando carriera e indipendenza. Più semplicemente, e drammaticamente, non riescono ad avere quelli che considerano dei prerequisiti per formare una famiglia. E questi prerequisiti sono incredibilmente simili fra paesi: l’accesso alla casa e ad un reddito stabile. Le politiche dovrebbero agire su questo”.
Partiamo però dalla Giornata Mondiale della popolazione, che si celebra l’11 luglio.
Nasce nel 1989, dopo che nel 1987 c’era stata la celebrazione dei 5 miliardi di persone sulla terra. Oggi siamo oltre gli otto miliardi, arriveremo già a quasi 10 miliardi nel 2050 e un po’oltre per la fine del secolo, ma la preoccupazione per l’aumento della popolazione è molto più bassa che in passato.
Come mai la popolazione continua ad aumentare?
La popolazione aumenterà per qualche decennio non solo perché il numero medio di figli per donna nel mondo è ancora leggermente più alto del livello di sostituzione, più di due figli per donna, ma anche per l’effetto inerziale della più alta fecondità passata. Ma ovviamente si tratta di un effetto medio.
In che senso?
Se andiamo a distinguere, vediamo un mondo diversissimo rispetto ai livelli di fecondità, perché nello stesso pianeta abbiamo la Corea del Sud, Singapore, Taiwan, Hong Kong e anche la Cina che hanno meno di un figlio per donna in media mentre nei paesi dell’Africa sub-Sahariana, come la Repubblica del Congo e il Niger, se ne fanno ancora oltre cinque o sei figli.
Eppure la cosa che più si teme oggi è la denatalità.
Sì, non ci si preoccupa tanto dell’aumento della popolazione, con la relativa pressione ambientale di un mondo che comunque probabilmente arriverà a dieci miliardi, ma il fatto che in sempre più aree del mondo, anche in paesi insospettabili fino a qualche anno fa come la Thailandia o i paesi dell’America Latina, la fecondità sta calando vertiginosamente, con conseguente futuro di invecchiamento come abbiamo adesso in Europa.
Tornando al Rapporto, cosa ci dice più in dettaglio?
Che le giovani donne, più che i loro coetanei maschi, finché non hanno una posizione lavorativa stabile non intendono avere figli per il timore che ricada tutto su di loro. Questo ci dice che le politiche che bisognerebbe fare per contrastare la denatalità dovrebbero agire prima della formazione della famiglia. Per le giovani ancora senza figli i sussidi per chi ha figli, come micro bonus, non cambiano la situazione, perché non rappresentano alcun incentivo ad avere bambini. Per realizzare i desideri di fecondità – che ad esempio in Italia continuano ad essere vicino ai due figli in media– bisogna avere uno standard di vita decente, avere delle sicurezze lavorative, avere un reddito. Non è proprio ciò che facciamo noi con i nostri giovani.
Può spiegare meglio?
Molto semplice: i giovani – in Italia di più che altrove – vengono pagati poco e faticano a trovare stabilità lavorativa, tanto che molti dei più istruiti se ne vanno a lavorare all’estero. Se questa discrasia non viene sanata la fecondità sarà sempre più bassa. Ovviamente questa tendenza riguarda tutti i paesi, anche quelli più ricchi dove i figli si sono sempre fatti, come in Francia e nei paesi Scandinavi. Ma l’Italia, insieme a Corea e Giappone, è il paese dove maggiore è la distanza tra il numero di figli realizzati e il numero di figli voluti.
Questioni preoccupanti come la crisi climatica, le guerre, le pandemie contribuiscono al calo demografico?
Quello che si può dire è che il punto di vista è sempre più globale e meno locale, quindi ciò che accade nel mondo ha sempre più importanza. Noi stiamo per pubblicare un paper proprio sulle decisioni di genitorialità in tempi di incertezza su una importante rivista statunitense – PNAS dell’Accademia Nazionale delle Scienze Americana – dove dimostriamo che le decisioni riproduttive sono plasmate anche da quanto le persone si sentano sicure riguardo al futuro delle loro società. Cambiamento climatico, crisi economica, instabilità democratica e i conflitti geopolitici influenzano in modo significativo le intenzioni di fecondità allo stesso livello delle condizioni familiari e dell’offerta di servizi per l’infanzia. Per dirla con una battuta, l’instabilità trumpiana probabilmente ci può costare molto in termini di termini di fecondità. Ma c’è un’altra tendenza molto preoccupante.
Quale?
In alcuni Paesi sta emergendo con forza da dati recenti una curva ad U della fecondità rispetto al reddito, cioè fanno più figli le persone più povere, e poi, soprattutto, i ricchi. Chi rimane schiacciato è soprattutto la classe media, sempre più controllata rispetto al fare figli proprio per le questioni che dicevamo. Comunque nel Rapporto, in conclusione, il dato più interessante, e anche inaspettato, è che i giovani sono in difficoltà nella loro transizione allo stato adulto in ogni parte del mondo. E quindi è a loro che occorre rivolgersi, investendo sulla loro istruzione e sulla loro sicurezza, dando loro le (pre)condizioni per creare una famiglia – sostegno al salario e accesso alla casa – visto che sembrano ancora desiderarlo."
20260711063800,Bergamonews,https://www.bergamonews.it/2026/07/11/linvecchiamento-demografico-accelerato-la-variabile-macro-silenziosa-che-sta-riscrivendo-le-regole-per-azioni-e-obbligazioni/908459/,,,,,,srclc:ita,"L’invecchiamento demografico accelerato: la variabile macro silenziosa che sta riscrivendo le regole per azioni e obbligazioni
L’invecchiamento della popolazione non fa clamore sui titoli dei giornali e non genera lo stesso hype dell’intelligenza artificiale o delle tensioni geopolitiche. Eppure è probabilmente la variabile macro economica più prevedibile del nostro tempo
In un mondo finanziario ossessionato da notizie flash esiste una forza silenziosa e di lunghissimo periodo che rischia di essere sottovalutata. Forza che si chiama invecchiamento accelerato della popolazione. In Italia e in gran parte d’Europa questo fenomeno non è un rischio futuro, ma una realtà già in atto. Il calo delle nascite, l’aumento dell’aspettativa di vita e l’uscita dal mercato del lavoro delle generazioni del baby-boom stanno modificando profondamente la struttura economica del continente. Il dependency ratio peggiora rapidamente, la forza lavoro si contrae e la spesa per pensioni e sanità è destinata a crescere in modo strutturale. Questo cambiamento demografico influenzerà direttamente la crescita potenziale, la sostenibilità del debito pubblico e, di conseguenza, le prospettive di rendimento di azioni e obbligazioni.
Analizziamo quindi come l’invecchiamento sta riscrivendo alcune regole del gioco per gli investitori. Dal costo del debito sovrano alle opportunità settoriali nella “silver economy”, passando per produttività e selezione azionaria, il tema demografico rappresenta una lente indispensabile per comprendere i mercati dei prossimi anni. Ignorare questo trend strutturale potrebbe rivelarsi uno degli errori più costosi per chi opera in azioni e obbligazioni. L’orologio demografico continua a ticchettare, e i mercati prima o poi ne terranno conto.
Nella settimana Piazza Affari ha mostrato un andamento complessivamente cauto, con performance piuttosto differenziate tra i vari indici. Il FTSE MIB ha lasciato sul campo lo 0,39% (+17,06% dall’inizio dell’anno). Dopo un primo semestre molto positivo, l’indice delle blue chip ha vissuto una fase di consolidamento, alternando sedute positive a qualche presa di profitto, sostenuto soprattutto da banche, utilities e alcuni titoli legati al tema dell’intelligenza artificiale, mentre ha sofferto di più sui ciclici e sul lusso. Nel complesso, ha comunque tenuto bene ma senza particolari slanci. Diverso il discorso per il FTSE Italia STAR, che ha registrato la performance più debole del trio, chiudendo in calo del 2,59% (-3,26% dall’inizio dell’anno). Le medie imprese del segmento STAR hanno faticato di più in questa fase di mercato laterale, penalizzate da una minore liquidità e da una rotazione settoriale poco favorevole. Al contrario, il FTSE Italia Growth ha sorpreso positivamente, chiudendo la settimana praticamente in pareggio con +0,01% (+6,68% dall’inizio dell’anno). Nella settimana. Le small cap hanno dimostrato maggiore dinamicità e resilienza, confermando come, in questo momento, gli investitori stiano premiando di più le storie di crescita rispetto ai titoli più consolidati. In sintesi, si è trattato di una settimana di assestamento per la
Borsa italiana.
Fincantieri è stata la grande protagonista della settimana, mettendo a segno una performance del 5,77%, spinto da una notizia molto concreta e strategica: l’azienda ha annunciato l’acquisto di quattro società italiane specializzate in tecnologie subacquee per circa 600 milioni di euro. Si tratta di un’operazione importante che rafforza la sua presenza nel settore della difesa e delle tecnologie underwater, un ambito in forte espansione. Il mercato ha reagito con entusiasmo, perché questa mossa viene vista degli investitori come un’accelerata sul fronte della crescita futura e degli utili. A supporto sono arrivati anche alcuni upgrade da parte degli analisti. Secondo miglior titolo, Nexi (+4,44%) che dopo un periodo piuttosto difficile di debolezza, ha recuperato terreno con una serie di sedute positive. In questo caso non c’è stata una notizia specifica eclatante, ma piuttosto un recupero tecnico da livelli diventati molto bassi, favorito da un mercato più disteso e da qualche ricopertura di posizioni ribassiste.
Medaglia di bronzo per Mediobanca (2,20%), che ha beneficiato del buon momento del settore bancario e di un segnale chiaro da parte degli analisti di Deutsche Bank che hanno alzato la raccomandazione sul titolo portandola a “Buy” e aumentando sensibilmente il target price a 29,4 euro per azione (da 18,8). In un contesto in cui le banche italiane stanno mostrando solidità, Mediobanca è stata premiata per la qualità del suo modello di business, soprattutto nella gestione patrimoniale e nell’investment banking.
Tra i titoli peggiori della settimana, Prysmian (-7,48%) ha accusato il ribasso più maggiore. Dopo una lunga fase di corsa sostenuta dal boom della domanda di cavi per energia e trasmissione dati (soprattutto legati alle infrastrutture per l’AI e le rinnovabili), il titolo ha incontrato delle prese di profitto piuttosto consistenti.
In alcune sedute ha pesato anche la debolezza generale del comparto tecnologico e dei semiconduttori, a cui Prysmian è sensibile. Non ci sono state notizie negative particolari, ma semplicemente una correzione tecnica dopo la forte performance accumulata nei mesi precedenti. Secondo peggior titolo, Avio (-5,17%) che ha risentito di una certa stanchezza dell’intero comparto aerospaziale e difesa. Anche l’annuncio dell’ingresso del fondo Advent con una quota di minoranza del 7% non ha convinto del tutto il mercato, probabilmente per le preoccupazioni legate alla diluizione azionaria. Dopo i buoni guadagni degli ultimi tempi, sono arrivate delle vendite selettive e una rotazione fuori dai titoli più esposti al settore spaziale. Terzo peggior titolo, Buzzi (-3,35%) che ha pagato la debolezza ciclica del settore dei materiali da costruzione. Il cemento e l’edilizia stanno attraversando una fase di cautela. Gli investitori temono un possibile rallentamento degli investimenti in infrastrutture in Europa, complice tassi di interesse ancora elevati e una crescita economica non particolarmente robusta. Il titolo ha quindi subìto vendite mirate, in linea con altri nomi industriali e ciclici del listino. In sostanza, si è trattato più che altro di prese di profitto e di una rotazione settoriale che ha penalizzato alcuni titoli industriali, ciclici e del comparto aerospaziale. Non ci sono state notizie drammatiche sulle singole società, ma semplicemente un mercato più selettivo che ha preferito spostare capitali altrove in questa fase.
In un’epoca caratterizzata da notizie flash dazi, tassi e intelligenza artificiale, esiste una forza profonda, lenta ma inesorabile, che rischia di essere sottovalutata dagli investitori: l’invecchiamento della popolazione. Non si tratta di un fenomeno ciclico destinato a esaurirsi, bensì di un cambiamento strutturale e demografico che sta già ridefinendo la crescita potenziale delle economie occidentali, la sostenibilità dei conti pubblici e, di conseguenza, le prospettive di rendimento di azioni e obbligazioni.
In Italia, come nel resto d’Europa, il dependency ratio (il rapporto tra la popolazione inattiva e quella in età lavorativa) continua a peggiorare. Le nascite restano basse, l’aspettativa di vita è tra le più alte al mondo e le generazioni del baby-boom stanno entrando o hanno già superato la fase della pensione. Il risultato è una forza lavoro in contrazione, una spesa pubblica per pensioni, sanità e assistenza destinata a crescere e una pressione crescente sui sistemi di welfare costruiti in un’altra era demografica.
Il lato oscuro per le obbligazioni: più emissioni, più rischi
Sul fronte del reddito fisso le implicazioni sono particolarmente evidenti. I Paesi ad alto debito, Italia in primis, dovranno finanziare con emissioni di titoli di Stato una quota crescente di spesa corrente legata all’età. In un contesto di tassi di interesse “normalizzati” – lontani dai livelli ultra-bassi del periodo post-2008 – anche un modesto incremento dei rendimenti può tradursi in un aggravio significativo sugli interessi passivi. Questo meccanismo rischia di alimentare un circolo vizioso. Maggiore offerta di BTP sul mercato genera una possibile pressione rialzista sui rendimenti, maggiori costi di servizio del debito e quindi un ulteriore fabbisogno di emissioni. I mercati potrebbero pretendere premi di rischio più elevati sui bond periferici europei, allargando gli spread rispetto ai Bund tedeschi.
I titoli a lunga scadenza diventerebbero più sensibili a qualsiasi segnale di dubbio sulla sostenibilità fiscale di lungo termine, mentre quelli indicizzati all’inflazione (come i BTP Italia) potrebbero acquisire maggiore appeal come forma di protezione. Le banche centrali si troveranno di fronte ad un dilemma sempre più complicato. Dovranno bilanciare il sostegno alla crescita economica con la necessità di non perdere credibilità sui mercati del debito. In questo scenario, il concetto di “dominanza fiscale” – dove la politica di bilancio condiziona pesantemente le scelte di politica monetaria – potrebbe passare da ipotesi teorica a realtà concreta, limitando di fatto il margine di manovra delle autorità monetarie.
Azioni: vincitori e vinti nell’era dell’“argento”
Sul fronte azionario il discorso diventa più articolato e offre opportunità di differenziazione importanti tra settori e aziende. I potenziali vincitori sono legati direttamente alle esigenze di una popolazione che invecchia.
Tra questi:
 Sanità, farmaceutica, biotech e long-term care. La domanda di farmaci cronici, dispositivi medici, telemedicina, assistenza domiciliare e strutture residenziali è destinata a una crescita strutturale. Le aziende con forti moat competitivi e capacità di aumentare i prezzi senza perdere volumi diventeranno particolarmente attraenti per gli investitori alla ricerca di stabilità;
 Tecnologia applicata alla produttività e all’assistenza. Soluzioni di automazione industriale, robotica collaborativa, intelligenza artificiale per compensare la scarsità di manodopera e tecnologie per l’invecchiamento attivo (smart home, wearable per la salute, piattaforme di cura remota). Qui il tema demografico si intreccia perfettamente con quello dell’AI, creando un potente driver di crescita selettiva.
 Consumi difensivi di qualità. Imprese che offrono beni e servizi essenziali o di alto valore percepito per la fascia over-65 con buon potere d’acquisto.
I settori potenzialmente più vulnerabili includono alcuni comparti manifatturieri ad alta intensità di lavoro, parti del mercato immobiliare residenziale tradizionale (con cambiamenti nelle preferenze abitative) e alcuni consumi discrezionali rivolti prevalentemente alle fasce più giovani, in contrazione numerica.
Un nuovo approccio al portafoglio
L’invecchiamento demografico costringe gli investitori a ripensare modelli consolidati come la classica allocazione 60/40 tra azioni e obbligazioni. Le obbligazioni governative dei Paesi ad alto debito non saranno più considerate “sicure” in modo automatico, mentre sul lato azionario la qualità del business, la generazione di free cash flow e la resilienza tematica diventeranno criteri decisivi.
A livello di strategia operativa, occorre considerare:
 La gestione dinamica della duration nel comparto obbligazionario;
 Un sovrappeso selettivo su settori legati alla “silver economy” e alla produttività tecnologica;
 Una diversificazione geografica, guardando anche a economie con dinamiche demografiche più favorevoli;
 Un’integrazione di asset reali e alternativi come possibile protezione contro inflazione persistente o fasi di bassa crescita.
L’invecchiamento della popolazione non fa clamore sui titoli dei giornali e non genera lo stesso hype dell’intelligenza artificiale o delle tensioni geopolitiche. Eppure è probabilmente la variabile macro economica più prevedibile del nostro tempo. Proprio per questo, chi saprà integrarla precocemente nella propria analisi e nelle scelte di investimento potrà costruirsi un vantaggio competitivo nel lungo termine duraturo. Il mercato, alla fine, premia chi sa guardare oltre il rumore di breve periodo e comprendere i grandi trend strutturali che plasmeranno i prossimi decenni. L’orologio demografico continua a ticchettare e ignorarlo potrebbe rivelarsi un errore costoso.
Ho iniziato a lavorare come analista finanziario nel 1983, occupandomi di economia e politica economica e nel frattempo mi sono laureato in scienze bancarie, finanziarie e assicurative. Oggi mi occupo di analisi macroeconomica all’interno di Corporate Family Office – CFO SIM. Giornalista pubblicista, docente ai corsi post laurea de “24Ore Business School” e dell’Associazione Italiana per l’Analisi Finanziaria – AIAF e co-autore del libro Analisi Finanziaria e Valutazione Aziendale, a cura di Franco Pedriali."
20260711053945,Sky Tg24,https://tg24.sky.it/economia/2026/07/11/modello-730-2026-bonus-detrazioni-spese-agevolate,,,,,,srclc:ita,"Introduzione
Nel modello 730 si possono recuperare parte dei soldi spesi attraverso le detrazioni, che sono gli sconti sulle tasse da pagare, e le deduzioni, che sono somme che abbassano il reddito imponibile. Le principali spese agevolate si indicano nel quadro E e richiedono pagamenti tracciabili come bonifici, carte di credito o di debito e bancomat. Tra le detrazioni che i cittadini inseriscono maggiormente nella dichiarazione dei redditi ci sono le spese mediche, quelle per le ristrutturazioni e il risparmio energetico in casa, quelle per istruzione, mense e attività sportive dei figli e quelle veterinarie. Secondo il Caf Acli, nei modelli 730 presentati nel 2026 le spese agevolate sono aumentate del 6%.
Quello che devi sapere
Gli aumenti degli importi
Secondo i dati riportati dall’analisi del Caf Acli (riportata da Il Sole 24 Ore) su una platea omogenea di oltre 700mila dipendenti e pensionati, nel quadro E del modello 730 è aumentato l’importo medio di 11 delle 12 agevolazioni più diffuse. L’ammontare complessivo delle spese agevolate è cresciuto del 6,3% rispetto alle dichiarazioni presentate nel 2025. E l’incremento arriva al 31,6% guardando i modelli 730 del 2022.
Per approfondire: Modello Redditi PF 2026, istruzioni e come utilizzarlo per la dichiarazione precompilata
Cala il bonus sui mutui
Sulle 12 agevolazioni più diffuse, l’unica in calo è quella sugli interessi dei mutui per la prima casa. Si è passati da 1.593 a 1.458 euro, 135 euro in meno (probabilmente condizionato dalla riduzione dei tassi medi dei prestiti nel 2025). Tutte le altre detrazioni hanno visto un aumento degli importi. Tra questi spicca l’incentivo del 19% sulle spese mediche che è arrivato a 1.359 euro di spesa media, cioè 101 euro in più, e il rigo E1 compilato in oltre l’81% dei modelli.
Per approfondire: Fino a quando si può fare il 730, la scadenza e i tempi per i rimborsi
I dati dei modelli precompilati
Nel 2026 il modello 730 deve essere presentato da 25,2 milioni di persone, riferito ai redditi 2025. L’Agenzia delle Entrate ha predisposto il precompilato che già presenta in automatico le detrazioni. Questa funzione è un altro elemento che ha fatto aumentare gli importi delle dichiarazioni precompilate perché, se si accettano le cifre riportate dal Fisco, si viene esonerati dai controlli documentali, anche se il totale precompilato è più alto di quello risultante dai documenti conservati dal contribuente, che potrebbe aver perso degli scontrini.
Per approfondire: Colf e badanti, detrazione e deduzione nel Modello 730 2026: cosa sapere
Quando arrivano i rimborsi
Chi ha già inviato la dichiarazione dei redditi e ha diritto a un rimborso, potrebbe trovarlo in busta paga già da luglio (o nei cedolini di agosto per i pensionati). Come riporta Il Sole 24 Ore, per quanto riguarda gli invii diretti da parte dei cittadini, le Entrate, al 30 giugno, hanno registrato un aumento di circa il 10% rispetto alla stessa data dell’anno scorso. E in sei casi su dieci la trasmissione con il fai-da-te è avvenuta usando la modalità di compilazione semplificata. Chi non ha ancora inviato la dichiarazione, deve invece sapere che le somme a credito vengono rimborsate dai sostituti d’imposta nella prima retribuzione utile, ovvero quella del mese successivo alla ricezione del “730-4” con cui il Fisco comunica l’importo da restituire (per gli enti pensionistici, si tratta del secondo mese successivo).
I controlli preventivi
I modelli che presentano un rimborso superiore a 4mila euro, o che comunque presentano indici di anomalia, sono sottoposti a controlli preventivi da parte dell’Agenzia delle Entrate. Il rimborso viene congelato fino al termine del controllo e, in caso di esito positivo, la somma spettante arriva entro sei mesi dalla scadenza ordinaria per l’invio, cioè entro marzo 2027.
Quali detrazioni sono in calo
Le agevolazioni che registrano un calo dei beneficiari sono quelle per le spese universitarie che perdono lo 0,9%, quelle degli affitti degli studenti fuori sede e delle attività sportive dei ragazzi che segnano ciascuna -0,2%, e i mutui (-1,1%). Per i mutui può trattarsi del naturale processo di chiusura dei prestiti sulla platea esaminata, mentre la riduzione delle spese legate ai figli sembra riflettere il calo demografico. Dall’analisi del Caf Acli è poi emerso che è aumentata la frequenza delle donazioni (+0,6%), ma il maggior incremento in valore assoluto è quello degli assegni al coniuge (+132 euro), frutto dell’indicizzazione degli importi.
Come aggiungere bonus dimenticati
Può capitare di inviare il 730 e poi accorgersi che ci sono spese agevolate che ci si è dimenticati d’inserire. Dopo il 22 giugno, l’unico modo per aggiungere i bonus mancanti è usare il modello Redditi correttivo e procedere con l’invio diretto entro il 30 settembre. La correzione che amplia il rimborso non vanifica l’accredito “veloce” originario. Se si aspetta un rimborso di mille euro e con la correzione si aggiungono altri 300 euro, i primi mille euro arrivano comunque in busta paga o pensione il mese successivo o due mesi dopo l’invio della dichiarazione, e gli altri seguono l’iter dei rimborsi da Redditi: il contribuente può chiedere di riceverli sul conto corrente o usarli in compensazione o riportarli nella dichiarazione dell’anno successivo.
Per approfondire: Tutte le ultime informazioni sulla dichiarazione dei redditi"
20260711050004,La Sicilia,https://www.lasicilia.it/news/cronaca/3056805/palermo-ambientalisti-in-allarme-per-il-termovalorizzatore-di-bellolampo-a-rischio-riciclo-salute-e-bollette.html,,,,,,srclc:ita,"le osservazioni
Palermo, ambientalisti in allarme per il termovalorizzatore di Bellolampo: «A rischio riciclo, salute e bollette»
La replica della Regione: «Impianti meno inquinanti d'Europa»
Il no della triade ambientalista - Legambiente, Wwf e Zero Waste Sicilia, che chiamano a raccolta per un dibattito pubblico - è il primo dossier di risposta al deposito del progetto di fattibilità tecnica ed economica del termovalorizzatore da oltre 400 milioni di euro di Bellolampo. E pesa. Il mega impianto, con il gemello diverso di Catania, ha acceso i primi ingranaggi, quelli del timer per le osservazioni di Consigli, commissioni consiliari competenti, enti pubblici e privati interessati. La richiesta di osservazioni è stata inoltrata il 30 giugno, già il giorno dopo scottava, per esempio, sul tavolo della seconda commissione, Urbanistica.
A firmare la nota sono Tommaso Castronovo, presidente di Legambiente Sicilia, Anna Bonforte, presidente di Zero Waste Sicilia, e Pietro Ciulla, presidente del Wwf Sicilia. Le associazioni hanno depositato «due corposi documenti nei quali contestano le quantità di rifiuti combusti: 600.000 all’anno per i due impianti siciliani, con «il rischio concreto di essere costretti a bruciare anche materiali che potrebbero essere riciclati, con costi enormi — oltre 250 euro a tonnellata — da coprire attraverso la tassa sui rifiuti. E poi le 20.000 tonnellate all’anno di fanghi di depurazione necessari solo per Bellolampo, sottraendo fertilizzante naturale a un territorio già fortemente colpito dalla siccità. Nell’impianto del capoluogo, i documenti progettuali delineano scenari preoccupanti. Sull’impatto dello smog sulla salute dei cittadini, sommato a quello delle attività industriali e delle discariche già presenti, compare testualmente la dicitura: “non determinato”».
Un’opera titanica, della quale la Regione due mesi fa ha promesso il compimento entro il 2028, i cui dettagli fanno capolino dalle carte progettuali: «Capacità di trattamento 300.000 tonnellate all’anno (due linee da 150.000), potere calorifico medio 11,8 megajoule per chilogrammo (per farsi un’idea, il gasolio supera nettamente i 40), potenza termica complessiva 122.91 megawatt termici, produzione elettrica netta 29.35 megawatt elettrici. I lavori occuperanno, in area di cantiere, 13,7 ettari, dei quali il 68 per cento per gli impianti.
Salvo Cocina, responsabile del procedimento, respinge le censure. «Capitolo inquinamento: emissioni certificate ai livelli più bassi d’Europa, molto meno di Bolzano e Roma. Sui consumi idrici, nessun danno alle falde o iperconsumo, con la depurazione del percolato specificamente per Bellolampo. Tutti dati esposti e approvati a Bruxelles.» Dalla seconda commissione, Giulia Argiroffi di Controcorrente e il collega Ugo Forello considerano «le osservazioni delle principali associazioni ambientaliste una conferma delle gravi criticità: impianti palesemente sovradimensionati rispetto ai reali fabbisogni, ignorando il calo demografico e gli obiettivi europei di incremento della raccolta differenziata e del riciclo, in una regione ben al di sotto degli standard europei in materia di differenziata, che così rischia di essere disincentivata. Impianti di queste dimensioni vincolare a un modello ormai superato»."
20260711045900,La Verita,https://www.laverita.info/pensiero-unico/lavoro-stranieri-italia,,,,,,srclc:ita,"È troppo facile, e sbagliato, sostenere che siano solo progressisti e attivisti di sinistra a spingere per l’apertura delle frontiere e l’ingresso di migliaia di stranieri. Purtroppo la realtà mostra che esiste un intero sistema politico-economico interessato a mantenere in piedi il meccanismo mortifero dell’immigrazione di massa. E sono rappresentanti di questo sistema a vari livelli a tentare ogni volta di propagandare i benefici degli ingressi senza limite.
Una delle scuse più utilizzate e più difficili da scrostare dalla mente degli italiani è che gli immigrati ci servano per mandare avanti la nostra economia. Lo ha ribadito l’Osservatorio generale sul lavoro del Veneto, in un report che il Corriere della Sera ha ripreso con grande soddisfazione. «Se la crescita economica dovesse proseguire ai ritmi attuali (cioè quasi nulli), tra quattro anni in Veneto mancheranno all’appello 189.000 lavoratori», scrive il quotidiano di via Solferino. «Se invece la corsa accelererà, anche di poco, la lacuna si allargherà fino a sfiorare quota 300.000. E per salvare la baracca sarà necessario far lavorare gli over 65 o far arrivare altri immigrati. Domanda: come si concilia tutto questo con la remigrazione, vessillo agitato quotidianamente dall’ex generale Vannacci e nelle cui vele soffia il vento del consenso elettorale? Insomma, se qualcuno vuole vedere con i suoi occhi una delle lacerazioni del tessuto sociale italiano, può dare un’occhiata a Nordest per accorgersi di uno strappo ben difficile da rammendare».
In realtà, basta leggere meglio per rendersi conto che gli scenari sono appena più complicati. Ovvero: «Con una domanda di manodopera pari a quella del 2025 nel 2030 mancheranno 189.000 lavoratori. In uno scenario di crescita (1% annuo) si arriverà a un fabbisogno di 299.000 persone. Ci sono poi altre due prospettive, quella di un calo moderato (ma il gap resterebbe di 79.000 lavoratori) o più marcato, laddove la bilancia si rovescia e si registrerebbe un surplus di 31.000 unità. Ma è evidente che nessuno si augura le ultime due evoluzioni».
Già, è evidente che nessuno si augura il peggio. Ma è evidente pure la strumentalità dell’allarme sulla mancanza di lavoratori che viene immediatamente tradotta nella richiesta di più stranieri. È la solita tiritera: ci servono i migranti per raccogliere i pomodori, per fare i lavori che gli italiani non vogliono più fare… Per demolire questa argomentazione basterebbe farne notare il profondo razzismo, che trasuda dalla concezione secondo cui gli stranieri sarebbero braccia o schiena da soma immediatamente disponibili per svolgere compiti ingrati. Oppure, ancora più efficacemente, si potrebbe rimarcare che il vero problema è, al massimo, l’inverno demografico che ci affligge e di cui la mentalità progressista è una delle maggiori cause. È alla denatalità che andrebbe posto rimedio, semmai, ma si preferisce – di nuovo con atteggiamento degno del razzismo positivista ottocentesco – sostenere che sia giusto approfittare del kindergarten africano, che è a portata di mano (Emma Bonino disse proprio così, non molto tempo fa).
Esiste tuttavia anche una risposta più cinica ma efficace alle balle sinistrorse sul vuoto di lavoratori da colmare. Il fatto è che la tesi espressa dal Corriere basandosi sui dati del Veneto si basa su una mistificazione clamorosa. Suggerisce che l’arrivo di lavoratori immigrati sia collegato agli sbarchi. E non potrebbe esserci niente di più falso. Gli stranieri irregolari che giungono sulle coste italiane e vengono inseriti nel sistema di accoglienza non sono la risposta alla mancanza di impiegati, dato che la grandissima parte non conosce nemmeno l’italiano e non ha le competenze richieste dal nostro sistema produttivo. In teoria, i richiedenti asilo potrebbero già ora cercarsi un lavoro dopo sessanta giorni dalla presentazione della domanda di accoglienza. Ma è da dimostrare che effettivamente lo facciano, dato che non esistono statistiche ufficiali in merito. Se si conta poi che la maggioranza delle richieste di asilo viene respinta, risulta chiaro che in realtà chi entra irregolarmente non è utile alla causa. Gli unici che davvero vengono impiegati sono coloro che beneficiano del decreto flussi, che in parte arrivano appositamente per vie legali e in parte sono irregolari che vengono sistemati sfruttando una normativa che servirebbe ad altri scopi.
Ci sarebbe poi da ricordare che la parola «immigrato» non significa nulla. L’immigrato come categoria o classe non esiste, è una invenzione della sinistra. Ci sono enormi differenze, infatti, tra gli stranieri in base alla nazionalità. Il sito ufficiale governativo Integrazionemigranti spiega che «il gap di genere in alcune comunità è altissimo (il tasso di occupazione tra gli egiziani in Italia è 76%, tra le egiziane 4%)» e che esistono «forti divari tra comunità (tra i filippini il tasso di occupazione è dell’82%, tra i tunisini è al 43%)». Quindi non tutti lavorano allo stesso modo. Importare irregolari significa dunque farsi di carico di persone che non lavoreranno mai o che comunque, prima di lavorare, dovrebbero apprendere l’uso della lingua, poi ottenere qualche tipo di competenza e solo dopo sperare di rendersi utili. Vale la pena poi di citare un recente report di Mediobanca in cui si legge: «Le aziende tendono ad approfittare della forza lavoro degli immigrati per ridurre i costi e aumentare i profitti, generando inefficienze ed effetti negativi a lungo termine sulla crescita della produttività». Risultato: «Un aumento dell’1% nella quota di immigrati extra-Ue si traduce in una diminuzione media della produttività del lavoro di circa 0,5 punti percentuali». Tutto questo, ovviamente, al netto delle conseguenze negative, cioè senza considerare che tra coloro che entrano irregolarmente vi sono anche parecchi delinquenti o soggetti che mai e poi mai metterebbero piede in una fabbrica.
Certo, qualcuno potrebbe dire che basterebbe regolarizzare tutti subito e spendere milioni in formazione per risolvere il problema. In effetti sarebbe interessante provarci: che cosa mai potrebbe andare storto, dopo tutto?
Contenuto riservato agli abbonati
Prosegui con la lettura >
Contenuto riservato agli abbonati
Rinnova il tuo abbonamento per proseguire con la lettura >"
20260711045530,Tutte Le Ultime Notizie,https://www.ilrestodelcarlino.it/rimini/cronaca/anziani-il-peso-dellassistenza-badanti-02595186,,,,,,srclc:ita,"Una pensione non basta più per permettersi una badante. È questa la fotografia, tanto semplice quanto preoccupante, che emerge dai dati elaborati dalla Fnp Cisl Romagna e che riporta al centro una questione destinata a pesare sempre di più sul futuro del territorio: l’assistenza agli anziani non autosufficienti. A Rimini infatti, la pensione media copre appena il 76% del costo mensile di una badante convivente e regolarmente assunta. Tradotto in cifre, significa che ogni famiglia deve trovare di tasca propria quasi 390 euro in più ogni mese, oltre 4600 euro all’anno, senza contare tutte le altre spese legate alla fragilità. Secondo l’analisi del sindacato, una badante convivente qualificata costa oggi circa 1585 euro al mese, inclusi contributi e oneri contrattuali.
Di contro, la pensione media nel Riminese si ferma a 1198 euro mensili, lasciando un divario economico che pesa direttamente sulle famiglie.
Il problema non si limita all’assistenza domiciliare. Quando le condizioni richiedono un ricovero in una residenza sanitaria assistenziale, la spesa può arrivare a circa 3mila euro al mese, oltre il doppio della pensione.
Sebbene in Emilia Romagna sia attivo il Fondo regionale per la non autosufficienza, i posti disponibili nelle strutture restano insufficienti e le liste d’attesa sono una criticità strutturale.
Molte famiglie sono così costrette a prolungare l’assistenza a casa anche quando inadeguata. ""Il problema non riguarda il costo delle badanti, che riflette un lavoro sempre più complesso nell’assistenza a persone con Alzheimer o Parkinson – sottolinea la segretaria generale della Fnp Cisl Romagna, Maria Antonietta Aloisi –. La criticità principale è che la crescita del bisogno di assistenza è molto più rapida della capacità economica delle famiglie e della risposta pubblica"".
A rendere il quadro più delicato è il cambiamento della struttura familiare. I nuclei sono sempre più piccoli, spesso con un solo figlio chiamato a conciliare lavoro, famiglia e genitori anziani, talvolta vivendo lontano. In molti casi manca una rete in grado di garantire assistenza continuativa.
Per Aloisi il rischio nei prossimi anni è un maggiore ricorso a badanti e strutture a fronte di una minore disponibilità di lavoratori, con costi ancor più elevati. Da qui l’appello. ""Un anziano fragile non necessita di misure una tantum, bensì di un’assistenza domiciliare ampliata, una presa in carico vera e propria, sociale e sanitaria, con un progetto di cura personalizzato"".
L’invecchiamento è la grande sfida sociale del Riminese. La questione non è solo quanto si percepisce di pensione, ma quanto resta quando la non autosufficienza trasforma la cura in un costo sempre più difficile da sostenere. A rendere ancora più urgente il tema è dunque l’andamento demografico della provincia, dove l’età media continua ad aumentare e il numero degli ultraottantenni è destinato a crescere nei prossimi anni.
Federico Tommasini"
20260711003000,Milano Finanza,https://www.milanofinanza.it/news/pensioni-in-sicurezza-2710793,,,,,,srclc:ita,"Il rapporto annuale dell'Inps ha celebrato quest'anno un quarto di secolo. Un'analisi che ha raccontato negli anni l'evoluzione dei fenomeni economici e sociali dell'Italia, interpretandone le trasformazioni attraverso le informazioni e i dati custoditi negli archivi dell'Istituto. Il primo dato positivo che balza agli occhi quest'anno è che l'occupazione ha raggiunto nuovi massimi storici: oltre 24 milioni in termini assoluti con un tasso percentuale del 63%. Ma ce n'è subito un altro che frena gli entusiasmi: l'Italia è tra i Paesi europei caratterizzati dal più elevato grado di invecchiamento demografico e i lavoratori hanno già iniziato a rinviare la pensione (da 64,5 anni nel 2024 a 64,7 anni l'anno scorso) perché il sistema contributivo li spinge a restare per aumentare l'assegno. Quanto è sostenibile nel lungo periodo il sistema previdenziale e che impatto avrà l'uso sempre più diffuso dell'intelligenza artificiale su lavoro e pensioni? A rispondere è il direttore generale dell'Inps, Valeria Vittimberga.
Domanda. Dottoressa Vittimberga qual è il messaggio che emerge dal XXV rapporto annuale?
Risposta. Che il Paese ha cambiato passo a partire dal 2023, in coerenza con l'impostazione delle politiche del governo: sostenere l'occupazione regolare e stabile, ampliare la partecipazione al lavoro e consolidare la base finanziaria del sistema previdenziale. Nel 2025 i contribuenti all'Inps hanno raggiunto 27,2 milioni, circa 244 mila in più in un anno e 1,7 milioni in più rispetto al 2019, con una crescita particolarmente significativa tra under 34 (+12,4%), donne (+7,8%) e lavoratori extra Ue (+35,5%). I dipendenti sono saliti da 21,79 a 22,45 milioni. I contributi sociali hanno toccato 273,3 miliardi di euro, oltre 10 miliardi in più sull'anno precedente. Rispetto al febbraio 2022, punto più critico post-pandema, si contano oggi 1,66 milioni di dipendenti a tempo indeterminato in più, un effetto diretto delle scelte che negli ultimi anni hanno premiato la stabilizzazione del lavoro.
D. Se l'occupazione registra record resta però inferiore alla media europea con forti divari di genere. Come intervenire?
R. Vanno sottolineati alcuni elementi: come già detto tra il 2019 e il 2025 le donne assicurate all'Inps sono cresciute del 7,8%; la partecipazione delle donne con figli al mercato del lavoro continua comunque a essere condizionata dalla disponibilità e dalla continuità dei servizi di conciliazione. Il Bonus Asilo Nido è istruttivo: il tasso di utilizzo è passato dal 4% del 2017 a oltre il 35% nel 2025 e, per le beneficiarie effettive, si stima un aumento di circa 6 punti percentuali della probabilità di occupazione. Un bonus è efficace quando è stabile, prevedibile e collegato a un'offerta adeguata di servizi. In questa direzione va la scelta del ministero del Lavoro: dal 2026, per volontà del ministro Calderone, la domanda accolta produce effetti negli anni successivi, previa verifica dei requisiti, superando la logica della domanda annuale e rafforzando la capacità delle famiglie di programmare le proprie scelte. Nel 2025 il take-up (il tiraggio, ndr) è di circa il 31% tra le famiglie con Isee inferiore a 25 mila euro e raggiunge il 55% tra 25 e 40 mila, con Sud e Isole fermi al 29% contro il 43% del Centro. Il passo ulteriore, su cui l'Inps è al lavoro con il ministero, è usare i dati dell'Istituto per comunicazioni proattive agli aventi diritto.
D. Leggendo il rapporto c'è chi ha detto che l'Assegno Unico frena il lavoro femminile. È così?
R. L'Assegno Unico Universale è un pilastro delle politiche familiari: nel 2025 ha raggiunto circa 6 milioni di nuclei con un tasso di copertura del 94,9%. La conclusione dell'analisi è molto più circoscritta, riguardando un campione selezionato di madri dipendenti con specifiche caratteristiche. Nel confronto tra terzo e secondo quintile Isee emerge una riduzione di 1,15 punti percentuali della probabilità di lavorare, pari a circa il 2% rispetto al tasso iniziale; negli altri confronti gli effetti sono assenti o non significativi. Generalizzare questa evidenza all'intera platea femminile oltrepassa il perimetro della metodologia. Il Bonus Asilo Nido mostra invece per le beneficiarie effettive un aumento di circa 6% della probabilità di occupazione: il sostegno al reddito sostiene la genitorialità, mentre i servizi per l'infanzia rafforzano la partecipazione femminile.
D. Il Rapporto segnala una riduzione degli iscritti alle gestioni autonome tradizionali e un aumento della Gestione Separata. Come va letta questa trasformazione?
R. Sta cambiando la composizione del lavoro autonomo. Tra il 2022 e il 2025 gli occupati indipendenti Istat sono aumentati del 4% circa, ma si riducono artigiani, commercianti e coltivatori diretti, mentre crescono collaboratori e professionisti della Gestione Separata: un'evoluzione sempre più orientata verso attività professionali e digitali, che richiede tutele adeguate contro redditi variabili e discontinuità contributiva.
D. Qualcuno afferma che il record dell'occupazione rischia di nascondere la qualità del lavoro, con salari reali deboli...
R. Il dato dei 27,2 milioni di assicurati conferma un cambio di passo nella qualità del lavoro creato dalle politiche degli ultimi anni: rispetto al picco del precariato di febbraio 2022, oggi contiamo 1,66 milioni di dipendenti permanenti in più e la quota di temporanei sul totale è scesa dal 17 al 13% circa. Restano fragilità, soprattutto nel Mezzogiorno e tra i giovani, ma è proprio su queste aree che si concentra ora l'azione del governo. Tra il 2019 e il 2025 la retribuzione lorda mediana è aumentata del 10,8% e quella netta del 19,2, quasi il doppio: il rapporto stima che quasi la metà di questa crescita è attribuibile direttamente agli interventi fiscali succedutisi nel periodo, una misura dell'efficacia concreta delle scelte dell'esecutivo sul reddito disponibile delle famiglie.
D. Il sistema previdenziale regge davanti a un'Italia che invecchia?
R. La base finanziaria è oggi robusta: nel 2025 i contributi sociali hanno raggiunto come detto 273,3 miliardi. I pensionati sono circa 16,4 milioni e il reddito pensionistico lordo erogato è salito da 347 a 371 miliardi tra 2023 e 2025. La solidità corrente va però accompagnata da una lettura prudente del lungo periodo: nel 2025 il reddito pensionistico medio degli uomini supera del 34% quello delle donne, e con il sistema contributivo le interruzioni di carriera si riflettono più direttamente sull'assegno futuro. La risposta deve iniziare molto prima del pensionamento: proiezioni personalizzate comprensibili, evidenza tempestiva dei periodi scoperti, simulazioni dell'effetto delle diverse scelte lavorative e un'educazione previdenziale che raggiunga scuole, università e luoghi di lavoro. La previdenza complementare, avviata fin dai primi anni di attività, può rafforzare il reddito pensionistico grazie al tempo di accumulo. La sua efficacia cresce insieme alla regolarità del lavoro, all'adeguatezza delle retribuzioni e alla continuità dei versamenti.
D. Poi c'è la sfida digitale...
R. Sono due facce della stessa transizione. L'invecchiamento della popolazione impone all'Istituto di anticipare i bisogni, ed è possibile solo con un'infrastruttura digitale capace di aggregare informazioni oggi disperse tra amministrazioni diverse. Il Portale Inps per i Giovani ha registrato 3 milioni di visite nel 2025, con un tasso di conversione del 20%; il Portale della Famiglia e della Genitorialità, che riunisce oltre 40 prestazioni Inps e circa 300 servizi di altre pubbliche amministrazioni, ha superato 332 mila accessi a marzo 2026. La trasformazione digitale produce valore pubblico quando riduce il mancato accesso ai diritti.
D. In che modo l'intelligenza artificiale sta cambiando il mondo del lavoro?
R. Il rapporto non offre ancora una misurazione causale dell'impatto dell'AI sull'occupazione. Il patrimonio informativo dell'Istituto può però diventare decisivo per un'osservazione longitudinale che colleghi l'esposizione dei settori alle nuove tecnologie con transizioni professionali, retribuzioni e ricollocazione. La priorità è una metodologia trasparente e indicatori periodici pubblici.
D. Anche l'Inps utilizza l'intelligenza artificiale nei propri servizi: con quali risultati?
R. Il rapporto censisce 59 sistemi di AI già sviluppati o in uso. Tra gennaio e settembre 2025 il sistema di analisi delle motivazioni di contatto ha gestito 3,4 milioni di richieste, analizzandone automaticamente il 97,1%. L'AI può ridurre le attività ripetitive e migliorare la comprensibilità dei servizi. La sua efficacia va però misurata anche sugli esiti per i cittadini: per i sistemi che incidono sui diritti servono revisione umana, tracciabilità, protezione dei dati e una chiara possibilità di tutela.(riproduzione riservata)"
20260711000502,Corriere Adriatico,https://www.corriereadriatico.it/marche/comuni_montani_marche_sanita_bonus_bebe_incentivi_perde_rimasto_fuori-9644109.html,,,,,,srclc:ita,"ANCONA «Non cambierà praticamente nulla». «Macché, sarà un disastro». Diventati ufficiali i nuovi criteri che definiscono i comuni montani, con la pubblicazione martedì del Dpcm 121 e del relativo elenco, il dibattito si sposta ora su cosa perderà chi è rimasto fuori dallo speciale elenco.
Nelle Marche sono 29 i Comuni che non hanno più il patentino di montano su 107 e mentre dal ministro Calderoli, fautore della legge, continuano ad arrivare rassicurazioni sul fatto che non perderanno tutti i benefici, i sindaci sono convinti che la mannaia che si è abbattuta sulle loro comunità lascerà sul campo lacrime e sangue.
I benefici
Innanzitutto vediamo cosa prevede la legge. Per i Comuni montani ci sono benefici generali che valgono sempre, e misure di sostegno che invece varranno solo per un altro sotto elenco speciale che sarà stilato con o più Dpcm successivi. E già qui il caos aumente. Tra i benefici generali da subito applicabili c’è l’accesso ai fondi Fosmit, il Fondo per lo sviluppo della montagna. La deroga per le scuole di montagna, in particolare per la formazione delle classi e il contributo una tantum in favore del residente per ogni figlio nato in un comune montano con popolazione fino a 5mila abitanti.
C’è poi una particolare forma di incentivazione per medici di medicina generale e pediatri che decidono di mantenere in attività i propri studi nei comuni montani e sarà costituito un tavolo tecnico per definire le modalità di riduzione delle tariffe per l'erogazione di energia elettrica, acqua e gas per i comuni delle zone montane con popolazione non superiore a 5.000 abitanti soggetti ad un costante decremento demografico.
Gli extra
Tra i benefici extra del secondo gruppo c’è invece tutta una serie di crediti d’imposta e agevolazioni per professionisti ed imprese che si trasferiscono nelle zone montane. Per esempio, un credito d’imposta per medici, pediatri o professionisti che lavorano nelle strutture sanitarie che affittano o acquistano una casa per motivi di servizio.
Per loro è previsto anche un emolumento extra. Per il personale scolastico ci sarà un punteggio extra che varrà poi per le graduatorie, oltre allo stesso credito d’imposta previsto per i sanitari.
Per le micro e piccole imprese ci sarà una flat tax del 15% sul reddito fino a 100mila euro. Il tetto sale a 150mila euro nei comuni con popolazione non superiore a 5mila abitanti. Inoltre, è previsto uno sgravio contributivo per 5 anni ai datori di lavoro che incentivano lo smart working per i dipendenti che si trasferiscono in questi comuni. E il credito d’imposta varrà anche per chi sceglierà di andare a vivere acquisterà la prima casa in un Comune montano al di là della professione.
E chi è rimasto fuori non sarà destinatario degli interventi di ripartizione del Fosmit di competenza di regioni e enti locali; le scuole non saranno definite “scuole di montagna” e non beneficeranno della relativa legislazione speciale e non ci saranno benefici una tantum per nuovi nati. Questo in teoria.
L’informativa
Ma Calderoli nell’informativa fornita durante l’ultima Conferenza Stato-Regioni ha specificato alcuni aspetti fissati dopo un «confronto con gli enti locali». Innanzitutto per quanto riguarda l’agricoltura: «La nuova classificazione non si applica ai fini delle misure previste nell'ambito della Pac. Tale esclusione opera anche ai fini dell'esenzione dall’Imu». Poi la scuola: «Le Regioni - ha aggiunto il ministro - provvedono autonomamente al dimensionamento della rete ogni anno».
E il Fosmit, «sarà possibile per le Regioni tenere conto delle esigenze dei Comuni» rimasti fuori, che ha sempre specificato il ministro che potranno comunque «far parte di una Comunità montana». Inoltre restano invariate «le misure di natura agevolativa a favore dei Comuni montani, oggi previste dalla normativa regionale». Insomma, un ginepraio che si districherà solo quando la legge inizierà ad essere applicata. Resta il fatto «che un conto è rientrare da subito nei benefici, un altro è essere appesi alle decisioni delle Regioni», ribattono i sindaci esclusi. La battaglia continua."
20260710181002,Torino Cronaca,https://www.torinocronaca.it/news/torino/663680/perche-i-giovani-non-fanno-piu-figli-la-risposta-arriva-da-torino.html,,,,,,srclc:ita,"l'editoriale
Cerca
Economia & Società
10 Luglio 2026 - 20:10
A Torino tornano a nascere più bambini. E il Piemonte, anche se più vecchio, continua a mantenere un saldo demografico positivo. Lo dice il rapporto Ires, appena presentato. Ma com'è la situazione reale a Torino?
Se guardiamo agli ultimi dati depositati e disponibili, nel 2024 i nati sono stati poco più di 5.200, in crescita rispetto all’anno precedente. Dopo anni di calo continuo, è un dato che può sembrare un’inversione di tendenza. Una buona notizia, almeno in apparenza.
Ma basta fermarsi qui per capirci poco.
Perché se si allarga lo sguardo, il quadro cambia subito.
Il tasso di natalità resta tra i più bassi d’Italia. Il saldo naturale — la differenza tra nati e morti — continua a essere negativo. La popolazione cresce, ma lo fa soprattutto grazie a chi arriva da fuori, non a chi nasce qui.
È il segno di una città che non si sta ripopolando. Si sta trasformando.
E allora la domanda diventa inevitabile.
Perché a Torino si fanno sempre meno figli?
La risposta più immediata è anche la più intuitiva: i soldi.
Gli stipendi sono bassi, il lavoro è instabile, il costo della vita è aumentato. Mettere su famiglia richiede una sicurezza economica che molti non hanno. O che non percepiscono come sufficiente.
Ma fermarsi qui sarebbe troppo semplice.
Perché la denatalità non è solo una questione economica. È anche — e forse soprattutto — culturale.
La generazione che oggi dovrebbe fare figli - i Millennial o la Gen Z - è la stessa che ha visto cambiare il significato del lavoro. Non esiste più una traiettoria lineare, non esiste più una stabilità garantita, non esiste più un punto d’arrivo chiaro. Si entra, si esce, si cambia. Si cerca.
In questo contesto, avere un figlio non è solo una scelta personale.
È un investimento.
E come tutti gli investimenti, richiede una previsione sul futuro. Una previsione che oggi, semplicemente, molti non riescono a fare.
C’è poi un altro elemento.
La casa.
Torino è ancora più accessibile di Milano, ma trovare un affitto stabile o pensare di comprare casa resta un ostacolo concreto, soprattutto per i più giovani. Senza casa, la famiglia resta un progetto sospeso.
E poi c’è il lavoro, di nuovo.
Non tanto la mancanza di lavoro in sé, ma la qualità. Orari, flessibilità, possibilità di conciliare vita e professione. La Gen Z ha messo questo tema al centro. Non è disposta a sacrificare tutto per la carriera. Ma allo stesso tempo, senza un certo livello di stabilità, anche la qualità della vita rischia di restare teorica.
Ed è qui che emerge la contraddizione più forte.
Da una parte si cerca equilibrio. Tempo. Benessere.
Dall’altra si rinvia — o si abbandona — l’idea di costruire una famiglia.
Non è necessariamente una rinuncia. Può essere anche una scelta.
Perché rispetto alle generazioni precedenti, oggi il figlio non è più un passaggio “naturale”. È una possibilità tra le altre. E non è detto che sia quella preferita.
Viaggiare, lavorare in modo autonomo, cambiare città, costruire relazioni diverse: sono tutte alternative reali. E spesso incompatibili con un modello familiare tradizionale.
Torino, da questo punto di vista, è un laboratorio.
È una città che ha conosciuto la famiglia industriale, quella costruita attorno a un lavoro stabile, a una casa, a una prospettiva chiara. E che oggi si trova a fare i conti con un modello completamente diverso, più fluido, più incerto, più individuale.
Il risultato è sotto gli occhi di tutti.
Le nascite calano. La popolazione invecchia. I servizi si adattano. Le scuole chiudono o si ridimensionano. I quartieri cambiano.
Non è un fenomeno improvviso. È un processo.
E allora forse la domanda più corretta non è perché si fanno meno figli.
Ma un’altra.
Torino è ancora una città in cui ha senso costruire una famiglia, così come l’abbiamo sempre intesa?
Perché se la risposta è sì, allora il problema è economico e va affrontato con politiche concrete.
Se la risposta è no, allora siamo davanti a qualcosa di più profondo.
Non una crisi.
Ma un cambiamento.
E come tutti i cambiamenti, non si misura solo con i numeri.
Si misura con le scelte.
I più letti
CronacaQui.it | Direttore responsabile: Andrea Monticone
Vicedirettore: Marco Bardesono                                                           Capo servizio cronaca: Claudio Neve
Editore: Editoriale Argo s.r.l. Via Principe Tommaso 30 – 10125 Torino | C.F.08313560016 | P.IVA.08313560016.                      Redazione Torino: via Principe Tommaso, 30 – 10125 Torino      |Tel. 011.6669, Email redazione@torinocronaca.it. Fax. 0116669232 ISSN 2611-2272                                                                                           Amministratore unico e responsabile trattamento dati e sicurezza: Walter Altea 
Registrazione tribunale n° 1877 del 14.03.1950 Tribunale di Milano 
La società percepisce i contributi di cui al decreto legislativo 15 maggio 2017, n. 70. Indicazione resa ai sensi della lettera f) del comma 2 dell’articolo 5 del medesimo decreto legislativo.."
20260710170450,Il Dolomiti,https://www.ildolomiti.it/cronaca/2026/trentino-in-stagnazione-persone-in-difficolta-per-il-costo-della-vita-i-sindacati-contro-la-manovra-finanziaria-emergenza-casa-famiglie-e-rilancio-industria-le-priorita,,,,,,srclc:ita,"""Trentino in stagnazione, persone in difficoltà per il costo della vita "", i sindacati contro la manovra finanziaria: ""Emergenza casa, famiglie e rilancio industria le priorità""
Cgil Cisl Uil del Trentino bocciano la manovra finanziaria della Giunta Provinciale: "" Il Pil pro capite, vale a dire la ricchezza media per abitante, è fermo dal 2023 e le famiglie sono in difficoltà per il costo della vita troppo elevato, per l’emergenza abitativa, per misure di sostegno pubbliche inadeguate. Serve inversione di rotta""
TRENTO. ""Il Trentino è in stagnazione. Il Pil pro capite, vale a dire la ricchezza media per abitante, è fermo dal 2023 e le famiglie sono in difficoltà per il costo della vita troppo elevato, per l’emergenza abitativa, per misure di sostegno pubbliche inadeguate"". E’ questo lo scenario che stamattina Cgil Cisl Uil del Trentino hanno illustrato davanti alla Prima Commissione del Consiglio provinciale riportando una serie di dati che non disegnano una prospettiva rosea per il prossimo futuro e che di fatto ""bocciano la manovra finanziaria della Giunta"".
E i segretari Andrea Grosselli, Michele Bezzi e Walter Largher - sulla base della fotografia del quadro economico locale, confermato dalle analisi puntuali di Istat, Banca d’Italia e Camera di Commercio - hanno dato un giudizio negativo sulla manovra, chiedendo significativi correttivi sia nella direzione di sostenere la ripartenza del settore industriale, trainante per far risalire la produzione di ricchezza in provincia, sia sul piano del welfare pubblico, bocciando senza giri di parole quanto fatto fino ad oggi dall’Esecutivo che, a detta dei sindacati, ha trasformato i sistemi di sostegno provinciale in “una lotteria per pochi beneficiari”. Ad essere chiesto è che le priorità tornino ad essere salute, famiglie ed emergenza abitativa.
In particolare, per portare fuori il Trentino dalla stagnazione e sostenere crescita economica e occupazione di qualità, Cgil Cisl Uil ritengono strategico rilanciare la dinamica industriale puntando su tre fattori per completare e integrare il Piano Prospettiva Trentino 2040.
Il primo strumento, viene specificato, è ""implementare la capacità di analisi degli scenari economici, analisi e dati indispensabili per costruire politiche mirate, tempestive e misurabili"" per sostenere l’innovazione e rilanciare la capacità produttiva dei settori più avanzati della manifattura e dei servizi.
Il secondo fattore chiave, invece è la leva finanziaria. Per Cgil Cisl Uil è necessario che la Provincia ""strutturi meccanismi finanziari evoluti di sostegno agli investimenti"" per permettere alle imprese di diversificare gli strumenti per ottenere liquidità e sostenere gli sforzi di crescita delle start up e delle Pmi anche sul fronte manageriale ed organizzativo.
Terzo elemento è infine indirizzare risorse adeguate sul sistema scolastico e sulle politiche attive e passive del lavoro. ""L’Autonomia deve saper mettere in atto nuove politiche per rafforzare il capitale umano in un contesto di profonda trasformazione del sistema economico. In particolare vanno rafforzate le politiche attive del lavoro potenziando i servizi pubblici per l’impiego e i meccanismi di apprendimento permanente”, hanno ribadito le tre sigle per le quali l’inclusione sociale è un investimento sulla comunità.
A questi tre fattori, per Cgil Cisl Uil, se ne aggiunge un quarto indispensabile: le politiche di welfare locali. Ed è proprio su questo capitolo che l’affondo dei sindacati è più duro con le confederazioni che chiedono investimenti, seri, reali e concreti sulla sanità pubblica, sulle famiglie, sull’emergenza abitativa. Capitolo su cui l’azione della Giunta ad oggi è stata del tutto inadeguata.
“Il tentativo della Giunta provinciale di trasformare l’universalismo selettivo dei moderni sistemi di welfare in qualcosa che assomiglia sempre di più ad una ricca lotteria per pochi beneficiari - rimarcano le sigle - sta progressivamente minando la funzione storica delle politiche di inclusione: ridurre le diseguaglianze e garantire alle lavoratrici ed ai lavoratori, alle pensionate ed ai pensionati la possibilità di soddisfare i bisogni primari dall’accesso alla cura al benessere familiare, all’allontanamento del rischio povertà”.
Cgil Cisl Uil puntano poi il dito contro misure che definiscono “interventi di dubbia efficacia” che nulla hanno inciso sul problema demografico e il calo delle nascite: come - viene specificato - il bonus terzo figlio, né sui bisogni abitativi come i sostegni per l’acquisto e la ristrutturazione di una casa nei 32 comuni trentini maggiormente a rischio spopolamento, rischio peraltro limitatissimo in Trentino. ""Il tutto mentre per un numero crescente di famiglie - spiegano le sigle - la casa resta un miraggio"".
E proprio sulla questione abitativa Cgil Cisl Uil non fanno sconti: ""Calano gli alloggi pubblici, cala il contributo all’affitto: scelte inaccettabili che pagano i nuclei più fragili"".
Ad essere richiesta è una ""netta inversione di rotta, cominciando dall’indicizzazione dell’Icef"". La riforma dell’indicatore e il mancato adeguamento all’inflazione, viene rimarcato, “sono serviti prioritariamente a ridurre la platea dei beneficiari del welfare territoriale e produrre qualche risparmio sulla pelle delle famiglie che sostengono l’Autonomia pagando fino all’ultimo centesimo di tasse e gran parte dell’Irpef devoluta alle casse di Piazza Dante”. E poi il rilancio: ""Anche per questa ragione se non arriveranno risposte soddisfacenti siamo pronti ad avviare iniziative pubbliche"".
Infine la richiesta"" di ampliare gli sgravi Irpef con un decalage fino a 50 mila euro e di stanziare ""maggiori fondi per i miglioramenti contrattuali dei dipendenti pubblici, nella certezza ""che la qualità dei servizi erogati a cittadine e cittadini dipendono anche dall’investimento sulle risorse umane che fanno funzionare il sistema pubblico trentino""."
20260710155410,Il Mattino Di Padova,https://www.mattinopadova.it/regione/veneto-invecchiamento-popolazione-caregiver-assistenza-anziani-2050-eshjjeln,,,,,,srclc:ita,"Veneto sempre più anziano, nel 2050 un over 65 su tre: allarme per assistenza e caregiver
Il Rapporto statistico regionale 2026 fotografa un Veneto sempre più anziano: entro il 2050 un residente su tre avrà più di 65 anni
Un Veneto che invecchia velocemente e che perde il pilastro dell’assistenza: la famiglia. Ecco perché non è un capriccio intessere le maglie di una nuova rete per sostituire un sistema che non solo ha le maglie sfilacciate, ma che in alcuni casi le ha perse con il passare dei decenni.
Si parla di “cura” delle persone nell’accezione più ampia del termine, che fino a pochi anni fa poteva contare su un sistema di mutua assistenza familiare che oggi, complice l’inverno demografico e famiglie più “piccole”, è destinata a scomparire. Sia sufficiente pensare a un dato.
Nel 2025, in tema di caregiver, in Veneto c’erano 3 potenziali adulti per un anziano. Ecco: nel 2050 si prevede un rapporto di uno a uno.
Le prospettive
La fotografia che emerge dalla presentazione del Rapporto statistico regionale 2026 illustrato dall’assessore al Bilancio Filippo Giacinti da un lato, e dall’altro da un convegno di Anap Confartigianato Veneto “La sanità territoriale e i servizi per gli anziani nel Veneto”, parla soprattutto di un «invecchiamento della popolazione, che porta con sé un aumento delle cronicità, impone un nuovo sforzo organizzativo che parta da attenzione e investimenti non solo sulla diagnosi e le cure, ma anche su un approccio che favorisca i sani stili di vita a 360 gradi» le parole dell’assessore alla Sanità Gino Gerosa.
Tanto più che le previsioni indicano che nel 2050 un veneto su tre avrà più di 65 anni e gli over 80 supereranno le 600 mila persone. «Il report della Regione» sintetizza il segretario regionale della Uil Veneto Roberto Toigo, «conferma ciò che ripetiamo da tempo: mettere le persone al centro».
La sostenibilità
A pagare il prezzo più alto sono ancora una volta le donne, in particolare quelle con figli. Il prezzo è pagato soprattutto in termini occupazionali.
Se già molte madri sono “costrette” a chiedere par-time (o in casi limite danno le dimissioni) per la gestione dei figli, le difficoltà aumentano se sopraggiunge la necessità di seguire un familiare anziano non autosufficiente o malato. In generale il report della Regione osserva che «in un’ipotetica situazione di perfetta parità il rapporto tra il tasso di occupazione delle donne con figli piccoli e quello di donne senza figli dovrebbe essere pari a 100, in Veneto si attesta invece al 79,8%. Per far fronte a questa difficoltà molte donne ricorrono al par-time o alle dimissioni».
La galassia
Il tema dell’assistenza, non solo sanitaria, è molto più che attuale. Prendiamo per esempio il capitolo delle cure domiciliari, che già oggi interessa il 12,3% della popolazione anziana in Veneto (ossia quella che supera i 65 anni). Il rovescio della medaglia è nei dati dell’assistenza residenziale.
E anche qui si parte dai numeri: ci sono i 47.506 anziani non autosufficienti e ci sono 10.932 persone con disabilità. Ben 44.396 anziani non autosufficienti usufruiscono di servizi residenziali, 3.115 semi-residenziali. Per quanto concerne le persone con disabilità, 4.286 usufruiscono di servizi di residenzialità, 6.646 di semi-residenzialità.
Il lavoro
Va detto che quando si parla di assistenza, il termine welfare supera di molto l’idea dell’erogazione di prestazioni sanitarie per abbracciare anche istanze psicologiche, affettive, sociali.
Una delle cartine di tornasole di quanto tutto questo impatti nel Veneto che si sta configurando e che in parte esiste già, è nelle 391 mila persone (il 17,5% degli occupati) impegnate nella cosiddetta “galassia” della cura. Il 78,2% sono donne.
In questo capitolo rivestono un ruolo fondamentale i lavoratori domestici. La fotografia che arriva sempre dal report della Regione dice che il 97,6% di colf e badanti sono donne e il 71,6% sono stranieri. Non solo. Uno degli aspetti più significativi descrive la circostanza che il 10,7% di colf e badandi sono laureati. L’età media? Anche la risposta a questa domanda è significativa: 52 anni. Va detto che non tutte le famiglie si possono permettere questo tipo di aiuto (che va dai 900 agli oltre 2 mila euro al mese). Ed è una circostanza che riporta alle donne che sacrificano il lavoro per la famiglia.
Dice Giacinti: «La cura, l’attenzione cioè alle famiglie, agli anziani, ai giovani e a chi ogni giorno si dedica agli altri non rappresenta più soltanto un valore sociale, ma la vera infrastruttura su cui costruire il futuro del Veneto».
Quindi «le trasformazioni demografiche, sociali e culturali, insieme alle persistenti insicurezze economiche, stanno riducendo, infatti, la capacità della famiglia, storicamente il principale ammortizzatore sociale, di sostenere i compiti di cura». «La risposta è un welfare di prossimità, per sanare le disparità ed evitare l'emergere di vere e proprie “periferie della cura”».
Riproduzione riservata © Il Mattino di Padova"
20260710152000,Avvenire,https://www.avvenire.it/chiesa/chiesa-italiana/ragazzi-e-adulti-che-diventano-grandi-assieme-lanspi-cosi-funziona-loratorio_110773,,,,,,srclc:ita,"Ragazzi e adulti che diventano grandi assieme. L'Anspi: così funziona l'oratorio
di Paolo Viana, inviato a Caserta
Da Caserta Giuseppe Dessì, presidente nazionale dell'Associazione Nazionale San Paolo, racconta l’impegno a favore degli spazi che le comunità cristiane dedicano alle nuove generazioni
""Loro guardano alla Mecca e io a Gerusalemme, ma sempre chill’ è ‘u fine"". Coi modi spicci del prete anticamorra, don Stefano Giaquinto ti spiega perché nell’oratorio Anspi di Casagiove (in provincia di Caserta) ci sia anche una piccola moschea. La priorità è tener insieme, ma lontano dalla strada, centinaia di ragazzini figli di commercianti e carcerati, cattolici e musulmani. Il ""fine"" è ascoltarli e curare i loro mali invisibili. Perché, che si tratti di iniziare a relazioni sane con i coetanei o sottrarli a un contesto di ignoranza e violenza, ""sempre quello è il fine"".  Questa inclusività non è soltanto una ""moda"" politica o ecclesiale, ma una ragione sociale: negli oratori che funzionano bambini e ragazzi dettano la linea e la legge dell’amicizia non è scritta nel colore della pelle o della fede. A dividerli, si resta con la chiesa vuota. Tant’è vero che il principio funziona anche quando l’inclusione non investe chi arriva da lontano: ""Faccio l’università e l’educatrice in oratorio, ma ascolto Olly e vado a ballare. Ho avuto la fortuna di incontrare compagne di corso che hanno accettato il lato cattolico della mia vita"", racconta Claudia Pane, inclusiva in oratorio e inclusa dalle amiche, stamane coordina centinaia di bambini del Grest di San Clemente. L’oratorio ""Don Antonio Sapone"" è diretto da Aniello Di Maio. Anche lui vorrebbe includere: sogna che quel contenitore diventi intergenerazionale. Da questo borgo in Terra di Lavoro, ci dice, i giovani fuggono e restano solo ottantenni come lui. ""Siamo cresciuti fortemente nel Mezzogiorno - racconta Giuseppe Dessì, che guida l’associazione nel Casertano, ma è anche presidente nazionale - dove l’oratorio, per caratteristiche ambientali e limiti strutturali, è organizzato diversamente rispetto al Nord. Noi siamo una Rete associativa nazionale riconosciuta che fonde oratorio e circolo giovanile, offrendo tutele civili e fiscali che non erano presenti nelle esperienze precedenti. E proprio perché ci troviamo immersi in un calo demografico, facciamo in modo che i nostri oratori siano anche il luogo d’incontro per tutta la comunità, facendo convergere la pastorale giovanile con quella familiare, culturale e del tempo libero, pur nella totale autonomia del parroco e dei suoi collaboratori"".
Giuseppe, che tutti chiamano Pippo, è alla terza elezione al vertice di un’associazione civile ed ecclesiale che dà un vestito giuridico alle parrocchie, permettendo di svolgere anche attività commerciali (punto ristoro, mensa, ecc.) per le quali servirebbe una partita Iva e uno staff tecnico. Può farlo perché è un ente di promozione sociale iscritto al Runts (Registro unico nazionale del Terzo settore). Uno dei servizi più gettonati è la polizza assicurativa che offre anche la tutela penale per i nostri educatori, per coprire i mille imprevisti dei Grest e dei tornei. ""Facciamo anche molta formazione, fornendo ai circa 1500 oratori aderenti all’associazione sussidi, gadget e quant’altro serva ad animare la vita parrocchiale - precisa - e all’occorrenza inviamo la nostra équipe nazionale di formazione, formata da educatori, psicologi, legali...""  È cresciuto in oratorio e oggi alterna l’attività di avvocato a quella di presidente. Quando parla di questo mondo di campi estivi e corsi di cucito (ma si fanno anche campionati di e-games), Pippo si accalora e diventa inappellabile se si discute di fedeltà alle origini: ""I nostri percorsi prevedono sempre un riferimento catechetico, come insegnava monsignor Belloli (fondatore di Anspi, ndr) e puntiamo all’educazione integrale, sia per i giovani che per gli adulti"".
Il vescovo di Caserta, nonché arcivescovo di Capua, condivide e sostiene. ""L’oratorio deve evolvere da luogo di intrattenimento a luogo di formazione cristiana e umana, coinvolgendo le famiglie"", dice monsignor Pietro Lagnese. Ha appena chiesto all’oratorio san Domenico Savio di Casapulla di farsi ""oratorio in trasferta"": un’iniziativa missionaria tra le case popolari di San Vitaliano.  A pochi chilometri sorge l’oratorio di San Luca Evangelista, costruito anche con i proventi dei concerti di don Filippo Melone. Il parroco pop ammette che ""un’educazione integrale che coinvolga le famiglie non è semplice, ma ci proviamo attraverso i ragazzi; stiamo organizzando una ""cena con delitto"" per ottobre che ci aiuti ad avvicinarli in modo più stabile"". Fuori dai cancelli, lontano dal Grest che insegna ai loro figli che ""giocare seguendo le regole ci si diverte di più"" - come dice l’educatrice che oggi impersona Alice nel Paese delle meraviglie, tema dei Grest 2026 - ottomila persone vivono di agricoltura, allevamento e dei commerci fioriti impetuosamente sulla via Appia. La devozione è ancora forte, ma anche a Casapulla è difficile convincere gli adulti a familiarizzare tra loro. Lo stesso a Santa Maria Capua Vetere: ""La nostra priorità è tenere vicino i giovani stranieri, avvalendoci di SportOratorio, per insegnare loro l’italiano"", spiega Anna Munno, responsabile dell’oratorio san Filippo Neri, ristrutturato con il 5xmille, quindi con un forte sostegno della popolazione.
Commenta Dessì: ""L’avvicinamento alle famiglie è la strada maestra: un oratorio non è baby sitter o asilo. Quando iscriviamo il ragazzo, i genitori sono chiamati a partecipare, a turno, alle attività"". Corretto, ma resta una gran fatica. E per farli entrare fisicamente in parrocchia non devono esserci barriere: ""Nella Chiesa ci sono diverse sensibilità - conferma il presidente - ma noi non abbiamo un nostro carisma, siamo al servizio delle parrocchie, senza distinzioni. Che poi, è di destra o di sinistra un torneo di calcetto?"". Quest’aspirazione a includere e a includersi è talmente forte che quando gli chiediamo perché esistano due organizzazioni ecclesiali che servono gli oratori - da una scissione da Anspi nel 2000 è nata Noi Associazione - la risposta è: ""in pratica, nessuna"". E allora perché siete divisi? ""La nostra governance è condivisa dai Comitati regionali e zonali e al momento del voto ciascuno pesa in proporzione agli iscritti come gli altri, mentre all’epoca l’associazione nel Triveneto aveva un peso di iscritti superiore e chiedeva che il voto fosse ponderato in base agli iscritti di ciascuna regione"". È così difficile riunirsi? ""No, anzi sarebbe un bel segno di Chiesa"". 
© RIPRODUZIONE RISERVATA
Seguici anche su Google Discover di AvvenireTemi"
20260710104307,Anconatoday,https://www.anconatoday.it/formazione/universita/ancona-.html,,,,,,srclc:ita,"Foundation Year all'Università Politecnica delle Marche: porte aperte agli studenti dell'Asia Centrale
Un programma innovativo pensato per accompagnare studentesse e studenti internazionali
L’Università Politecnica delle Marche rafforza la propria vocazione internazionale con il lancio del Foundation Year, un programma innovativo pensato per accompagnare studentesse e studenti internazionali, in particolare provenienti dal Kazakistan e dall’Asia Centrale, verso un accesso consapevole e graduale al sistema universitario italiano.
Il progetto nasce nell’ambito della consolidata collaborazione con atenei kazachi, a partire dalla Zhetysu University di Taldykorgan, e rappresenta un modello all’avanguardia nel panorama accademico nazionale, capace di coniugare qualità didattica, integrazione culturale e orientamento accademico.
Il programma Foundation Year, si articola in due semestri complementari: il primo semestre si svolge in Kazakistan, presso la KazGASA University nella città di Almaty, importante hub internazionale facilmente collegato con l’Italia; il secondo semestre si tiene nelle Marche, con attività didattiche a Fabriano e il coinvolgimento delle strutture universitarie di Ancona.
UNIVPM è la prima Università italiana a realizzare questo modello di Foundation Year che prevede sei mesi all’estero e sei mesi in Italia; negli altri Atenei, in cui è attivo, il programma si svolge interamente nel nostro Paese.
Questa struttura consente un percorso di transizione graduale, facilitando l’ingresso degli studenti nel contesto accademico e culturale italiano e colmando il divario nei sistemi scolastici. 
Il programma offre la possibilità di scegliere tra due distinti ambiti di studio: Economics, Business and Law, per chi è interessato alle discipline economico-giuridiche; Area biologico-sanitaria, per chi intende intraprendere studi nell’ambito della salute e delle scienze della vita.
Un’offerta formativa flessibile e mirata che permette a ciascuno studente di orientarsi in base alle proprie attitudini e aspirazioni, preparando al proseguimento nei corsi di laurea dell’Ateneo.
Il semestre italiano del Foundation Year si svolge a Fabriano, città con una forte vocazione internazionale, nota nel mondo per la tradizione della carta e della filigrana. Riconosciuta come Città Creativa UNESCO, Fabriano rappresenta un contesto ideale per accogliere studenti internazionali grazie a una dimensione sicura e a misura di studente; un ricco patrimonio culturale e artistico; una posizione strategica, baricentrica rispetto ad Ancona e ai principali collegamenti nazionali.
Elemento qualificante del progetto è la collaborazione con la Fondazione Carifac, impegnata nello sviluppo sociale e culturale del territorio e nel sostegno ai giovani. La Fondazione offrirà supporto non solo nelle attività didattiche, ma anche nei servizi di accoglienza, dall’alloggio alla vita quotidiana, contribuendo a creare un ambiente inclusivo e stimolante per la crescita personale e professionale degli studenti.
“Il Foundation Year non solo si inserisce nella più ampia strategia di internazionalizzazione dell'Università Politecnica delle Marche - spiega il Rettore, Enrico Quagliarini - ma rappresenta anche uno strumento fondamentale per promuovere il sistema universitario italiano in Asia Centrale. Si tratta di un modello innovativo per il sistema accademico nazionale, capace di rafforzare i legami con gli atenei stranieri e di attrarre talenti. La scelta di Fabriano - sottolinea Quagliarini - non è casuale: portare un flusso internazionale di questa portata nell'entroterra, diventa una risposta concreta all’inverno demografico e al rilancio economico"".
""Il lancio del Foundation Year è anche una scommessa organizzativa che l'Ateneo ha voluto raccogliere con convinzione – dichiara il Direttore Generale, Alessandro Iacopini – perché l’internazionalizzazione richiede non solo attrattività, ma processi solidi di accoglienza, accompagnamento e integrazione. Il progetto si fonda su un impianto organizzativo pensato per guidare e sostenere gradualmente studenti e studentesse mettendo in relazione supporto amministrativo, tutoraggio e orientamento didattico, assistenza logistica e attenzione alla dimensione personale dell’inserimento. È un impegno che l'Ateneo assume con responsabilità e in piena sinergia con la Fondazione CARIFAC e il Comune di Fabriano.""
“Siamo orgogliosi che l'Università Politecnica delle Marche abbia proposto Fabriano come città ospitante del semestre del Foundation Year 2026/2027 - afferma la sindaca di Fabriano Daniela Ghergo. È un progetto che guarda al futuro e risponde a una delle sfide più importanti dei prossimi anni: attrarre giovani, valorizzare il capitale umano e creare nuove opportunità di crescita. Il Comune di Fabriano sosterrà questa iniziativa coinvolgendo il tessuto economico e sociale della città. Metteremo a disposizione aule e spazi studio, organizzeremo giornate dedicate all'orientamento e collaboreremo attivamente alla realizzazione del progetto secondo le modalità che saranno definite nel protocollo d'intesa. La nostra è una città accogliente e sicura, ricca di bellezze artistiche e naturalistiche e con un'elevata qualità della vita. Accogliere giovani provenienti da altri Paesi significa favorire l'internazionalizzazione del territorio, creare nuove relazioni e rafforzare il legame tra università, impresa e comunità. Ringrazio l'Università Politecnica delle Marche per aver proposto Fabriano e la Fondazione CARIFAC per il sostegno a questa iniziativa”.
“Come attivatore di capitale sociale e umano, Fondazione Carifac ha sostenuto fin dall’inizio l’alto valore formativo del progetto – dichiara la Presidente di Fondazione Carifac, Rosa Rita Silva - consolidando il proprio ruolo di partner strategico sul territorio. In coerenza con la propria missione istituzionale, che vede nei giovani uno dei target di riferimento, l’Ente ha promosso reti di dialogo tra più attori e implementato un modello di accoglienza sinergico per il Foundation Year. L’obiettivo è garantire i migliori servizi dedicati agli studenti e di supporto all’attività didattica, ponendo le basi per il futuro personale e professionale dei cittadini di domani”."
20260710102401,Vita It,https://www.vita.it/idee/che-differenza-ce-fra-un-educatore-e-un-educatore-cooperatore-sociale/,,,,,,srclc:ita,"L'intervento del presidente di Confcooperative dell'Adda: «La differenza sta tutta nel livello di adesione al progetto di cambiamento che l’impresa intende perseguire. Nel caso delle cooperative non si tratta infatti di individuare dei “profili” da inserire, ma di condividere con... L'articolo Che differenza c’è fra un educatore e un educatore cooperatore sociale? proviene da Vita.it ."
20260710100600,Newsrimini,https://www.newsrimini.it/ultima-ora/assunzioni-per-il-prossimo-trimestre-un-lavoratore-su-tre-sara-immigrato,,,,,,srclc:ita,"Assunzioni: per il prossimo trimestre un lavoratore su tre sarà immigrato
Per la Romagna, come per il resto del paese, si conferma il ruolo determinante dei migranti per coprire le necessità di imprese e del mondo del lavoro in generale. Secondo le analisi occupazionali diffuse dalla Camera di commercio della Romagna, gli ingressi previsti (entrate per assunzioni a tempo indeterminato e determinato e per attivazioni di forme di lavoro flessibile) nelle province di Forlì-Cesena e Rimini, per il terzo trimestre luglio-settembre 2026 sono 24.620.
Gli ingressi previsti nel mese di luglio sono complessivamente 10.960, di cui 6.090 a Rimini e 4.870 a Forlì-Cesena. Il dato rappresenta un ridimensionamento dei balzi precedenti (fino al 32,2%) al 22,9% del dato regionale di 47.900, corrispondente a sua volta all’8.4% degli ingressi previsti in Italia (568.000) incidenza pressoché costante.
Nonostante le polemiche politiche, il ruolo dei lavoratori immigrati è diventato negli ultima tempi strutturale ed essenziale per mitigare il grave e continuo declino demografico e il progressivo invecchiamento della popolazione.
Già nel 2025, le imprese italiane prevedevano di attivare oltre 1,35 milioni di contratti per lavoratori immigrati, segnando un record storico con un'incidenza del 23,4% sul totale delle assunzioni. Nove assunzioni su dieci riguardano stranieri già residenti in Italia, confermando l'importanza dell'immigrazione per garantire il turnover aziendale. Eppure gli immigrati restano intrappolati in mansioni a bassa qualificazione (oltre il 54% sono laureati), divari salariali e maggiore precarietà. Contestualmente, le imprese registrano un tasso di difficoltà di reperimento per i lavoratori immigrati (53,7%) paradossalmente superiore a quello degli italiani, evidenziando un profondo disallineamento tra le competenze richieste e quelle disponibili.
“Una politica normale deve prendere in considerazione la scelta se promuovere la crescita o promuovere il declino. Rifiutando la scelta del declino, vi è la necessità di attuare politiche di inserimento delle persone immigrate nel contesto sociale e legale, di educazione basilare linguistica e di educazione civica, di integrazione con politiche abitative e familiari, di formazione necessaria ad acquisire le competenze professionali richieste. Contestualmente, nei confronti di quanti si comportano in modo penalmente rilevante, va attuata una decisa azione di respingimento. Tali politiche avranno sicuramente un impatto positivo sulla capacità produttiva delle imprese e sul rafforzamento dei consumi interni” – dichiara Carlo Battistini, presidente della Camera di commercio della Romagna.
In questo contesto l'Emilia-Romagna registra un tasso di difficoltà nel reperire manodopera (calcolato sul totale, italiani e stranieri) pari al 50,4% (la media nazionale è il 47%) e si rivolge di più all'immigrazione.
È la terza regione italiana per numero di entrate programmate di personale immigrato nel 2025, con ben 151.230 assunzioni previste. La precedono solo Lombardia (301.250) e Veneto (153.060). Si colloca inoltre al secondo posto a livello nazionale (preceduta solo dal Trentino-Alto Adige) per incidenza della manodopera immigrata sul totale delle assunzioni previste: il 30,6%, pari a quasi un ingresso in azienda su tre.
In provincia di Rimini gli ingressi previsti (entrate per assunzioni a tempo indeterminato e determinato e per attivazioni di forme di lavoro flessibile) per il terzo trimestre 2026, sono 12.290.
Per il mese di luglio le entrate previste sono 6.090, non lontane dai livelli di aprile (6.810), ma con una variazione prevista, rispetto allo stesso mese del 2025, di -490 unità. I 5 principali settori di attività, in valore assoluto, risultano ancora i servizi di alloggio/ristorazione/turismo, con ben 3.450 ingressi previsti, i servizi alle persone con 790, il commercio con 530, i servizi operativi a supporto delle imprese e delle persone con 290 e le costruzioni con 250.
Le entrate previste si concentrano per il 89% nel settore servizi, che comprende commercio, alloggio e ristorazione, servizi alle imprese e alle persone e nell’78% dei casi in imprese con meno di 50 dipendenti, micro e piccole.
Preponderante l’impiego dei contratti a tempo determinato, costanti in misura pari all’81%.
Una quota pari al 32% delle assunzioni previste riguarderà giovani con meno di 30 anni, mentre il 30% delle imprese prevede di assumere personale immigrato.
Nel 54% delle entrate viene richiesta esperienza professionale specifica o nello stesso settore, ma in 38 casi su 100 si prevedono difficoltà a trovare i profili desiderati da parte delle imprese."
20260710100131,Canale Energia,https://www.canaleenergia.com/rubriche/scenari/la-demografia-non-e-un-destino-mappa-delle-vulnerabilita-tra-clima-e-nascite/,,,,,,srclc:ita,"Il vecchio assioma geopolitico — la demografia è destino — viene appositamente capovolto dal Population Institute nel titolo del suo media briefing Demography, Not Destiny, organizzato il 9 luglio per il lancio del nuovo report “Population and Climate Change Vulnerability”, edizione 2026.
Alla vigilia della Giornata mondiale della popolazione dell’11 luglio, l’incontro mira a smontare una tentazione: quella di considerare le variazioni strutturali di una popolazione come una variabile rigida, in grado di determinare l’evoluzione socioeconomica di una società. Perché sì, è vero che nei paesi più esposti alla crisi climatica la popolazione cresce a ritmi doppi rispetto alla media globale. E’ vero che le economie ricche sono segnate da invecchiamento e contrazione. Ma sono le cornici politiche a trasformare quei trend in resilienza o vulnerabilità.
In una tavola rotonda che mette insieme la presidente del Population Institute Kathleen Mogelgaard, la responsabile della Divisione Popolazione dell’ONU Cheryl Chriss Sawyer, e voci dal Sud globale come Niona Nakuya Kasekende di Regenerate Africa, si accendono i fari sull’intersezione tra dinamiche demografiche, ambiente e autonomia riproduttiva.
Più vulnerabili, più numerosi
Al centro dell’analisi, un legame tanto evidente quanto trascurato dalle agende politiche: nei Paesi più esposti agli shock climatici, la popolazione cresce a ritmi significativamente più rapidi rispetto alla media mondiale. Questa pressione demografica agisce come un moltiplicatore di vulnerabilità, logorando la forza di adattamento di intere comunità. I bisogni umani in aumento si scontrano con pressioni crescenti dovute a fenomeni meteorologici e idrici sempre più estremi.
L’indagine incrocia i dati sociosanitari e di genere delle ottanta nazioni più fragili secondo l’indice Notre Dame Global Adaptation Initiative, e punta il dito contro una falla metodologica: la stragrande maggioranza dei Piani di Adattamento Climatico ignora i fattori demografici e non prevede interventi per governarli.
Ma una via d’uscita esiste. Attraverso l’analisi di cinque casi studio – dal Bangladesh al Niger, fino alle contraddizioni interne degli Stati Uniti – il report mostra come il sostegno all’autonomia riproduttiva e all’equità di genere sia una leva fondamentale. Garantire la libertà di scelta riproduttiva significa non solo rallentare la crescita demografica, ma dotare la generazione presente degli strumenti necessari per resistere alla crisi climatica.
I messaggi chiave
Il divario demografico: la popolazione globale rallenta, ma negli 80 Stati più vulnerabili al clima cresce all’1,6% annuo (il doppio della media mondiale). In 17 di questi Paesi il ritmo è addirittura triplo.
Il moltiplicatore di rischio: la crescita demografica rapida acuisce la vulnerabilità climatica: aumenta l’esposizione umana agli shock, minaccia l’accesso ad acqua e cibo e frena la capacità di adattamento delle società.
Il fattore di genere: la crisi climatica colpisce duramente le donne, riducendo le risorse sanitarie e alimentando piaghe come violenze, matrimoni precoci e tratta. Integrare l’equità di genere nei piani di risposta è l’unica via per costruire resilienza.
Piani climatici inadeguati: la stragrande maggioranza delle strategie attuali ignora i fattori demografici e non prevede interventi di emancipazione. I piani d’azione saranno efficaci solo se integrano l’empowerment femminile: investire in salute e autonomia riproduttiva è la leva strategica per spezzare la pressione demografica nel lungo periodo.
Modelli globali: le iniziative integrate in Bangladesh, Niger, Filippine, Uganda e Stati Uniti dimostrano che unire diritti, genere e azione climatica traccia la strada verso un futuro più giusto e sostenibile.
L’atlante frammentato della demografia globale
I dati del dipartimento demografico delle Nazioni Unite fissano la popolazione mondiale a 8,3 miliardi a metà del 2026, proiettando la crescita costante per i prossimi cinquant’anni fino a un picco stimato di 10,3 miliardi di persone a metà degli anni 2080. La popolazione planetaria raggiungerà il picco entro il XXI secolo, per poi avviare una decrescita estremamente graduale che la attesterà a 10,2 miliardi nel 2100.
Eppure, la traiettoria si sgretola se analizzata a livello locale. Le analisi ONU, condotte su 237 Paesi, rivelano un mondo diviso in tre blocchi asimmetrici:
- 63 Paesi (28% della popolazione mondiale) hanno già raggiunto il picco demografico;
- 48 Paesi lo raggiungeranno entro i prossimi trent’anni;
- 126 (62%) continueranno a crescere almeno fino al 2050.
Nei Paesi in cui la popolazione è già in calo, la contrazione a breve termine sarà modesta (14%), ma in assenza di flussi migratori e con tassi di natalità bassi, alcune nazioni rischiano di dimezzare la propria popolazione entro il 2100.
“Vorrei fare una precisazione sulla distribuzione di questo cambiamento demografico. Non ovunque nel mondo la popolazione cresce nella stessa misura: le nascite si concentreranno soprattutto in Africa e in pochi altri paesi che mantengono ancora un’alta fertilità, ma il grosso sarà comunque in Africa. Però, lì i consumi sono molto bassi […] Credo che il punto decisivo non sia tanto la crescita demografica in sé, quanto i consumi nei paesi dove sono già altissimi”, ha commentato Cheryl Chriss Sawyer, capo Divisione Tendenze Demografiche delle Nazioni Unite.
L’indicatore chiave di questa metamorfosi è il tasso di fertilità globale, sceso a una media di 2,25 figli per donna (un calo di oltre un figlio rispetto al 1990). Anche in questo caso il dato si polarizza: si passa da tassi record vicini a 6 figli in alcune aree dell’Africa centrale, a indici inferiori a 1 nell’Asia orientale.
Questo calo della natalità, combinato con l’allungamento dell’aspettativa di vita, sta accelerando l’invecchiamento della popolazione in tutto il mondo, anche se con velocità diverse: se l’Europa occidentale ha impiegato 60 anni per raddoppiare la quota di over 65 (dal 10% al 20%), l’Europa dell’Est compirà la stessa transizione in soli 20 o 30 anni.
In questo scenario frammentato, le migrazioni internazionali agiscono come un potente fattore correttivo.
Fertilità: un’altra chiave di lettura
La tendenza generale va verso la bassa natalità. Il ritmo della crescita mondiale sta rallentando e la popolazione toccherà un picco intorno agli anni 2080 per poi iniziare a scendere. E in gran parte del mondo industrializzato, la natalità è già sotto la soglia di ricambio generazionale.
Ma il dato sulla fertilità viene letto non come un destino ineluttabile ma come il risultato modificabile di politiche pubbliche. Laddove si investe nella capacità di scelta degli individui, la fertilità si stabilizza naturalmente a livelli sostenibili. Soprattutto per i paesi più vulnerabili, la fertilità è letta come un indicatore di successo, una spia dello stato dei diritti e di sviluppo sociale. Non è quasi mai il frutto della volontà di avere famiglie numerose. Se il dato è alto è perché manca l’accesso ai servizi di pianificazione familiare. È la misura di una disuguaglianza logistica e mancanza di scelta.
In definitiva, però, emerge un altro elemento da considerare in quei due miliardi che ci allontanano dal picco previsto entro fine secolo: i consumi. La crescita demografica non avverrà nello stesso modo ovunque: si concentrerà proprio in quelle aree del mondo che consumano meno. La vera sfida non sono i 10 miliardi di persone in sé, ma l’incrocio tra l’aumento della popolazione e l’esplosione dei consumi quando i Paesi poveri diventeranno più ricchi. Lo abbiamo già visto.
Per ricevere quotidianamente i nostri aggiornamenti su energia e transizione ecologica, basta iscriversi alla nostra newsletter gratuita
e riproduzione totale o parziale in qualunque formato degli articoli presenti sul sito."
20260710093539,Affaritaliani,https://www.affaritaliani.it/politica/sondaggi-politici-non-solo-swg-ancora-sorprese-dai-partiti-se-si-votasse-oggi-sarebbe-un-problema.html,,,,,,srclc:ita,"Sondaggi politici: Futuro Nazionale continua a crescere (5,8%), Fratelli d’Italia in calo. 9 italiani su 10 bocciano Trump
Fratelli d’Italia scivola a un nuovo minimo storico, mentre Futuro Nazionale prosegue la sua ascesa e la fiducia in Giorgia Meloni tocca il punto più basso mai registrato. Sono questi i dati principali dell’ultimo sondaggio realizzato da Termometro Politico e diffuso il 9 luglio 2026, che fotografa anche l’opinione degli italiani su alcuni temi caldi della settimana: il messaggio di Papa Leone a Lampedusa sull’accoglienza, le pressioni di Trump nel caso del calciatore Balogun ai Mondiali, il silenzio di Meloni di fronte all’ultimo attacco del presidente statunitense e la percezione di una possibile “regia” dietro i flussi migratori.
Intenzioni di voto al 9 luglio 2026
Sul fronte elettorale, Fratelli d’Italia perde 0,4 punti e scende al 27,5%, toccando il nuovo minimo storico della serie. Prosegue invece la crescita di Futuro Nazionale, che guadagna 0,6 punti arrivando al 5,8% – nuovo record per il partito di Vannacci, cresciuto di oltre un punto nell’ultimo mese e sempre più vicino alla soglia del 6%, con Lega e AVS nel mirino.
Il PD sale leggermente, di un decimo di punto, al 21,6%, mentre il M5S guadagna 0,2 punti arrivando al 12,5%. Nel centrodestra, Forza Italia resta stabile al 7,8%, la Lega recupera un decimo salendo al 6,5% (pur restando in un trend negativo nelle ultime settimane) e AVS perde 0,2 punti, scendendo al 6,4%. Al centro, Italia Viva sale al 2,6% e Azione al 2,9%: nessuno dei due partiti supera, singolarmente, la soglia di sbarramento del 3%.
La fiducia nei confronti della premier scende al 36,8% (22,9% “molto” più 13,9% “abbastanza”), con un calo di 0,9 punti rispetto alla settimana precedente e il valore più basso mai registrato dalla serie storica del sondaggio. Il 52,4% dichiara di non avere alcuna fiducia in Meloni, mantenendo il dato complessivo di sfiducia sopra la soglia del 60%.
Leggi anche: Di Battista e il rischio “effetto Vannacci” anche a sinistra. Ma bisognerà aspettare ottobre
Il discorso del Papa a Lampedusa
Le parole del Pontefice sull’accoglienza dei migranti raccolgono un’approvazione maggioritaria, seppure articolata. Circa un terzo degli intervistati (31,8%) le condivide pienamente, ritenendo che la tutela della vita umana debba avere priorità assoluta. Un ulteriore 22,3% è sostanzialmente d’accordo, ma pone due condizioni: un maggiore coinvolgimento del resto d’Europa e controlli più stringenti contro la criminalità. Insieme, questi due gruppi arrivano al 54,1% di consensi. Sul versante opposto si colloca il 26,2%, che pur non negando il dovere del soccorso in mare chiede rimpatri più efficaci, mentre il 17,8% esprime posizioni molto più radicali, arrivando ad accusare il Papa di favorire involontariamente il declino demografico e culturale legato all’immigrazione. Le due posizioni critiche sommate toccano il 44%. È interessante notare che, guardando alle singole risposte più scelte, il consenso pieno (31,8%) e la richiesta di rimpatri più severi (26,2%) sono in realtà le due opzioni più gettonate in assoluto.
Quasi 9 italiani su 10 bocciano le pressioni di Trump
Il tema che genera la reazione più compatta è quello legato alle pressioni di Trump per far revocare la squalifica del giocatore statunitense Balogun ai Mondiali. Il 65,7% del campione parla apertamente di prevaricazione da parte del presidente USA e di corruzione ai vertici della FIFA, chiedendo una presa di posizione collettiva da parte di squadre e federazioni. Un ulteriore 21% condivide il giudizio critico, ma con toni più rassegnati, considerando il calcio un ambiente storicamente corrotto in cui Trump si limiterebbe a essere più diretto degli altri. Sommando le due posizioni critiche si arriva all’86,7%, uno dei livelli di convergenza più alti mai registrati dal sondaggio su un singolo argomento. Solo il 5,3% considera la vicenda una semplice, per quanto insolita, applicazione del regolamento FIFA, mentre appena l’1,1% si schiera apertamente con Trump. Il 6,9% non si esprime.
Rispetto alla scelta della premier di non rispondere all’ultima provocazione di Trump, il 43% la approva senza riserve, ritenendo il silenzio sprezzante la reazione più efficace. Un altro 11,3% arriva alla stessa conclusione pratica ma per ragioni opposte: Meloni avrebbe comunque tradito gli ideali del suo elettorato, quindi tanto varrebbe restare in silenzio. Sommando le due posizioni, il 54,3% approva la linea del silenzio – un dato che però non equivale a un giudizio positivo complessivo sulla gestione del rapporto con Trump.
Tra i critici, il 26,1% vede nel silenzio l’ennesima conferma della subordinazione italiana rispetto a Washington e avrebbe voluto una protesta ufficiale e decisa, mentre il 14,4% avrebbe preferito quantomeno una risposta ironica, senza però accettare passivamente l’attacco. I critici, sommati, arrivano al 40,5%. Come già emerso la settimana precedente su un tema simile, la maggioranza relativa non interpreta la linea della premier come un cedimento, ma la quota di chi la critica resta comunque consistente.
Oltre 6 italiani su 10 credono in una “regia” dietro l’immigrazione
Alla domanda sull’esistenza di un disegno organizzato dietro i flussi migratori, il 36,1% risponde in modo netto: sarebbe in atto un piano orchestrato dai poteri politici ed economico-finanziari, finalizzato alla sostituzione etnica e allo sfruttamento di manodopera a basso costo. È la risposta singola più diffusa. A questa si aggiungono l’8,8% che ammette l’esistenza di un disegno del genere ma lo giudica in buona fede, pur ritenendolo sbagliato, e il 16,9% che parla di una regia solo parziale, portata avanti da una parte del potere che avrebbe capito come trarre vantaggio da un fenomeno ormai inarrestabile. Sommando le tre posizioni, si arriva al 61,8% di italiani che non escludono una qualche forma di regia.
Il 34,6%, invece, respinge del tutto questa lettura, considerando l’immigrazione un fenomeno storico che nessuna politica potrebbe davvero controllare o innescare a piacimento. Il dato conferma quanto le teorie legate a una presunta regia dell’immigrazione siano oggi diffuse in modo maggioritario nell’opinione pubblica italiana."
20260710090926,Riminitoday,https://www.riminitoday.it/economia/lavoro-rimini-previste-oltre-12-mila-assunzioni-una-su-tre-stranieri.html,,,,,,srclc:ita,"Lavoro, a Rimini previste oltre 12 mila assunzioni: una su tre sarà per cittadini stranieri
Le stime della Camera di commercio per il terzo trimestre indicano 12.290 ingressi nel mercato del lavoro. Turismo ancora trainante, ma le imprese faticano a trovare personale
Dalle analisi occupazionali diffuse dalla Camera di commercio della Romagna, gli ingressi previsti (entrate per assunzioni a tempo indeterminato e determinato e per attivazioni di forme di lavoro flessibile) nelle province di Forlì-Cesena e Rimini, per il terzo trimestre luglio-settembre 2026 sono 24.620.
Gli ingressi previsti nel mese di luglio sono complessivamente 10.960, di cui 6.090 a Rimini e 4.870 a Forlì-Cesena. Il dato rappresenta un ridimensionamento dei balzi precedenti (fino al 32,2%) al 22,9% del dato regionale di 47.900, corrispondente a sua volta all’8.4% degli ingressi previsti in Italia (568.000) incidenza pressoché costante.
Focus lavoratori immigrati
Il ruolo strutturale dell'immigrazione nel mercato del lavoro italiano è divenuto essenziale per mitigare il grave e continuo declino demografico e il progressivo invecchiamento della popolazione. Nel 2025, le imprese italiane prevedevano di attivare oltre 1,35 milioni di contratti per lavoratori immigrati, segnando un record storico con un'incidenza del 23,4% sul totale delle assunzioni.
Nove assunzioni su dieci riguardano stranieri già residenti in Italia, confermando l'importanza dell'immigrazione per garantire il turnover aziendale. Nonostante questa elevata domanda, concentrata soprattutto nei servizi, nell'industria e nel settore primario, persistono gravi criticità qualitative. Gli immigrati restano intrappolati in mansioni a bassa qualificazione (oltre il 54% sono laureati), divari salariali e maggiore precarietà. Contestualmente, le imprese registrano un tasso di difficoltà di reperimento per i lavoratori immigrati (53,7%) paradossalmente superiore a quello degli italiani, evidenziando un profondo disallineamento tra le competenze richieste e quelle disponibili.
“Una politica normale deve prendere in considerazione la scelta se promuovere la crescita o promuovere il declino. Rifiutando la scelta del declino, vi è la necessità di attuare politiche di inserimento delle persone immigrate nel contesto sociale e legale, di educazione basilare linguistica e di educazione civica, di integrazione con politiche abitative e familiari, di formazione necessaria ad acquisire le competenze professionali richieste. Contestualmente, nei confronti di quanti si comportano in modo penalmente rilevante, va attuata una decisa azione di respingimento. Tali politiche avranno sicuramente un impatto positivo sulla capacità produttiva delle imprese e sul rafforzamento dei consumi interni” dichiara Carlo Battistini, presidente della Camera di commercio della Romagna.
L'Emilia-Romagna registra un tasso di difficoltà nel reperire manodopera (calcolato sul totale, italiani e stranieri) pari al 50,4% (la media nazionale è il 47%) e si rivolge di più all'immigrazione. È la terza regione italiana per numero di entrate programmate di personale immigrato nel 2025, con ben 151.230 assunzioni previste. La precedono solo Lombardia (301.250) e Veneto (153.060). Si colloca inoltre al secondo posto a livello nazionale (preceduta solo dal Trentino-Alto Adige) per incidenza della manodopera immigrata sul totale delle assunzioni previste: il 30,6%, pari a quasi un ingresso in azienda su tre.
A livello di competenze professionali, le richieste delle imprese emiliano-romagnole per il 2025 si concentrano prevalentemente su: operai specializzati e conduttori di impianti (36,1%); impiegati e professioni qualificate nelle attività commerciali e nei servizi (33,0%); professioni non qualificate (23,8%); dirigenti, professioni specializzate e tecnici (7,1%).
La ripartizione territoriale della domanda prevista per il 2025 delinea priorità e situazioni eterogenee a livello provinciale. La provincia di Bologna si colloca al 9° posto assoluto in Italia per numero di ingressi di personale immigrato previsti, 31.630, pari al 2,3% del totale nazionale.
A seguire, Modena registra 21.910 entrate programmate, Parma 17.000, Ravenna 15.870, Forlì-Cesena 15.680 e Reggio Emilia 13.670. Rimini registra 13.660 entrate programmate; in questo territorio a forte vocazione turistica il 52,6% di richiesta è concentrata in ""impiegati e addetti vendita e servizi"". Piacenza con 12.350 entrate programmate si distingue per avere l'incidenza più alta in regione (39,7%) di lavoratori immigrati rispetto al totale delle assunzioni previste sul territorio. Ultima per numero di entrate programmate, 9.450, è la provincia di Ferrara, ma le imprese ferraresi sono quelle che incontrano la maggiore difficoltà di reperimento in regione per il personale immigrato, toccando quota 64,5.
Le previsioni occupazionali per il terzo trimestre 2026
Le previsioni occupazionali provinciali diffuse dalla Camera di commercio della Romagna sono elaborate dalle analisi di Excelsior Informa, il Bollettino mensile con orizzonte trimestrale sui fabbisogni occupazionali delle imprese industriali e dei servizi, realizzato da Unioncamere, Ministero del Lavoro e delle Politiche Sociali e dalle Camere di commercio italiane.
In provincia di Rimini gli ingressi previsti (entrate per assunzioni a tempo indeterminato e determinato e per attivazioni di forme di lavoro flessibile) per il terzo trimestre 2026, sono 12.290.
Per il mese di luglio le entrate previste sono 6.090, non lontane dai livelli di aprile (6.810), ma con una variazione prevista, rispetto allo stesso mese del 2025, di -490 unità. I 5 principali settori di attività, in valore assoluto, risultano ancora i servizi di alloggio/ristorazione/turismo, con ben 3.450 ingressi previsti, i servizi alle persone con 790, il commercio con 530, i servizi operativi a supporto delle imprese e delle persone con 290 e le costruzioni con 250.
Le entrate previste si concentrano per il 89% nel settore servizi, che comprende commercio, alloggio e ristorazione, servizi alle imprese e alle persone e nell’78% dei casi in imprese con meno di 50 dipendenti, micro e piccole. Preponderante l’impiego dei contratti a tempo determinato, costanti in misura pari all’81%. Una quota pari al 32% delle assunzioni previste riguarderà giovani con meno di 30 anni, mentre il 30% delle imprese prevede di assumere personale immigrato.
Nel 54% delle entrate viene richiesta esperienza professionale specifica o nello stesso settore, ma in 38 casi su 100 si prevedono difficoltà a trovare i profili desiderati da parte delle imprese."
20260710082617,Avanti,https://avantionline.it/pensioni-cosa-dicono-i-dati-dellultimo-rapporto-inps/,,,,,,srclc:ita,"Pensioni
I DATI DELL’ULTIMO RAPPORTO INPS
Al 31 dicembre 2025 i pensionati erano circa 16,4 milioni (16.388.149 complessivi, 15.794.919 quelli Inps), di cui 8 milioni di maschi e 8,4 milioni donne. La spesa lorda delle pensioni complessivamente erogate è stata di circa 371 miliardi di euro, in leggero rialzo dai 364 mld del 2024. È quanto rileva il rapporto annuale dell’Inps. Nonostante costituiscano la quota maggioritaria sul totale dei pensionati (51%), le donne hanno percepito il 44% dei redditi pensionistici, pari 63 miliardi di euro contro i 207 miliardi dei maschi. In confronto al 2024, l’importo medio lordo mensile dei redditi pensionistici è cresciuto dell’1,3% ed è risultato pari a 1.885,11 euro.
Persiste ancora il gap di genere.
L’importo dei redditi incassati dagli uomini è infatti stato superiore a quello delle donne di circa il 34% (2.165,78 euro per gli uomini, 1.619,39 per le donne)
Dal 1995 al 2025 l’età effettiva di accesso alla pensione è salita di 7 anni e 3 mesi fa notare l’Inps sottolineando che lo scorso anno l’età media era di 64 anni e 10 mesi (64,8 anni nel 2024). Il totale delle pensioni, dunque, conferma la salita progressiva dell’età media alla decorrenza relativa ai lavoratori dipendenti del settore privato a carico del fondo pensione lavoratori dipendenti
Nel 2025 per i 21,045 milioni di dipendenti pubblici e privati (esclusi operai agricoli e domestici; quelli pubblici sono 3,7 milioni) la retribuzione lorda media annua effettiva è stata pari a 27.649 euro, con un incremento del 3,6% rispetto all’anno precedente e del 14,5% in confronto al 2019. Il valore mediano della retribuzione annuale netta dei dipendenti full year full time tra il 2019 e il 2025 è progredito del 19,2% recuperando di fatto l’inflazione.
Nel 2025 i beneficiari di almeno una giornata di Naspi risultano pari a 2,845 milioni, in lieve rialzo dello 0,4% rispetto all’anno precedente (nel 2024, a fronte di 2,834 milioni di beneficiari, la crescita era stata più sostenuta e pari al +3,7% in confronto al 2023). Nel 2025 l’ampliamento dei beneficiari si colloca in un contesto di moderata espansione dell’occupazione, con una dinamica più contenuta rispetto all’anno precedente sia per i contratti a termine (+0,3%) che per quelli a tempo indeterminato (+1,2%). Prosegue, inoltre, la riduzione dei trattamenti riferiti ai lavoratori domestici (-5,6%), in linea con il decremento già riscontrato nel 2024 (-5,8%) e coerente con la contrazione osservata nel settore
“I risvolti sociali della transizione demografica sono quelli che più di tutti mettono alla prova il nostro modello di protezione sociale. L’Italia è un Paese che invecchia, che fa meno figli, che vive più a lungo, che chiede alle famiglie di sostenere una parte enorme della cura quotidiana. La denatalità non è soltanto un fenomeno demografico, ma una domanda sul futuro”. Lo ha detto il presidente dell’Inps, Gabriele Fava, illustrando alla Camera il rapporto annuale dell’Istituto previdenziale
Tra il 2019 e il 2025 i lavoratori extra-Ue “sono lievitati di oltre il 35% e oggi un lavoratore dipendente su sette è straniero. Si tratta di un dato che va letto con serietà, al di fuori di contrapposizioni ideologiche” I numeri evidenziano come una quota crescente della capacità produttiva e della base contributiva del Paese “dipenda anche dalla capacità di governare i flussi migratori, orientandoli verso i fabbisogni del sistema produttivo e accompagnandoli con per corsi di formazione, legalità, integrazione e lavoro regolare – ha affermato Fava – l’integrazione, per essere autentica e sostenibile, deve fondarsi sul rispetto delle regole, della Costituzione e dei valori culturali e civili del nostro Paese. Non come chiusura identitaria, ma come patto di convivenza, responsabilità e appartenenza. Solo così il contributo dei lavoratori stranieri può trasformarsi in partecipazione piena alla vita economica e sociale, riducendo l’irregolarità, rafforzando le tutele, preservando la concorrenza leale e sostenendo gli equilibri contributivi”.
Il presidente dell’Inps ha inoltre evidenziato che “dal 2022 lo sviluppo di professionisti e collaboratori, rispettivamente del 23 e del 15%, segnala una trasformazione profonda. Una parte del lavoro contemporaneo chiede giustamente autonomia, flessibilità e competenze nuove. Ma quella stessa flessibilità, se non regolata, può produrre discontinuità reddituale, carriere intermittenti e contribuzioni deboli”
Previdenza solida con lavoro stabile e ben retribuito
“Le pensioni di oggi raccontano le carriere di ieri. Se il lavoro non è stabile, regolare e dignitosamente retribuito, la previdenza sarà fragile”, ha detto Fava nel suo intervento. Come dire che il buon andamento del mercato del lavoro, con l’aumento del tasso di occupazione, non basta a garantire buone pensioni in futuro. Come si legge nel rapporto, “il tasso italiano è ancora inferiore alla media europea e ha forti divari di genere”. E in più a crescere è il lavoro soprattutto nel settore dei servizi, caratterizzato da salari bassi e precarietà e quindi da minori contributi versati.
Serve, invece, un’occupazione stabile e ben retribuita. Resta alta, infatti, la preoccupazione per il futuro dei giovani. Entrano nel mercato del lavoro più tardi, con retribuzioni insufficienti e discontinue, e sono destinati dunque ad avere trattamenti pensionistici poveri.
Inoltre – ha proseguito il numero uno dell’Inps – per mantenere il “Sistema in equilibrio, l’invecchiamento, la denatalità e la IA sono le sfide principali da affrontare e vincere”
Carlo Pareto 10/07/2026"
20260710074700,Libero Quotidiano,https://www.liberoquotidiano.it/news/italia/48495803/se-smart-working-facessero-piu-bambini/,,,,,,srclc:ita,"Più smart working, più neonati. Che possa essere questa una delle soluzioni all’allarmante declino delle nascite, che nel nostro Paese raggiunge ogni anno un nuovo minimo storico? Ne è convinto l’Inps, che torna ad accendere i riflettori sui vantaggi del lavoro agile che permetterebbe di gestire al meglio i tempi professionali tra le mura domestiche agevolando concretamente la scelta di ampliare la famiglia. L’Istituto Nazionale di Previdenza Sociale, commentando il suo ultimo rapporto annuale, spiega che strumenti come gli incentivi economici alle famiglie, l’assegno unico e universale e altri bonus alla natalità possono favorire un aumento – seppur contenuto – delle nascite, ma nello stesso tempo rischiano di ridurre la partecipazione delle madri al mercato del lavoro, se non accompagnati da interventi complementari. Lo smart working, si rivela invece particolarmente efficace nel sostenere l’occupazione femminile, riducendo i costi e le difficoltà legati alla cura dei figli. Lo spiega lo stesso presidente dell’Inps Gabriele Fava, sostenendo che «il tema della natalità non può essere affrontato solo con trasferimenti monetari.
La decisione di avere un figlio dipende anche dalla stabilità del lavoro, dalla possibilità di conciliare tempi di vita e tempi professionali, dalla disponibilità di servizi per l’infanzia, dalla distribuzione dei carichi di cura tra madri e padri». L’accesso al bonus asilo nido, ad esempio, ha determinato un aumento della probabilità di occupazione per le madri di circa sei punti percentuali. Il lavoro da remoto, invece, si conferma efficace per ridurre fino all’87% la cosiddetta child penalty, ovvero la penalizzazione delle carriere derivante dall’avere un figlio, e per aumentare le retribuzioni (fino a 1.300 euro in più nell’anno successivo alla nascita). Altro dato eclatante è la relazione tra smart working e la possibilità di rimanere incinte. Secondo l’Inps si registrano infatti «effetti positivi sulla fecondità». Tesi sostenuta anche dalla scienza. Uno studio pubblicato dal National Bureau of Economic Research e coordinato dagli economisti Nicholas Bloom, Charles G. Aksoy e Steven J. Davis, dimostra che chi lavora da casa almeno un giorno alla settimana gode tassi di natalità più alti rispetto a chi lavora interamente in presenza.
Legge 104, ora arriva la 106: tutto sul nuovo permesso
Non solo la legge 104. Dal 1° gennaio 2026 nuove misure andranno ad affiancare la norma per l'assistenza, l...Analizzando i dati di sondaggi condotti in 38 paesi tra il 2023 e l’inizio del 2026, i ricercatori hanno inoltre evidenziato che quando entrambi i partner hanno la possibilità di fare smart working per uno o più giorni a settimana, la fecondità stimata nell’arco della vita aumenta di 0, 32 figli per donna a livello globale (il circa il 14% in più rispetto alle coppie che lavorano solo in presenza). Attenzione, però: negli Stati Uniti questo dato sale a +0, 45 figli per donna (+18%), segno che l’impatto dello smart working sulla natalità non è uniforme e presenta alcune importanti sfumature. Uno studio in Norvegia sui tassi di natalità post-pandemia conferma infatti che il piccolo baby boom registrato dopo il 2020 è stato trainato quasi interamente da donne in professioni ad alto reddito e precedentemente poco flessibili (i cosiddetti greedy jobs), che hanno beneficiato enormemente del passaggio al lavoro remoto.
Altri studi europei e italiani evidenziano invece un potenziale rischio d’ostacolo se lo smart working non è bilanciato nella coppia. Se a lavorare da casa è solo la donna c’è il rischio di un sovraccarico di lavoro domestico e di cura (il cosiddetto dual burden), che in alcuni contesti può spingere a rimandare il primo figlio per non danneggiare la carriera. Al contrario, quando è l’uomo a fare smart working, aumenta la propensione della donna ad avere figli, poiché si prevede una maggiore condivisione nella coppia dei carichi familiari. Insomma, smettiamo di considerare il lavoro agile una concessione alle donne, ma uno strumento del quale beneficiare tutti. Se non altro per evitare l’estinzione."
