date_str,source,url,themes,locations,persons,organizations,tone,translation_info,full_text
20260813165801,Chietitoday,https://www.chietitoday.it/politica/approvato-documento-unico-programmazione-2027-2029.html,,,,,,srclc:ita,"Approvato in giunta il documento unico di programmazione 2027–2029
Il sindaco Legnini e l’assessore Pantalone: “Adozione in largo anticipo, a settembre la discussione in Consiglio”
La giunta comunale di Chieti ha adottato, in anticipo sui tempi ordinari, il Dup-Documento unico di programmazione 2027–2029: strumento che definisce gli indirizzi strategici, la destinazione delle risorse e la visione della città per il prossimo triennio, in vista dell'approvazione definitiva in consiglio comunale che avverrà alla ripresa di settembre. I tempi dell'adozione segnano il passo di una pianificazione scandita dalle priorità amministrative: il risanamento dei conti e del territorio, la riorganizzazione della macchina amministrativa, il potenziamento dei servizi, gli investimenti da completare e quelli da avviare la cui puntuale definizione è differita alla nota di aggiornamento al Dup. Il documento passerà ora alle Commissioni consiliari e poi in Consiglio comunale per la discussione e l’approvazione.
L’atto di programmazione, propedeutico alla definizione del prossimo bilancio di previsione, individua i seguenti macro obiettivi da raggiungere nel triennio 2027–2029. Equità fiscale e risanamento: raggiungimento dell'equilibrio finanziario nel 2027. Di fronte ai 27,7 milioni di accantonamento Fal, proseguirà il confronto con il Governo per rendere sostenibile il rientro. Nessun aumento indifferenziato delle tasse, ma un forte contrasto all'evasione con l'affidamento esterno delle attività di accertamento e riscossione e l’avvio della ricostituzione dell’ufficio tributi da completare entro un anno. Macchina comunale e digitale: risorse dedicate alle assunzioni (circa 300mila euro l'anno nel 2027 e 2028, alle quali saranno aggiunte ulteriori risorse con il bilancio di previsione attingendo dalle economie liberate dal FAL e dalle maggiori entrate). Digitalizzazione integrata con lo sportello unico digitale, assistenti virtuali e intelligenza artificiale.
""Una sola città"" e rigenerazione: integrazione tra centro e quartieri. recupero del patrimonio del centro storico (Palazzo d’Achille, San Raffaele, Palazzo Massangioli, ex Eden, ex scuole Nolli, ex Gil, caserme Berardi e Bucciante, Cittadella giudiziaria) e creazione del nuovo ""centro città"" allo Scalo attorno alla stazione e a piazza Carafa, con il sovrappasso di via Piaggio già appaltato.
Università e contrasto allo spopolamento: politiche per arginare il calo demografico (48.368 residenti a inizio 2026). Primi 100 posti letto universitari nel centro storico nel 2026/27, altri 200 a seguire già sin corso di realizzazione e ulteriori studentati da individuare, con l'obiettivo di attivare spazi studio, servizi di trasporto e almeno un corso di laurea nella parte alta. Scuole, sanità e sociale: 110 nuovi posti negli asili nido (totale 227) e acquisto di 4 bus per la riattivazione del trasporto scolastico. Difesa e potenziamento delle strutture e della rete sanitaria cittadina (proposta del Dea di II livello o Azienda ospedaliera universitaria, messa in sicurezza del SS. Annunziata, completamento di Casa e Ospedale di Comunità in centro e riapertura del Distretto allo Scalo).
Cultura, mobilità e ambiente: Polo culturale del Marrucino e promozione di una fondazione per la promozione del patrimonio artistico e culturale di Chieti. Riavvio della scala mobile, apertura del tunnel 140 posti al Terminal, 275 posti in Piazza Garibaldi nel 2027 e successivamente 260 in via Ciampoli. Avvio della definizione del piano verde e Riforestazione con 5.000 alberi per contrastare la crisi climatica, chiusura della discarica Casoni entro il 2027, nascita dei Comitati di Quartiere elettivi e del Bilancio partecipativo.
“Avere adottato il Dup con largo anticipo sui tempi di definizione del bilancio di previsione rappresenta l’espressione di un rigoroso metodo di programmazione degli obiettivi per il futuro, per favorite l’uscita progressiva dalla logica dell'emergenza verso condizioni di nuovo equilibrio finanziario e organizzativo – commenta il sindaco Giovanni Legnini - : il risanamento dei conti ereditato dal dissesto resta una necessità primaria , ma dai prossimi mesi sarà anche lo strumento attraverso il quale sarà possibile mettere in campo azioni concrete a beneficio della comunità. Attraverso il lavoro programmato, ci prepariamo a dare risposte sul rilancio della città in tutte le sue componenti , attraverso un percorso di rigenerazione urbana e manutenzione del territorio , per una città piu’ attrattiva , inclusiva e sostenibile, promuovendo la partecipazione dei cittadini . Il lavoro è già iniziato e necessita dell’apporto di tutti”.
“L'adozione tempestiva del Dup dimostra il grande lavoro della Giunta e degli uffici sin dall’inizio della nuova consiliatura – aggiunge l’assessore al Bilancio Manuel Pantalone - . Presentiamo un quadro finanziario complessivo per il 2027 pari a circa 83,9 milioni di euro, con 51 milioni di spesa corrente. Combatteremo l'evasione fiscale per garantire equità, libereremo risorse dal ripiano del FAL da destinare subito ad assunzioni e manutenzioni e concentreremo gli investimenti dove servono davvero. Un Dup che presenta passi ambiziosi, ma adeguati alla nostra gamba”."
20260813164627,Notizie.it,https://www.notizie.it/futuro-nazionale-il-piano-di-vannacci-per-litalia-del-2027-2037/,,,,,,srclc:ita,"Roberto Vannacci ha presentato ufficialmente il programma di Futuro Nazionale il partito che intende guidare l’Italia verso un futuro basato su valori tradizionali e identità cristiana. Il documento, intitolato “Base Ideologica e Programmatica di Futuro Nazionale per l’Italia del Futuro (2027-2037)”, è stato reso pubblico l’11 agosto e ha già suscitato numerose reazioni, tra cui quella della premier Giorgia Meloni.
Meloni, in un’intervista esclusiva, ha definito Vannacci “un’operazione costruita per favorire la sinistra”, criticando apertamente le sue proposte. La premier ha difeso l’operato del suo governo, sottolineando che “nessuno può accusarmi di essermi risparmiata”.
Le proposte di Futuro Nazionale
Il programma di Futuro Nazionale si articola in diverse aree tematiche, con un focus particolare su economia e immigrazione.
Sul fronte economico, il partito propone una semplificazione tributaria e la riduzione del cuneo fiscale oltre a una politica industriale incentrata sul Made in Italy.
In materia di immigrazione Futuro Nazionale punta sulla “remigrazione”, un piano che prevede il blocco dell’immigrazione clandestina e di massa tramite il divieto di sbarco, il pattugliamento navale e la chiusura dei porti alle Ong.
Si prevedono inoltre rimpatri immediati, l’aumento dei Cpr (anche all’estero) e lo stop ai decreti flussi e ai ricongiungimenti familiari.
Politiche energetiche e sicurezza
Per quanto riguarda le politiche energetiche Futuro Nazionale propone l’adozione dell’ora legale permanente per tutto l’anno, con un risparmio potenziale di decine di milioni di euro annui. Inoltre, il partito è contrario al Green Deal e aperto al ripristino degli acquisti di gas russo.
In materia di sicurezza Futuro Nazionale promuove un approccio di “tolleranza zero”, con l’impiego delle forze armate nelle zone ad alta densità criminale e il potenziamento del Daspo urbano. Si prevede anche una riforma dell’articolo 53 del Codice penale sull’uso legittimo delle armi da parte delle forze dell’ordine e l’abbassamento dell’età di imputabilità dei minori a 12 anni.
Le posizioni su Ucraina e migranti
Sul conflitto in Ucraina Futuro Nazionale è netto: “proseguire a oltranza l’invio di armi senza una strategia diplomatica di pace è un errore che danneggia l’Italia”. Il partito promuove un approccio pragmatico e pacificatore, lavorando per una soluzione negoziale.
Per quanto riguarda i migranti Futuro Nazionale rifiuta categoricamente proposte come ius soli e ius scholae. Per richiedere la cittadinanza italiana sarà necessario aver dimorato regolarmente per almeno 20 anni sul territorio nazionale, dimostrare una padronanza della lingua italiana di livello C1, non aver riportato condanne penali e sottoscrivere una dichiarazione di assimilazione alla civiltà greca, romana e cristiana.
Violenza di genere e altre proposte
Futuro Nazionale ribadisce il “no” al reato di femminicidio una posizione che ha suscitato numerose critiche, tra cui quella del Pd, che ha definito Vannacci “suprematista”. Il partito propone inoltre l’istituzione di un “incentivo fiscale al rientro degli italiani in età produttiva all’estero”, con l’obiettivo di risolvere il problema demografico.
Tra le altre proposte, Futuro Nazionale si oppone ai reati d’opinione e alle norme che puniscono espressioni del pensiero senza nesso con atti concreti di violenza. Il partito si impegna ad abrogare le leggi bavaglio, come la legge Mancino, e a non ammettere compromessi per l’introduzione di nuove leggi in tal senso.
Le proposte, tuttavia, hanno già suscitato numerose critiche e dibattiti, rendendo il partito di Vannacci un attore chiave nel panorama politico italiano."
20260813142333,Affaritaliani,https://www.affaritaliani.it/milano/tre-aborti-in-tre-anni-prima-di-avere-mia-figlia-social-freezing-alessia-cappello-racconta-la-sua-esperienza.html,,,,,,srclc:ita,"Per Alessia Cappello il tema del social freezing non è una battaglia astratta né soltanto politica. Prima di diventare una proposta da sostenere, è stato un pezzo della sua vita. L’assessora allo Sviluppo economico e alle Politiche del lavoro del Comune di Milano ha scelto di raccontare pubblicamente il percorso che l’ha portata alla nascita della figlia Beatrice: anni segnati da aborti, accertamenti, cure per la fertilità e dalla scoperta che, quando si è sentita pronta per diventare madre, il proprio tempo biologico era già cambiato. La riflessione arriva mentre Italia Viva rilancia la proposta di rendere gratuito il congelamento degli ovuli per le giovani donne che vogliano accedere a questa possibilità. Cappello ha deciso di intervenire anche sui social, ricevendo numerosi messaggi da persone che hanno vissuto esperienze simili.
“Non ho rinviato la maternità per il lavoro”
Uno dei punti su cui l’assessora insiste è che nel suo caso non c’è stata una scelta consapevole di posticipare la maternità per privilegiare la carriera. Dopo la fine di una relazione durata quasi dieci anni, racconta, è trascorso del tempo prima di costruire un nuovo legame stabile. Quando si è sposata e ha iniziato a cercare un figlio aveva ormai 36-37 anni. “I miei ovuli non erano più quelli di quando ne avevo 27”, ha scritto Cappello sui social. Al Corriere della Sera ha spiegato che il passaggio del tempo è diventato evidente quasi all’improvviso: dopo il matrimonio si è ritrovata a 37-38 anni, con condizioni biologiche molto diverse rispetto a dieci anni prima.
Tre aborti e più di 5 mila euro di esami
Da lì è iniziato un percorso lungo e doloroso. Cappello racconta di aver vissuto tre aborti in tre anni, tutti nel primo trimestre. Sono seguiti controlli, visite specialistiche e accertamenti genetici per oltre 5 mila euro. Gli esami, però, non hanno evidenziato patologie o problemi genetici particolari. “Nel mio caso, era solo un tema di ovuli“, ha spiegato. La difficoltà, dunque, era legata essenzialmente all’età riproduttiva. L’assessora ha quindi intrapreso un percorso di stimolazione ovarica, che descrive come invasivo anche dal punto di vista fisico. “Tutto di me era cambiato. La pancia, le gambe, non entravo più nel mio solito paio di jeans. La mia fisionomia era completamente diversa”, ha raccontato al Corriere.
“Se avessi congelato gli ovuli avrei avuto meno tormenti”
La nascita di Beatrice ha segnato la fine di quel percorso, ma non ha cancellato il ricordo degli anni precedenti. Proprio da quell’esperienza nasce oggi la convinzione che il congelamento degli ovuli debba diventare un’opportunità più semplice e accessibile.
“Se avessi congelato gli ovuli quando avevo 26 anni, forse avrei avuto meno tormenti emotivi, meno accanimento sul mio fisico e più di un figlio”, sostiene Cappello. L’assessora racconta anche di aver sempre immaginato una famiglia numerosa. “Se avessi congelato, non mi sarei fermata a una”, ha detto, ricordando di essere figlia unica e di aver desiderato per sé un’esperienza diversa. Nel ragionamento di Cappello il social freezing si lega direttamente alle condizioni di vita delle giovani generazioni. Il problema, sottolinea, è che i tempi della stabilità economica e affettiva sempre più spesso non coincidono con quelli della fertilità.
“A venticinque anni non si ha generalmente un’indipendenza economica”, osserva. Da qui la domanda: “Perché le giovani devono scegliere tra il lavoro e la famiglia?”. Per Cappello il rischio è che molte donne arrivino a sentirsi pronte per avere figli soltanto quando biologicamente il percorso è diventato più difficile. È per questo che definisce la possibilità di congelare gli ovuli “una battaglia di giustizia sociale”.
“Sul tema della natalità servono strumenti, non ideologia”
La proposta si inserisce anche nella discussione più ampia sul calo delle nascite. “In un Paese in gelo demografico come il nostro, penso sia un dovere fare proposte che guardino al futuro e alla natalità senza ideologia, bigottismo o cecità”, afferma Cappello. Dopo aver condiviso la sua esperienza, l’assessora racconta di aver ricevuto numerosi messaggi privati da donne e uomini con storie analoghe. Un elemento che, nella sua lettura, dimostra quanto il tema sia più diffuso di quanto emerga normalmente nel dibattito pubblico."
20260813133500,Napolike,https://www.napolike.it/inverno-demografico-italia-calo-nascite-conseguenze-2,,,,,,srclc:ita,"Inverno demografico in Italia: perché calano le nascite
Immagine realizzata con IA
Negli ultimi anni una formula è entrata nei titoli dei giornali e nei rapporti degli istituti di statistica: inverno demografico. Non è una metafora poetica, è la definizione concreta di un fenomeno che l’Italia vive da quasi vent’anni: le nascite crollano, la popolazione invecchia e si riduce, e ogni equilibrio costruito nel secolo scorso, dalle pensioni alla sanità, va ripensato. I numeri dell’ultimo anno fotografano la situazione con brutalità: nel 2024 sono nati 369.944 bambini, il valore più basso mai registrato nella storia della Repubblica, e ogni donna ha in media 1,18 figli, sotto ogni precedente minimo. Per capire perché succede, cosa significa per le tasche dei cittadini e per il futuro del Mezzogiorno, conviene partire dalle basi e poi guardare ai numeri, senza allarmismi ma senza nascondere la portata del problema.
Che cos’è l’inverno demografico: la definizione semplice
L’inverno demografico è la fase in cui una popolazione si riduce e invecchia perché le nascite non bastano a compensare i decessi. Non è un singolo anno negativo, è una tendenza prolungata: il calo delle nascite in Italia prosegue ininterrotto dal 2008, e la popolazione residente diminuisce senza soste dal 2014. Il termine “inverno” richiama l’idea di una stagione lunga e fredda, da cui non è scontato uscire in fretta, ed è usato da demografi e istituzioni internazionali per descrivere la situazione di molti Paesi europei e asiatici.
Per misurare il fenomeno si usano due indicatori fondamentali. Il primo è il tasso di fecondità, cioè il numero medio di figli per donna: per mantenere stabile una popolazione senza contare le migrazioni serve un valore intorno a 2,1 figli per donna, il cosiddetto livello di sostituzione. Il secondo è il saldo naturale, la differenza tra nati e morti in un anno: se è negativo, la popolazione cala da sola, indipendentemente da chi arriva dall’estero. In Italia entrambi gli indicatori sono in territorio critico da anni: la fecondità è ferma sotto 1,2 figli per donna e il saldo naturale è negativo di qualche centinaio di migliaia di unità ogni anno.
Da sapere: il tasso di fecondità non va confuso con il numero di bambini nati. Può succedere che le nascite aumentino anche con una fecondità bassa, se ci sono molte donne in età fertile, e viceversa. Il saldo naturale, invece, dice in modo diretto se una popolazione si riproduce da sola o no: in Italia è negativo dal 1993, con l’unica breve eccezione del biennio 2006-2008.
La peculiarità italiana è che nessun grande Paese europeo ha una fecondità così bassa da così tanto tempo. Nel 2024 la media dell’Unione europea è scesa a 1,34 figli per donna, il minimo storico europeo, ma l’Italia resta stabilmente tra gli ultimi posti, insieme a Spagna e Malta. E mentre la fecondità è un indicatore che può teoricamente risalire, la struttura della popolazione, cioè il numero di potenziali genitori e di anziani già presenti, è il risultato di decenni di storia e non si corregge in pochi anni.
I numeri del calo: meno nascite, anno dopo anno
Il dato più recente dell’Istat è impietoso: nel 2024 i nati residenti in Italia sono stati 369.944, quasi 10mila in meno rispetto al 2023, con un calo del 2,6%. È il sedicesimo anno consecutivo di diminuzione: nel 2008, l’anno del massimo delle nascite degli anni Duemila, erano nati oltre 576mila bambini. Da allora l’Italia ha perso quasi 207mila nascite, il 35,8% in meno in sedici anni. E il 2025 non promette meglio: secondo i dati provvisori di gennaio-luglio, le nascite sono calate del 6,3% rispetto allo stesso periodo dell’anno precedente, con punte negative in Abruzzo e Sardegna.
Anche il tasso di natalità, cioè i nati ogni mille abitanti, è ai minimi: 6,3 per mille nel 2024, contro il 9,7 per mille del 2008. Per fare un confronto europeo, la media dell’Unione è stata di 7,9 nati ogni mille abitanti nel 2024. Il calo riguarda tutto il Paese ma non è uniforme: la riduzione dei primi figli è stata più intensa nel Mezzogiorno, con un -4,3% nel 2024 contro il -1,8% del Nord, e lo stesso vale per i secondi figli. In pratica, in Italia è sempre più difficile sia avere il primo figlio sia passare dal primo al secondo.
Il quadro della fecondità è altrettanto netto. Nel 2024 il numero medio di figli per donna è sceso a 1,18, sotto il precedente minimo storico di 1,19 registrato nel 1995, e i dati provvisori dei primi sette mesi del 2025 indicano un ulteriore calo a 1,13. Il confronto internazionale mostra quanto sia anomala la posizione italiana: nel 2024 la media europea era 1,34, la Francia era a 1,61, la Bulgaria a 1,72, mentre Malta (1,01) e Spagna (1,10) erano le uniche a stare peggio dell’Italia insieme a Lituania ed Estonia. La distanza dal livello di sostituzione di 2,1 è enorme: servirebbe quasi il doppio dei figli attuali.
C’è però un dettaglio che spiega perché il calo delle nascite è così difficile da invertire: la struttura della popolazione. Le donne in età convenzionalmente riproduttiva, tra i 15 e i 49 anni, erano 14,3 milioni nel 1995 e sono 11,4 milioni oggi. Nel 1995, con una fecondità di appena 1,19 figli per donna, nacquero comunque 526mila bambini: ce n’erano molte di più, di madri potenziali. Oggi, con una fecondità simile, i nati sono 370mila, perché le generazioni di genitori sono molto più esigue, essendo nate negli anni del calo demografico. È un effetto a cascata che si autoalimenta: meno nascite di ieri significano meno genitori oggi, e meno genitori oggi significano meno nascite domani.
Da sapere: la posticipazione conta quanto la rinuncia. In Italia l’età media al parto è salita a 32,6 anni e l’età media al primo figlio è 31,9 anni, la più alta dell’intera Unione europea, contro una media europea di 29,9. Più si ritarda la prima maternità, più si riduce l’arco di tempo a disposizione per gli eventuali figli successivi: è uno dei meccanismi che spiegano perché il numero di secondi e terzi figli crolla.
Perché gli italiani fanno sempre meno figli
Le ragioni del calo sono molteplici e si intrecciano. L’Istat le elenca con precisione: l’allungamento dei tempi di formazione, la precarietà del lavoro giovanile, la difficoltà di accesso alla casa, che posticipano l’uscita dal nucleo familiare di origine, e a fianco la scelta di rinunciare alla genitorialità o di rimandarla. Non è solo una questione di soldi, ma di incertezza: è difficile programmare una famiglia quando il lavoro e l’abitazione sembrano instabili.
Precarietà, salari e costo della casa
Il lavoro è il primo tassello. I giovani italiani entrano tardi nel mercato del lavoro, spesso con contratti precari, e gli stipendi iniziali sono bassi rispetto al costo della vita: se i prezzi corrono più veloci delle retribuzioni, come racconta l’approfondimento di Napolike su inflazione e salari in Italia, la prospettiva di mantenere un figlio si allontana. A questo si aggiunge la crisi della casa: prezzi e affitti alti, soprattutto nelle grandi città, spingono molti a restare a lungo a casa dei genitori, e l’uscita tardiva dalla famiglia di origine è uno dei fattori che l’Istat associa direttamente al calo delle nascite. In questo approfondimento si spiega perché i giovani faticano a comprare casa: è lo stesso ingranaggio, perché senza una casa stabile il primo figlio si rimanda, e spesso non arriva mai.
Una questione anche strutturale e culturale
C’è poi la dimensione culturale, difficile da misurare ma evidente nei dati. Il matrimonio non è più il passaggio obbligato verso la genitorialità: nel 2024 i matrimoni sono stati 173mila, 11mila in meno dell’anno prima, con un calo costante di quelli religiosi. La scelta di non avere figli, o di averne uno solo, è socialmente accettata come non lo era per le generazioni precedenti, e la conciliazione tra lavoro e cura dei figli resta complicata: i servizi per la prima infanzia, gli asili nido e i tempi delle scuole coprono solo in parte le esigenze delle famiglie, soprattutto al Sud. Il risultato è che la fecondità italiana è tra le più basse del mondo, e anche il resto d’Europa sta scivolando verso il basso, ma l’Italia lo fa da più tempo e da più in profondità.
La geografia della fecondità dentro il Paese racconta poi quanto conti il contesto locale. La provincia di Bolzano, con 1,51 figli per donna, è ai vertici nazionali, seguita da province del Sud come Crotone e Reggio Calabria, sopra 1,34, mentre tutte le province sarde sono sotto l’unità, da Cagliari (0,84) a Nuoro (0,98). Le differenze tra comuni e territori, oltre che tra regioni, mostrano che la scelta di avere figli non dipende solo da fattori individuali: conta quanto un territorio offre in termini di lavoro, servizi e reti familiari. Dove la rete regge, come in alcune aree del Mezzogiorno, la fecondità regge; dove manca tutto, crolla sotto l’unità.
L’Italia che invecchia: la fotografia e gli scenari
Il rovescio della medaglia del calo delle nascite è l’invecchiamento. Al 1° gennaio 2025 l’età media della popolazione italiana ha raggiunto 46,8 anni, un record: vent’anni fa era poco sopra i 42. Gli over 65 sono 14,6 milioni, il 24,7% della popolazione, i bambini fino a 14 anni sono 7 milioni, l’11,9%, e la fascia 15-64 anni, quella che lavora e produce, è scesa al 63,4%. Dentro gli anziani cresce soprattutto la parte più fragile: gli ultra 85enni sono 2,4 milioni, il 4,1% del totale, con 103mila unità in più in un solo anno, e i centenari superano quota 23mila. La buona notizia è che si vive più a lungo: la speranza di vita alla nascita è tornata a 83,4 anni, sopra i livelli pre-pandemici. Ma vivere più a lungo, con meno nascite, accelera l’invecchiamento complessivo.
Gli scenari futuri dell’Istat, basati sui dati del 2024, disegnano un’Italia più piccola e molto più anziana. Nello scenario mediano la popolazione scenderebbe da circa 59 milioni a 54,7 milioni nel 2050 e a 45,8 milioni nel 2080, con una perdita complessiva di 13,1 milioni di residenti rispetto a oggi. Nel 2050 gli over 65 arriverebbero al 34,6% della popolazione, gli ultra 85enni al 7,2%, mentre la quota di persone in età lavorativa crollerebbe al 54,3%. Le proiezioni delle Nazioni Unite sono ancora più pessimiste: secondo il World Population Prospects 2024, l’Italia scenderebbe a circa 52 milioni nel 2050 e a circa 35 milioni nel 2100, con un’età media sopra i 54 anni. C’è un dettaglio che rende tutto più serio: anche nello scenario più favorevole, quello con fecondità e immigrazione ai massimi, le nascite non riuscirebbero a compensare i decessi. Il saldo naturale resterebbe negativo per decenni, comunque vadano le cose.
Anche le famiglie cambiano forma insieme alla popolazione. In Italia ci sono oltre 26 milioni di famiglie, ma più di una su tre è composta da una sola persona (36,2%, contro il 25,5% di vent’anni fa), e le coppie con figli, che per decenni sono state il modello dominante, oggi sono meno del 30% del totale. La dimensione media della famiglia è scesa da 2,6 a 2,2 componenti in vent’anni. Nel 2050, secondo le proiezioni Istat, solo una famiglia su cinque sarà una coppia con figli, mentre il 41% sarà formato da persone sole: è il segno più visibile, nei quartieri e nelle città, di una società che invecchia e si frammenta, con effetti sulla domanda di abitazioni, servizi e trasporti.
L’invecchiamento non è uguale ovunque. La Liguria è la regione più vecchia d’Italia, con la quota più bassa di persone in età attiva, mentre la Campania è la regione con la quota più alta di 15-64enni, il 65,3%, ma anche quella con la speranza di vita più bassa del Paese: 79,7 anni per gli uomini e 83,8 per le donne. È una contraddizione tutta italiana: la regione più giovane è anche quella che vive di meno, e su questo si gioca buona parte del futuro demografico del Sud.
Le conseguenze su pensioni e sanità
Il nodo economico dell’inverno demografico si riassume in una formula: sempre meno persone in età da lavoro devono sostenere sempre più persone in età da pensione e da cura. Il rapporto tra generazioni si misura con l’indice di dipendenza degli anziani, cioè il numero di over 65 ogni 100 persone in età attiva: in Italia è già sopra 39, secondo i calcoli sui dati Istat, e la Commissione europea, che usa una definizione leggermente diversa, lo stima al 40,8% nel 2022 e lo proietta a un picco del 66% intorno al 2050, quando le generazioni del baby boom saranno tutte in età avanzata. In pratica, oggi ci sono circa 2,5 persone in età attiva per ogni anziano; nel 2050 ce ne saranno meno di 1,6. Non è un problema teorico: ogni punto di questo indice si traduce in pressione su contributi, tasse e servizi.
Da sapere: l’indice di dipendenza degli anziani non dice quanti pensionati ci sono, ma quanti anziani ci sono in rapporto ai potenziali lavoratori. È il termometro della sostenibilità di un sistema a ripartizione come quello italiano, dove le pensioni di oggi si pagano con i contributi di chi lavora oggi. Quando l’indice sale, ogni lavoratore deve sostenere un carico maggiore, a meno che non crescano produttività, occupazione o immigrazione.
Pensioni: la spesa più alta d’Europa
La spesa pubblica per pensioni in Italia è tra le più elevate dell’Unione europea: secondo la Commissione europea, nel 2022 valeva il 15,6% del PIL, contro una media UE di poco sopra l’11%. Il paradosso è che, secondo le proiezioni dell’Ageing Report 2024, la spesa salirà ancora, fino a un picco del 17,3% del PIL intorno al 2036, quando andranno in pensione le grandi generazioni degli anni Sessanta e Settanta, e solo dopo comincerà a scendere, grazie al passaggio al sistema contributivo, fino a circa il 13,7% nel 2070. Tradotto: per i prossimi dieci-quindici anni il bilancio pubblico dovrà reggere una pressione crescente proprio mentre il numero di contribuenti si riduce. È lo stesso nodo che rende il debito pubblico italiano così difficile da ridurre: la spesa previdenziale è una voce rigida che assorbe risorse che altrove finanziano scuole, sanità e investimenti.
Sanità: più fragilità, più costi
Anche la sanità è sotto pressione, e non solo per i conti. I dati Eurostat mostrano che in Europa l’80,4% delle persone over 65 dichiara di aver avuto bisogno di visite o trattamenti medici, contro il 55,8% dei 16-44enni: gli anziani consumano una quota sproporzionata di prestazioni sanitarie, e la parte più costosa è la coda estrema, gli ultra 85enni, che è proprio quella che cresce più in fretta, con un aumento di 103mila unità in un anno. A questo si aggiunge la non autosufficienza: secondo gli scenari Istat, gli anziani che vivono da soli passeranno da 4,6 milioni a 6,5 milioni nel 2050, e con loro la domanda di assistenza domiciliare, residenze e personale di cura. Serviranno più infermieri, più medici, più badanti, in un Paese che ne ha già pochi: la sanità del futuro non sarà solo più costosa, sarà strutturalmente diversa.
Il tema ha un volto locale molto concreto. La Campania, nonostante sia la regione più giovane d’Italia, ha la speranza di vita più bassa del Paese, 79,7 anni per gli uomini e 83,8 per le donne, segno che l’invecchiamento si combina qui con altri problemi, dalla qualità dell’assistenza alle disuguaglianze territoriali. E mentre nel Nord gli anziani possono contare su una rete di servizi più fitta, nel Mezzogiorno la cura ricade in misura maggiore sulle famiglie, e in particolare sulle donne, che spesso lasciano o riducono il lavoro per assistere i parenti: un circolo che riduce i redditi, le nascite e la capacità del sistema di reggere il peso della non autosufficienza.
Il Mezzogiorno si spopola
L’inverno demografico non colpisce l’Italia in modo uniforme: il Mezzogiorno perde popolazione più in fretta di qualsiasi altra area. Nel 2024 il Sud ha registrato una variazione di -3,8 per mille abitanti, contro il -0,6 del Centro e il +1,6 del Nord, e le aree interne del Mezzogiorno, i piccoli comuni dell’entroterra, hanno toccato il -4,7 per mille. Basilicata e Sardegna sono le regioni che perdono più residenti, con tassi attorno al -6 per mille. La ragione non è solo la denatalità: è la migrazione interna. Nel 2024 il Mezzogiorno ha registrato un saldo migratorio interno negativo di 52mila persone, con 401mila partenze verso altri comuni italiani contro 349mila arrivi, e i tassi più alti di abbandono si osservano in Basilicata, Calabria, Molise e Campania. A lasciare il Sud sono soprattutto i giovani e i laureati: i residenti italiani del Mezzogiorno sono diminuiti di 131mila unità in un anno.
La fuga non si ferma ai confini nazionali. Nel 2024 le emigrazioni dall’Italia hanno raggiunto il record di 191mila partenze, di cui 156mila di cittadini italiani, in aumento del 36,5% in un anno, diretti soprattutto in Germania, Spagna e Regno Unito. È la prima volta negli anni Duemila che si supera una soglia del genere, e il dato è tanto più significativo perché a emigrare sono in larga parte persone in età lavorativa e in età fertile: chi parte, non nascerà in Italia e spesso non ci tornerà. Il saldo è impietoso: il Paese guadagna ogni anno centinaia di migliaia di stranieri, ma perde più di centomila cittadini italiani, tra chi parte e chi non rientra.
Eppure il Mezzogiorno ha ancora la fecondità più alta del Paese, anche se in calo rapido: nel 2024 si è attestata a 1,20 figli per donna, sopra il Nord (1,19) e il Centro (1,12), ma è l’area dove la flessione è stata più forte, da 1,24 dell’anno prima. Dentro il Sud le differenze sono enormi: la Campania regge a 1,26, la Sicilia a 1,27, mentre la Sardegna è crollata a 0,91, la fecondità più bassa d’Italia, con province come Cagliari a 0,84. Le proiezioni Istat non lasciano margini: mentre per il Nord è possibile anche uno scenario di leggera crescita, per il Centro e il Mezzogiorno la diminuzione è certa in qualsiasi ipotesi, anche la più favorevole. Per la Campania, che oggi ha la struttura per età più giovane d’Italia, la sfida è duplice: trattenere i giovani che partono e trasformare la fecondità ancora relativamente alta in una vera inversione di tendenza.
L’immigrazione: un’ancora, non la soluzione
Se il saldo naturale è negativo di 281mila unità all’anno, come nel 2024, e la popolazione cala comunque solo di 37mila, il merito è delle migrazioni: il saldo migratorio con l’estero è stato positivo per 244mila persone, grazie a 435mila arrivi. Senza immigrazione, l’Italia perderebbe ogni anno un numero di residenti pari a una città come Salerno. Al 1° gennaio 2025 i cittadini stranieri residenti sono 5,4 milioni, il 9,2% della popolazione, con 169mila unità in più in un anno e un record di 217mila acquisizioni di cittadinanza italiana. Il contributo alla natalità è evidente: nel 2024 il 21,8% dei nati aveva almeno un genitore straniero, con punte del 30,6% nel Nord, mentre nel Mezzogiorno, dove gli stranieri sono appena il 4,8% della popolazione, la quota crolla al 9,3%.
Va però detto con onestà: l’immigrazione attenua l’inverno demografico, non lo risolve. Gli immigrati invecchiano come tutti gli altri, e la loro fecondità tende ad avvicinarsi a quella del Paese ospitante nel giro di una generazione. Le stesse proiezioni europee ipotizzano per l’Italia un saldo migratorio di circa 250mila persone all’anno per decenni, e nonostante questo la popolazione è prevista in forte calo. Perché la migrazione abbia un effetto duraturo servono integrazione, lavoro stabile, diritti e cittadinanza per i bambini nati e cresciuti in Italia: senza queste condizioni, le persone arrivano, lavorano qualche anno e spesso ripartono, e il Paese perde anche quello che aveva guadagnato. È una risorsa preziosa, ma è una leva che va gestita, non subita.
Cosa si può fare per invertire la rotta
Non esiste una bacchetta magica: l’inverno demografico è il prodotto di decenni di scelte e di dinamiche sociali, e si contrasta con politiche altrettanto lungimiranti. La letteratura economica e le esperienze europee indicano però alcune direzioni chiare. La prima è sostenere la conciliazione tra lavoro e famiglia: servizi per la prima infanzia diffusi e accessibili, congedi parentali equi tra madri e padri, tempi di lavoro flessibili. I trasferimenti economici, come l’assegno unico introdotto in Italia nel 2022, aiutano, ma da soli non bastano: i Paesi con fecondità più alta in Europa, come la Francia, che nel 2024 era a 1,61 figli per donna, hanno politiche familiari strutturali e di lungo periodo, che combinano denaro e servizi reali, dagli asili nido ai centri estivi. La seconda è la questione economica: lavoro stabile per i giovani e salari che tengano il passo dei prezzi, come spiegato nell’approfondimento di Napolike su inflazione e salari, perché nessun sostegno alla natalità può compensare l’incertezza sul futuro.
Ci sono poi due leve che l’Italia finora ha usato poco. La prima è l’occupazione femminile, tra le più basse d’Europa: in un Paese dove molte donne vorrebbero lavorare e non possono, la scelta tra carriera e figli è spesso drammatica, e i dati mostrano che dove l’occupazione femminile è alta la fecondità non è necessariamente bassa. La seconda è lo sviluppo del Mezzogiorno: fermare l’emigrazione interna significa offrire ai giovani del Sud lavoro, servizi e prospettive, ed è la politica demografica più efficace che esista per quella parte del Paese. Nessuna di queste misure produrrà effetti immediati, e questo è il vero problema politico: i risultati si vedono tra vent’anni, mentre le scadenze elettorali arrivano ogni cinque. Ma ogni anno di ritardo rende più profondo il solco che separa le generazioni, e più costoso il conto per chi verrà dopo.
Quello che c’è da sapere in sintesi
- Nel 2024 sono nati 369.944 bambini, il minimo storico, con una fecondità di 1,18 figli per donna, sotto il livello di sostituzione di 2,1 e sotto la media europea di 1,34.
- Le nascite calano ininterrottamente dal 2008, la popolazione dal 2014: senza immigrazione, l’Italia perderebbe ogni anno circa 280mila residenti.
- L’età media è 46,8 anni, gli over 65 sono il 24,7% della popolazione e gli ultra 85enni crescono di oltre 100mila unità all’anno.
- Secondo gli scenari Istat la popolazione scenderà a 54,7 milioni nel 2050 e a 45,8 milioni nel 2080; le Nazioni Unite prevedono numeri ancora più bassi.
- La spesa per pensioni, già al 15,6% del PIL, salirà fino al picco del 17,3% intorno al 2036, mentre l’indice di dipendenza degli anziani raddoppierà entro il 2050.
- Il Mezzogiorno è l’area più colpita: perde popolazione in ogni scenario, per denatalità e per la partenza dei giovani verso il Nord e l’estero.
- L’immigrazione compensa in parte il calo, ma non basta: servono integrazione, lavoro stabile, casa e servizi per le famiglie.
FAQ sull’inverno demografico in Italia
Cosa significa inverno demografico?
È la fase prolungata in cui le nascite non bastano a compensare i decessi, così la popolazione diminuisce e invecchia. In Italia le nascite calano dal 2008 e la popolazione si riduce dal 2014, con un saldo naturale negativo di circa 280mila unità all’anno.
Quante nascite ci sono state in Italia nell’ultimo anno?
Nel 2024 sono nati 369.944 bambini, quasi 10mila in meno rispetto al 2023, il valore più basso mai registrato. I dati provvisori del 2025 indicano un calo ancora più marcato, intorno al 6% nei primi sette mesi.
Qual è il tasso di fecondità in Italia?
Nel 2024 è sceso a 1,18 figli per donna, il minimo storico, sotto il precedente record negativo di 1,19 del 1995. Per mantenere stabile la popolazione servirebbero circa 2,1 figli per donna, il livello di sostituzione.
Perché la popolazione italiana diminuisce se arrivano tanti immigrati?
Perché il saldo naturale è molto negativo: nel 2024 ci sono state 281mila nascite in meno rispetto ai decessi. Il saldo migratorio positivo di 244mila persone ha compensato gran parte del deficit, ma non tutto: la popolazione è comunque calata di 37mila unità.
Cosa succederà alla popolazione italiana nei prossimi decenni?
Secondo lo scenario mediano Istat, la popolazione scenderà da circa 59 milioni a 54,7 milioni nel 2050 e a 45,8 milioni nel 2080, con gli over 65 al 34,6% nel 2050. Le proiezioni delle Nazioni Unite indicano un calo ancora più pronunciato nel lungo periodo.
Quali conseguenze avrà l’inverno demografico su pensioni e sanità?
Con meno lavoratori e più anziani, l’indice di dipendenza degli anziani salirà dal 40,8% del 2022 a circa il 66% nel 2050. La spesa per pensioni, già al 15,6% del PIL, raggiungerà un picco del 17,3% intorno al 2036, e la sanità dovrà gestire una domanda crescente di cure e assistenza per gli ultra 85enni.
L’immigrazione può risolvere l’inverno demografico?
No, può attenuarlo. Gli immigrati sono 5,4 milioni, il 9,2% della popolazione, e il 21,8% dei nati ha almeno un genitore straniero, ma anche loro invecchiano e la loro fecondità si allinea a quella italiana. Senza integrazione e diritti, l’effetto si esaurisce nel giro di una generazione.
Perché il Mezzogiorno è più colpito?
Perché somma la denatalità alla migrazione interna: nel 2024 il Sud ha perso 52mila residenti per trasferimenti verso il resto d’Italia, con 131mila cittadini italiani in meno, e le proiezioni indicano che il Mezzogiorno perderà popolazione in qualsiasi scenario, mentre il Nord potrebbe persino crescere leggermente.
L’inverno demografico non è una fatalità meteorologica, è il risultato di scelte collettive che si sono accumulate per decenni. I numeri raccontano una trasformazione profonda, destinata a ridisegnare pensioni, sanità, città e territori: conoscerla è il primo passo per affrontarla senza rincorrerla.
Scopri di più da Napolike.it
Abbonati per ricevere gli ultimi articoli inviati alla tua e-mail."
20260813112308,La Gazzetta Del Mezzogiorno,https://www.lagazzettadelmezzogiorno.it/news/puglia/2090843/sanita-al-via-da-oggi-le-domande-per-il-contributo-sul-social-freezing-ecco-chi-puo-accedere-alla-misura.html,,,,,,srclc:ita,"Da oggi è possibile presentare alla Asl Bari la domanda per ottenere il contributo economico destinato al social freezing, la crioconservazione degli ovociti a scopo precauzionale che consente alle donne di preservare la propria fertilità in vista di una maternità futura. Il nuovo avviso per il biennio 2026-2027 prevede un sostegno fino a 3mila euro per le cittadine in possesso dei requisiti. Lo comunica la Asl Bari in una nota, ricordando che «la misura, prevista dalla Regione Puglia nell’ambito delle politiche di tutela del diritto alla genitorialità e alla procreazione e di contrasto al calo demografico, è rivolta alle donne per le quali questa prestazione non rientra tra quelle garantite gratuitamente dai Livelli essenziali di assistenza».
Per il biennio 2026-2027 alla Asl Bari sono state assegnate risorse complessive pari a 194.645 euro, 97.322 euro per ciascuna annualità. Alle risorse stanziate si aggiungono le economie derivanti dall’avviso pubblico 2025. Possono presentare domanda le donne che, alla data della richiesta, abbiano un’età compresa tra 27 e 37 anni; siano residenti ininterrottamente in Puglia da almeno 12 mesi; a momento della domanda, nella provincia di Bari; abbiano un Isee ordinario in corso di validità pari o inferiore a 30mila euro. Il contributo può essere concesso una sola volta nella vita, fino a un massimo di 3mila euro, sulla base delle spese effettivamente sostenute e documentate. La procedura può essere effettuata nei centri di procreazione medicalmente assistita, pubblici o privati, autorizzati e inseriti nel Registro nazionale, presenti su tutto il territorio italiano."
20260813103338,Telefriuli,https://www.telefriuli.it/cronaca/calano-beneficiari-assegno-unico-effetto-demografico-in-fvg/,,,,,,srclc:ita,"Nel 2025 i nuclei beneficiari di almeno una mensilità dell’Assegno Unico Universale in Friuli Venezia Giulia sono stati circa 115.700, in calo di 2.150 unità rispetto all’anno precedente (-1,8%), dopo un periodo di espansione dei fruitori della misura. Lo rende noto il ricercatore dell’Ires Fvg Alessandro Russo che ha rielaborato dati Inps. Tale dinamica è stata particolarmente accentuata in provincia di Udine (-2,5% rispetto al 2024). Il numero complessivo di figli beneficiari è diminuito nel 2025 in misura analoga (-1,9%, pari a -3.541 rispetto al 2024). Anche a livello nazionale si è osservata una flessione del numero di nuclei beneficiari, ma di entità inferiore (-1,4%). Il numero medio di figli interessati dalla misura è pari a 1,58 per famiglia in Friuli Venezia Giulia, in linea con il dato nazionale.
Calano beneficiari assegno unico, effetto demografico in Fvg
			0"
20260813103212,Il Friuli,https://www.ilfriuli.it/cronaca/calano-beneficiari-assegno-unico-effetto-demografico-in-fvg/,,,,,,srclc:ita,"Nel 2025 i nuclei beneficiari di almeno una mensilità dell’Assegno Unico Universale in Friuli Venezia Giulia sono stati circa 115.700, in calo di 2.150 unità rispetto all’anno precedente (-1,8%), dopo un periodo di espansione dei fruitori della misura. Lo rende noto il ricercatore dell’Ires Fvg Alessandro Russo che ha rielaborato dati Inps. Tale dinamica è stata particolarmente accentuata in provincia di Udine (-2,5% rispetto al 2024). Il numero complessivo di figli beneficiari è diminuito nel 2025 in misura analoga (-1,9%, pari a -3.541 rispetto al 2024). Anche a livello nazionale si è osservata una flessione del numero di nuclei beneficiari, ma di entità inferiore (-1,4%). Il numero medio di figli interessati dalla misura è pari a 1,58 per famiglia in Friuli Venezia Giulia, in linea con il dato nazionale.
Calano beneficiari assegno unico, effetto demografico in Fvg
			0
			
				            
			        
    
                        articolo precedente"
20260813092633,Frosinonetoday,https://www.frosinonetoday.it/politica/frosinone-ugl-allarme-provincia-velocita-giovani.html,,,,,,srclc:ita,"Frosinone, Ugl lancia l’allarme: “Provincia a due velocità, il Sud perde lavoro e i giovani sono costretti a partire”
la parte settentrionale che continua a mostrare una maggiore vitalità economica e occupazionale e il Cassinate e il sud del territorio alle prese con una crisi industriale sempre più preoccupante.
Il divario economico e occupazionale all'interno della provincia di Frosinone rischia di diventare sempre più profondo. A lanciare l'allarme è la Ugl Frosinone, che attraverso il segretario generale Enzo Valente fotografa una Ciociaria divisa tra territori che continuano a mostrare segnali di sviluppo e aree nelle quali, invece, la crisi industriale e la perdita di posti di lavoro stanno producendo conseguenze sempre più pesanti.
«La nostra provincia – spiega Valente – viaggia ormai a due velocità completamente opposte. Da una parte abbiamo un Nord del territorio che continua a registrare dati positivi in termini di occupazione, lavoro e sviluppo, sostenuto da un clima di entusiasmo industriale e lavorativo. Dall'altra si osserva un Sud sempre più sganciato dal resto della provincia, dove domina una forte depressione sia economica sia occupazionale».
Stellantis e indotto, il nodo della crisi nel Cassinate
Al centro delle preoccupazioni del sindacato resta inevitabilmente la situazione dello stabilimento Stellantis di Piedimonte San Germano e dell'intera filiera produttiva che negli anni si è sviluppata intorno al polo automobilistico.
Per Valente le difficoltà dello stabilimento e il ridimensionamento dell'attività produttiva hanno effetti che vanno ben oltre i cancelli della fabbrica, coinvolgendo aziende dell'indotto, lavoratori e famiglie di una vasta parte della provincia.
«Ad aggravare il quadro – sottolinea il segretario Ugl – ci sono la situazione del polo Stellantis, lasciata a se stessa nonostante le grandi chiacchiere e rassicurazioni fatte in questi anni, e il forte affanno di tutto il settore dell'indotto, dove pure molte realtà tentano con coraggio di innovare, trasformarsi e diversificare per sopravvivere alle grandi difficoltà».
La preoccupazione riguarda anche aziende e comparti che fino a oggi erano riusciti a resistere maggiormente alle difficoltà del sistema produttivo.
Secondo la Ugl, infatti, starebbero emergendo segnali di sofferenza anche in settori industriali che storicamente avevano fatto scarso ricorso agli ammortizzatori sociali. Una situazione che, avverte il sindacato, potrebbe diventare ancora più evidente tra la fine del 2026 e l'inizio del prossimo anno.
Il caso Saxa Gres e la crisi dell’ex Ideal Standard
Tra le vertenze che Valente considera emblematiche della situazione industriale provinciale c'è quella della Saxa Gres, nata dal progetto di riconversione dell'ex Ideal Standard.
Un'iniziativa sulla quale erano state riposte grandi aspettative, soprattutto per il modello produttivo legato all'economia circolare, ma che si è progressivamente arenata fino ad arrivare alla recente liquidazione giudiziale.
«Quello che doveva essere un progetto innovativo di economia circolare – afferma Valente – a distanza di anni si è purtroppo dissolto tra i lacci e i laccioli della burocrazia».
Una vicenda che, nella lettura della Ugl, rappresenta un ulteriore segnale della necessità di creare condizioni più favorevoli agli investimenti e alla riconversione industriale.
La richiesta della Zes per rilanciare la provincia
È proprio sul tema degli strumenti per lo sviluppo che il sindacato torna a rilanciare una delle sue battaglie storiche: l'inserimento del territorio in un sistema di agevolazioni assimilabile a quello della Zona Economica Speciale.
Secondo Valente, negli ultimi anni non sarebbero state sfruttate adeguatamente le opportunità disponibili per ottenere strumenti capaci di rendere la provincia maggiormente competitiva nell'attrazione degli investimenti.
«Da qualche anno come organizzazione siamo impegnati in una battaglia per sensibilizzare le istituzioni e l'opinione pubblica su uno strumento fondamentale di rilancio come la Zona Economica Speciale. Ci dobbiamo rendere conto che nulla è stato fatto e che, pur essendoci la possibilità, non si è voluto agire».
Ora, secondo il sindacato, la discussione sull'estensione degli strumenti della Zes potrebbe rappresentare una nuova occasione.
«Oggi che si comincia a parlare di Zes unica nazionale si presenta un'opportunità che non possiamo permetterci di sprecare. Abbiamo accolto positivamente le prese di posizione e l'assunzione di responsabilità di importanti esponenti politici, tra cui il ministro Tajani, su questo tema».
L'appello in vista della legge di Bilancio
Per la Ugl sarà fondamentale utilizzare i prossimi mesi per costruire un fronte comune tra istituzioni, politica, parti sociali e sistema imprenditoriale.
L'obiettivo indicato da Valente è arrivare alla prossima legge di Bilancio con una proposta condivisa e con il peso politico necessario per ottenere misure concrete a favore del territorio.
«Auspichiamo che quest'anno si possano creare le condizioni e la sinergia necessaria tra la parte politica, l'arco istituzionale e gli attori economici del territorio per portare a casa questo risultato. È questa la strada per dare risposte concrete ai lavoratori e alle famiglie della nostra provincia».
“I giovani sono costretti ad andare via”
Ma la questione industriale, secondo il sindacato, non riguarda soltanto aziende e livelli occupazionali. Il rischio più profondo è quello di un progressivo impoverimento demografico e sociale della provincia di Frosinone.
La mancanza di opportunità professionali adeguate spinge infatti molti giovani, una volta completati gli studi, a cercare altrove il proprio futuro.
«Tutto questo impoverimento economico si riflette in maniera drammatica sui giovani della nostra terra – conclude Valente –. Una volta terminati gli studi, i nostri ragazzi si trovano purtroppo costretti a spostarsi al Nord o addirittura ad andare all'estero per trovare un'occupazione».
Da qui l'appello a trasformare la crisi industriale della provincia in una questione prioritaria, andando oltre la gestione delle singole vertenze e costruendo una strategia di sviluppo di medio e lungo periodo.
«Non possiamo rassegnarci – conclude il segretario generale della Ugl Frosinone – a vedere il nostro territorio svuotarsi del suo bene più prezioso e delle sue energie migliori»."
20260813091500,Rainews,https://www.rainews.it/articoli/2026/08/aumentano-i-viaggiatori-over-65-e-boom-delle-vacanze-senior-cercano-socialita-e-benessere-4d0966cd-34d9-40a5-b758-cdb9a2667b3d.html,,,,,,srclc:ita,"Il 2026 è un'ottima annata per il turismo in Italia, ma non sono più soltanto giovani, coppie e famiglie a viaggiare. Una delle trasformazioni destinate a incidere maggiormente sul turismo italiano arriva dalla crescita dei viaggiatori maturi, una fascia di pubblico sempre più importante per dimensioni, disponibilità di tempo e propensione a vivere nuove esperienze. Secondo le elaborazioni del Gruppo Vamonos, già oggi circa il 22% dei viaggi è riconducibile alla fascia tra 45 e 55 anni, mentre gli over 65 rappresentano circa il 15%. Numeri destinati ad assumere un peso crescente con il progressivo invecchiamento della popolazione e l'aumento degli anni vissuti in buona salute. Ma il nuovo viaggiatore maturo è molto diverso dallo stereotipo del turista anziano. Cerca esperienze, socialità e benessere, dispone di maggiore flessibilità nelle date di partenza e può viaggiare anche fuori dai tradizionali picchi di luglio e agosto.
Non solo mare: ecco alcune mete alternative per il turismo
Le 4 tipologie di viaggio
""Sta emergendo una generazione che ha più tempo per viaggiare e vuole continuare a scoprire il mondo, conoscere persone e vivere esperienze. È un cambiamento demografico che può trasformarsi in uno dei nuovi motori dell'industria turistica"", osservano gli analisti del Gruppo Vamonos. Quattro, secondo il tour operator, le direttrici sulle quali si sta sviluppando maggiormente questo mercato: wellness tourism, con proposte legate a benessere e qualità della vita; viaggi multigenerazionali, con nonni, figli e nipoti; turismo accessibile, con servizi calibrati sulle differenti esigenze di mobilità; e soggiorni più lunghi in destinazioni dal clima mite, favoriti dalla possibilità di partire anche in primavera e autunno. Proprio pensando ai turisti senior più dinamici, il Gruppo Vamonos ha sviluppato Adelante+, tour operator dedicato ai viaggiatori maturi, con un'offerta costruita intorno a socialità, esperienze condivise, organizzazione e qualità del viaggio.
""Il turismo senior non può più essere considerato più una nicchia. L'aumento della longevità sta creando una nuova domanda e l'offerta dovrà diventare sempre più segmentata per età, interessi e stili di vita. La vera sfida non sarà vendere vacanze agli anziani, ma progettare viaggi per persone che non si sentono anziane"", concludono gli esperti di Adelante+."
20260813091335,Telebari,https://www.telebari.it/attualita/262720-social-freezing-al-via-le-domande-per-la-crioconservazione-degli-ovociti-contributi-fino-a-3mila-euro.html,,,,,,srclc:ita,"Da oggi è possibile presentare alla Asl Bari la domanda per ottenere il contributo economico destinato al social freezing, la crioconservazione degli ovociti a scopo precauzionale che consente alle donne di preservare la propria fertilità in vista di una maternità futura. Il nuovo avviso per il biennio 2026-2027 prevede un sostegno fino a 3mila euro [...] L'articolo Social freezing, al via le domande per la crioconservazione degli ovociti: contributi fino a 3mila euro proviene da Telebari - News in tempo reale di Bari attualità, cronaca, sport ."
20260813085500,Il Tempo,https://www.iltempo.it/esteri/2026/08/13/news/attentati-e-repressione-fuga-dei-cristiani-dai-paesi-arabi-solo-in-israele-aumentano-48849805/,,,,,,srclc:ita,"Attentati e repressione. Fuga dei cristiani dai paesi arabi, solo in Israele aumentano
Si rifugiano in Israele dove sono aumentati del 50% dagli anni 2000 Crollo demografico in Siria, Libano e Iraq per via del fondamentalismo islamico
Per i cristiani non c’è luogo più sicuro in Medio Oriente al di fuori di Israele. Non si tratta di una considerazione ideologica, ma statistica. All’incirca dagli anni duemila, la percentuale ha subìto un drastico crollo nei paesi arabi. Dalla sintesi di più report – di Pew Reasearch Center, US department e UK Home Office – emerge che la depressione demografica è pari al 67% in Siria, 86% in Iraq e 6% in Libano. Luoghi attraversati da guerre e martoriati dalla presenza di gruppi terroristici che nel fondamentalismo islamico hanno trovato non solo una chiave di volta per accrescere il proprio potere, ma uno strumento di repressione di tutte le diversità religiose.
Era l’agosto 2004 quando delle auto cariche di tritolo furono fatte esplodere da Jama'at davanti a cinque chiese nelle città di Baghdad e Mosul, provocando 12 morti e circa 70 feriti. E ancora nella capitale irachena, il 31 ottobre 2010, un commando dello Stato islamico (ISI) assaltò la cattedrale sirio-cattolica Nostra Signora delle Salvezza durante la messa domenicale, prendendo in ostaggio i fedeli e provocando un bagno di sangue costato la vita a 2 sacerdoti e 58 fedeli. Lo stesso fra le parti di Damasco dove nel settembre 2013, tempo dopo l’inizio della primavera araba e il sorgere di gruppi violenti, il fronte jihadista di Jahbat al-Nusra attaccò il villaggio cristiano di Maaloula giustiziando i credenti che si erano rifiutati di convertirsi all’Islam.
Il rapporto è quindi di inversa proporzionalità: più il fondamentalismo della Sharia trova spazio nella società, tanto nei governi quanto nelle fazioni che si contendono il potere, più il numero di cristiani ed ebrei diminuisce.
«Betlemme- il luogo di nascita di Gesù - era circa al 50% cristiana sotto il dominio israeliano. Oggi, dopo tre decenni di governo dell'Autorità Palestinese, i cristiani costituiscono circa il 15% - scrive su X il ministero degli Esteri israeliano- Durante la Seconda Intifada nel 2002, terroristi palestinesi occuparono violentemente la Chiesa della Natività, trasformando uno dei luoghi più sacri del cristianesimo nel centro di un assedio armato durato 39 giorni. L'antica comunità cristiana di Betlemme sta scomparendo. Questa è la realtà della vita cristiana sotto il dominio dell'Autorità Palestinese».
In questo quadro, Israele rappresenta quindi un’oasi democratica per tutti coloro che desiderano professare liberamente la propria religione. Così la presenza è aumentata del 50% in vent’anni.
Frutto, questo, di quanto scritto nella dichiarazione di indipendenza: «Lo Stato assicurerà completa uguaglianza di diritti sociali e politici a tutti i suoi abitanti senza distinzione di religione, razza o sesso, garantirà libertà di religione, di coscienza, di lingua, di istruzione e di cultura, preserverà i luoghi santi di tutte le religioni e sarà fedele ai principi della Carta delle Nazioni Unite»."
20260813085224,Il Riformista,https://www.ilriformista.it/italiani-formichine-strangio-dal-salvadanaio-allinnovazione-come-trasformare-il-risparmio-in-crescita-526119/,,,,,,srclc:ita,"""Da fattore di conservazione della ricchezza a motore dello sviluppo economico""
Italiani formichine, Strangio: “Dal salvadanaio all’innovazione, come trasformare il risparmio in crescita”
Per la professoressa della Sapienza, “la cultura finanziaria è una forma di cittadinanza. Gli italiani sanno risparmiare, ma sanno investire nel futuro? È questa la vera sfida”
Ogni crisi economica lascia in eredità una domanda che va ben oltre i mercati: quanto comprendiamo davvero il funzionamento dell’economia che condiziona le nostre vite? La capacità di interpretare certi meccanismi economici continua a rappresentare uno dei principali fattori di vulnerabilità delle società contemporanee. La storia insegna che lo sviluppo economico non dipende esclusivamente dalla disponibilità di capitale o dall’innovazione tecnologica. Dipende, forse ancora prima, dalla qualità delle istituzioni, dalla fiducia collettiva e dal livello di consapevolezza economica di una comunità. È la cultura finanziaria, intesa non come semplice alfabetizzazione agli investimenti, ma come strumento di cittadinanza, a determinare la capacità di un Paese di affrontare le grandi transizioni senza subirle. È da questa prospettiva che Donatella Strangio, Ordinaria di Storia Economica all’Università Sapienza di Roma ed esperta di crisi finanziarie, invita a rileggere il rapporto tra economia e società. Attraverso una prospettiva storica, il risparmio cessa di essere soltanto una virtù privata e diventa una leva di sviluppo, mentre la conoscenza economica assume il valore di un’infrastruttura civile, indispensabile per trasformare la ricchezza accumulata dalle famiglie in crescita, innovazione e competitività. Perché il vero discrimine, oggi, non è soltanto quante risorse possiede un Paese, ma quanto è in grado di comprenderle, orientarle e metterle al servizio del proprio futuro».
Nel dibattito contemporaneo la cultura finanziaria è spesso associata alla gestione del risparmio e agli investimenti. Da storica dell’economia, ritiene che essa rappresenti invece una componente più ampia della cittadinanza economica, indispensabile per comprendere le grandi trasformazioni delle società moderne?
«Ritengo che ridurre la cultura finanziaria alla sola capacità di scegliere un investimento o di gestire il proprio patrimonio significhi limitarne profondamente il significato. Essa rappresenta una componente essenziale della cittadinanza economica, poiché consente ai cittadini di comprendere i meccanismi che regolano il funzionamento dell’economia, il ruolo delle istituzioni, delle politiche pubbliche e dei mercati finanziari. La storia economica ci insegna che le grandi trasformazioni delle società, dalla Rivoluzione industriale alla globalizzazione, fino alle più recenti crisi finanziarie, sono sempre state accompagnate da profondi cambiamenti nelle modalità di accumulazione del capitale, nella gestione del risparmio e nell’organizzazione delle istituzioni economiche. Comprendere questi processi significa sviluppare una maggiore consapevolezza critica e una più solida capacità di partecipazione alla vita economica e civile. Per questo motivo, la cultura finanziaria non riguarda soltanto le decisioni individuali, ma costituisce uno strumento fondamentale di cittadinanza. Essa permette ai cittadini di interpretare i cambiamenti economici, valutare con maggiore consapevolezza le politiche pubbliche e partecipare in modo informato alla vita democratica del Paese. In un contesto caratterizzato da crescente complessità economica e finanziaria, investire nella cultura finanziaria significa, in definitiva, investire nella qualità della democrazia».
L’Italia è tradizionalmente considerata un Paese di risparmiatori. Come si è evoluto nel tempo il rapporto degli italiani con il risparmio e quali fattori storici e culturali continuano ancora oggi a influenzare le scelte economiche delle famiglie?
«Il risparmio rappresenta uno dei tratti distintivi della storia economica italiana. Nel secondo dopoguerra esso ha costituito uno dei principali motori dello sviluppo economico del Paese, contribuendo al finanziamento degli investimenti produttivi, alla crescita del sistema industriale e alla diffusione della proprietà immobiliare. In questo processo ebbero un ruolo significativo anche le rimesse degli emigrati italiani, che alimentarono gli investimenti delle famiglie e favorirono l’accumulazione di patrimonio in molte aree del Paese. Questa propensione al risparmio è stata sostenuta da fattori culturali profondi: la centralità della famiglia, una diffusa prudenza nei confronti del rischio, l’importanza attribuita al patrimonio come forma di sicurezza per le generazioni future e una tradizionale cautela verso l’indebitamento. Negli ultimi decenni, tuttavia, il contesto è profondamente cambiato. La liberalizzazione dei mercati finanziari, l’innovazione degli strumenti di investimento, la lunga stagione dei bassi tassi di interesse, la crescente volatilità dei mercati, l’invecchiamento della popolazione e le ricorrenti crisi economiche hanno modificato il rapporto degli italiani con il risparmio. Le famiglie si trovano oggi ad affrontare scelte molto più complesse rispetto al passato. Il risparmio continua a rappresentare un elemento di stabilità e una risorsa fondamentale per il Paese, ma non è più sufficiente accumulare risorse. Occorre saperle gestire con consapevolezza, valutare il rapporto tra rischio e rendimento, pianificare gli obiettivi di lungo periodo e comprendere strumenti finanziari sempre più articolati. Per questo motivo, oggi più che mai, la cultura finanziaria rappresenta una componente essenziale della cittadinanza economica e uno strumento indispensabile per compiere scelte responsabili e informate».
Le grandi transizioni del nostro tempo – dall’invecchiamento demografico alla digitalizzazione, fino alla sostenibilità ambientale – stanno modificando profondamente i sistemi economici. Quali competenze economico-finanziarie ritiene saranno più importanti per le nuove generazioni chiamate a confrontarsi con questi cambiamenti?
«Le suddette transizioni richiedono alle nuove generazioni un insieme di competenze sempre più articolato. Non sarà sufficiente conoscere i principi di base della finanza personale: occorrerà sviluppare capacità di adattamento, di analisi e di valutazione delle conseguenze economiche delle proprie decisioni in un contesto in continua evoluzione. L’invecchiamento della popolazione rende sempre più importante comprendere il funzionamento dei sistemi previdenziali e pianificare con anticipo il proprio percorso di vita e di risparmio. La trasformazione digitale richiede, invece, familiarità con i nuovi strumenti di pagamento, con i servizi finanziari digitali e con i temi della sicurezza informatica e della protezione dei dati personali. Allo stesso tempo, la transizione ecologica rende necessario saper valutare l’impatto economico e sociale delle scelte di consumo e di investimento, distinguendo tra iniziative realmente orientate alla sostenibilità e operazioni che utilizzano questo tema solo come leva di marketing. Credo, infine, che la competenza più importante sarà la capacità di leggere la complessità. Viviamo in un’economia globale in cui fenomeni demografici, innovazione tecnologica, cambiamenti climatici e tensioni geopolitiche sono sempre più interconnessi. Formare giovani capaci di interpretare queste connessioni, di utilizzare criticamente le informazioni disponibili e di assumere decisioni consapevoli rappresenta una delle principali sfide per l’università e per il sistema educativo nel suo complesso».
La crescente complessità delle decisioni economiche individuali, dalla previdenza complementare agli investimenti fino alla gestione del rischio, sembra richiedere una maggiore consapevolezza finanziaria. Quale ruolo dovrebbero svolgere università, istituzioni e corpi intermedi nella costruzione di questa consapevolezza?
«È evidente quanto l’educazione finanziaria non possa essere considerata una responsabilità esclusivamente “individuale”. È necessario costruire un vero e proprio “ecosistema educativo” nel quale università, istituzioni pubbliche, sistema bancario, associazioni professionali e terzo settore operino in modo coordinato. Le università hanno una responsabilità particolare, non solo nella formazione degli specialisti, ma anche nella diffusione di conoscenze economiche di base accessibili agli studenti di tutte le discipline. Comprendere i principali meccanismi economici significa essere cittadini più consapevoli, indipendentemente dalla professione che si svolgerà. Le istituzioni pubbliche sono chiamate a garantire regole chiare, trasparenza e strumenti di informazione affidabili, mentre i corpi intermedi possono svolgere un’importante funzione di prossimità, traducendo temi spesso complessi in linguaggi comprensibili e accompagnando famiglie e imprese nelle loro scelte. Il goal sta nel creare una collaborazione stabile tra questi soggetti, affinché l’educazione economico-finanziaria non sia affidata a iniziative occasionali, ma diventi parte integrante delle politiche pubbliche e della formazione permanente dei cittadini».
Guardando al futuro, quale ritiene sia la principale sfida culturale che l’Italia dovrà affrontare per trasformare il proprio patrimonio di risparmio e competenze in un fattore di sviluppo economico, innovazione e competitività internazionale?
«Sicuramente mettere maggiormente in relazione il risparmio privato con lo sviluppo dell’economia reale. L’Italia dispone di un patrimonio di ricchezza delle famiglie tra i più elevati d’Europa e di competenze scientifiche, imprenditoriali e professionali di grande valore. Tuttavia, questi punti di forza non sempre riescono a tradursi in investimenti capaci di sostenere l’innovazione, la crescita dimensionale delle imprese e la competitività internazionale. Occorre favorire un contesto nel quale il risparmio possa trasformarsi più facilmente in capitale destinato alla ricerca, alle infrastrutture, alla transizione digitale ed ecologica e allo sviluppo delle imprese innovative. Questo richiede istituzioni credibili, mercati finanziari efficienti e un quadro regolatorio stabile, in grado di rafforzare la fiducia degli investitori. Dal punto di vista culturale, sarà importante superare una visione del risparmio esclusivamente orientata alla tutela del patrimonio familiare, senza naturalmente rinunciare a quella prudenza che rappresenta una caratteristica storica degli italiani. La vera sfida consiste nel coniugare sicurezza e capacità di investimento, trasformando il risparmio da fattore di conservazione della ricchezza a motore dello sviluppo economico. La storia economica mostra che i Paesi che crescono in modo più solido sono quelli capaci di creare un equilibrio tra capitale privato, innovazione, qualità delle istituzioni e investimenti nel capitale umano. È su questa integrazione che, a mio avviso, si gioca una parte importante del futuro dell’Italia».
© Riproduzione riservata"
20260813083207,Sassari News,https://www.sassarinews.it/notizie/n.php?id=193096,,,,,,srclc:ita,"Tra le misure di maggiore impatto figura il potenziamento del Fondo regionale per la non autosufficienza, che nel testo originario della variazione di bilancio prevede un incremento di 1,68 milioni di euro per ciascuno degli anni 2026, 2027 e 2028
ALGHERO - È dedicato alla sanità e alle politiche sociali il primo articolo della variazione di bilancio approvato ieri in Consiglio regionale. Larticolo 1 della legge, già caratterizzato da un forte investimento sui servizi alla persona, viene ulteriormente rafforzato dagli emendamenti presentati dalla Giunta, che incrementano le risorse destinate al welfare, alla sanità territoriale, allassistenza alle persone fragili e alle misure per contrastare il declino demografico e la carenza di personale sanitario. Complessivamente emerge una strategia che concentra gli investimenti su cinque priorità: sostegno alla non autosufficienza, allinclusione sociale, potenziamento della sanità di prossimità, rafforzamento del personale sanitario e riequilibrio territoriale. Tra le misure di maggiore impatto figura il potenziamento del Fondo regionale per la non autosufficienza, che nel testo originario della variazione di bilancio prevede un incremento di 1,68 milioni di euro per ciascuno degli anni 2026, 2027 e 2028. A questo si aggiunge lemendamento della Giunta che destina 50,04 milioni di euro complessivi al rafforzamento degli interventi per le persone con disabilità grave, dei programmi della legge 162 e delle misure di assistenza domiciliare ""Ritornare a casa Plus"". Una delle più importanti operazioni di sostegno alle famiglie e alle persone fragili previste dallintera manovra.
Importante anche il capitolo dedicato allaccoglienza nelle strutture socio-sanitarie. Il disegno di legge mette a disposizione 8,7 milioni di euro nel 2026 per sostenere i Comuni nel pagamento delle rette delle persone con basso reddito accolte nelle strutture assistenziali. Gli emendamenti della Giunta rafforzano ulteriormente questa misura portando le risorse complessive a 15 milioni di euro, con lobiettivo di garantire il diritto allassistenza indipendentemente dalla condizione economica delle famiglie. Un ulteriore intervento strategico riguarda la continuità dei percorsi di autonomia delle persone con disabilità, con uno stanziamento aggiuntivo di 10,16 milioni di euro destinato a consolidare i progetti avviati negli ultimi anni e dare continuità alle iniziative nate durante la stagione del PNRR. Sul fronte sanitario la manovra interviene con forza sulla medicina territoriale. Il testo originario dellarticolo 1 prevede 10 milioni di euro nel 2026 per linserimento di nuove Case della Comunità e nuovi Ospedali di Comunità nella rete regionale e ulteriori 15 milioni di euro nel triennio 2027-2029 per realizzare il progetto delle Case di Comunità Mobili, che garantiranno servizi sanitari di prossimità anche nei territori più periferici della Sardegna.
La Giunta ha inoltre proposto un ulteriore stanziamento di 10 milioni di euro per potenziare gli investimenti destinati alle Case e agli Ospedali di Comunità e rafforzare la rete e la presenza dei servizi sanitari anche nelle aree rurali e nelle zone più lontane dai principali poli ospedalieri. Larticolo 1 interviene anche sul personale sanitario. Sono previsti 8,37 milioni di euro nel triennio per il rafforzamento della specialistica ambulatoriale interna e 2,35 milioni di euro per il personale impegnato nelle attività di trapianto di organi. Ha caratterizzato questa variazione di bilancio il grande impegno per la valorizzazione dei professionisti e dei percorsi di carriera. Il testo originario dellarticolo 1 prevede 2 milioni di euro annui per la remunerazione dei coordinatori dei corsi di laurea delle professioni sanitarie di cui al D.P.C.M. 24 maggio 2001.
A questi interventi si aggiungono gli emendamenti della Giunta destinati ad affrontare, da un lato, fin da subito, la difficoltà di reperimento del personale sanitario nelle sedi più disagiate, dallaltro, a potenziare la capacità formativa della rete universitaria, per assicurare, nel tempo, lattrattività dellofferta e il soddisfacimento del fabbisogno di professionisti del Servizio sanitario regionale. Per questo vengono stanziati 33,38 milioni di euro per incentivi economici, agevolazioni logistiche e ulteriori misure di supporto dedicate a favorire lingresso nel sistema di nuovi medici e infermieri che scelgono di lavorare per un periodo di almeno 18 mesi, eventualmente prorogabili, nelle aree disagiate e carenti. Numerose anche le iniziative volte a incentivare liscrizione ai corsi di laurea nelle specialità mediche e non mediche negli atenei sardi: sul triennio, 3 milioni di euro per i rimborsi destinati ai giovani medici specializzandi per lattività formativa svolta in regione, finalizzata allampliamento dellintera rete formativa regionale, e 1,8 milioni di euro destinati ai giovani medici specializzandi per il rimborso delle attività formative extra-regionali; infine, circa 3 milioni di euro per garantire il sostegno alla formazione specialistica sanitaria non medica e introdurre strumenti incentivanti per assicurare la permanenza nel territorio regionale dei professionisti formati, a supporto del fabbisogno del SSR.
Sempre sul piano dellorganizzazione dei servizi sanitari viene rafforzata la misura che riconosce alle strutture sociosanitarie accreditate il rimborso dei costi per il personale infermieristico. Una disposizione che vale 12,3 milioni di euro nel 2026 e 16,1 milioni di euro annui dal 2027, per un volume finanziario superiore a 32 milioni di euro. Tra gli investimenti più consistenti figura, inoltre, lanticipazione regionale di 47,46 milioni di euro per gli interventi di adeguamento e messa in sicurezza sismica delle strutture ospedaliere, una misura che punta a migliorare la resilienza e la sicurezza del patrimonio sanitario regionale. Significativi anche gli interventi destinati a rafforzare specifici servizi sanitari: 13,32 milioni di euro per ladeguamento del servizio di elisoccorso e per dare continuità alla nuova programmazione HEMS nel periodo 2026-2034; 4,2 milioni di euro per il rinnovo dellAccordo integrativo regionale della medicina generale; 1 milione di euro per il potenziamento delle prestazioni di emodialisi; 1,2 milioni di euro per le prestazioni aggiuntive nei Pronto Soccorso dei medici dellemergenza territoriale (MET) e 1,5 milioni di euro per il rafforzamento dellassistenza sanitaria nellIsola di San Pietro.
Particolare rilevanza assume inoltre la misura dedicata al contrasto dello spopolamento. Con un emendamento della Giunta vengono destinati 56 milioni di euro a favore dei giovani under 40 che trasferiscono la residenza e avviano attività economiche in Sardegna. Lobiettivo è attrarre nuove professionalità, sostenere limprenditorialità giovanile e rafforzare il tessuto economico e sociale delle aree maggiormente colpite dal calo demografico. Completano il quadro gli interventi per le comunità per minori (1 milione di euro), i percorsi del programma ""Dopo di noi"", i progetti dedicati alla neuropsichiatria infantile e ai minori fragili. «Investiamo ancora di più nelle cure. Estendiamo i dispositivi FreeStyle a circa 20 mila persone con diabete e garantiamo i farmaci salvavita a chi è affetto da malattie rare.Abbiamo stanziato 10 milioni di euro in tre anni per lautismo e sosteniamo le farmacie rurali, presidi fondamentali nelle aree interne.Infine, destiniamo nuove risorse agli allevatori colpiti dalla dermatite nodulare bovina.Questi sono solo alcuni degli interventi che abbiamo previsto nella manovra. Stiamo costruendo un percorso e questa variazione rappresenta un altro passo per rafforzare il nostro sistema sanitario», commenta la Presidente Todde.
Commenti"
20260813080337,Giornale Di Puglia,https://www.giornaledipuglia.com/2026/08/social-freezing-al-via-il-contributo.html,,,,,,srclc:ita,"Da oggi, 13 agosto, è possibile presentare la domanda. Pubblicato sul BURP il nuovo bando biennale 2026-2027: il contributo è destinato alle donne tra 27 e 37 anni residenti nella provincia di Bari, con ISEE fino a 30mila euro. Sessanta giorni per presentare la richiesta BARI – Da oggi è possibile presentare alla ASL Bari la domanda per ottenere il contributo economico destinato al social freezing , la crioconservazione degli ovociti a scopo precauzionale che consente alle donne di preservare la propria fertilità in vista di una maternità futura. Con la pubblicazione sul Bollettino Ufficiale della Regione Puglia (BURP) prende il via il nuovo avviso per il biennio 2026-2027, che prevede un sostegno fino a 3.000 euro per le donne in possesso dei requisiti. Il social freezing consente di crioconservare gli ovociti per programmare una gravidanza in età più avanzata, offrendo maggiori possibilità di successo qualora, con il passare del tempo, insorgano difficoltà di concepimento legate alla fisiologica riduzione della fertilità. La misura, prevista dalla Regione Puglia nell'ambito delle politiche di tutela del diritto alla genitorialità e alla procreazione e di contrasto al calo demografico, è rivolta alle donne per le quali questa prestazione non rientra tra quelle garantite gratuitamente dai Livelli Essenziali di Assistenza (LEA). Per il biennio 2026-2027 alla ASL Bari sono state assegnate risorse complessive pari a 194.645,63 euro , di cui 97.322,81 euro per ciascuna annualità. Alle risorse stanziate si aggiungono le economie derivanti dall'avviso pubblico 2025. Chi può accedere al contributo Possono presentare domanda le donne che, alla data della richiesta: abbiano un'età compresa tra 27 e 37 anni ; siano residenti ininterrottamente in Puglia da almeno 12 mesi e, al momento della domanda, nella provincia di Bari; abbiano un ISEE ordinario in corso di validità pari o inferiore a 30.000 euro . Il contributo può essere concesso una sola volta nella vita , fino a un massimo di 3.000 euro, sulla base delle spese effettivamente sostenute e documentate. La procedura può essere effettuata presso centri di Procreazione Medicalmente Assistita (PMA) , pubblici o privati, autorizzati e inseriti nel Registro nazionale PMA, presenti su tutto il territorio nazionale. Quali spese sono coperte Il contributo copre le spese mediche strettamente connesse alla procedura di crioconservazione degli ovociti sostenute presso il centro PMA in cui viene effettuato il trattamento e il canone relativo ai primi 12 mesi di conservazione . Sono escluse le spese farmaceutiche, quelle per vitto e alloggio, gli esami diagnostici o strumentali preliminari sostenuti presso altre strutture e i costi di conservazione successivi ai primi 12 mesi. Come presentare la domanda Le domande per l'annualità 2026 possono essere presentate dal 13 agosto 2026 , data di pubblicazione dell'avviso sul BURP, ed entro le ore 23:59 del sessantesimo giorno successivo . Le interessate devono compilare il modulo allegato all'avviso e trasmetterlo tramite PEC all'indirizzo dipartimentocureprimarie.da.asl.bari@pec.rupar.puglia.it oppure consegnarlo direttamente al Distretto Socio Sanitario di appartenenza, allegando un documento di identità e l'attestazione ISEE in corso di validità. Le domande ammissibili saranno inserite in graduatoria sulla base del valore ISEE, partendo da quello più basso. A parità di ISEE sarà data precedenza alla candidata di maggiore età e, successivamente, all'ordine di presentazione della domanda. Per maggiori informazioni e per scaricare l'avviso e il modulo di domanda è possibile consultare il sito istituzionale della ASL Bari."
20260813080000,The Walking Debt,https://thewalkingdebt.org/2026/08/13/la-democrazia-americana-non-e-quella-di-tocqueville/,,,,,,srclc:ita,"La democrazia americana non è quella di Tocqueville
Chissà che direbbe oggi Tocqueville, che credeva l’America immune dal “vizio” europeo delle caste e delle varie aristocrazie, se leggesse un paper illuminante pubblicato dal NBER che mostra come la formazione delle élite non sia affatto una prerogativa europea ma il prezzo che le società pagano per poter funzionare. Con l’aggravante che, in America come in Europa, queste élite non sono affatto facilmente permeabili. Al contrario: tendono per natura a permanere, per la semplice ragione che chi vi appartiene trasmette i vantaggi che ne derivano ai suoi successori, che fanno blocco con quelli come loro.
Il risultato è chiaro: chi viene dal basse può venire cooptato, ma il meccanismo democratico non è affatto, di per sé, una garanzia che ci riesca. Perché, e il caso americano osservato nel paper lo dimostra chiaramente, se non arrivi a diventare un candidato a un’elezione, perché il percorso è troppo accidentato o semplicemente costoso, ecco che nessuno ti voterà, anche se teoricamente godi di questo diritto.
In America succede esattamente questo. I componenti del Congresso, che gli autori hanno monitorato a partire dal lontano 1830, sono un’élite ed entrarci è terribilmente difficile. All’interno di questa élite il criterio meritocratico funziona, nel senso che tende a selezionare quelli più capaci, ma rimane un’élite chiusa, caratterizzata da requisiti di reddito e istruzione ben lontani da quelle del comune cittadino.
Per dirla con una semplificazione, quella americana è un’aristocrazia politica, basata principalmente sul denaro, che viene in qualche modo selezionata da una democrazia popolare. E fino a un certo punto: basta ricordare come si elegge il presidente. Ma l’offerta, che si propone a questa democrazia, è alquanto ristretta. L’allargamento del diritto di voto, per dirla diversamente, non ha generato un eguale aumento della possibilità di essere eletti.
In sostanza, lo studio smonta il mito della mobilità sociale applicato alla politica, utilizzando una mole di dati che va dal 1830 al 1950. In ogni singola generazione osservata, chi arriva al Congresso viene quasi sempre dalle famiglie più ricche e istruite d’America. E la situazione, invece di migliorare con l’espansione della democrazia, è peggiorata.
Gli autori hanno seguito 6.077 membri del Congresso nati tra il 1830 e il 1950 e deceduti entro il 2026, collegandoli — insieme ai loro padri e fratelli — ai censimenti federali completi degli Stati Uniti, dal 1850 al 1950. Per farlo hanno usato FamilySearch.org, la piattaforma genealogica gestita dalla Chiesa di Gesù Cristo dei Santi degli Ultimi Giorni, che ospita alberi genealogici costruiti collettivamente da milioni di utenti nel corso di decenni.
Il primo dato che colpisce riguarda il 1940, il primo censimento a registrare in modo sistematico redditi e anni di istruzione individuali. Quasi il 60% dei futuri parlamentari tra i 18 e i 40 anni aveva già almeno 16 anni di scolarità — l’equivalente di una laurea — contro appena il 5% degli uomini della stessa età nella popolazione generale. Più del 12% dichiarava redditi da lavoro superiori ai 5.000 dollari (il tetto massimo registrabile nel censimento dell’epoca), contro meno dell’1% della popolazione.
Nell’Ottocento, quando i censimenti non registravano redditi ma la ricchezza dichiarata, il quadro è identico: i futuri parlamentari possedevano da tre a quattro volte più ricchezza immobiliare, e circa tre volte più beni personali, rispetto ai loro coetanei più simili per background demografico.
Per coprire l’intero periodo 1850-1950 — dato che redditi e ricchezza non sono registrati in modo continuo — gli autori si affidano anche a punteggi socioeconomici basati sull’occupazione dichiarata al censimento, sviluppati dalla letteratura di storia economica recente. Su quattro misure diverse, il quadro non cambia: in ogni epoca, su ogni indicatore disponibile, i futuri parlamentari sono economicamente fuori scala rispetto alla popolazione.
Se i futuri parlamentari sono economicamente privilegiati, lo sono anche — e forse soprattutto — le famiglie da cui provengono. I padri dei membri del Congresso nel 1940 guadagnavano circa il doppio del padre medio americano ed erano più di cinque volte più propensi ad avere una laurea. Vivevano in case di valore più che doppio rispetto alla media e avevano una probabilità 30 volte maggiore di avere in casa due o più domestici — un indicatore di status elitario che pochissime famiglie americane potevano permettersi (solo lo 0,1% della popolazione contro il 3,4% dei padri di parlamentari).
Nell’Ottocento la storia si ripete: i padri dei futuri parlamentari possedevano oltre 8.000 dollari in ricchezza immobiliare e beni personali, contro circa 4.000 dollari dei controlli più rigorosamente abbinati. Circa un padre su tredici rientrava nell’1% più ricco della popolazione.
La politica americana, insomma, non è un ascensore sociale aperto a chiunque: solo chi nasce già in una famiglia privilegiata ha, in pratica, accesso al Congresso. All’interno di questa ristretta cerchia di famiglie fortunate, non è il fratello qualunque a fare politica, ma tipicamente il più brillante o il più intraprendente. Gli autori la definiscono una forma di “meritocrazia esclusiva”: selezione positiva sul talento, ma dentro un recinto di provenienza sociale già estremamente ristretto.
Negli oltre 130 anni e 80 legislature analizzate, il divario tra i padri dei parlamentari e i padri dei gruppi di controllo non si è mai ridotto in modo sostanziale. Anzi, per la gran parte del periodo osservato è cresciuto.
Questo è controintuitivo, perché nello stesso arco di tempo l’America ha attraversato trasformazioni profonde pensate esplicitamente per rendere la politica più aperta e democratica: l’estensione del voto ai non proprietari, agli uomini afroamericani dopo la Guerra Civile, alle donne nel 1920, ai giovani nel 1971; la diffusione della scuola superiore e poi dell’università di massa; e soprattutto quattro grandi riforme dell’era progressista pensate per spezzare il controllo delle élite di partito sulla selezione dei candidati.
Come mai riforme pensate per democratizzare l’accesso alla politica non hanno scalfito la composizione sociale del Congresso? Gli autori suggeriscono una spiegazione plausibile: queste riforme agivano tutte al momento del voto, nel seggio elettorale. Ma è molto probabile che i candidati provenienti da contesti meno privilegiati vengano scartati molto prima, nelle fasi di selezione interna ai partiti, nella raccolta fondi, nei costi enormi — economici e sociali — che comporta anche solo decidere di candidarsi.
Quello che i dati raccontano con chiarezza, in ogni caso, è che il sistema attraverso cui gli americani scelgono i propri rappresentanti è cambiato radicalmente in centocinquant’anni — regole del voto, ampiezza dell’elettorato, meccanismi di nomina dei candidati. Le famiglie da cui provengono quei rappresentanti, invece, sono rimaste sorprendentemente le stesse.
Checché ne dicesse Tocqueville, insomma, che osservava l’America all’inizio della sua storia, le caste e l’aristocrazia esistono anche lì, anche se hanno origini e modalità di formazione diverse da quelle europee. Forse per la semplice ragione che anche gli americani, in fondo, sono europei."
20260813065115,La Provincia Unica Tv,https://www.laprovinciadicomo.it/stories/premium/editoriali/occidente-categoria-geopolitica-in-ritirata-o_3929043_11/,,,,,,srclc:ita,"Occidente categoria geopolitica in ritirata
Democrazia. Tra crisi di fiducia, declino demografico e nuove potenze, l’Occidente perde la sua egemonia: non si tratta di esportare un modello, ma di tornare a offrire un esempio
Lettura 2 min.
Per molti decenni è bastato pronunciare la parola Occidente per evocare un sistema di valori, un modello economico, una cultura politica. Era un’idea prima ancora che una geografia: democrazia liberale, stato di diritto, libertà individuali, innovazione scientifica, crescita economica, mobilità sociale. Pur non essendo un mondo perfetto, rappresentava un punto di riferimento al quale guardavano milioni di persone. Oggi quel concetto appare sempre più sfumato. Non perché quei valori siano improvvisamente scomparsi, ma perché il mondo è cambiato con una velocità che le nostre categorie interpretative non riescono più a seguire. La globalizzazione ha unito mercati, tecnologie e conoscenze come mai era accaduto nella storia. Allo stesso tempo, però, ha moltiplicato le fratture. Assistiamo a un paradosso: più il pianeta è interconnesso, più cresce la frammentazione politica, economica e culturale. Guerre che sembravano appartenere al Novecento tornano a occupare il centro della scena; nuove potenze ridefiniscono gli equilibri internazionali; il peso economico si distribuisce in modo molto diverso rispetto a pochi decenni fa. Anche il primato tecnologico non è più un’esclusiva occidentale. L’innovazione nasce ormai in molte aree del mondo, i capitali si muovono senza confini e le filiere produttive attraversano continenti. Parlare di un «centro» e di una «periferia» appare sempre meno convincente.
Nel frattempo, l’Occidente affronta fragilità profonde. La denatalità riduce la capacità di immaginare il futuro. Le disuguaglianze alimentano sfiducia. Il dibattito pubblico si polarizza fino a rendere difficile ogni sintesi. La scuola e la famiglia, tradizionali luoghi di trasmissione dei valori, sembrano spesso faticare nel loro compito educativo, mentre il tempo della riflessione viene sostituito da quello della reazione immediata. Più ancora della ricchezza, l’Occidente sembra avere smarrito la fiducia nel progresso. Per oltre due secoli ha vissuto nella convinzione che il futuro sarebbe stato migliore del presente, che i figli avrebbero avuto più opportunità dei padri e che l’innovazione avrebbe allargato gli spazi della libertà e del benessere. Oggi quella certezza vacilla. È forse questa la differenza più profonda rispetto al passato: la difficoltà di immaginare un domani migliore.
Fuori dall’Occidente, intanto, miliardi di persone continuano a convivere con povertà estrema, instabilità politica, cambiamenti climatici e migrazioni forzate. È la dimostrazione che la crescita economica globale, pur avendo sollevato centinaia di milioni di individui dalla miseria, non è riuscita a distribuire con sufficiente equilibrio opportunità e sicurezza. Nessuna parte del pianeta può ormai considerarsi davvero separata dalle altre. Per questo ha sempre meno senso contrapporre un Occidente e un resto del mondo. Le sfide decisive - dalla sicurezza all’energia, dalla transizione demografica all’intelligenza artificiale, fino alla sostenibilità ambientale - sono ormai globali. Nessuno può affrontarle da solo e nessuno possiede più il monopolio delle soluzioni.
Ciò non significa rinunciare alla propria identità. Al contrario. L’Occidente può ritrovare una funzione storica non rivendicando una presunta superiorità, ma tornando a essere credibile nei principi che lo hanno reso autorevole: investire nell’educazione, nella ricerca, nella qualità delle istituzioni, nella responsabilità individuale e nella coesione sociale. Più che esportare modelli, dovrebbe offrire esempi.
Forse il tempo dell’Occidente come categoria geopolitica dominante si sta esaurendo. Ma non è affatto tramontata la necessità di una civiltà capace di mettere insieme libertà, innovazione, giustizia e solidarietà. Se saprà riscoprire questa missione, allora non conterà più come si chiamerà quella parte del mondo. Conterà la capacità di indicare una direzione. Ed è proprio di questo che, oggi, il pianeta ha più bisogno.
© RIPRODUZIONE RISERVATA"
20260813065031,Corriere Dell'irpinia,https://corriereirpinia.it/caldo-urbano-si-insedia-il-tavolo-comune-legambiente-dieci-aree-verdi-e-sedici-fontanelle-da-qui-parte-la-rete-dei-rifugi-climatici-di-avellino/,,,,,,srclc:ita,"Dalla fotografia alla risposta. A poche settimane dalla presentazione del dossier «Caldo senza confini: disuguaglianze climatiche nei capoluoghi di provincia della Campania», con cui Legambiente Campania ha ricostruito via satellite le isole di calore di Avellino, si è insediato a Palazzo di Città il tavolo di coordinamento permanente su clima, verde urbano e vulnerabilità sociale.
Al primo incontro hanno preso parte la vicesindaca Anna D’Aliasi, con delega alle Politiche ambientali ed energetiche e alla Transizione ecologica, l’assessora Enza Ambrosone, con delega ai Lavori pubblici, ai Fondi regionali ed europei e al Verde pubblico e cura della città, e l’assessore Sergio Trezza, con delega ai Servizi sociali, al Contrasto alla povertà e alle Politiche per anziani, disabilità e inclusione, insieme a una delegazione di Legambiente Avellino – Alveare APS.
La composizione del tavolo non è casuale. Il caldo urbano è insieme un problema climatico, urbanistico e di equità sociale: mettere allo stesso tavolo chi programma la transizione ecologica, chi realizza le opere e gestisce il verde e chi raggiunge le persone fragili è la condizione perché le misure non restino sulla carta.
Il quadro da cui si parte
Ad Avellino la temperatura superficiale media del suolo, misurata dai satelliti Landsat 8 e 9 nelle estati del decennio 2015–2025, si attesta intorno ai 36°C: il valore più basso tra i capoluoghi campani, favorito dall’altitudine appenninica e dalla copertura boschiva della conca. È però una media che nasconde tre città diverse dentro lo stesso confine comunale:
- Nucleo industriale ASI di Pianodardine: fino a 50°C, il picco cittadino, dove coperture in lamiera e piazzali asfaltati si comportano come collettori solari;
- Centro urbano consolidato: circa 44°C, l’isola di calore “classica” prodotta da asfalto, edifici ravvicinati, poche alberature stradali e suoli impermeabili – meno spettacolare nei picchi, ma persistente e distribuita su un’area densamente abitata;
- Fascia periurbana tra Borgo Ferrovia e Pianodardine: circa 43°C, un tessuto ibrido di residenze, capannoni e depositi che non beneficia né del verde urbano né della ventilazione collinare.
Il rischio termico si somma a un profilo demografico che lo amplifica: Avellino conta 52.498 residenti (ISTAT, Censimento permanente 2021) ed è il capoluogo campano con la popolazione proporzionalmente più anziana, con un indice di vecchiaia pari a 227 contro una media nazionale di 193. Gli anziani soli, insieme alle persone con patologie croniche e a chi lavora all’aperto, sono la fascia con minore capacità di adattamento alle ondate di calore; il reddito medio imponibile, pari a 25.210 euro (MEF, anno d’imposta 2022), rende per molte famiglie oneroso il ricorso alla climatizzazione domestica proprio quando il caldo diventa una questione di salute pubblica.
Il primo passo: dieci aree verdi e sedici fontanelle da trasformare in rifugi climatici
Il tavolo si è dato come primo obiettivo operativo la mappatura dei rifugi climatici naturali e delle fontanelle pubbliche. Durante un’ondata di calore la differenza tra un disagio e un’emergenza sanitaria è spesso la distanza tra una persona e il più vicino punto d’ombra o d’acqua: sapere dove questi punti sono, in che stato versano e in quali orari sono accessibili è la precondizione di qualsiasi politica di protezione.
La ricognizione incrocia due fonti: la mappa collaborativa «Aree verdi e punti d’acqua di Avellino», avviata dal Comune di Avellino e Legambiente e consultabile all’indirizzo https://www.google.com/maps/d/viewer?mid=13tlWsLSUPJ7wWchW77j1_08RridR21Y e l’elenco degli spazi verdi comunali trasmesso dagli uffici del Comune.
Il primo esito è duplice. Da un lato la città dispone già di una base su cui lavorare: dieci aree verdi in grado di offrire ristoro – ombra, sedute, condizioni di sosta accettabili nelle ore calde – e sedici fontanelle pubbliche funzionanti, distribuite tra il centro e i quartieri, alcune ad accesso libero nell’arco delle ventiquattro ore, altre con orari di apertura definiti.
Ma l’obiettivo del tavolo è non limitarsi a censire, ma trasformare questi luoghi in rifugi climatici veri e propri e rafforzare i servizi di raffrescamento della città. Significa, in concreto: garantire ombra continuativa nelle ore centrali attraverso nuove alberature e sistemi di ombreggiamento, assicurare acqua potabile accessibile e fontanelle funzionanti, dotare gli spazi di sedute all’ombra, estendere gli orari di apertura durante le allerte calore, affiancare agli spazi verdi una rete di spazi al chiuso climatizzati e accessibili – biblioteche, centri civici, strutture comunali e centri anziani – attivabili con un protocollo dedicato nei giorni di allerta.
L’elenco, con la mappa consultabile anche da smartphone, sarà pubblicato sul sito istituzionale del Comune di Avellino e diffuso attraverso i servizi sociali, i centri anziani, le farmacie e i medici di base, così che l’informazione raggiunga anche chi non usa internet. La mappa resterà aperta alle segnalazioni dei cittadini: fontanelle guaste, aree inaccessibili, nuovi punti d’ombra.
Anna D’Aliasi, vicesindaca del Comune di Avellino: «I dati presentati da Legambiente ci consegnano una fotografia che nessuna amministrazione può permettersi di archiviare: dentro una media di 36 gradi convivono zone della città che al suolo arrivano a 50. Abbiamo scelto di rispondere aprendo un tavolo che tiene insieme ambiente, lavori pubblici e politiche sociali, perché il caldo urbano si combatte con gli alberi e la de-impermeabilizzazione tanto quanto con la capacità di raggiungere chi resta solo in casa ad agosto. Partiamo dalla mappatura perché volevamo cominciare da qualcosa di verificabile: sapere che cosa la città già ha e in quali condizioni è. Oggi sappiamo che dieci aree verdi e sedici fontanelle possono offrire ristoro, e che altrettanti spazi non sono in grado di farlo. L’obiettivo non è fermarsi all’elenco, ma trasformare quei luoghi in rifugi climatici veri e rafforzare i servizi di raffrescamento, a partire dai quartieri più esposti. E vogliamo che quelle informazioni siano pubbliche, sul sito del Comune, alla portata di tutte e tutti. Da lì costruiremo le scelte più impegnative, a partire dall’integrazione dei criteri climatici negli strumenti di pianificazione.»
Antonio Di Gisi, presidente di Legambiente Avellino – Alveare APS: «Questo tavolo è un ottimo inizio per affrontare l’emergenza caldo senza lasciare nessuno indietro. La mappatura è un primo banco di prova concreto, e il passaggio decisivo è quello che viene dopo. Dieci aree verdi e sedici fontanelle sono un punto di partenza. Continuiamo a dire che anche Avellino vive gli effetti della crisi climatica, aggravata da come si è costruito e quanta ombra non si è prevista: è stata una scelta, e oggi può essere una scelta diversa. Il caldo pesa di più su chi ha meno strumenti per difendersi – gli anziani soli, le famiglie a basso reddito, chi vive nei quartieri più densi e privi di alberi – e per questo la giustizia climatica non è un tema ambientale accessorio ma una questione di salute pubblica, questa è un’emergenza sanitaria. Va per questo adottata una Strategia di Adattamento ai Cambiamenti Climatici che integri i vari strumenti di pianificazione a partire dal PUC e dal Piano del Verde, già per la prossima estate.»"
20260813063845,Avellinotoday,https://www.avellinotoday.it/green/rifugi-climatici-avellino.html,,,,,,srclc:ita,"Caldo urbano ad Avellino, nasce il tavolo Comune-Legambiente: mappate dieci aree verdi e sedici fontanelle per la rete dei rifugi climatici
Coordinamento permanente sul clima: amministrazione e Legambiente avviano la mappatura e il potenziamento di aree verdi e fontanelle pubbliche, primo passo per tutelare le fasce più fragili durante le ondate di calore
Il Comune di Avellino e Legambiente Avellino ""Alveare"" costituiscono un tavolo operativo per trasformare dieci aree verdi e sedici fontanelle pubbliche in rifugi climatici. La nuova rete sarà il cardine della risposta urbana alle isole di calore evidenziate dal dossier Legambiente Campania. Primo incontro a Palazzo di Città alla presenza della vicesindaca Anna D'Aliasi, dell'assessora Enza Ambrosone e dell'assessore Sergio Trezza.
Comune di Avellino e Legambiente insieme contro le isole di calore: insediato il tavolo permanente su clima e fragilità sociale
Dopo la presentazione del dossier di Legambiente Campania, che ad Avellino ha rilevato dal satellite fino a 50°C al suolo nell'area industriale e 44°C nel centro consolidato, l'Amministrazione apre il tavolo di coordinamento su clima, verde e fragilità sociale. Primo obiettivo: trasformare gli spazi già esistenti in rifugi climatici veri e potenziare i servizi di raffrescamento. Al lavoro la vicesindaca Anna D'Aliasi, l'assessora Enza Ambrosone e l'assessore Sergio Trezza.
Avellino, [12 agosto 2026] – Dalla fotografia alla risposta. A poche settimane dalla presentazione del dossier «Caldo senza confini: disuguaglianze climatiche nei capoluoghi di provincia della Campania», con cui Legambiente Campania ha ricostruito via satellite le isole di calore di Avellino, si è insediato a Palazzo di Città il tavolo di coordinamento permanente su clima, verde urbano e vulnerabilità sociale.
Al primo incontro hanno preso parte la vicesindaca Anna D'Aliasi, con delega alle Politiche ambientali ed energetiche e alla Transizione ecologica, l'assessora Enza Ambrosone, con delega ai Lavori pubblici, ai Fondi regionali ed europei e al Verde pubblico e cura della città, e l'assessore Sergio Trezza, con delega ai Servizi sociali, al Contrasto alla povertà e alle Politiche per anziani, disabilità e inclusione, insieme a una delegazione di Legambiente Avellino - Alveare APS.
La composizione del tavolo non è casuale. Il caldo urbano è insieme un problema climatico, urbanistico e di equità sociale: mettere allo stesso tavolo chi programma la transizione ecologica, chi realizza le opere e gestisce il verde e chi raggiunge le persone fragili è la condizione perché le misure non restino sulla carta.
Dati sul caldo urbano di Avellino: analisi satellitare e quadro demografico
Ad Avellino la temperatura superficiale media del suolo, misurata dai satelliti Landsat 8 e 9 nelle estati del decennio 2015–2025, si attesta intorno ai 36°C: il valore più basso tra i capoluoghi campani, favorito dall'altitudine appenninica e dalla copertura boschiva della conca. È però una media che nasconde tre città diverse dentro lo stesso confine comunale:
Nucleo industriale ASI di Pianodardine: fino a 50°C, il picco cittadino, dove coperture in lamiera e piazzali asfaltati si comportano come collettori solari. Centro urbano consolidato: circa 44°C, l'isola di calore ""classica"" prodotta da asfalto, edifici ravvicinati, poche alberature stradali e suoli impermeabili - meno spettacolare nei picchi, ma persistente e distribuita su un'area densamente abitata. Fascia periurbana tra Borgo Ferrovia e Pianodardine: circa 43°C, un tessuto ibrido di residenze, capannoni e depositi che non beneficia né del verde urbano né della ventilazione collinare.
Il rischio termico si somma a un profilo demografico che lo amplifica: Avellino conta 52.498 residenti (ISTAT, Censimento permanente 2021) ed è il capoluogo campano con la popolazione proporzionalmente più anziana, con un indice di vecchiaia pari a 227 contro una media nazionale di 193. Gli anziani soli, insieme alle persone con patologie croniche e a chi lavora all'aperto, sono la fascia con minore capacità di adattamento alle ondate di calore; il reddito medio imponibile, pari a 25.210 euro (MEF, anno d'imposta 2022), rende per molte famiglie oneroso il ricorso alla climatizzazione domestica proprio quando il caldo diventa una questione di salute pubblica.
Prima azione: mappate dieci aree verdi e sedici fontanelle pubbliche
Il tavolo si è dato come primo obiettivo operativo la mappatura dei rifugi climatici naturali e delle fontanelle pubbliche. Durante un'ondata di calore la differenza tra un disagio e un'emergenza sanitaria è spesso la distanza tra una persona e il più vicino punto d'ombra o d'acqua: sapere dove questi punti sono, in che stato versano e in quali orari sono accessibili è la precondizione di qualsiasi politica di protezione.
La ricognizione incrocia due fonti: la mappa collaborativa «Aree verdi e punti d'acqua di Avellino», avviata dal Comune di Avellino e Legambiente e consultabile all'indirizzo https://www.google.com/maps/d/viewer?mid=13tlWsLSUPJ7wWchW77j1_08RridR21Y e l'elenco degli spazi verdi comunali trasmesso dagli uffici del Comune.
Il primo esito è duplice. Da un lato la città dispone già di una base su cui lavorare: dieci aree verdi in grado di offrire ristoro - ombra, sedute, condizioni di sosta accettabili nelle ore calde - e sedici fontanelle pubbliche funzionanti, distribuite tra il centro e i quartieri, alcune ad accesso libero nell'arco delle ventiquattro ore, altre con orari di apertura definiti.
Ma l'obiettivo del tavolo è non limitarsi a censire, ma trasformare questi luoghi in rifugi climatici veri e propri e rafforzare i servizi di raffrescamento della città. Significa, in concreto: garantire ombra continuativa nelle ore centrali attraverso nuove alberature e sistemi di ombreggiamento, assicurare acqua potabile accessibile e fontanelle funzionanti, dotare gli spazi di sedute all'ombra, estendere gli orari di apertura durante le allerte calore, affiancare agli spazi verdi una rete di spazi al chiuso climatizzati e accessibili - biblioteche, centri civici, strutture comunali e centri anziani - attivabili con un protocollo dedicato nei giorni di allerta.
L'elenco, con la mappa consultabile anche da smartphone, sarà pubblicato sul sito istituzionale del Comune di Avellino e diffuso attraverso i servizi sociali, i centri anziani, le farmacie e i medici di base, così che l'informazione raggiunga anche chi non usa internet. La mappa resterà aperta alle segnalazioni dei cittadini: fontanelle guaste, aree inaccessibili, nuovi punti d'ombra.
Dichiarazioni di Comune e Legambiente: strategia integrata per la salute pubblica
Anna D'Aliasi, vicesindaca del Comune di Avellino: «I dati presentati da Legambiente ci consegnano una fotografia che nessuna amministrazione può permettersi di archiviare: dentro una media di 36 gradi convivono zone della città che al suolo arrivano a 50. Abbiamo scelto di rispondere aprendo un tavolo che tiene insieme ambiente, lavori pubblici e politiche sociali, perché il caldo urbano si combatte con gli alberi e la de-impermeabilizzazione tanto quanto con la capacità di raggiungere chi resta solo in casa ad agosto. Partiamo dalla mappatura perché volevamo cominciare da qualcosa di verificabile: sapere che cosa la città già ha e in quali condizioni è. Oggi sappiamo che dieci aree verdi e sedici fontanelle possono offrire ristoro, e che altrettanti spazi non sono in grado di farlo. L'obiettivo non è fermarsi all'elenco, ma trasformare quei luoghi in rifugi climatici veri e rafforzare i servizi di raffrescamento, a partire dai quartieri più esposti. E vogliamo che quelle informazioni siano pubbliche, sul sito del Comune, alla portata di tutte e tutti. Da lì costruiremo le scelte più impegnative, a partire dall'integrazione dei criteri climatici negli strumenti di pianificazione.»
Antonio Di Gisi, presidente di Legambiente Avellino - Alveare APS: «Questo tavolo è un ottimo inizio per affrontare l'emergenza caldo senza lasciare nessuno indietro. La mappatura è un primo banco di prova concreto, e il passaggio decisivo è quello che viene dopo. Dieci aree verdi e sedici fontanelle sono un punto di partenza. Continuiamo a dire che anche Avellino vive gli effetti della crisi climatica, aggravata da come si è costruito e quanta ombra non si è prevista: è stata una scelta, e oggi può essere una scelta diversa. Il caldo pesa di più su chi ha meno strumenti per difendersi - gli anziani soli, le famiglie a basso reddito, chi vive nei quartieri più densi e privi di alberi - e per questo la giustizia climatica non è un tema ambientale accessorio ma una questione di salute pubblica, questa è un’emergenza sanitaria. Va per questo adottata una Strategia di Adattamento ai Cambiamenti Climatici che integri i vari strumenti di pianificazione a partire dal PUC e dal Piano del Verde, già per la prossima estate.»"
20260813063426,Vita It,https://www.vita.it/idee/il-privilegio-di-provare-ad-avere-figli/,,,,,,srclc:ita,Poter scegliere se avere figli in Italia è il risultato di un insieme di coincidenze fortunate che sempre meno persone incontrano nella propria vita. Così il 62% delle donne dichiara di aver rinunciato per le difficoltà incontrate L'articolo Il privilegio di provare ad avere figli proviene da Vita.it .
20260813062436,Corriere Dell'umbria,https://www.corrieredellumbria.it/news/attualita/461770/piu-lavoro-nel-ternano-grazie-alle-donne-l-occupazione-sale-del-3-1.html,,,,,,srclc:ita,"Attualità
Occupazione in aumento grazie alle donne, calo demografico per poche nascite e popolazione sempre più anziana rispetto alla media nazionale. Luci e ombre dal nuovo Rapporto Statistico relativo agli ‘Indicatori dell’economia ternana’ realizzato dall’Osservatorio provinciale istituito in Prefettura e al quale hanno partecipato Istat, Arpal Umbria, Camera di Commercio dell’Umbria e Ispettorato Territoriale del Lavoro di Terni, con il contributo informativo della Banca d’Italia.
Il Rapporto, aggiornato al 31 dicembre 2025, si propone come obiettivo di fornire agli enti pubblici e agli operatori economici una documentata chiave di lettura dell’andamento dell’economia ternana. I principali indicatori presi in esame nella pubblicazione disponibile on line riguardano la vitalità delle imprese, il lavoro sommerso, le dinamiche occupazionali e creditizie, il turismo.
Emerge che, nel corso del 2025, il tessuto imprenditoriale ternano rimane sostanzialmente stabile, pur registrando un lieve calo delle imprese attive e un saldo negativo tra iscrizioni e cessazioni. Il commercio, l’agricoltura e le costruzioni rappresentano i settori più importanti, mentre cresce il peso delle società di capitale a discapito delle imprese individuali. Il mercato del lavoro provinciale mostra un andamento positivo, con aumento dell’occupazione, diminuzione della disoccupazione e riduzione dell’inattività. La crescita, come detto, è sostenuta soprattutto dalla componente femminile, che contribuisce a ridurre il divario di genere e a migliorare gli indicatori occupazionali complessivi.
In sintesi, la contrazione del credito all’economia regionale si attenua, crescono i prestiti bancari per le imprese medio-grandi, così come il credito alle famiglie. La qualità del credito rimane sostanzialmente invariata per i prestiti alle famiglie e registra un lieve peggioramento per quelli erogati alle imprese, e riguarda soprattutto il settore dei servizi e le piccole imprese.
Il numero delle imprese rispetto all’ultimo trimestre del 2024 registra una lieve flessione (-0,2 per cento), dato comunque migliore rispetto alla media nazionale (-0,4 per cento) e sostanzialmente in linea con la stabilità riscontrata a livello regionale. Il saldo tra iscrizioni e cessazioni risulta nullo, mentre nel secondo semestre non si registrano fallimenti d’impresa. Più critico invece appare il commercio con l’estero: le esportazioni diminuiscono nel secondo semestre 2025 del 3,6 per cento, in netta controtendenza rispetto sia all’Umbria (+0,3 per cento) sia all’Italia (+4,5 per cento).
Bene il mercato del lavoro che rappresenta uno degli aspetti più positivi dell’economia provinciale: l’occupazione cresce nel 2025 del 3,1 per cento, ben al di sopra dei valori regionale (+1,3 per cento) e nazionale (+0,8 per cento). Il tasso di occupazione raggiunge il 68,3 per cento, vicino alla media umbra e nettamente superiore a quella italiana, mentre il tasso di disoccupazione si attesta al 3,9 per cento, inferiore sia al dato regionale (4,6 per cento) sia a quello nazionale (6,1 per cento). Anche il credito bancario mostra segnali relativamente favorevoli. I prestiti crescono (+6,5 per cento) a differenza del dato regionale (-0,3 per cento). Il tasso di deterioramento del credito si colloca all’1,4%, un valore leggermente inferiore alla media regionale.
Al 1° gennaio 2026 la provincia di Terni conta 214.639 residenti, pari a circa un quarto della popolazione umbra. La struttura demografica evidenzia una prevalenza della componente femminile (51,5%), favorita dal progressivo invecchiamento della popolazione. La popolazione straniera residente è pari a 23.439 unità, con un’incidenza del 10,9% sul totale dei residenti. Il dato risulta leggermente superiore sia alla media regionale (10,8%) sia a quella nazionale (9,1%), confermando il contributo della componente straniera alla tenuta demografica del territorio. L’andamento naturale della popolazione continua a essere negativo. Nel 2025 il tasso di natalità scende a 5,0 nati per mille abitanti, in diminuzione rispetto al 5,2 del 2024 e inferiore alla media nazionale (6 per mille). Contestualmente, il tasso di mortalità si attesta a 13,6 decessi per mille abitanti, valore tra i più elevati del contesto regionale e superiore alla media nazionale (11,1 per mille). La differenza tra nascite e decessi determina pertanto una contrazione naturale della popolazione.
I flussi migratori contribuiscono a compensare solo parzialmente tale dinamica. Il saldo migratorio con l’estero cresce da 5,0 a 5,3 per mille abitanti, mentre il saldo migratorio interno si riduce da 1,4 a 0,3 per mille. Ciò evidenzia una minore capacità di attrazione nei confronti della popolazione proveniente da altre aree del Paese, a fronte di un apporto ancora positivo dell’immigrazione internazionale.
Gli indicatori strutturali confermano il marcato processo di invecchiamento della popolazione provinciale: nel 2026 si stima che l’indice di vecchiaia raggiunga quota 295,2, in aumento rispetto al 283,6 del 2025. Il dato indica la presenza di oltre 295 persone con almeno 65 anni ogni 100 giovani fino a 14 anni e risulta significativamente superiore sia alla media regionale (257,6) sia a quella nazionale (216,3). Anche l’indice di dipendenza degli anziani aumenta da 48,0 a 48,5, segnalando una crescita del peso della popolazione anziana sulla popolazione in età lavorativa. L’età media si stima raggiunga a fine 2026 i 49,7 anni, valore più elevato della provincia di Perugia.
Nella provincia di Terni, nel terzo e quarto trimestre del 2025, il numero delle imprese attive iscritte nei registri camerali è pari, rispettivamente, a 18.456 e 18.396 unità. Rispetto agli stessi periodi del 2024, il numero delle imprese è aumentato di 6 unità nel terzo trimestre e si è ridotto di 40 nel quarto (con una variazione pari a 0,0 e al -0,2 per cento in ciascuno dei due periodi). La consistenza delle imprese è rimasta sostanzialmente stabile durante il 2025, rispetto alle flessioni registrate nell’anno 2024. Il settore più consistente è rappresentato dal commercio con oltre il 23 per cento delle imprese attive, seguito dall’agricoltura con il 18 per cento e dalle costruzioni con quasi il 14 per cento. Con riferimento alla forma giuridica delle imprese, nel 2025 le imprese individuali sono la forma più diffusa con il quasi il 58 per cento, seguita dalle società di capitali, con oltre il 26 per cento, e dalle società di persone con quasi il 14 per cento. Sempre nel corso del 2025, con riferimento al complesso delle imprese (attive e non attive) registrate negli archivi camerali, il numero delle nuove iscrizioni (1.067), inferiore a quello delle cessazioni (1.118), genera un saldo complessivo negativo per 51 unità.
Nel 2025 le forze di lavoro provinciali raggiungono 96,5 mila unità, registrando un incremento del 2,7 per cento rispetto al 2024. Parallelamente, gli occupati salgono a 92,8 mila unità, con una crescita del 3,1 per cento. L’aumento dell’occupazione è attribuibile principalmente alla componente femminile, che registra un incremento dell’8,7 per cento, passando a 41,3 mila occupate, mentre l’occupazione maschile mostra una lieve flessione (-1,0 per cento). Questo andamento evidenzia una crescente partecipazione delle donne al mercato del lavoro e contribuisce a ridurre il tradizionale divario occupazionale di genere presente nel territorio. Gli inattivi tra i 15 e i 64 anni scendono a 37,6 mila unità (-8,3 per cento).
Nel secondo semestre 2025, l'Ispettorato Territoriale del Lavoro di Terni ha rilevato 646 casi di lavoro irregolare nei settori dell’agricoltura, dell’industria, dell'edilizia e del terziario, di cui l’8,2 per cento riferiti al lavoro sommerso, mentre la restante parte, pari al 91,8 per cento, si riferisce ad altre forme di irregolarità quali riqualificazione dei rapporti di lavoro, violazioni in materia di orario di lavoro, violazioni prevenzionistiche, tutela dei disabili, violazioni in materia di autotrasporti. Nel corso dell’intero 2025, invece, sono stati rilevati 709 casi di lavoro irregolare nei settori dell'agricoltura, dell’industria, dell'edilizia e del terziario, di cui l’8,7 per cento riferiti al lavoro sommerso (con prevalenza nel settore terziario e nell’edilizia), mentre la restante parte pari al 91,3 per cento si riferisce ad altre forme di irregolarità.
A dicembre 2025 la dinamica dei finanziamenti al settore privato non finanziario della provincia di Terni è in crescita (+6,8 per cento). Anche la dinamica dei prestiti alle imprese aumenta nel corso dell’anno, in particolare la variazione nei prestiti bancari per le imprese medio-grandi cresce da 6,9 per cento a dicembre 2024 a 16,1 per cento. Si modifica la dinamica del credito alle famiglie passando da negativa (-0,5 per cento) a positiva (+ 2,1 per cento) nello stesso periodo.
Nel secondo semestre del 2025, secondo i dati che la Regione Umbria raccoglie nell’ambito della rilevazione Istat sul movimento dei clienti negli esercizi ricettivi, gli arrivi e le presenze nelle strutture ricettive della provincia registrano un aumento, rispettivamente, del 7,2 per cento e del 3,3 per cento rispetto allo stesso periodo del 2024. Nel dettaglio, gli arrivi dei clienti stranieri crescono del 15,1 per cento e le presenze del 15,5 per cento. In crescita, seppure ad un ritmo inferiore, anche gli arrivi degli italiani del 4,1 per cento."
20260813050024,Tutte Le Ultime Notizie,https://www.ilrestodelcarlino.it/cesena/cronaca/restano-sotto-i-diecimila-gli-bfb678f3,,,,,,srclc:ita,"Sono quasi diecimila, ma Cesena è la città romagnola, tra i principali comuni, con la più bassa incidenza di cittadini stranieri. Il dato di fine 2025 trova conferma dai movimenti anagrafici dei primi mesi del 2026. Gli immigrati sono circa il 9,7% dei residenti, contro il 13,2% di Rimini, il 12,7% circa di Forlì e l’11,2% di Ravenna. Una differenza significativa, ad attestare una città meno caratterizzata dalla presenza straniera rispetto agli altri grandi comuni romagnoli.
Eppure, proprio l’immigrazione rappresenta da oltre trent’anni uno dei principali argini al declino demografico di Cesena. In un certo perido si confidava propria sugli immigrati, di fornte alla già evidente crescita zeo (sprofondata poi nella crescita sotto zero) per traguardare i centomila residenti in città. Nel 2025 il saldo migratorio è stato infatti positivo per 384 persone, risultato di 2.629 immigrati arrivati in città e 2.245 emigrati. Il dato è nettamente migliore rispetto alle 232 unità del 2024, anche se rimane inferiore ai saldi registrati nel 2022 e nel 2023. Cesena continua dunque ad attrarre nuovi residenti, ma il movimento migratorio non è sufficiente a riportare la popolazione in crescita.
A pesare è soprattutto il saldo naturale. Nel 2025 sono nati appena 471 bambini, mentre i decessi sono stati 1.135, con una perdita di 664 residenti. Significa che, senza il contributo delle migrazioni, il calo della popolazione sarebbe stato ancora più marcato. Gli immigrati, in sostanza, non fanno crescere Cesena, ma ne rallentano la diminuzione.
Anche la composizione delle nuove migrazioni definisce i contorni di una città ormai inserita nei circuiti internazionali. Negli ultimi cinque anni le nazionalità più presenti tra gli immigrati sono state Romania, Albania, Marocco, Ucraina e Bangladesh. Comunità differenti per storia e caratteristiche, ma ormai stabilmente presenti nel tessuto sociale ed economico cittadino. Nel 2025, inoltre, tra i nuovi immigrati gli uomini hanno superato le donne di oltre cento unità.
Un dato interessante proviene dall’andamento dei flussi. Il flusso degli immigrati registra un andamento altalenante, mentre gli emigrati crescono, sia pure lentamente. Cesena riesce quindi ad attirare nuovi residenti, ma una parte di chi vive in città continua a trasferirsi altrove. Tra le ragioni, di certo in entrata e forse anche in uscita, potrebbe esserci anche la crescente difficoltà di trovare un’abitazione, divenuto negli anni il problema numero uno in città. Gli affitti a prezzi insostenibili, e i costi per le nuove case, sono diventati un problema per molti: stranieri appena arrivati, giovani coppie, lavoratori e famiglie. A questo si aggiungono il costo della vita, la disponibilità limitata di alloggi e la difficoltà, per chi ha redditi medio-bassi, di competere sul mercato della locazione.
Cesena è dunque è il comune tra i principali centri romagnoli con meno stranieri, ma ha fortemente bisogno del loro contributo per contenere una crisi demografica alimentata soprattutto dal forte squilibrio tra morti e nascite. La vera sfida non è soltanto attrarre nuovi residenti, anche stranieri, ma creare le condizioni perché possano trovare casa, lavoro e motivi per restare, radicandosi in città."
20260813050000,Corriere,https://milano.corriere.it/notizie/cronaca/26_agosto_13/alessia-cappello-tre-anni-di-calvario-per-avere-mia-figlia-bea-se-avessi-potuto-congelare-gli-ovuli-me-li-sarei-risparmiati-4c1aab4f-dc2a-45f7-81bf-2ab312ac9xlk.shtml,,,,,,srclc:ita,"Milano, le parole dell'assessora Alessia Cappello: «Tre anni di calvario per avere mia figlia Bea. Serve una nuova legge per consentire di congelare gli ovuli»
L'assessora al Lavoro: «Perché non consentire alle ragazze giovani di congelare gli ovuli, in un Paese in cui la stabilità economica non arriva prima dei 35 anni? Aiutare le gravidanze significa non obbligare una donna a scegliere»
In mezz’ora di conversazione, la parola che predomina è «paura»: paura di rivivere quei momenti, distesa sul letto, impietrita. Paura di un altro aborto (il quarto), di non riconoscere il proprio corpo, di un’altra gravidanza, di un fisico che potrebbe non reggere. Sono passati oltre tre anni, ma «il terrore di rivivere quell’incubo» ancora è sottopelle, palpabile. E allora si staglia nella mente una considerazione: «Se avessi potuto congelare gli ovuli, forse mi sarei evitata questo calvario», pensa l’assessora comunale al Lavoro, Alessia Cappello.
La piccola Bea sta per addormentarsi, sfinita dopo una giornata al mare. «Chissà se riuscirò a darle un fratellino o una sorellina», racconta Cappello, lontana da Palazzo Marino per la pausa agostana. Mentre siamo al telefono, il suo display si illumina di notifiche: decine di messaggi arrivati via Instagram. Ragazze under 30, donne, ma anche uomini rispondono alla sua storia pubblicata  poche ore prima. Vogliono condividere — non tanto con l’assessora ma con Alessia — le proprie esperienze, che hanno contorni  simili a quelle di Cappello. «Dopo dieci anni, si è chiusa la relazione che avevo all’epoca — racconta — .  Avrò avuto 27-28 anni. Ci ho messo  un po’ per trovare un’altra persona e fidarmi di lei, ricominciare con qualcun altro». Una storia come tante, con dei risvolti universali. «Il punto però  è che il tempo passava e in un attimo mi sono ritrovata ad avere 37-38 anni, dopo il matrimonio, e i miei ovuli non erano più quelli di dieci anni prima».
 
Una constatazione amara, difficile da digerire, che arriva  «dopo un incubo: nel primo trimestre mi sono trovata ad avere tre aborti in tre anni». E da lì è iniziato il calvario: visite, oltre 5 mila euro in esami di genetica, check-up infiniti. «Un percorso che, a pensarci ancora adesso, mi terrorizza solo all’idea». Finché poi arriva la diagnosi: «Nessun problema fisico genetico, semplicemente ero in una determinata età per cui i miei ovuli non erano più quelli di un tempo.  Ho fatto ricorso così alla stimolazione ovarica».     
Una procedura che però ha lasciato dei segni. «Tutto di me era cambiato. La pancia, le gambe, non entravo più nel mio solito paio di jeans. La mia fisionomia era completamente diversa». E allora ripensando a quei giorni, che seppur lontani bruciano ancora, resta una domanda: «Perché non consentire alle ragazze, nel fiore dell’età, di congelare i propri ovuli? Perché non dar loro quest’opportunità? A venticinque anni non si ha generalmente un’indipendenza economica. Perché le giovani devono scegliere tra il lavoro e la famiglia? E magari sentirsi colpevoli per dare priorità alla carriera, in un Paese in cui la stabilità economica non arriva prima dei 35 anni, quando poi potrebbe essere tardi per diventare genitore?».
Questa è la battaglia del suo partito, Italia Viva, ma innanzitutto la sua, avendola vissuta sulla propria pelle: «Un Paese in gelo demografico come il nostro dovrebbe capire che servono supporti e servizi. Senza bigottismo, ideologia e cecità». E confessa: «Se avessi congelato gli ovuli non mi sarei fermata a una sola figlia», racconta Cappello, prima di chiudere la telefonata per andare ad addormentare la piccola Bea, la luce in fondo al tunnel che da tre anni illumina ogni angolo della sua vita, in equilibrio tra il privato e il lavoro, come tanti genitori. E non esiste un manuale da seguire.
Sul caso del reparto di procreazione medicalmente assistita del San Raffaele, dove sarebbero state scambiate delle provette, «se dovesse esser stato un errore umano, come sembra, spero che non si faccia di questa storia una bandierina ideologica per bloccare la libertà di tutto e di tutti», conclude."
20260813045152,Il Mattino Di Padova,https://www.mattinopadova.it/cronaca/inverno-demografico-padova-chiusura-scuola-rodari-di8h6hbd,,,,,,srclc:ita,"Inverno demografico, a Padova chiude la scuola Rodari
In bilico la Luzzato Dina: «Oggi ci sono solo tre classi». A settembre, tra elementari e medie, sui banchi del capoluogo ci saranno quasi 300 studenti in meno rispetto a giugno
Chiude la scuola Gianni Rodari a Padova
La crisi demografica continua a presentare il conto alle scuole padovane. A settembre, tra elementari e medie, sui banchi del capoluogo ci saranno qua
Contenuto Premium
Questo contenuto è riservato agli abbonati.
Accedi con username e password se hai già un abbonamento.
Scopri tutte le offerte di abbonamento sul nostro shop.Shop
Non hai un account? Registrati ora.
Riproduzione riservata © Il Mattino di Padova"
20260813035000,Avvenire,https://www.avvenire.it/economia/un-fondo-per-far-nascere-genitori-lidea-finlandese-che-fa-discutere_111782,,,,,,srclc:ita,"Un fondo per far nascere genitori. L’idea finlandese che fa discutere
Un gruppo di ricercatori propone un investimento finanziario pubblico per ogni nuovo nato, il cui capitale potrà essere riscattato solo da adulti e se si avranno figli. Un meccanismo di solidarietà generazionale al contrario
Nella lingua finlandese vauva significa neonato, il Sampo è invece un oggetto magico della mitologia finnica che assicura abbondanza e prosperità a chi lo possiede. Il fatto che un gruppo di ricercatori abbia deciso di avanzare l’idea di un fondo per i neonati di domani, o per i futuri genitori, chiamandolo Vauvasampo, dice molto dell’ambizione della proposta, ma anche della speranza che lo strumento finanziario riesca a risollevare il paese dalla crisi della natalità che sta attraversando. Riferimenti magici a parte, il fondo è qualcosa di veramente nuovo ed “estremo” nel panorama delle misure per aiutare le coppie ad avere i figli che desiderano. È come una pensione all'inverso, che accantona e investe risorse oggi per sostenere le nascite del futuro.
L’idea del Vauvasampo è stata avanzata da un gruppo di ricercatori dell’Istituto di ricerca sulla popolazione della Federazione delle famiglie finlandesi, diretto da Anna Rotkirch, e funziona in modo semplice. Lo Stato accantona 5.000 euro per ogni bambino che nasce in Finlandia. Il capitale viene investito in titoli o indici azionari, come farebbe un fondo pensione con un orizzonte di lungo periodo. La somma accumulata potrà essere riscossa solamente se, una volta adulti, si diventerà genitori. Non tutta la cifra, però: il 70% alla nascita del primo figlio, il 60% del rimanente alla nascita di un eventuale secondo, il resto con il terzo. Tradotto in euro, e ipotizzando un rendimento nominale annuo del 6%, secondo una simulazione degli autori, ciascun genitore potrebbe ricevere, tenendo conto dell’inflazione, circa 13.200 euro per il primo figlio, 3.900 per il secondo, 2.800 per il terzo. E chi invece non diventa padre o madre? La sua quota, dopo 45 anni, tornerebbe al fondo per essere destinata alla generazione successiva, e nel giro di qualche decennio il capitale accumulato dovrebbe rendere il meccanismo autosufficiente, non più dipendente dai contributi statali.
Il fondo potrebbe dunque  effettuare i primi pagamenti circa vent’anni dopo la sua introduzione, quando i primi assegnatari comincerebbero a diventare genitori. Nel frattempo, per evitare torti generazionali, è previsto un regime transitorio di bonus: 5.000 euro alla nascita del primo figlio, 2.000 per il secondo, 500 euro per il terzo. Il costo medio annuo per lo Stato, tra fondo e regime transitorio, è stimato in 325 milioni, lo 0,12% del Pil finlandese o lo 0,81% della spesa previdenziale. I promotori calcolano che i soli bonus transitori possano risollevare il tasso di fecondità da 1,3 a 1,6 figli per donna, mentre il fondo pienamente operativo lo porterebbe vicino a 2. Questo vorrebbe dire, sempre in base alle simulazioni, avere 17.000 nascite in più rispetto ai livelli attuali, una caduta dal 45% al 25% delle persone senza figli dopo i 45 anni, un crollo delle disparità di reddito e un aumento della popolazione femminile adulta di 70-80mila unità entro il 2076 rispetto a uno scenario senza incentivi.
Stime di questo tipo incorporano un grado molto alto di incertezza, l’aspetto innovativo è piuttosto l’accostamento al concetto di previdenza, come fosse un sistema pensionistico inverso, perché sostiene la solidarietà intergenerazionale trasferendo risorse dalle generazioni adulte e anziane a quelle più giovani, soprattutto offrendo una prospettiva di lungo periodo, immaginando una società futura più favorevole alle famiglie. In uno scenario di invecchiamento demografico, l’intenzione è di contrastare quel circolo vizioso, comune a molti paesi occidentali, che a fronte del calo delle nascite vede la politica smettere di investire nei bambini e nelle nuove generazioni perché ormai non paga più elettoralmente.
I promotori del fondo (tra i quali c’è anche il demografo statunitense Lyman Stone, a capo della Pronatalism Initiative dell'Institute for Family Studies, riconoscono i limiti di una proposta fortemente orientata a indirizzare i comportamenti sociali, caratteristica in ogni caso tipica del welfare nordico, insieme all’inventiva e alla generosità delle prestazioni. Se l’intenzione della proposta è assottigliare il gap tra figli desiderati e figli avuti, ridurre l’incertezza finanziaria per chi diventa genitore, e incoraggiare ad avere figli prima che sia troppo tardi, ci sono alcuni aspetti critici da valutare. Si pone ad esempio un tema di equità (e di sensibilità) verso chi non vuole o non può avere figli. Inoltre, uno strumento finanziario così strutturato e robusto può apparire una forma di mercificazione della natalità, oltre che di invasione nella sfera privata, senza contare possibili abusi nell’ambito delle decisioni familiari. Non sono questioni da poco.
La Finlandia ha conosciuto un crollo della natalità più forte rispetto ad altri Paesi: nel 2010 aveva un tasso di fecondità di 1,87 figli per donna, nel 2024 è sceso a 1,25, tornando a 1,3 nel 2025. Oltre alle classiche cause che caratterizzano il declino demografico globale legate al cambiamento delle priorità delle persone e degli stili di vita, unite ai timori per l’insicurezza finanziaria e all’innalzamento dell’età media alla quale si ha ormai il primo figlio, in Finlandia a preoccupare è in particolare l’aumento delle crisi di coppia e dei divorzi già prima della nascita dei figli. Una condizione che ha reso la solitudine e la difficoltà nell’avere un partner stabile quasi un’emergenza sociale. La probabilità di diventare genitori è poi più bassa tra le persone con redditi inferiori e una posizione lavorativa più fragile, a conferma della necessità concreta di immaginare nuove forme di sostegno.
Un aiuto finanziario come quello immaginato con il fondo per i bebè non risolverà i problemi demografici, in assenza di riforme più solide. Ma in un contesto globale in cui di fronte alle nascite che calano si argomenta sempre più spesso che  “non c’è più nulla da fare”, perché “ovunque va così”, e comunque non avere figli “è una libera scelta”, suggerendo un disinvestimento economico e persino culturale rispetto al problema, ecco che la proposta di un fondo per i figli e i genitori di domani, capace di guardare non alle prossime elezioni, ma a un orizzonte superiore ai vent'anni, e proponendo una forma di solidarietà intergenerazionale capovolta, è già una notizia. Insomma, là fuori, su al Nord, c’è ancora qualcuno che ci crede. E ha idee.
© RIPRODUZIONE RISERVATA
Seguici anche su Google Discover di Avvenire"
20260813034131,La Nazione,https://www.lanazione.it/umbria/cronaca/loccupazione-femminile-cresce-male-la-bd898fa7,,,,,,srclc:ita,"Bene l’occupazione, soprattutto femminile; male l’andamento demografico dovuto all’ulteriore calo della natalità. Cresce ancora l’indice d’invecchiamento. E quanto emerge dagli “Indicatori dell’economia ternana“, frutto dell’analisi dell’Osservatorio provinciale costituito in Prefettura e che ha preso in esame il 2025.
""Il mercato del lavoro rappresenta uno degli aspetti più positivi dell’economia provinciale – si legge nel report –. L’occupazione cresce nel 2025 del 3,1%, ben al di sopra dei valori regionale (+1,3%) e nazionale (+0,8 per cento). Il tasso di occupazione raggiunge il 68,3%, vicino alla media umbra e nettamente superiore a quella italiana, mentre il tasso di disoccupazione si attesta al 3,9%, inferiore sia al dato regionale (4,6 %) sia a quello nazionale (6,1%). Nel 2025 le forze di lavoro provinciali raggiungono 96,5 mila unità, registrando un incremento del 2,7% rispetto al 2024. Gli occupati salgono a 92,8 mila unità, con una crescita del 3,1%"".
""L’aumento dell’occupazione – si legge ancora – è attribuibile principalmente alla componente femminile, che registra un incremento dell’8,7%, passando a 41,3 mila occupate, mentre l’occupazione maschile mostra una lieve flessione (-1%). Il gap occupazionale uomo-donna passa da 21,1 punti nel 2024 a 15,5 punti nel 2025 con una riduzione del di 5,6 punti percentuali Il numero delle persone in cerca di occupazione diminuisce sensibilmente, passando a 3.700 unità, con una riduzione del 26% rispetto al 2024"".
Al contrario, negativo e preoccupante è l’andamento demografico. ""L’andamento naturale della popolazione continua a essere negativo – così il report – Nel 2025 il tasso di natalità scende a 5 nati per mille abitanti, in diminuzione rispetto al 5,2 del 2024 e inferiore alla media nazionale (6 per mille). Il tasso di mortalità si attesta a 13,6 decessi per mille abitanti, valore tra i più elevati in regione e superiore alla media nazionale (11,1 per mille). La differenza tra nascite e decessi determina pertanto una contrazione naturale della popolazione. I flussi migratori contribuiscono a compensare solo parzialmente tale dinamica. Marcato il processo di invecchiamento della popolazione provinciale. Nel 2026 si stima che l’indice di vecchiaia raggiunga quota 295,2, in aumento rispetto al 283,6 del 2025. Il dato indica la presenza di oltre 295 persone con almeno 65 anni ogni 100 giovani fino a 14 anni e risulta significativamente superiore sia alla media regionale (257,6) sia a quella nazionale (216,3)"".
Ste.Cin."
20260813033000,Il Foglio,https://www.ilfoglio.it/esteri/2026/08/13/news/londa-socialista-che-vuole-prendersi-il-partito-democratico-americano--404697,,,,,,srclc:ita,"Esteri
 negli stati uniti
 • 
L’onda socialista che vuole prendersi il Partito democratico americano
Da New York a Washington, il DSA conquista primarie e amministrazioni e punta a cambiare il Partito democratico dall’interno. Ma la sua base, giovane e istruita, è lontana dalla classe operaia che dice di voler rappresentare. Novembre sarà il primo vero test
13 AGO 26
Con l’approssimarsi delle elezioni di medio termine americane, la scommessa della sinistra democratica sta assumendo tratti di rischio inaspettati: in quest’area del progressismo d’oltreoceano si va effettivamente diffondendo la speranza che il paese, o almeno una cospicua porzione di esso, sia pronto a spingersi avanti come non mai nel vagheggiare una nazione riveduta e corretta – anzi: sanificata – dopo l’avvelenamento trumpiano. E tutto ciò nella opinabile convinzione che un sentimento collettivistico sia prossimo a soppiantare la radicata tensione individualistica americana, nel profondo ripensamento d’una piattaforma su cui ricostruire un’identità nazionale. Un’ipotesi affascinante se analizzata da un think tank, ma che è tutto da vedere se reggerà alla prova delle urne di un’elezione generale.
Eppure questo esotico profumo di socialismo è nell’aria e nei discorsi, è nei campus e nei dibattiti televisivi. E i primi numeri che affluiscono danno sostanza all’ipotesi, per quanto possa essere difficile darle credito.
La politica americana ha sempre traversato delle estati visionarie, ovvero dei momenti in cui una minoranza infervorata si convince, e per qualche mese convince gli altri, che il paese sia sul punto di una conversione di massa. Va così con questa ascesa incrementale dei Democratic Socialists of America (DSA), che a New York già governano, a Washington governeranno presto, e in Michigan e Wisconsin stanno verificando, con esiti alterni, se questo fervore è qualcosa di più di un fuoco di paglia acceso dalla rabbia. Il bilancio delle ultime settimane è comunque sorprendente per un gruppo che quattro anni fa veniva descritto come condannato a un eterno purgatorio, perché negli anni Venti se un dem poteva conquistare l’America, poteva al massimo avere le fattezze di Joe Biden. Poi è deflagrato Trump, con quel che ha comportato. E adesso ci si ritrova con Zohran Mamdani sindaco a New York, con Janeese Lewis George, candidata appoggiata dal DSA, avviata a diventare sindaca a Washington e con altri politici appoggiati da questa sigla che hanno fatto la voce grossa in diverse primarie congressuali.
Il 4 agosto Abdul El-Sayed ha battuto in Michigan la centrista Haley Stevens per la nomination democratica al Senato, ma le cose non sono andate altrettanto bene alla favorita Francesca Hong, rappresentante dei DSA impegnata nelle primarie democratiche per la poltrona di governatore del Wisconsin, battuta di stretta misura dal più moderato David Crowley, a riprova che il mandato fiduciario dell’elettorato nei confronti dei candidati molto sbilanciati a sinistra mantiene per ora una sua vaghezza.
Resta il fatto nuovo nel panorama politico americano: il DSA non è un partito ma un’organizzazione che fa correre i propri candidati sulla scheda democratica, con il proposito di cambiare il partito dall’interno invece di competere con esso. Nell’ambito del gruppo le decisioni vengono votate dagli iscritti e non imposte dal direttivo, e l’attivismo si estende all’organizzazione sindacale, il che tiene il gruppo mobilitato anche al di là dei cicli elettorali. E in un’epoca in cui i grandi partiti hanno sostituito il vecchio sistema di promozione porta a porta con l’inserzionistica a pagamento, il DSA dispone ancora di un esercito di volontari disposti a bussare all’uscio delle case americane: un vantaggio strutturale reale, non retorico.
Qui arriva il paradosso, ed è un paradosso demografico prima che politico. Il DSA si presenta come partito della classe operaia, ma la sua base non le somiglia affatto. Nell’ultima rilevazione del 2021, quattro iscritti su cinque sopra i 25 anni hanno una laurea – il doppio della popolazione adulta americana – un terzo ha un dottorato o un master, un terzo si dichiara omosessuale e chi risulta lavorare come poliziotto viene escluso dalle strategie di attivismo. Il sostenitore medio s’identifica con un’elementare prerogativa: ha meno di cinquant’anni e non ha una casa di proprietà, assioma definitivo di americanità classica. Insomma: “giovani elettori cercasi”, nel tentativo di coinvolgere finalmente gli ultimi arrivati nella questione politica, troppo a lungo marginalizzata negli interessi degli under 30, ma adesso collocata in primo piano attraverso le mobilitazioni per le grandi crisi internazionali. Ne discende il profilo del millennial informato e in mobilità discendente, non certo dell’operaio sindacalizzato.
I sondaggi nazionali confermano questa geometria anche sui grandi numeri: secondo Pew Research, solo il 32 per cento dei democratici apprezza i leader che si definiscono socialisti democratici, e chi li apprezza è bianco (il 40 per cento, contro il 21 per cento dei neri e il 20 degli ispanici), giovane, laureato (41 per cento contro il 26 dei non laureati) e di reddito medio-alto (40 per cento contro il 24 delle fasce basse). Siamo ben lontani dalla coalizione che Bernie Sanders aveva costruito nel 2020, quando si affermava tra i bianchi senza laurea e raccoglieva più consensi tra i latinos che tra i neri: il socialismo americano di oggi, cresciuto in visibilità, si è ridisegnato in composizione.
La distanza salta all’occhio sui temi. Solo la metà della working class ritiene che licenziare o sfrattare una persona trans sia illegale, contro l’82 per cento dei laureati di sinistra; e “tassare i ricchi” compare tra le prime dieci priorità solo per i laureati bianchi di sinistra, non per gli elettori operai, che restano diffidenti verso l’espansione dello stato sociale e affezionati a un’etica del merito. La piattaforma del gruppo, con un afflato vagamente leninista, arriva a parlare della necessità di “coltivare una coscienza di classe”. Di fatto a Los Angeles la sezione locale DSA è passata dai mille iscritti nel 2018 a oltre cinquemila, e controlla quattro dei quindici seggi del consiglio comunale. In California il gruppo ha appena espresso, con Oliver Ma candidato a vicegovernatore, il primo endorsement dichiaratamente socialista per una carica statale. A Pittsburgh, Pennsylvania, il caso di Summer Lee è parzialmente diverso: in un distretto post-industriale, più povero e più operaio della media urbana progressista, Lee è la prima donna nera a rappresentare lo stato al Congresso, però come voce del moderato Working Families Party, un sott’ordine democratico che, rispetto al DSA, ha una base che somiglia di più alla classe lavoratrice reale che dice di voler rappresentare. A San Francisco, poi, i limiti di questa espansione saltano all’occhio: a sindaco è stato eletto il moderato Daniel Lurie, a riprova che neppure la città-simbolo della sinistra californiana sia terreno acquisito per i DSA.
C’è già chi azzarda un confronto tra DSA e Verdi europei, perché il ritratto tipico dell’elettore verde – giovane, laureato, urbano, di reddito medio-alto – somiglia a quello del simpatizzante socialista americano: entrambi appartengono a quella che i politologi chiamano la “nuova classe media”, persone con abbastanza sicurezza esistenziale da potersi permettere cause di lungo periodo. I Verdi hanno avuto la loro ondata (il picco alle Europee del 2019) seguita dal ridimensionamento delle Europee del 2024, dove hanno perso otto seggi in Francia e nove in Germania, complice il crollo del tema del clima a fronte di inflazione, guerra in Ucraina e crisi energetica e con la contemporanea avanzata delle destre populiste. C’è però una differenza: i Verdi europei corrono come partiti a sé in sistemi proporzionali, condannati a restare una forza minoritaria permanente. Il DSA a Washington siede già al Congresso, sia pure con una manciata di seggi sugli oltre duecento del gruppo democratico alla Camera. La loro è una strategia di occupazione più che di secessione, e per questo l’ipotesi di una nomination presidenziale DSA per il 2028 (Alexandria Ocasio Cortez?) non è oziosa come potrebbe sembrare.
E’ vero che i DSA possono crescere solo fin dove il Partito democratico è disposto a lasciarsi occupare. Ma con il sistema elettorale d’oltreoceano, a un candidato presidenziale basta che la propria minoranza sia abbastanza organizzata e motivata da decidere le primarie in un paio di stati-chiave. E’ il meccanismo che ha funzionato a New York, tramite il quale il DSA scommette su una scalata fino a un successo elettorale nazionale. Ma intanto c’è il test di novembre. Ancora oggi appare improbabile che l’elettorato democratico alla fine decida di allinearsi con certi snobismi socioculturali della proposta DSA, trovandoli compatibili col tradizionale pragmatismo americano. Ma è un fatto che, complice l’emergenza psicologica provocata dal secondo mandato Trump, una visione socialista non sia mai arrivata così vicina al punto di potersi rendere effettivamente competitiva. Se alla fine dovesse sgretolarsi e l’America si confermasse per ciò che sospettiamo sia irreversibilmente diventata, la stagione newyorchese rischia di restare quello che di norma sono le estati: un episodio caldo e memorabile, seguito da autunni inaspettatamente freddi e pungenti."
20260812230032,Il Gazzettino,https://www.ilgazzettino.it/nordest/padova/scuole_chiuse_padova_denatalita_calo_demografico-9704524.html,,,,,,srclc:ita,"PADOVA - Manca meno di un mese al suono della prossima campanella, ma amministratori, dirigenti e docenti sono già a lavoro per preparare il prossimo anno scolastico, che partirà il 10 settembre per le primarie e un po’ prima per nidi e infanzia. Circa 1600 quelli pronti a tornare nelle strutture comunali. Scuole che però sono sempre meno piene e a rischio chiusura. Negli ultimi anni ne sono state chiuse quattro – Fogazzaro, Ricci Curbastro e De Amicis – mentre altre, come la Luzzato Dina sono a rischio. Quest’ultima a settembre aprirà ma solo per tre classi, una terza, una quarta e una quinta e per 40 bambini in totale. Situazione che tra qualche anno ricadrà prima sulle scuole medie e poi sulle superiori.
 «Il calo demografico non è una novità, ed è una piaga che purtroppo influirà sempre di più se le cose non cambiano – commenta l’assessora alle politiche scolastiche, Cristina Piva – Oggi le giovani coppie fanno fatica, perché spesso sono precari, hanno lavori che non ti permettono di progettare, ed un figlio costa». Le buone notizie sono che l’anno prossimo avranno 6 anni i bambini concepiti durante la pandemia, che sono 130 in più rispetto agli anni precedenti ed andranno quindi a riempire i vuoti (1396 nati nel 2021 rispetto ai 1264 di media). Altra buona notizia sono le due nuove mense alla Manin e alla Rosmini (grazie al Pnrr), che partirà il Don Bosco alla Paltana (sostituisce Mamma Margherita) e gli operai a lavoro in molte scuole per le infiltrazioni dai tetti. 
 Il futuro
 L’obiettivo dell’amministrazione è quello di potenziare la risposta educativa nei quartieri per non lasciare sole le famiglie, riducendo le liste d’attesa nei nidi e negli asili di quartiere e allungando le scadenze dei servizi essenziali. 
 Tra le misure più attese c'è la conferma del prolungamento d’orario, una boccata d'ossigeno per chi timbra il cartellino nel tardo pomeriggio: in alcune scuole dell’infanzia comunali i cancelli rimarranno aperti fino alle ore 18.00, mentre per gli asili nido l’orario è fissato fino alle 17.45. Ma non è solo una questione di lancette. La vera sfida riguarderà in futuro l’apertura straordinaria di asilo nido comunale anche durante il mese di luglio, una risposta diretta a quel 51% di popolazione padovana che rientra pienamente nella complessa area di “conciliazione famiglia-lavoro”.
 Dietro i servizi c'è però un trend demografico che non si può ignorare. L’area di cura padovana per l’infanzia e l’adolescenza conta oggi oltre 31mila residenti, di cui 3.786 bimbi in età da nido (0-2 anni) e altri 4.049 che frequentano le scuole dell’infanzia. Numeri importanti che si scontrano con un progressivo invecchiamento della città (l'indice di vecchiaia è balzato a quota 256,35) e con una contrazione storica dei nuclei familiari tradizionali. Le coppie con figli diminuiscono, aumentano i single e le famiglie unipersonali. 
 I servizi
 
 Se da un lato il Comune estende l’offerta, dall’altro la tenuta economica del sistema scolastico locale dipenderà dalla capacità di intercettare i fondi e dalla gestione dei contratti di servizio al di fuori del sistema in-house. La macchina di Palazzo Moroni si muove, ma la forbice tra la domanda delle famiglie e i posti effettivamente disponibili nei quartieri periferici – come il Quartiere 2-Nord, dove la pressione demografica è più accentuata – resta uno dei nodi politici più complessi da sciogliere per la giunta di oggi e quella di domani."
20260812172913,Sardegna Live,https://www.sardegnalive.net/politica/variazione-da-oltre-2-miliardi-scontro-in-aula-todde-rafforziamo-la-sanita-truzzu-occasione-persa-vrri5q44,,,,,,srclc:ita,"PHOTO
È dedicato in larga parte alla sanità e alle politiche sociali il primo articolo della variazione di bilancio approvata ieri, martedì 11 agosto 2026, dal Consiglio regionale della Sardegna. Una manovra da oltre due miliardi di euro che interviene su welfare, assistenza, sanità territoriale, personale sanitario e contrasto allo spopolamento, ma che ha alimentato anche un duro confronto politico tra maggioranza e opposizione.
L’articolo 1 è stato rafforzato dagli emendamenti presentati dalla Giunta. Le risorse vengono indirizzate, in particolare, verso la non autosufficienza, l’inclusione sociale, la sanità di prossimità, il rafforzamento del personale e il riequilibrio territoriale.
Tra le misure principali figura il potenziamento del Fondo regionale per la non autosufficienza, con un incremento previsto dal testo originario di 1,68 milioni di euro per ciascuno degli anni 2026, 2027 e 2028. A queste risorse si aggiungono 50,04 milioni di euro complessivi destinati al rafforzamento degli interventi per le persone con disabilità grave, dei programmi della legge 162 e dell’assistenza domiciliare “Ritornare a casa Plus”.
Sul fronte dell’accoglienza nelle strutture socio-sanitarie, lo stanziamento previsto per il 2026 passa dagli 8,7 milioni di euro iniziali a 15 milioni, con l'obiettivo di sostenere i Comuni nel pagamento delle rette per le persone con basso reddito accolte nelle strutture assistenziali.
Previsti inoltre 10,16 milioni di euro aggiuntivi per garantire continuità ai percorsi di autonomia delle persone con disabilità e consolidare i progetti avviati negli ultimi anni, anche nell'ambito della programmazione legata al PNRR.
Una parte rilevante della manovra riguarda la sanità territoriale. Il testo originario dell'articolo 1 prevede 10 milioni di euro nel 2026 per l'inserimento di nuove Case della Comunità e nuovi Ospedali di Comunità nella rete regionale, oltre a 15 milioni di euro nel triennio 2027-2029 per le Case di Comunità Mobili, pensate per portare servizi sanitari anche nelle aree più periferiche dell'Isola. La Giunta ha proposto ulteriori 10 milioni di euro per rafforzare gli investimenti sulle Case e sugli Ospedali di Comunità.
Sul personale sanitario sono previsti 8,37 milioni di euro nel triennio per il rafforzamento della specialistica ambulatoriale interna e 2,35 milioni per il personale impegnato nelle attività di trapianto di organi.
Particolare attenzione viene dedicata anche al reclutamento nelle sedi più disagiate. Per incentivi economici, agevolazioni logistiche e altre misure rivolte a medici e infermieri disponibili a lavorare per almeno 18 mesi, eventualmente prorogabili, nelle aree carenti sono stati stanziati 33,38 milioni di euro.
La manovra interviene anche sulla formazione. Sono previsti 3 milioni di euro nel triennio per i rimborsi destinati ai giovani medici specializzandi per l'attività formativa svolta in Sardegna, 1,8 milioni per le attività formative extra-regionali e circa 3 milioni per la formazione specialistica sanitaria non medica e per strumenti finalizzati a favorire la permanenza nell'Isola dei professionisti formati.
Sul versante delle strutture socio-sanitarie accreditate, viene rafforzata la misura per il rimborso dei costi del personale infermieristico, con 12,3 milioni di euro nel 2026 e 16,1 milioni annui dal 2027.
Tra gli interventi finanziariamente più rilevanti figura inoltre l'anticipazione regionale di 47,46 milioni di euro per l'adeguamento e la messa in sicurezza sismica delle strutture ospedaliere.
La variazione comprende poi 13,32 milioni di euro per l'adeguamento del servizio di elisoccorso e la continuità della nuova programmazione HEMS nel periodo 2026-2034, 4,2 milioni per il rinnovo dell'Accordo integrativo regionale della medicina generale, un milione per il potenziamento delle prestazioni di emodialisi, 1,2 milioni per le prestazioni aggiuntive nei Pronto Soccorso dei medici dell’emergenza territoriale e 1,5 milioni per il rafforzamento dell'assistenza sanitaria nell'Isola di San Pietro.
Sul piano delle politiche demografiche, un emendamento della Giunta destina 56 milioni di euro ai giovani under 40 che trasferiscono la residenza e avviano attività economiche in Sardegna, con l'obiettivo di sostenere l'imprenditorialità e contrastare lo spopolamento delle aree maggiormente colpite dal calo demografico.
Completano il quadro un milione di euro per le comunità per minori, gli interventi legati al programma “Dopo di noi”, le iniziative per la neuropsichiatria infantile e quelle rivolte ai minori fragili. La Regione prevede inoltre 10 milioni di euro in tre anni per l'autismo, l'estensione dei dispositivi FreeStyle a circa 20 mila persone con diabete, nuove risorse per i farmaci salvavita destinati ai pazienti con malattie rare e sostegni alle farmacie rurali.
LA PRESIDENTE ALESSANDRA TODDE: ""PIU' RISORSE PER SANITA'""
A rivendicare le scelte della maggioranza è la presidente della Regione Alessandra Todde, “Questa variazione non nasce nel vuoto. Arriva dopo un percorso già avviato, con il piano straordinario delle assunzioni per la rete ospedaliera, con gli interventi sulle liste d’attesa, con il potenziamento dei pronto soccorso dopo l’uscita dei gettonisti e con 100 medici di medicina generale in più rispetto al 2024. L'articolo 1 della variazione di bilancio e gli emendamenti della Giunta vanno verso una sanità più vicina alle persone, accompagnata da una visione che unisce all’efficienza del sistema un’attenzione verso le persone e i professionisti che ne fanno parte e un welfare capace di sostenere le fragilità e dotato di strumenti efficaci per contrastare lo spopolamento e le disuguaglianze territoriali. Rafforziamo la non autosufficienza, sosteniamo le famiglie, investiamo sul personale sanitario e sulla rete per migliorare i servizi nei territori e creiamo nuove opportunità per i giovani che scelgono di vivere e lavorare in Sardegna”, ha dichiarato la governatrice.
La presidente conclude sottolineando gli interventi previsti sul sistema sanitario e sociale: “Investiamo ancora di più nelle cure. Estendiamo i dispositivi FreeStyle a circa 20 mila persone con diabete e garantiamo i farmaci salvavita a chi è affetto da malattie rare. Abbiamo stanziato 10 milioni di euro in tre anni per l’autismo e sosteniamo le farmacie rurali, presidi fondamentali nelle aree interne. Infine, destiniamo nuove risorse agli allevatori colpiti dalla dermatite nodulare bovina. Questi sono solo alcuni degli interventi che abbiamo previsto nella manovra. Stiamo costruendo un percorso e questa variazione rappresenta un altro passo per rafforzare il nostro sistema sanitario”.
PIERO COMANDINI: ""UNA VARIAZIONE DI BILANCIO IMPORTANTE""
Il presidente del Consiglio regionale, Piero Comandini, esprime soddisfazione al termine dell'esame della variazione di bilancio. ""Grazie all'impegno di tutti i gruppi, di maggioranza e di minoranza, il Consiglio regionale ha approvato oggi una variazione di bilancio importante, che ha tenuto conto degli aspetti più nevralgici di tutti i settori"".
Comandini pensa già al dopo manovra: ""Si è scelto - aggiunge - di dare risposte concrete e che portino fin da subito effetti e ricadute positive per i sardi. Dal diritto allo studio, garantito grazie alle misure dei nidi gratis ma anche con i 63 milioni per gli Ersu, all'abbattimento dei costi per il carburante, alle attese azioni nel campo della protezione civile e della salvaguardia e tutela del territorio, agli interventi nei lavori pubblici. Ora è indispensabile continuare con questo spirito: da settembre il Consiglio è chiamato a riprendere i suoi lavori iniziando dalle avviate e ormai indispensabili riforme degli assetti statutari"".
PAOLO TRUZZU (FDI): ""PERSA UN'OCCASIONE STORICA""
Di segno opposto il giudizio di Fratelli d’Italia. Il capogruppo regionale Paolo Truzzu contesta l'impostazione complessiva della manovra e ritiene che le risorse disponibili non siano state utilizzate per imprimere una svolta sul fronte dello sviluppo economico, “Il campo largo ha fatto perdere alla Sardegna un’occasione storica. Oltre due miliardi di euro per una variazione di bilancio spesi come “rattoppi” senza una proposta strategica per favorire la crescita e lo sviluppo dell’Isola”.
Truzzu parla di una variazione definita “epocale” dagli stessi consiglieri regionali per dimensione delle risorse e accusa la maggioranza di non aver espresso una strategia di lungo periodo.
“Ancora una volta ci siamo trovati di fronte una maggioranza impreparata, pasticciona, come dimostrano i lavori dell’aula, e soprattutto senza una visione e una strategia capace di proporre una speranza per il futuro della Sardegna” dichiara Truzzu.
Nel suo intervento il capogruppo di Fratelli d’Italia critica inoltre alcune scelte della maggioranza e cita il confronto sugli emendamenti e sulle risorse destinate agli staff politici.
“Siamo riusciti a smascherare l’ipocrisia dei 5stelle, il partito anticasta a parole, ma che nei fatti ha cercato di aumentare gli stipendi degli staff degli Assessori e della Presidenza. Migliaia di emendamenti snocciolati in tre settimane che hanno fatto vibrare il pavimento dell’aula in alcuni momenti.”
Secondo Truzzu, sarebbero poche le misure realmente orientate alla crescita. “Sono poche le vere proposte di crescita messe in campo da una maggioranza spaccata. E mi piace ricordare che l’unica in grado di stimolare la crescita è quella sostenuta con forza da tutto il centrodestra per l’abbattimento delle tasse aeroportuali. Per mesi sollecitato il dialogo e proposto alla maggioranza alcune idee di buon senso, quasi sempre bocciate a prescindere. Anche se dobbiamo riconoscere che almeno nel finale della discussione hanno accettato la nostra proposta relativa alla fusione degli aeroporti che mira a garantire il controllo pubblico sul sistema aeroportuale sardo” conclude Truzzu.
La variazione approvata dal Consiglio regionale mette dunque sul tavolo risorse significative soprattutto per sanità, welfare, servizi territoriali e contrasto allo spopolamento. Il confronto politico resta però aperto sulla destinazione complessiva dei fondi e, soprattutto, sulla capacità della manovra di incidere non soltanto sull'emergenza dei servizi, ma anche sulle prospettive di crescita economica e demografica della Sardegna."
20260812161516,Il Post,https://www.ilpost.it/2026/08/12/puglia-contributo-congelamento-ovuli/,,,,,,srclc:ita,"La Puglia aiuta economicamente le donne che vogliono congelare gli ovuli
È l'unica regione che prevede un contributo per chi sceglie di farlo senza ragioni mediche, ma altre si stanno muovendo
- Condividi
- X
- Regala il Post
Dal 2025 in Puglia le donne che hanno meno di 40 anni possono accedere a un contributo economico regionale per congelare gli ovuli per ragioni cosiddette “sociali”, ovvero per posticipare la maternità con una scelta legata a questioni personali, e non a patologie che compromettono o rischiano di comprometterne la fertilità. È la pratica conosciuta come “social freezing”. Al momento la Puglia è l’unica regione italiana che offre un contributo di questo tipo: nel resto d’Italia il congelamento degli ovuli in assenza di motivazioni mediche è a pagamento.
Negli ultimi tempi, però, anche altre regioni si stanno attivando per introdurre misure simili, e la Toscana ha già preso provvedimenti.
Il congelamento degli ovuli, che tecnicamente si chiama crioconservazione degli ovociti, è la procedura che serve a estrarre e preservare un certo numero di cellule riproduttive femminili (gli ovociti o ovuli) in un momento in cui la loro “qualità” è ancora alta per poterli utilizzare anche anni dopo per una gravidanza.
In Italia è possibile farlo legalmente dal 2009. Alle donne che devono sottoporsi a chemioterapie, radioterapie, o che comunque hanno patologie autoimmuni, endocrine e genetiche che indeboliscono la riserva ovarica femminile, la crioconservazione è fortemente consigliata dalle linee guida del ministero della Salute. In questi casi la procedura può essere rimborsata dal Servizio sanitario nazionale.
Ci sono poi donne che decidono di congelare gli ovuli per altre ragioni. Per esempio scoprono da giovani di avere una riserva ovarica bassa, o sanno che le donne della loro famiglia sono andate precocemente in menopausa. C’è chi sceglie di farlo perché vuole raggiungere una stabilità economica e lavorativa prima di avere figli, o perché non ha una persona con cui farli.
In tutti questi casi le donne possono congelare gli ovuli nei centri per la fecondazione assistita, che sono oltre trecento in Italia e per la maggior parte privati: il costo supera in media i tremila euro, a cui va aggiunto qualche centinaio di euro all’anno per la conservazione, ed è totalmente a carico delle donne.
La Regione Puglia ha introdotto il contributo per il social freezing con una legge alla fine del 2024, pensandola come una misura per contrastare il calo demografico. Il contributo può raggiungere i tremila euro a persona, e può essere erogato una volta soltanto. Ci sono dei requisiti: le donne devono avere tra i 27 e i 37 anni, essere residenti in Puglia da almeno 12 mesi e avere un ISEE (cioè l’indicatore che certifica la condizione economica del proprio nucleo familiare) inferiore ai 30mila euro. Nel complesso la regione ha finanziato la misura con 300mila euro all’anno dal 2025 al 2027.
Le nuove domande potranno essere presentate da giovedì 13 agosto, e per i 30 giorni successivi. Saranno valutate in base all’ISEE, all’età della donna e alla data di presentazione della richiesta. Lunedì ne ha parlato il presidente della Puglia Antonio Decaro, del Partito Democratico, dicendo che è un modo per «portare avanti una politica a favore della natalità, ascoltare le voci delle donne e non giudicare mai le loro scelte, anzi provare ad aiutarle a scegliere consapevolmente della loro vita e del loro corpo».
In Toscana lo scorso aprile la giunta ha approvato una delibera che tra le altre cose fissa le tariffe regionali per la conservazione dei gameti maschili (gli spermatozoi) e femminili (gli ovuli), rispettivamente a 500 euro e 1.500 euro (inferiore quindi alle tariffe medie dei centri privati). A questi costi vanno poi aggiunti quelli per il mantenimento annuale del materiale biologico congelato e delle terapie farmacologiche. Il gruppo consiliare del Partito Democratico ha anche presentato una proposta di legge per introdurre un contributo come quello della Puglia. Lo stesso ha fatto la consigliera regionale del Lazio Eleonora Mattia, sempre del PD.
Anche in Liguria è stata presentata una proposta di legge per rendere il congelamento degli ovuli gratuito anche in assenza di ragioni mediche. L’Emilia-Romagna ha per ora chiesto al ministero della Salute se è possibile estendere la gratuità del congelamento degli ovuli (per ora garantita solo a donne malate di tumore) ad altre patologie, e sta valutando anche contributi per il social freezing. In Lombardia la consigliera del Partito Democratico Miriam Cominelli ha ottenuto di recente l’impegno della giunta regionale a estendere l’accesso gratuito alla crioconservazione degli ovuli anche alle donne con patologie che comportano un rischio di infertilità precoce.
A livello nazionale oltre un anno fa la deputata del Movimento 5 Stelle Carmen Di Lauro aveva depositato una proposta di legge, ancora ferma in parlamento, che tra le altre cose punta a rendere il congelamento degli ovuli gratuito per tutte le donne tra i 27 e i 35 anni. Una proposta simile era stata avanzata anche dal PD, sempre nel 2025, e martedì anche il leader di Italia Viva Matteo Renzi ha anticipato che chiederà di stanziare cento milioni di euro nella prossima legge di bilancio per il social freezing per tutte le donne fino ai 38 anni.
Lo scorso novembre il sottosegretario alla Salute Marcello Gemmato, di Fratelli d’Italia, rispondendo a un’interrogazione parlamentare di Di Lauro aveva riconosciuto la necessità di disciplinare meglio la crioconservazione degli ovuli per ragioni sociali, visto che si sta diffondendo sempre di più e che la legge sulla fecondazione assistita, la numero 40 del 2004, non dà specifiche indicazioni al proposito.
– Leggi anche: Il congelamento degli ovuli si sta diffondendo anche in Italia"
20260812154126,Tpi,https://www.tpi.it/spettacoli/tv/noos-lavventura-della-conoscenza-anticipazioni-ospiti-oggi-12-agosto-2026-202608121248026/,,,,,,srclc:ita,"Noos – L’avventura della conoscenza: anticipazioni, ospiti e streaming
Questa sera, mercoledì 12 agosto 2026, alle ore 21,30 su Rai 1 va in onda Noos – L’avventura della conoscenza, la serie scientifica di Rai Cultura dedicata alla divulgazione scientifica e ai diversi campi della conoscenza condotta da Alberto Angela. Ma vediamo insieme tutte le informazioni nel dettaglio.
Anticipazioni e ospiti
Come si costruisce il cervello da 0 a 3 anni d’età e perché ciò che accade all’inizio di questo percorso può segnare per sempre la vita delle persone? Qual è il primo ricordo? Fin dove si riesce a tornare indietro nel tempo? Interrogativi al centro del nuovo appuntamento con Alberto Angela e “Noos – L’avventura della conoscenza”, la serie di Rai Cultura dedicata alla divulgazione scientifica e alle novità dai vari campi della conoscenza, in onda questa sera, mercoledì 12 agosto alle 21.25 su Rai 1. Ricordi dell’infanzia, volti, luoghi ed emozioni. Negli anni iniziali di vita, il cervello di un bambino si sviluppa in modo decisivo. Questo processo inizia anche prima della nascita e il modo in cui veniamo accolti lascia tracce nel nostro sviluppo e nella nostra sicurezza. Ne parla in studio il pedagogista Daniele Novara, fondatore del Centro psicopedagogico per l’educazione e la gestione dei conflitti a Piacenza, che spiegherà le tappe attraverso le quali un bambino inizia a sviluppare sicurezza e capacità relazionali e perché i primi tre anni di vita siano cruciali per costruire la stabilità emotiva di base.
A seguire, il professor Alberto Oliveiro, medico e psicobiologo esperto di neuroscienze, descriverà alcune delle più recenti scoperte della neuroscienza sui processi di crescita e sviluppo del cervello dei bambini nei primi anni di vita. Se si prendesse una fotografia di un matrimonio degli anni ’60 e una di oggi sarebbe evidente il cambiamento demografico che si è creato nel paese e nel mondo in 60 anni. Si è passati da molti bambini e pochi anziani a pochissimi bambini e molti anziani. Si calcola che, per mantenere stabile la popolazione, le donne dovrebbero avere in media 2,1 figli a testa. Nelle scuole materne ed elementari dei comuni piccoli, la crisi demografica è già visibile come si può vedere visitando una classe del comune di Premilcuore in un interessante servizio dedicato al calo demografico.
Questa settimana Carlo Lucarelli analizzerà l’inchiesta che riguardò Ted Bundy, il serial killer americano che uccideva le studentesse. Massimo Polidoro metterà in guardia dai pericoli dei deepfake, utilizzati per sfruttare l’immagine di inconsapevoli celebrità al fine di vendere prodotti di ogni genere. Assieme all’astrofisica Edwige Pezzulli si farà un nuovo viaggio spaziale alla scoperta dei “mondi ghiacciati”, mentre con l’etologa Elisabetta Palagi si osserverà il lutto degli elefanti, uno dei comportamenti animali più affascinanti del mondo; è dimostrato, infatti, che questi animali non solo creino profondi legami sociali, ma abbiano anche consapevolezza della morte e del distacco. E ancora, la nutrizionista Elisabetta Bernardi parlerà di sana alimentazione condividendo le regole base per evitare le contaminazioni nel cibo, e Ruggero Rollini raccontrà che fine fanno i rifiuti organici che produciamo giornalmente e le diverse forme di riciclo esistenti. Il professor Luciano Floridi proseguirà con l’approfondiremo dei temi legati all’utilizzo dell’IA: quali sono gli aspetti positivi e quali i rischi legati a questa nuova risorsa digitale? In studio con Alberto Angela per parlare di geopolitica e degli attuali scenari internazionali ci sarà poi Dario Fabbri.
Con Giuliana Galati si andrà al Cern di Ginevra per parlare di neutrini cioè delle particelle più abbondanti dell’universo, dopo i fotoni, e difficili da studiare. La prima prova della loro esistenza è arrivata esattamente 70 anni fa, nel luglio del 1956. Questa scoperta rivoluzionò letteralmente la fisica moderna e gli studi scientifici continuano incessantemente: che cosa sono? E qual è il loro ruolo nell’universo?
Streaming e tv
Dove vedere Noos – L’avventura della conoscenza in diretta tv e live streaming? Il programma, come detto, va in onda questa sera alle ore 21,30 su Rai 1. Non solo tv. Sarà possibile seguirlo anche in live streaming tramite la piattaforma gratuita RaiPlay.it."
20260812150000,Davidemaggio,https://www.davidemaggio.it/noos/noos-chiude-di-mercoledi-con-un-approfondimento-sul-cervello,,,,,,srclc:ita,"Ora in tendenza
Noos chiude di mercoledì con un approfondimento sul cervello
Spazio anche al lutto degli elefanti e al racconto dei mondi ghiacciati. Ecco le anticipazioni del 12 agosto 2026
di Algert Myrtja
12/08/2026 - 17:00
© X @albertoangela / Ph. Barbara Ledda
Alberto Angela torna questa sera, mercoledì 12 agosto, con l’ultimo appuntamento stagionale di Noos – L’AAvventura della Conoscenza, il programma di divulgazione della prima serata estiva di Rai 1.
Anticipazioni e ospiti del 12 agosto 2026
La puntata si apre con nuovi interrogativi su come si costruisce il cervello da 0 a 3 anni e perché ciò che accade all’inizio di questo percorso può segnare per sempre la vita delle persone. Angela indagherà il primo ricordo e fin dove si riesce a tornare indietro nel tempo tra i ricordi dell’infanzia, i volti, i luoghi e le emozioni.
Nei primi anni di vita, il cervello di un bambino si sviluppa in modo decisivo. Questo processo inizia anche prima della nascita e il modo in cui veniamo accolti lascia tracce sul nostro sviluppo e sul senso di sicurezza. Ne parlerà in studio il pedagogista Daniele Novara, fondatore del Centro psicopedagogico per l’educazione e la gestione dei conflitti di Piacenza, che spiegherà le tappe attraverso le quali un bambino inizia a sviluppare sicurezza e capacità relazionali e perché i primi tre anni di vita siano cruciali per costruire una stabilità emotiva di base.
A seguire, il professor Alberto Oliverio, medico e psicobiologo esperto di neuroscienze, descriverà alcune delle più recenti scoperte sui processi di crescita e sviluppo del cervello dei bambini nei primi anni di vita.
Se si prendesse una fotografia di un matrimonio degli anni ’60 e una di oggi, sarebbe evidente il cambiamento demografico che si è verificato nel Paese e nel mondo in 60 anni. Si è passati da molti bambini e pochi anziani a pochissimi bambini e molti anziani. Si calcola che, per mantenere stabile la popolazione, le donne dovrebbero avere in media 2,1 figli a testa. Nelle scuole materne ed elementari dei piccoli comuni, la crisi demografica è già visibile, come si potrà vedere visitando una classe del comune di Premilcuore, in un servizio dedicato al calo demografico.
Sempre presente anche il cast fisso: questa settimana Carlo Lucarelli analizzerà l’inchiesta che riguardò Ted Bundy, il serial killer americano che uccideva giovani studentesse, mentre Massimo Polidoro metterà in guardia dai pericoli dei deepfake, utilizzati per sfruttare l’immagine inconsapevole di celebrità al fine di vendere prodotti di ogni genere.
Assieme all’astrofisica Edwige Pezzulli si farà un nuovo viaggio spaziale alla scoperta dei ‘mondi ghiacciati’, mentre con l’etologa Elisabetta Palagi si osserverà il lutto degli elefanti, uno dei comportamenti animali più affascinanti. È dimostrato, infatti, che questi animali non solo creano profondi legami sociali, ma hanno anche consapevolezza della morte e del distacco.
E ancora, la nutrizionista Elisabetta Bernardi parlerà di sana alimentazione, condividendo le regole di base per evitare le contaminazioni del cibo, mentre Ruggero Rollini racconterà che fine fanno i rifiuti organici che produciamo quotidianamente e le diverse forme di riciclo esistenti.
Il professor Luciano Floridi proseguirà nell’approfondimento dei temi legati all’utilizzo dell’IA: quali sono gli aspetti positivi e quali i rischi legati a questa nuova risorsa digitale? In studio con Alberto Angela, per parlare di geopolitica e degli attuali scenari internazionali, ci sarà poi Dario Fabbri.
Infine, con Giuliana Galati, si andrà al CERN di Ginevra per parlare dei neutrini, le particelle più abbondanti dell’universo dopo i fotoni e tra le più difficili da studiare. La prima prova della loro esistenza arrivò esattamente 70 anni fa, nel luglio del 1956. Questa scoperta rivoluzionò letteralmente la fisica moderna e gli studi scientifici proseguono incessantemente: che cosa sono i neutrini e qual è il loro ruolo nell’universo?"
20260812140032,Gds,https://messina.gazzettadelsud.it/articoli/societa/2026/08/12/come-messina-puo-resistere-allinverno-demografico-b2bb02af-cc19-4f7d-a075-2f1e8b9ee4a0/,,,,,,srclc:ita,"Nei mesi di luglio e agosto sono stati presentati il Rapporto dell’Ufficio studi Confcommercio e quello di Cer-Confesercenti, che hanno analizzato lo stato di salute degli esercizi commerciali italiani, con alcuni approfondimenti su Sicilia e i relativi capoluoghi. Anzitutto, viene sfatato un pregiudizio duro a morire, ossia quello per cui il Commercio costituisce un settore marginale e improduttivo. In trent’anni, il prodotto per addetto del comparto è cresciuto di oltre il 61 per cento contro l’8,7 dell’intera economia e dal 2018 al 2025 il fatturato del dettaglio è salito del 25,7 per cento, sopra un’inflazione ferma al 22,1.
Come si concilia, allora, questa vitalità dei commercianti con le numerose vetrine spente o botteghe in affitto che ognuno di noi vede passeggiando per la propria città? La risposta sta in una formula che merita di essere meditata, perché si tratta di un consolidamento al ribasso. In altri termini, mentre il fatturato è complessivamente cresciuto, i punti vendita sono scesi da 666mila a 570mila, con una perdita del 14,4 per cento, cui corrisponde un calo di addetti di appena l’1,8, sicché ogni negozio superstite è più grande, più strutturato e più produttivo di prima. Il Commercio non muore, ma si concentra. A morire, quindi, è il rapporto capillare tra negozio e territorio, che è poi ciò che interessa a chi vive la città.
Dentro l’aggregato, la selezione rivela le nuove gerarchie del consumo. Vincono i discount, con un fatturato più che raddoppiato in sette anni, così come vincono le farmacie e vince l’e-commerce. Perdono gli ipermercati, in ritirata come già accade in Francia, e perdono soprattutto gli ambulanti, che lasciano sul campo il 27,3 per cento delle unità, assieme ai piccoli negozi ad alto contenuto relazionale, dalle edicole alle librerie fino all’abbigliamento. Dietro la selezione dei formati c’è però la trasformazione della domanda, con consumi pro-capite ancora inferiori ai livelli del 2007, una popolazione scesa di 1,4 milioni dal 2014 e ormai due anziani per ogni bambino. Il negozio di prossimità non chiude soltanto per colpa di Amazon, ma perché attorno ad esso si è rarefatta la domanda.
Le tabelle regionali del rapporto Confcommercio restituiscono della Sicilia un’immagine meno cupa della vulgata, purché la si legga con qualche cautela. Tra il 2018 e il 2023 l’Isola ha perso il 6,9 per cento delle unità locali del commercio, meno dell’Italia e dello stesso Mezzogiorno, conservando una densità di 11 esercizi ogni mille abitanti superiore alla media nazionale. Gli addetti sono addirittura cresciuti del 4,3 per cento a fronte di un’Italia immobile, e nel commercio specializzato l’incremento siciliano del 5 per cento risulta il più alto del Paese.
Le ragioni di questa apparente tenuta, però, vengono elencate senza molta indulgenza e riguardano la scarsità di lavoro dipendente, che costringe all’auto-imprenditorialità e alla nano-impresa; il funzionamento di incentivi come il “Resto al Sud” e la Zes, che sostengono la natalità di micro-attività commerciali; e una modernizzazione rimasta incompiuta. Vi si aggiunge un’avvertenza che costituisce il cuore dell’intero ragionamento, ossia che la resilienza meridionale potrebbe essere un ritardo, tanto che al Sud il numero di negozi rischierebbe presto di scendere addirittura più velocemente che al Nord.
Le stesse tabelle raccontano poi di una Sicilia in piena mutazione, con gli ipermercati che perdono quasi tre quarti degli addetti e i piccoli alimentari che invece resistono, perché a fronte di un’Italia che ne perde l’11,2 per cento la Sicilia ne cede appena il 2,8 e ne aumenta gli addetti dell’11,4, ossia l’incremento più robusto del Paese. La bottega di vicinato, nell’Isola, non è insomma folklore, ma infrastruttura sociale per una popolazione anziana e poco motorizzata, e insieme ammortizzatore per chi il lavoro dipendente non lo trova.
Dalle stime di Cer-Confesercenti si ricavano, inoltre, due elementi che pesano sul commercio siciliano e dell’area dello Stretto. Il primo è l’inflazione, che quest’anno colpisce con più forza proprio dove i redditi sono più bassi. Reggio Calabria registra l’aumento dei prezzi più alto d’Italia con il 4,3 per cento, mentre Palermo, al 3,2, figura tra i capoluoghi più cari. Per famiglie che hanno consumi ancora inferiori a quelli del 2007, tre punti di carovita sono domanda sottratta ai negozi e spiegano buona parte della corsa siciliana verso i discount.
Il secondo elemento riguarda la geografia della crescita, e qui le tabelle allegate da Confesercenti consegnano un dato molto singolare. La Sicilia si ferma allo 0,7 per cento, sotto la media nazionale e perfino sotto quella dell’area meridionale e insulare. Palermo, unico capoluogo siciliano del campione, cresce dello 0,8 e, assieme al suo tasso inflattivo del 3,2, restituisce la combinazione più severa d’Italia dopo Reggio Calabria. Metà della crescita attesa si concentra soltanto in cinque città e le economie urbane sono ormai un motore autonomo dello sviluppo, sicché le politiche di tutela del tessuto commerciale andrebbero trattate come uno dei pilastri della crescita nazionale. È poi significativo che Messina, in questa mappa dei capoluoghi, non compaia affatto, invisibile alle statistiche territoriali.
Per Messina, tuttavia, soccorre l’XI Osservatorio sulla demografia d’impresa nelle città, curato da Confcommercio. Vi si legge che tra il 2012 e il 2025 la città ha perso il 24,7 per cento delle proprie attività commerciali con 623 vetrine chiuse e, nella graduatoria delle 122 città esaminate, occupa la 75esima posizione, ossia la migliore tra le grandi siciliane. Un quarto del tessuto evaporato in tredici anni resta, però, una trasformazione profonda e la posizione mediana una consolazione soltanto apparente. Secondo un altro Report, quello del 2025 elaborato dall’Ente camerale di Messina, il Commercio è il primo settore per occupazione della provincia, con 29.437 addetti su 147.248, ossia un posto di lavoro su cinque; tuttavia, è anche il settore in maggiore difficoltà, come se il primo datore di lavoro fosse anche il primo malato. Il quadro non è di collasso, ma di fragilità, perché la provincia ha chiuso il 2025 con 62.144 imprese registrate e un saldo tra iscrizioni e cessazioni volontarie tornato positivo, ossia più 648 contro il più 196 dell’anno prima, trainato però dall’edilizia e dal turismo.
Resta la questione della composizione del tessuto commerciale, che chiunque percorra la via dei negozi conosce bene. Cresce quasi soltanto la ristorazione, che prende il posto dell’abbigliamento e delle botteghe, e il centro cambia funzione, perché da luogo dell’acquisto diventa luogo del consumo fuori casa o di passaggio. Il tutto dentro un circolo che si autoalimenta: i giovani partono, la domanda si assottiglia, i negozi tradizionali chiudono e altri giovani partono.
La riflessione conclusiva dei rapporti è molto netta. Continuando così, bisognerà rassegnarsi ad avere aree delle nostre città prive di commercio al dettaglio, perché dove il Commercio è presente può diventare più forte, mentre dove sta scomparendo non rivivrà. Non siamo di fronte a un ciclo critico, ma a una soglia di resistenza, oltre la quale il quartiere rimane deserto, con tutto ciò che ne consegue per sicurezza, valori immobiliari e coesione sociale. A Messina, le 623 chiusure sono anche seicento presìdi di strada spenti.
Qualcuno, in Italia, è riuscito a invertire la rotta? La risposta è affermativa, e passa da strumenti replicabili. Il primo è rappresentato dai Distretti urbani del Commercio, ossia forme di partenariato tra Comuni, categorie e proprietà che gestiscono un’area come fosse un unico centro commerciale naturale, occupandosi di promozione, arredo, illuminazione e servizi condivisi. Bergamo li ha istituiti nel 2008 e oggi ne esporta il modello, tanto che Perugia sta avviando i suoi primi Distretti sulla recente legge regionale umbra. Qui, però, si misura il vero ritardo siciliano. Lombardia, Piemonte, Umbria e Campania hanno una legge regionale sui Distretti, e quella campana ha finanziato in giugno i progetti riconosciuti, mentre la Sicilia dispone soltanto della previsione contenuta nella legge di stabilità regionale del 2022, che consente ai Comuni di proporre l’individuazione dei Distretti nei centri storici e nelle aree a vocazione commerciale. Quella previsione è rimasta in larga parte inattuata, priva di bandi e di risorse dedicate, tanto che Confesercenti ha chiesto all’assessorato regionale una normativa organica, un tavolo tecnico con Comuni e categorie, nonché contributi a fondo perduto. Fa eccezione Trapani, che si è appena mossa avviando lo scorso luglio il riconoscimento di un Distretto per sostenere il commercio di prossimità.
Il secondo strumento riguarda Messina e la sua proiezione sul mare. Come abbiamo già visto, le città portuali che hanno riconnesso il porto alla città sono riuscite a trasformare il proprio waterfront in infrastruttura commerciale urbana. Genova ha convertito il “Porto antico” in un sistema di funzioni che intercetta i croceristi e li trattiene anziché lasciarli transitare, mentre Trieste riqualifica il “Porto vecchio” come area di cultura, commercio e residenza. Il traffico marittimo non può essere soltanto il frutto di un’osservazione passiva, ma un vero e proprio flusso governato, purché si progetti il percorso a terra, vi si disponga l’offerta e si misuri la spesa che ne deriva. A Messina, i dieci milioni di passeggeri e gli oltre 800mila crocieristi stimati dall’Autorità di sistema portuale suonano come il rimprovero più severo a un centro che perde vetrine, e indicano al tempo stesso la via da seguire, ossia collegare finalmente i capitoli del Mare e del Commercio.
Il “negozio” è il più tangibile dei termometri economici, perché basta osservarne le saracinesche per capire come sta una città. Messina, che nel Commercio trova il suo primo datore di lavoro privato, conserva la stoffa per attraversare il prossimo inverno demografico, ma di quella stoffa restano fili sparsi (il porto, i flussi croceristici, la rete di vicinato), che proprio il Distretto urbano del Commercio potrebbe tessere."
20260812133840,Targatocn.it,https://www.targatocn.it/2026/08/12/leggi-notizia/argomenti/attualita/articolo/bersezio-tutto-a-scatafascio-ma-ciaburro-non-ci-sta-studi-da-campeggio-e-scontro-social-sul.html,,,,,,srclc:ita,"Una Valle Stura che, secondo alcuni, avrebbe bisogno di una nuova strategia per tornare ad attrarre turisti, soprattutto giovani.
E una valle che, secondo altri, conserva proprio nella tranquillità, nella natura e nella distanza dal turismo di massa il proprio punto di forza.
È attorno a questa contrapposizione che si è sviluppata sui social una vivace discussione, partita da un post particolarmente duro sulla situazione turistica di Bersezio.
Il protagonista della polemica, che asserisce di frequentare la valle da alcuni anni, critica la scarsità di iniziative e servizi, mettendo in discussione l'attuale modello turistico: ""Continuate a pubblicare le stesse locandine, questa vallata ha bisogno di roba più incisiva, non due seratine delle balle. Non vi accorgete che la vallata sta morendo di giorno in giorno?"".
Nel mirino finiscono anche gli impianti di risalita e la gestione della viabilità, con particolare riferimento alla chiusura notturna del ponte delle Barricate e a una presunta carenza di comunicazione. Il giudizio complessivo viene sintetizzato con un'espressione volutamente provocatoria: ""tutto a scatafascio"".
Da qui il confronto si allarga. C'è chi condivide la preoccupazione per il futuro della valle e chi considera invece ingenerose le critiche nei confronti di un territorio che continua ad avere una propria attrattività.
Tra i temi sollevati ci sono anche le Terme di Vinadio, chiuse ormai da oltre 15 anni. ""Un'acqua termale unica in Italia che curava migliaia di persone, ora chiuse e non muovono il culo per aprirle"", scrive l'autore del post, sostenendo che la Valle Stura sia molto diversa da quella conosciuta decenni fa.
La discussione tocca anche l'Acqua Sant'Anna e il ruolo dell'azienda per l'economia locale. ""Per quanto io sia comunista e ne vado fiero, dà lavoro a della gente, perché se no la vallata sarebbe inesistente"", precisa curiosamente l'autore del post.
Non mancano le repliche sul linguaggio e sui toni usati. Qualcuno gli rimprovera di voler impartire lezioni sulla valle con un italiano tutt'altro che impeccabile; altri gli chiedono perché continui a frequentare un luogo che giudica così negativamente. La sua risposta è netta: ""Infatti il prossimo anno sarò in un'altra vallata dove mi offre di più"".
E, riferendosi a Bersezio, arriva anche la battuta: ""Come geriatria può avere degli ottimi potenziali"".
Il confronto si sposta quindi sul rapporto tra tranquillità e offerta turistica. Da una parte c'è chi rivendica il piacere di trascorrere il tempo tra stambecchi e marmotte; dall'altra chi sostiene che la bellezza paesaggistica, da sola, non basti a costruire una proposta turistica competitiva.
""A livello di montagne è bellissima, ma a livello di gestione, di eventi? Solo le montagne bastano fino a un certo punto... non giudico le montagne ma sto giudicando la gestione del posto"", è la precisazione arrivata nel dibattito.
Il paragone con località come Sestriere viene però contestato. C'è chi ricorda i costi e le difficoltà di gestire un'attività in montagna: riscaldamento, stagionalità, collegamenti, chiusure invernali e necessità di lavorare nei periodi festivi. E viene ricordato anche il caso del locale che negli anni passati organizzava serate di maggiore richiamo: ""Gli eventi costano e bisogna rientrarci!"".
Altri commenti, però, confermano almeno in parte le critiche. Una frequentatrice osserva che in inverno a Bersezio rimane ben poco aperto e sostiene che anche in estate si potrebbero organizzare più iniziative, attirando visitatori già da giugno e non concentrando tutto sul Ferragosto.
Sul fronte opposto sono numerose le testimonianze di chi continua a scegliere Bersezio proprio per ciò che è. C'è chi frequenta la località da quarant'anni, chi vi ha una seconda casa da decenni e chi dichiara di preferire senza esitazioni ""stambecchi e marmotte"" alle serate danzanti.
Una posizione intermedia emerge da altri interventi: la montagna piace, ma si potrebbe fare di più sul fronte dei servizi. Soprattutto in estate, secondo alcuni frequentatori storici, servirebbero maggiori opportunità per turisti e visitatori giornalieri: attività sportive, locali, aperitivi, pizzerie e occasioni per prolungare la permanenza.
Non mancano, comunque, testimonianze positive sull'accoglienza attuale. Una turista dell'area camper apprezza l'organizzazione della zona di sosta e il lavoro della Pro loco. Un altro frequentatore, con una seconda casa da quasi vent'anni, auspica invece una maggiore capacità di accoglienza attraverso la riqualificazione degli spazi e degli edifici, nuove attività di intrattenimento e maggiore attenzione al decoro.
Anche sulla chiusura della galleria delle Barricate emergono opinioni diverse. Alcuni contestano l'assenza di comunicazione, mentre altri ricordano che lavori e chiusure erano stati annunciati.
Sul piano amministrativo, la discussione si intreccia con una storia più lunga. Il Comune di Argentera ha attraversato una fase finanziariamente molto difficile, arrivando al dissesto e affrontando negli anni successivi un complesso percorso di risanamento. Una situazione che ha imposto a lungo vincoli importanti alla gestione dei servizi e agli interventi sul territorio.
A intervenire direttamente sulla questione è stata infine il sindaco Monica Ciaburro, parlamentare di Fratelli d'Italia e amministratrice di Argentera. La sua risposta, lunga e a tratti anche ironica, parte dalla difesa di chi ogni giorno contribuisce a mantenere viva la comunità.
""Ho letto con attenzione le sue analisi approfondite del nostro territorio montano e i suoi apprezzamenti nei confronti di chi ci vive, ci lavora, fa impresa, amministra e dedica tempo e fatica a organizzare piccoli momenti di aggregazione"", scrive il sindaco, ricordando anche chi raggiunge la valle per trascorrervi le vacanze e chi mette a disposizione i propri prodotti.
Ciaburro invita quindi il protagonista della polemica a trasformare le critiche in proposte concrete: ""Sono particolarmente interessata a conoscere i suoi studi sulle cause dello spopolamento, sul calo demografico e sulle difficoltà di fare impresa in montagna. Ma soprattutto, sono curiosa di ascoltare finalmente la sua “ricetta” concreta per salvare una valle che, a suo dire, sta morendo da quando lei ci ha messo piede tre anni fa"".
L'invito è a partecipare al confronto pubblico annunciato per domani, giovedì 13 agosto, con una stoccata finale: ""Se riuscirà a sottrarre qualche minuto ai suoi impegnativi studi da campeggio e alle approfondite analisi che le impediscono da tre anni di venire in Comune a proporre qualcosa di concreto, sarà senz'altro un contributo prezioso"".
La conclusione di Ciaburro ribadisce una visione opposta a quella del post iniziale: ""Nel frattempo la Valle Stura continua a vivere, lavorare e organizzarsi, con quelle persone che con coraggio affrontano le sfide, donano e fanno""."
20260812131346,Esports Gazzetta,https://www.gazzetta.it/spettacolo-tv-gossip/12-08-2026/noos-stasera-su-rai-1-con-alberto-angela-anticipazioni-12-agosto.shtml,,,,,,srclc:ita,"Tanti ospiti e tanti i temi trattati stasera, dallo sviluppo del cervello nei primi anni di vita al calo delle nascite
A pochi giorni dalla messa in onda della quarta puntata, domenica 9 agosto con 1.293.000 spettatori pari al 12,90% di share sintonizzati su Rai 1, prosegue stasera, mercoledì 12 agosto, la nuova stagione di Noos - L'avventura della conoscenza, la celebre serie di divulgazione scientifica firmata da Alberto Angela e prodotta da Rai Cultura (disponibile anche in streaming su RaiPlay).
In questa quinta puntata, in onda alle 21.25 su Rai 1, il programma apre la serata affrontando lo sviluppo del cervello nei primi anni di vita, partendo da qualche domanda a cui si proverà a dare una risposta: come si costruisce il cervello da 0 a 3 anni d'età e perché ciò che accade all'inizio di questo percorso può segnare per sempre la vita delle persone? Qual è il primo ricordo? Fin dove si riesce a tornare indietro nel tempo?
Noos, le anticipazioni del 12 agosto 2026
—
Ricordi dell'infanzia, volti, luoghi ed emozioni: negli anni iniziali di vita, il cervello di un bambino si sviluppa in modo decisivo. Questo processo inizia anche prima della nascita e il modo in cui veniamo accolti lascia tracce nel nostro sviluppo e nella nostra sicurezza. Stasera Alberto Angela ne parlerà con Daniele Novara, fondatore del Centro psicopedagogico per l’educazione e la gestione dei conflitti a Piacenza. L'esperto spiegherà ai telespettatori le tappe attraverso le quali un bambino inizia a sviluppare sicurezza e capacità relazionali e perché i primi tre anni di vita siano cruciali per costruire la stabilità emotiva di base.
La puntata di stasera proseguirà con la partecipazione del professor Alberto Oliveiro, medico e psicobiologo esperto di neuroscienze, pronto a descrivere alcune delle più recenti scoperte della neuroscienza sui processi di crescita e sviluppo del cervello dei bambini nei primi anni di vita. Restando in parte legati al tema, Noos affronterà il problema del cambiamento demografico, facendo un confronto con 60 anni fa: si è passati da molti bambini e pochi anziani a pochissimi bambini e molti anziani.
Il tema sarà affrontato da un punto di vista particolare: il calo degli studenti nelle scuole materne ed elementari dei comuni piccoli, mostrato attraverso l'esperienza di una classe del comune di Premilcuore, 669 abitanti della provincia di Forlì-Cesena in Emilia-Romagna.
Tutti gli ospiti della serata
—
Anche questa puntata sarà impreziosita dai tanti ospiti di Alberto Angela, a cominciare da Carlo Lucarelli che analizzerà l’inchiesta che riguardò Ted Bundy, il serial killer americano che uccideva le studentesse. Massimo Polidoro, invece, metterà in guardia i telespettatori dai pericoli dei deepfake, utilizzati per sfruttare l’immagine di inconsapevoli celebrità al fine di vendere prodotti di ogni genere.
L'astrofisica Edwige Pezzulli accompagnerà il pubblico in un nuovo viaggio spaziale alla scoperta dei ""mondi ghiacciati"", mentre l'etologa Elisabetta Palagi parlerà del lutto degli elefanti, uno dei comportamenti animali più affascinanti del mondo. La nutrizionista Elisabetta Bernardi, invece, parlerà di sana alimentazione condividendo le regole base per evitare le contaminazioni nel cibo, e Ruggero Rollini racconterà che fine fanno i rifiuti organici che produciamo giornalmente e le diverse forme di riciclo esistenti.
Ospiti stasera anche il professor Luciano Floridi, con un approfondimento sui temi legati all’utilizzo dell’IA, e Dario Fabbri per il consueto segmento di geopolitica e degli attuali scenari internazionali, ma ci sarà spazio anche per un viaggio al Cern di Ginevra con Giuliana Galati, che stasera si concentrerà sui neutrini, le particelle più abbondanti dell'universo, dopo i fotoni, e difficili da studiare.
La Gazzetta dello Sport
© RIPRODUZIONE RISERVATA"
20260812124900,Avanti,https://avantionline.it/r-omani-in-umbria-mobilitazione-socialista-su-casa-giovani-e-professionisti/,,,,,,srclc:ita,"- Lo dichiara Gabrio Romani, segretario regionale di Avanti PSI in Umbria
 
“Anche in Umbria abbiamo avviato la mobilitazione sulle tre proposte nazionali di Avanti PSI dedicate ai giovani, alla casa e alle partite Iva. Sono temi molto sentiti anche nella nostra regione, perché riguardano direttamente la qualità della vita, le opportunità e la possibilità di costruire qui il proprio futuro”. Lo dichiara Gabrio Romani, segretario regionale di Avanti PSI in Umbria, sulla campagna promossa dal segretario nazionale Enzo Maraio.
“Per l’Umbria – sottolinea Romani – la questione generazionale ha un significato particolare. Dobbiamo creare le condizioni perché i nostri giovani possano scegliere di restare, studiare, lavorare e investire sul territorio. Troppi ragazzi, dopo la formazione, sono costretti a cercare altrove opportunità che qui faticano a trovare. È un impoverimento non soltanto demografico, ma anche economico e sociale”.
“Per questo – prosegue – condividiamo la proposta di costruire un Fondo nazionale per i giovani, alimentato anche attraverso un contributo di equità dei grandi colossi del web, destinando risorse a ricerca, università, startup, innovazione e nuove competenze. Se vogliamo parlare seriamente del futuro delle nuove generazioni dobbiamo mettere in campo strumenti concreti”.
“Accanto a questo ci sono la casa e il sostegno al lavoro autonomo. L’accesso all’abitazione è diventato più difficile per giovani e famiglie, mentre professionisti, artigiani, piccoli imprenditori e partite Iva chiedono un sistema fiscale più equilibrato, che non imponga di anticipare tasse su redditi ancora da produrre. Sono questioni che – sottolinea Romani – attraversano anche il tessuto economico e sociale umbro”.
“In Umbria porteremo queste proposte nei territori, confrontandoci con cittadini, amministratori, associazioni e mondo produttivo. La mobilitazione è partita e vogliamo farla crescere nelle prossime settimane. La politica recupera credibilità quando torna a misurarsi con i problemi reali: è questo il contributo che, seguendo la linea indicata da Enzo Maraio, Avanti PSI vuole offrire anche in Umbria e al centrosinistra” conclude."
20260812121040,Marsala Live,https://www.marsalalive.it/2026/08/12/docenti-fuori-sede-coefficiente-distanza/,,,,,,srclc:ita,"Docenti fuori sede
Roma – Dare un valore economico alla distanza sostenuta dai docenti fuori sede, senza introdurre stipendi differenziati su base territoriale. È questa la proposta avanzata dal Coordinamento Nazionale Docenti della disciplina dei Diritti Umani, presieduto dal professor Romano Pesavento, che chiede l’apertura di un confronto tecnico con le istituzioni competenti.
Il tema riguarda i docenti di ruolo che prestano servizio stabilmente lontano dal proprio territorio di residenza e che, a parità di inquadramento e retribuzione, devono spesso sostenere costi aggiuntivi per casa, utenze, trasporti e rientri periodici verso il nucleo familiare. Secondo il CNDDU, in una fase segnata dall’aumento dei prezzi e dalla perdita di potere d’acquisto, questa condizione assume una specifica rilevanza economica.
Il costo professionale della distanza
Il Coordinamento propone di definire questa condizione come “costo professionale della distanza”.
L’idea di fondo è che una parte del reddito dei docenti fuori sede venga assorbita non da libere scelte di consumo, ma da spese direttamente collegate alla sede di lavoro: un secondo affitto, le utenze, il trasporto locale, i collegamenti ferroviari o aerei e i viaggi necessari per rientrare dalla propria famiglia.
Secondo il CNDDU, il sistema scolastico beneficia della mobilità dei docenti per compensare gli squilibri territoriali nella distribuzione del personale, ma il peso economico di questa mobilità resta in larga parte sulle spalle del lavoratore.
Da qui la proposta: distinguere lo stipendio nazionale, che deve restare uguale per tutti, dai costi necessari per rendere possibile la prestazione lavorativa lontano da casa.
La proposta del coefficiente progressivo
Il CNDDU propone di sottoporre a uno studio tecnico l’introduzione di un coefficiente di compensazione della mobilità professionale.
Il coefficiente dovrebbe essere calcolato attraverso parametri oggettivi e verificabili: distanza dalla residenza, tempi di percorrenza, costo dell’abitazione nella sede di servizio, accessibilità dei collegamenti, incidenza delle spese documentabili sul reddito e durata continuativa del servizio di ruolo prestato fuori sede.
L’aspetto più innovativo sarebbe proprio la durata. Secondo il Coordinamento, una permanenza limitata lontano da casa non produce gli stessi effetti economici di una condizione che si protrae per cinque, dieci o quindici anni.
Con il passare del tempo, infatti, si accumulano i costi abitativi e di trasporto, si riduce la capacità di risparmio e aumenta l’esposizione del reddito familiare all’inflazione.
Una indennità senza modificare lo stipendio
Il coefficiente potrebbe tradursi in una indennità compensativa progressiva, articolata per fasce di permanenza, entro un limite massimo già definito e senza modificare lo stipendio tabellare.
Il CNDDU immagina una misura selettiva e programmabile, con soglie di accesso, massimali, requisiti oggettivi e verifiche periodiche.
L’indennità cesserebbe al momento del rientro del docente nel territorio di residenza o quando venissero meno i presupposti che ne giustificano il riconoscimento.
In questo modo, la proposta non punta ad aumentare indistintamente la spesa pubblica, ma a rendere misurabile un costo già esistente e oggi sostenuto quasi esclusivamente dal personale scolastico fuori sede.
Non solo soldi: anche priorità per il rientro
La compensazione economica, secondo il CNDDU, non dovrebbe però diventare uno strumento per rendere permanente la lontananza.
Alla progressività dell’indennità dovrebbe corrispondere una progressività della tutela nelle procedure di mobilità.
Il Coordinamento propone quindi che l’anzianità continuativa di servizio di ruolo fuori sede acquisisca una specifica rilevanza nelle procedure di riavvicinamento al territorio di residenza. Non si tratterebbe di un diritto automatico a una determinata scuola, ma di una priorità crescente e regolata, compatibile con i posti disponibili, gli organici, le precedenze vigenti e le altre posizioni tutelate.
In sostanza, più anni un docente resta lontano da casa, più dovrebbero crescere sia la compensazione economica sia il peso riconosciuto alla richiesta di rientro.
Mobilità da programmare meglio
La proposta avrebbe anche un effetto organizzativo.
Secondo il CNDDU, se la permanenza prolungata fuori sede producesse un costo compensativo crescente, l’amministrazione avrebbe un incentivo a programmare meglio i flussi di personale e i rientri.
La mobilità scolastica potrebbe così passare da una gestione quasi esclusivamente annuale a una programmazione pluriennale, fondata sui pensionamenti attesi, sui fabbisogni territoriali, sull’andamento demografico, sulle classi di concorso e sulle disponibilità prevedibili.
Il principio richiamato dal Coordinamento è quello della reciprocità istituzionale: se al docente viene richiesta disponibilità territoriale per garantire il funzionamento del servizio scolastico nazionale, il sistema deve assumersi una responsabilità sulla sostenibilità economica di quella mobilità e sulla possibilità concreta di rientro dopo un periodo significativo.
La richiesta di una rilevazione nazionale
Il CNDDU chiede inoltre una rilevazione nazionale specifica sui docenti di ruolo fuori sede.
Secondo il Coordinamento, servono dati su consistenza del personale coinvolto, durata media della permanenza lontano dalla residenza, incidenza delle spese di affitto e trasporto sul reddito disponibile, domande reiterate di trasferimento non soddisfatte ed effetti sulla capacità di consumo e risparmio.
Queste informazioni sarebbero necessarie per stimare la platea dei potenziali beneficiari, calibrare il coefficiente e valutarne la sostenibilità finanziaria.
Il Coordinamento sottolinea anche la necessità di evitare rappresentazioni stereotipate sulle vacanze estive dei docenti fuori sede. Per molti, il rientro estivo nella propria abitazione non rappresenta necessariamente una vacanza, ma una temporanea riduzione dei costi sostenuti durante l’anno scolastico.
L’obiettivo: governare la distanza
Il punto centrale della proposta non è finanziare per sempre la lontananza, ma governarla.
Il CNDDU afferma che, dopo molti anni di servizio fuori sede, il rientro verso il territorio di residenza dovrebbe smettere di dipendere soltanto dalla contingenza annuale e diventare una variabile della programmazione del personale scolastico.
“Attribuire un valore economico alla distanza” significa, per il Coordinamento, riconoscere che il tempo professionale trascorso lontano da casa non è neutro.
Compensarlo progressivamente e, allo stesso tempo, rendere più concreta la possibilità di rientro potrebbe rappresentare un nuovo equilibrio tra sostenibilità della finanza pubblica, esigenze organizzative della scuola e aspettative dei docenti che per anni hanno garantito il funzionamento del sistema lontano dal proprio territorio.
Leggi gli approfondimenti su Marsala Live"
20260812120000,Style Corriere,https://style.corriere.it/spettacoli/tv/attenzione-cambio-di-programmazione-alberto-angela-torna-stasera-con-una-nuovo-puntata-di-noos/,,,,,,srclc:ita,"COME SI ""EDUCA"" il nostro cervello? Come si forma il cervello da 0 a 3 anni d'età? Perché ciò che accade in questa primissima fascia d'età può segnare per sempre la nostra vita?
Attenzione! Cambio di programmazione: Alberto Angela torna stasera con una nuovo puntata di Noos
Su Rai 1 in prima serata, appuntamento anticipato con l'avventura della conoscenza. Lo sviluppo del cervello nei primi anni di vita e tanto altro: ecco temi, ospiti e scaletta di Noos
Perché Noos di Alberto Angela va in onda stasera, mercoledì 12 agosto
E ancora... Qual è il primo ricordo? Fin dove si riesce a tornare indietro nel tempo? Domande a cui stasera darà una risposta la nuova puntata di Noos L'avventura delle conoscenza di Alberto Angela. La serie di Rai Cultura è anticipata a oggi, mercoledì 12 agosto: domenica 16 agosto sarà infatti la giornata ""dedicata"" a Pippo Baudo, a un anno dalla scomparsa. Quindi, il programma di divulgazione scientifica va in onda oggi, alle 21,25 su Rai 1 e in contemporanea streaming su RaiPlay.
I primi tre anni di vita
Tornando al tema iniziale di stasera, il pedagogista Daniele Novara, fondatore del Centro psicopedagogico per l’educazione e la gestione dei conflitti a Piacenza, spiegherà le tappe attraverso le quali un bambino inizia a sviluppare sicurezza e capacità relazionali. E perché i primi tre anni di vita sono cruciali per costruire la stabilità emotiva di base. Il professor Alberto Oliveiro, medico e psicobiologo esperto di neuroscienze, descriverà alcune delle più recenti scoperte della neuroscienza sui processi di crescita e sviluppo del cervello dei bambini nei primi anni di vita.
La crisi demografica, stasera a Noos L'avventura della conoscenza
Da questa ""angolazione"" neurologico-emotiva, passeremo poi a una visione più sociologica. Perché confrontando una fotografia di un matrimonio degli anni '60 e una di oggi, davvero avremmo davanti il cambiamento demografico degli ultimi 60 anni. Non solo in Italia. Si è passati da molti bambini e pochi anziani a pochissimi bambini e molti anziani. Per mantenere stabile la popolazione, secondo calcoli recenti, le donne dovrebbero avere in media 2,1 figli a testa. Nelle scuole materne ed elementari dei comuni piccoli, questa crisi demografica è già visibile. Lo vedremo chiaramente in un servizio sul comune di Premilcuore: 669 abitanti, nella provincia di Forlì-Cesena in Emilia-Romagna.
Serial killer, deepfake ed elefanti
Di serial killer parlerà Carlo Lucarelli. Al centro del suo racconto, Ted Bundy, l'omicida seriale americano di studentesse. Massimo Polidoro metterà in guardia dai pericoli dei deepfake usati per sfruttare l’immagine di inconsapevoli celebrità per scopi commerciali.
Con l’astrofisica Edwige Pezzulli faremo un viaggio nello spazio, alla scoperta dei ""mondi ghiacciati"". L’etologa Elisabetta Palagi svelerà il lutto degli elefanti, uno dei comportamenti animali più affascinanti in assoluto. Perché questi animali hanno davvero consapevolezza della morte e del distacco.
Alimentazione ed IA
Per parlare di sana alimentazione, la nutrizionista Elisabetta Bernardi condividerà le regole base per evitare le contaminazioni nel cibo. Ruggero Rollini racconterà che fine fanno i rifiuti organici che produciamo e le diverse forme di riciclo. Il professor Luciano Floridi proseguirà nella sua analisi dell’utilizzo dell’IA: quali sono gli aspetti positivi e quali i rischi legati a questa nuova risorsa digitale?
Geopolitica e neutrini
Alberto Angela affronterà la nuova geopolitica mondiale con l'esperto Dario Fabbri. Mentre con Giuliana Galati andremo al Cern di Ginevra per parlare di neutrini. Sono le particelle più abbondanti dell'universo, dopo i fotoni, ma le più difficili da studiare. Tanto che la prima prova della loro esistenza è arrivata solo 70 anni fa. Una scoperta che rivoluzionò letteralmente la fisica moderna, ma che non ha ancora risposto a tutte le domande: che cosa sono esattamente? Qual è il loro ruolo nell'universo?"
20260812104216,Il Fatto Quotidiano,https://www.ilfattoquotidiano.it/2026/08/12/futuro-nazionale-vannacci-patriarcato-notizie/8477098/,,,,,,srclc:ita,"Nel programma di Vannacci spazio al patriarcato: più che Futuro Nazionale, mi sembra un ritorno al passato
di Nicolantonio Agostini
Il programma di Futuro Nazionale promette di riportare ordine in una società considerata decadente. Il partito di Roberto Vannacci propone un “mutuo tricolore”, con interessi decrescenti al crescere del numero dei figli, perché gli italiani tornino a “procreare ed educare altri italiani”. Difende la famiglia tradizionale, combatte aborto, “ideologia gender” e linguaggio inclusivo, invoca la remigrazione e un tetto alla presenza straniera.
Il responsabile del programma, Lorenzo Gasperini, ha persino rivalutato il patriarcato come principio capace di attribuire “un fine” e “un ordine” alla forza maschile.
Presentato come futuro, questo progetto ricorda piuttosto una svolta avvenuta circa diecimila anni fa: la rivoluzione agricola. Per gran parte della preistoria Homo sapiens visse in piccoli gruppi di cacciatori-raccoglitori relativamente egualitari. Non erano paradisi pacifici, ma la mobilità e la difficoltà di accumulare ricchezze impedivano a pochi individui di controllare stabilmente le risorse. Il prepotente poteva essere deriso, isolato o, in casi estremi, eliminato. L’antropologo Christopher Boehm ha parlato di “gerarchie inverse”: era il gruppo a coalizzarsi per tenere sotto controllo l’aspirante dominatore.
Con l’agricoltura cambiarono le regole. La terra divenne proprietà, le eccedenze furono accumulate e trasmesse agli eredi, le comunità si organizzarono in clan patrilineari. Comparvero aristocrazie guerriere, eserciti e dinastie. Alcuni uomini concentrarono ricchezza e potere, ebbero più mogli e lasciarono molti discendenti; altri furono esclusi dalla riproduzione.
Di questa trasformazione rimane una traccia nel nostro DNA. Tra circa 7.000 e 5.000 anni fa, la diversità del cromosoma Y, trasmesso di padre in figlio, subì un drastico collo di bottiglia, mentre le linee materne non mostrarono una contrazione paragonabile. Non significa che gli uomini fossero improvvisamente diventati pochissimi, ma che si ridusse fortemente il numero di linee maschili trasmesse alle generazioni successive. Nel momento di massima disparità, il rapporto tra la dimensione della popolazione riproduttiva maschile e quella femminile potrebbe essere sceso fino a uno a 17.
Le cause sono ancora discusse, ma il fenomeno coincide con la diffusione di clan patrilineari, guerre, poliginia e accumulo ereditario. Quando un gruppo prevaleva, le linee maschili degli sconfitti potevano scomparire, mentre le donne venivano incorporate nel gruppo vincitore. Il cromosoma Y conserva così la memoria di società dominate da pochi capi, guerrieri e proprietari.
Il programma di Futuro Nazionale sembra voler trasformare proprio quell’ordine storico in ordine naturale. All’uomo vengono assegnate forza, autorità e protezione; alla donna maternità e riproduzione nazionale. Anche il rifiuto di riconoscere la specificità del femminicidio, definito da Vannacci “un omicidio come tutti gli altri”, cancella il contesto nel quale la violenza può nascere dal possesso e dal controllo sulla donna.
Ma il patriarcato non è inscritto inevitabilmente nei nostri geni. La storia precedente all’agricoltura mostra una lunga eredità di cooperazione e contenimento dei dominanti. E “maschio alfa” non descrive una legge universale della natura: spesso serve soltanto a rivestire di biologia una gerarchia politica.
Il problema demografico italiano non si risolve riportando le donne sotto tutela, ma garantendo lavoro stabile, servizi, asili nido e condivisione delle cure. La libertà di avere figli non coincide con il dovere di “procreare altri italiani”.
Il cromosoma Y ci consegna dunque un ammonimento: quando ricchezza, forza e potere si concentrano nelle mani di pochi uomini, le conseguenze possono essere tanto profonde da lasciare una cicatrice nel genoma. Chiamare tutto questo “Futuro Nazionale” non lo rende meno antico."
20260812083904,Unione,https://www.unionesarda.it/news-sardegna/provincia-cagliari/trexenta-lo-spopolamento-non-si-ferma-crescono-solo-senorbi-e-barrali-lxlquvnh,,,,,,srclc:ita,"Trexenta, lo spopolamento non si ferma: crescono solo Senorbì e Barrali
I dati presentati alla “Festa dell'emigrato” di Gesico evidenziano la crisi del territorio
Per restare aggiornato entra nel nostro canale Whatsapp
C’è un dato che, più di ogni altro, fotografa la Trexenta del 2026: mentre la Sardegna intera perde abitanti, 103 mila 648 in dieci anni, come se fossero scomparse Olbia e Alghero messe insieme, nel piccolo mondo dei tredici comuni a nord di Cagliari sono solo Senorbì e Barrali continuano a crescere. Senorbì cresce del 6,2 per cento dal 2006 e oggi conta 4.810 abitanti, quasi un quarto (23,3 per cento) dell’intera Trexenta, perché ne è di fatto il centro: scuole, servizi, uffici, tutto ciò che serve ai comuni vicini si concentra qui. Barrali invece cresce piano, appena il 2 per cento, ma cresce: è un paese piccolo, mille e 87 abitanti, che si trova in una posizione di cerniera, a metà strada tra la gravitazione di Senorbì e quella di Dolianova, il grande centro del vicino Parteolla, due poli che, forse, gli permettono di reggere dove altri cedono.
I numeri sono stati presentati durante il convegno tenuto ieri a Gesico, nell’ambito della 28ª Festa dell’Emigrato. Dopo i saluti del sindaco Terenzio Schirru e del presidente della Pro loco Carlo Carta, sono intervenuti Mauro Carta, presidente regionale delle Acli, Sara Cancedda, presidente nazionale Sardi Emigrati Uniti, la sindaca di Guasila e consigliera regionale Paola Casula, i sindaci Damiano Aresu (Pimentel) e Stefano Soro (San Nicolò Gerrei), Pierpaolo Cicalò dell’Istituto Fernando Santi, Moreno Pisano della Filef e Rodolfo Cancedda, presidente Asel Sardegna. La ricerca è stata illustrata nel comune che, dati alla mano, paga il prezzo più alto dello spopolamento dell’intero territorio. Un paradosso che gli organizzatori non hanno mancato di sottolineare, proprio nei giorni in cui il paese celebra chi, da qui, se n’è andato. «Questi dati raccontano un territorio che nel complesso fatica: perde popolazione, invecchia, resta indietro su reddito e istruzione rispetto al resto della Sardegna, ha detto il presidente regionale delle Acli, Mauro Carta, «è una fragilità diffusa, che riguarda quasi tutti i tredici comuni, e su cui dobbiamo interrogarci insieme, come territorio, prima che diventi irreversibile».
Senorbì non primeggia solo in demografia. È il comune con la densità abitativa più alta (140 abitanti per km², quasi il triplo della media della Trexenta), il reddito medio più elevato (19.087 euro contro i 17.710 del territorio) e il tasso di occupazione migliore, 64,7 per cento, superiore persino alla media regionale. Insieme a Ortacesus, è anche l’unico comune a mantenere un livello di fragilità “media” secondo l’indice composito ISTAT che misura rischi ambientali, tenuta demografica ed economica: un 5 su una scala dove il 10 indica la fragilità massima. Ma è sufficiente allontanarsi di pochi chilometri per trovare un’altra Trexenta. A Gesico, che pure ospita la festa, la popolazione è crollata del 25,9% dal 2006 — il calo peggiore dell’intero territorio, peggiore anche della media sarda. Qui vive un anziano ogni 0,25 giovani, o se si preferisce: quattro persone sopra i 65 anni per ogni ragazzo under 14, contro le 1,4 di appena vent’anni fa. È l’indice di vecchiaia più alto della Trexenta, e anche quello cresciuto più velocemente. Gesico è ultimo anche per reddito medio (14.734 euro, quasi 5.000 in meno di Senorbì) e per tasso di occupazione (52 contro il 62 per cento della media regionale). San Basilio (meno 21,1 per cento) e Mandas (meno 19,4) completano il podio dello spopolamento. Mandas, in particolare, guida un’altra classifica poco invidiabile: l’indice di dipendenza strutturale più alto, 71 persone non attive ogni 100 in età lavorativa.
Il dato di sistema è forse il più preoccupante: in quasi tutti i comuni della Trexenta l’età media supera già oggi quella regionale. Il saldo naturale, nati meno morti, è negativo di 150 unità l’anno, e nemmeno i flussi migratori (comunque positivi, più 9 dall’estero) riescono a compensare la perdita. È lo stesso schema che si osserva a livello regionale, dove il saldo demografico complessivo segna meno 7.891 abitanti in un solo anno. Anche sull’istruzione la Trexenta resta indietro: solo il 36,1 per cento dei residenti ha un titolo di studio elevato, contro il 46,8 per cento della media sarda. L’unica controtendenza riguarda i giovani: il tasso di occupazione 15-24 anni nella Trexenta (21,7 per cento) supera quello regionale (18,2), un segnale che qualcosa, tra i più giovani, ancora tiene. Secondo l’indice composito di fragilità comunale, costruito su 12 indicatori tra rischi ambientali, debolezze sociali ed economiche, sei comuni su tredici della Trexenta si collocano al livello massimo di fragilità: Gesico, Mandas, Guamaggiore, Siurgus Donigala, Barrali e Sant’Andrea Frius. Un dato che, presentato proprio nei giorni della Festa dell’Emigrato, restituisce il senso di un territorio che continua a interrogarsi sul proprio futuro mentre celebra chi lo ha lasciato in cerca di uno migliore altrove."
20260812075351,La Gazzetta Del Mezzogiorno,https://www.lagazzettadelmezzogiorno.it/news/home/2089389/dalla-puglia-il-modello-per-contrastare-la-denatalita-ecco-il-manifesto-per-leuropa.html,,,,,,srclc:ita,"Un messaggio chiaro e trasversale, a una manciata di mesi dalle prossime elezioni: la denatalità non può essere ridotta a terreno di scontro ideologico né affrontata con interventi episodici. Muove da questa premessa il Manifesto Fertilità 2030 dell’Associazione Italiana Fertilità (AIFe), presentato alla Camera dei deputati per consegnare alla politica una piattaforma su prevenzione, accesso alle cure e sostegno alla genitorialità. La base di partenza sono i numeri. Nel 2024 in Italia sono nati 369.944 bambini, quasi diecimila in meno rispetto all’anno precedente, mentre il numero medio di figli per donna è sceso a 1,18. Parallelamente cresce il peso della medicina della riproduzione: secondo l’ultima relazione del ministero della Salute, riferita al 2023, sono stati 17.235 i bambini nati vivi grazie alla procreazione medicalmente assistita. È dentro questa forbice che AIFe chiede un cambio di prospettiva: non intervenire soltanto quando l’infertilità è conclamata, ma considerare la salute riproduttiva una questione di sanità pubblica.
Il documento si articola su tre direttrici. La prima è la prevenzione: aumentare la consapevolezza tra adolescenti e giovani adulti, perché il tempo biologico spesso non coincide con quello degli studi, del lavoro e della stabilità economica. Significa informare sull’impatto di patologie come endometriosi e varicocele, ma anche favorire diagnosi precoci, screening e percorsi di preservazione della fertilità. «Nessuno vuole dire alle donne quando debbano avere figli – precisa Dario Ginefra, segretario generale AIFe - L’obiettivo è metterle nelle condizioni di scegliere davvero e con maggiore consapevolezza».
In questo quadro rientra anche il social freezing, un tassello considerato centrale: preservare i gameti può consentire a una donna di non vivere la carriera e la maternità come due percorsi necessariamente alternativi, decidendo liberamente, nei limiti biologici e clinici, se e quando cercare una gravidanza. Una pratica sulla quale la Puglia ha già cominciato a muoversi e che AIFe indica come un ottimo modello. «La Regione Puglia è stata pioniera in questo senso – sottolinea Ginefra –. Nelle scorse ore è arrivata una buona notizia: l’amministrazione regionale ha riconfermato anche per il 2026 e il 2027 il sostegno al social freezing».
Il secondo capitolo riguarda l’accesso ai trattamenti. Per l’associazione, la PMA deve essere garantita in maniera uniforme: «Le tecniche di procreazione medicalmente assistita sono entrate nei Lea, ma all’inserimento formale deve corrispondere una reale possibilità di fruizione, con una rete pubblica adeguata e risorse strutturali». Sullo sfondo resta anche il nodo dei diritti, con la richiesta di estendere la procreazione assistita alle donne single e alle coppie omoaffettive, superando un sistema che oggi costringe chi non rientra nei requisiti previsti in Italia a rivolgersi oltreconfine, con una evidente disparità legata alle possibilità economiche.
Ma la medicina, da sola, non basta se le condizioni sociali continuano a rinviare maternità e paternità. Da qui il terzo asse. «Serve uno Stato amico della genitorialità non soltanto per dodici mesi, ma lungo tutto il percorso. Servono asili, servizi, congedi realmente paritari tra uomini e donne e un lavoro compatibile con la vita familiare. Bisogna arrivare a una legge quadro sulla natalità».
La fotografia demografica, secondo AIFe, rende urgente il cambio di passo. Per questo l’associazione chiede che anche l’Europa consideri le politiche contro la denatalità come investimenti strategici e consenta di sottrarle, almeno in parte, ai vincoli del Patto di stabilità, così come avvenuto per altre emergenze. «Siamo alla vigilia di una nuova stagione politica e mettiamo a disposizione di tutti la nostra esperienza – conclude Ginefra –. Alla Camera abbiamo raccolto disponibilità da esponenti di schieramenti diversi. Questo deve diventare l’argomento prioritario. Abbiamo tracciato una strada: ora spetta alla politica trasformarla in leggi, risorse e riforme strutturali»."
