date_str,source,url,themes,locations,persons,organizations,tone,translation_info,full_text
20260701184919,La Gazzetta Del Mezzogiorno,https://www.lagazzettadelmezzogiorno.it/news/ultima-ora/2037282/welfare-aziendale-il-76-delle-pmi-ha-superato-il-livello-medio.html,,,,,,srclc:ita,"Mercoledì 01 Luglio 2026, 20:24
ROMA (ITALPRESS) – Oggi il welfare aziendale ha raggiunto la fase della maturità: le PMI sono consapevoli del proprio ruolo sociale e pronte a generare impatto. Il 76,5% delle aziende italiane di piccole e medie dimensioni ha superato il livello medio di welfare aziendale. Triplicato, inoltre, il numero di PMI con livello molto alto e alto, passando dal 10,3% del 2016 al 33,9% del 2026. Infine, si riduce progressivamente il peso delle aziende che limitano il welfare al solo adempimento contrattuale, con solo il 18,2% delle PMI. E’ quanto emerso in occasione della pubblicazione del Rapporto Welfare Index PMI 2026 di Generali. L’analisi mette insieme i dati che rappresentano il comportamento di welfare delle aziende: l’estensione delle iniziative adottate, l’entità della spesa, le fonti istitutive (contratti collettivi, integrativi, iniziativa autonoma aziendale), le modalità di gestione e di coinvolgimento dei lavoratori, gli obiettivi sociali dichiarati. L’esito di questo esame è il raggruppamento delle aziende in quattro profili, qui di seguito descritti: Welfare strategico: appartengono a questo gruppo il 19% delle imprese caratterizzate da un welfare evoluto, ai più alti livelli di iniziativa e capacità gestionale, e che considerano centrali gli obiettivi di soddisfazione dei lavoratori e di reputazione (vs. 8,5% rispetto al 2016); – Welfare premiante: comprende il 31,1% delle imprese, che gestisce il welfare aziendale come componente del sistema retributivo e premiante, e lo considerano di grande importanza per il conseguimento dei risultati aziendali (vs. 23,9% del 2016); Welfare in evoluzione: è il profilo più numeroso, costituito dal 31,7% delle imprese, in maggioranza al livello medio di sviluppo del welfare aziendale, che non ha un orientamento ancora definito, a metà strada tra un approccio teso a valorizzare il ruolo sociale dell’azienda ed uno più focalizzato sulle politiche retributive e le relazioni industriali (vs 24,9% del 2016); Welfare di conformità: il 18,2% del totale, che muove i primi passi nel welfare aziendale, perlopiù attuando le disposizioni dei contratti collettivi (vs. 42,7% del 2016). Nel corso dei dieci anni di Welfare Index PMI è possibile distinguere tre fasi di welfare aziendale. Una prima fase espansiva (2016-2019), caratterizzata da una rapida diffusione delle iniziative e da un progressivo ampliamento delle prestazioni offerte dalle imprese. Una seconda fase di consapevolezza (2020-2024), segnata dal contesto Covid-19, in cui il welfare ha assunto un ruolo più strategico e sociale, rafforzando il supporto a lavoratori e famiglie e contribuendo alla resilienza del sistema produttivo. Oggi si è aperta una terza fase di maturità, in cui la crescita quantitativa rallenta ma evolve la qualità: il welfare si integra sempre più nelle strategie d’impresa, migliora nelle capacità gestionali e aumenta il proprio impatto ed efficacia nel creare valore a beneficio delle imprese stesse, delle famiglie e del sistema Paese. Maria Elisabetta Alberti Casellati, Ministro per le Riforme Istituzionali e la Semplificazione Normativa ha dichiarato: “Il Rapporto Welfare Index PMI 2026 dice che le aziende con un welfare più evoluto registrano tassi di crescita superiori a quelli delle imprese che investono meno nel benessere dei propri lavoratori. Le imprese più forti, dunque, sono quelle che mettono al centro la persona. Oggi i giovani, ad esempio, non scelgono un’impresa soltanto in base alla retribuzione. Guardano alla qualità del lavoro, alle opportunità di crescita, all’equilibrio tra vita e lavoro, ai servizi e ai benefit offerti. In sintesi: guardano al progetto di vita legato a un posto di lavoro. Per attrarre e trattenere i talenti non bastano più gli stipendi. Servono imprese che investano sulla persona prima ancora che sul lavoratore. Imprese capaci di guardare ai bisogni e alle aspirazioni dei propri dipendenti, non soltanto alla loro produttività. Il welfare, dunque, fa bene ai lavoratori, ma fa bene anche alle imprese. Quando una piccola impresa investe nel welfare, non migliora soltanto la qualità della vita dei propri dipendenti. Rafforza il tessuto sociale della comunità in cui opera. E quando l’impatto sociale di un’azienda supera i confini dello stabilimento, sostenendo le comunità locali, promuovendo formazione e salute, valorizzando il capitale umano e i giovani talenti, quell’impresa contribuisce a un obiettivo ancora più grande: creare occupazione, aiutare la coesione sociale e rendere attrattivi anche i territori più periferici, contrastandone lo spopolamentò. Giancarlo Fancel Country Manager & CEO Generali Italia, ha dichiarato: “Il Rapporto Welfare Index PMI 2026 conferma come il welfare aziendale sia oggi parte integrante delle strategie d’impresa e una leva concreta di crescita, capace di generare valore per i dipendenti, le loro famiglie e i territori. In questi dieci anni abbiamo accompagnato un percorso che ha rafforzato la consapevolezza del ruolo sociale delle PMI, sempre più protagoniste della coesione e dello sviluppo economico. Come Gruppo Generali sosteniamo la crescita del tessuto produttivo italiano con iniziative concrete, interpretando il nostro ruolo di Partner del Paese”. Quest’anno hanno partecipato a Welfare Index PMI oltre 7.000 imprese – più che triplicate rispetto alla prima edizione – di tutti i settori produttivi, di tutte le dimensioni e provenienti da tutta Italia. L’iniziativa è promossa da Generali Italia con il patrocinio della Presidenza del Consiglio dei Ministri, del Ministero del Lavoro e delle Politiche Sociali, del Ministero delle Imprese e del Made in Italy e con la partecipazione delle principali Confederazioni italiane: Confindustria, Confagricoltura, Confartigianato, Confprofessioni e Confcommercio. I risultati di Welfare Index PMI sono stati illustrati a Roma alla presenza di: Adolfo Urso, Ministro delle Imprese e del Made in Italy; Maria Elisabetta Alberti Casellati, Ministro per le riforme istituzionali e la Semplificazione Normativa; Monica Lucarelli, Assessora alle Attività Produttive e alle Pari Opportunità di Roma Capitale; Giancarlo Fancel, Country Manager & Ceo Generali Italia; Massimo Monacelli, General Manager di Generali Italia; Fausto Bianchi, Presidente Piccola Industria e Vicepresidente, Confindustria; Riccardo Giovani, Direttore Politiche Sindacali e del Lavoro, Confartigianato; Luca Brondelli di Brondello, Vice-Presidente di Confagricoltura; Marco Natali, Presidente di Confprofessioni; Eugenio Miccone, Presidente giovani imprenditori Confcommercio Roma; Barbara Lucini, Responsabile Country Sustainability & Social Responsibility di Generali Italia; Enea Dallaglio, MBS Consulting – A Cerved Company. L’impatto sociale è oggi uno degli indicatori chiave della maturità del welfare aziendale: non conta più solo la diffusione delle iniziative, ma la loro capacità di rispondere in modo concreto ai bisogni delle persone e delle comunità. Nel 2026 emerge una forte crescita di consapevolezza: l’87,6% delle imprese riconosce la centralità di salute e sicurezza e il 75,9% ritiene necessario rafforzare il proprio ruolo sociale, mentre il 66,4% si sente chiamato a contribuire allo sviluppo sostenibile di filiera e territorio. Ma il vero elemento distintivo è nell’efficacia: le imprese che integrano il welfare nelle proprie strategie arrivano a livelli elevati di impatto sociale fino al 90% dei casi, grazie a modelli più strutturati, maggiore coinvolgimento dei lavoratori e una migliore capacità di intercettare i bisogni reali. E’ questa evoluzione – da insieme di misure a leva strategica – che consente al welfare di generare valore condiviso e risultati tangibili nel tempo. Il welfare aziendale si conferma sempre più una leva concreta di competitività e sviluppo per le imprese, superando la dimensione di costo per affermarsi come investimento strategico. I dati evidenziano una correlazione solida tra livelli di welfare e performance economiche: le aziende più evolute registrano una produttività superiore, con un fatturato per addetto che raggiunge i 396 mila euro (+20% rispetto alla media) e una redditività più elevata fino al +40,5%. A questo si affianca una maggiore capacità di crescita e generazione di occupazione: tra il 2021 e il 2024, le imprese con livelli alti di welfare hanno visto aumentare gli addetti fino al 20,4%, il doppio rispetto alle realtà meno strutturate. La solidità economico-finanziaria emerge anche nel posizionamento delle imprese: quelle con welfare più evoluto si collocano più frequentemente nei segmenti a crescita sostenuta e profittevole, mentre si riduce la presenza nei profili più fragili o sotto pressione. Queste realtà si distinguono non solo per i risultati economici, ma anche per la qualità della gestione e il posizionamento competitivo: la quota di imprese a crescita sostenuta e profittevole passa infatti dal 21,3% tra quelle con welfare iniziale al 39% tra quelle con welfare molto alto, confermando l’esistenza di un circolo virtuoso tra benessere delle persone e performance dell’impresa. A questi risultati si aggiunge anche una maggiore capacità di attrazione: nel 2025 il 61,5% delle PMI ha effettuato nuove assunzioni, dato che sale al 78% tra le aziende con welfare molto alto. In un mercato del lavoro sempre più competitivo e selettivo, il welfare si afferma come fattore distintivo di attrattività, in particolare per i giovani: nelle imprese più evolute cresce la presenza di under 30 e la capacità di inserirli stabilmente. Questo è possibile anche grazie a un welfare più efficace e riconosciuto: oltre il 45% delle imprese rileva un elevato utilizzo e apprezzamento dei servizi. Ne deriva anche una maggiore capacità di fidelizzazione, con oltre il 60% delle imprese più strutturate che evidenzia un miglioramento della retention, confermando il welfare come leva decisiva per attrarre e trattenere talenti. In un contesto caratterizzato dall’aumento dei bisogni legati alla salute, all’assistenza, alla conciliazione vita-lavoro, all’educazione e alla previdenza, il welfare aziendale contribuisce a rafforzare le reti territoriali di protezione sociale. Grazie alla loro diffusione sul territorio e alla vicinanza alle famiglie, le PMI rappresentano una vera e propria infrastruttura sociale, capace di integrare l’azione pubblica, favorire la collaborazione tra attori diversi e promuovere nuove forme di welfare di comunità. In un quadro segnato dal calo demografico e dal progressivo invecchiamento della popolazione, il welfare aziendale si configura sempre più come complemento al sistema pubblico, in particolare nei servizi di salute e assistenza. Si consolidano le soluzioni di sanità integrativa (11% adotta una polizza sanitaria) e cresce il ricorso a servizi di assistenza, come i consulti medici a distanza (2,5%); ma il dato più significativo è l’espansione delle iniziative di prevenzione, con check-up (13,4%) e programmi di screening, come i controlli annuali per la prevenzione oncologica (6,9%), che segnalano un cambio di prospettiva sempre più orientato al lungo periodo. Nelle realtà più avanzate il welfare converge verso una visione ESG più ampia: cresce la quota di aziende che si dota di figure dedicate alla sostenibilità e definisce obiettivi sociali e ambientali verificabili. Le PMI più evolute rafforzano le relazioni con il territorio, ricorrendo a fornitori locali (61,7%), sostenendo iniziative sociali (37,3%) e costruendo reti con il terzo settore, che contribuisce all’erogazione di servizi sia alle persone sia alle imprese. Si consolida così un modello di welfare più maturo, che supera i confini aziendali e genera valore diffuso per la comunità. In questo scenario di evoluzione, le politiche di conciliazione vita-lavoro registrano una lieve flessione, fisiologica dopo la forte espansione della fase post-pandemica: la flessibilità oraria scende dal 41,3% al 38,6% e lo smart working dal 21,4% al 17,0%. Il dato non riguarda però le imprese più attente alle esigenze familiari, che continuano a registrare risultati significativamente migliori: livelli più elevati di soddisfazione dei lavoratori (65,0% contro il 32,3%) e maggiore produttività (62,3% contro il 27,9%), a conferma del legame tra qualità del welfare e performance aziendale. Fausto Bianchi, Presidente della Piccola Industria di Confindustria e Vice Presidente di Confindustria ha dichiarato: “Nelle PMI c’è una forte consapevolezza che i figli dei dipendenti rappresentino il futuro del Paese. E’ una sensibilità che nasce naturalmente, perchè nelle piccole imprese, che spesso sono a conduzione familiare, il rapporto tra imprenditore e collaboratori è diretto, quotidiano: si condividono responsabilità, fiducia e i momenti più importanti della vita delle persone. Ora questa sensibilità deve trasformarsi in strategia: le imprese che integrano il welfare nella propria cultura aziendale sono più produttive, attraggono talenti e sono più pronte ad affrontare il cambiamento. Le PMI possono fare la differenza sul tema dell’ascensore sociale, perchè mettono la persona al centro e offrono la possibilità di valorizzare il talento indipendentemente dalla condizione di partenzà. Luca Brondelli di Brondello, vicepresidente di Confagricoltura ha dichiarato: «La sostenibilità è un fattore strategico di competitività che genera valore economico, ambientale e sociale. Tuttavia, richiede investimenti importanti che non possono ricadere solo sulle imprese, proprio perchè vanno a vantaggio dell’intera collettività. Servono, dunque, politiche adeguate a sostegno, per far sì che sempre più aziende, a tutti i livelli, vadano in questa direzione. Oggi, dopo anni di slogan, possiamo dire con orgoglio che si sta affermando una visione più concreta della sostenibilità, fondata sui risultati, come dimostra il Welfare Index PMI. Noi di Confagricoltura aderiamo sempre con impegno, perchè valorizzare le esperienze virtuose è il modo migliore per dimostrare che sostenibilità e crescita possono e devono procedere insieme». Eugenio Miccone, Presidente Giovani Imprenditori Roma Confcommercio ha dichiarato: “Assistenza sanitaria integrativa e attenzione alla cura e al benessere dei lavoratori sono pilastri della nostra visione di welfare aziendale, integrato e sussidiario a quello pubblico e che supporti il lavoratore. Per questo Confcommercio ha costruito un solido sistema di welfare contrattuale che, attraverso fondi sanitari e bilateralità, raggiunge persino le micro imprese – quelle che più faticano nell’implementazione di servizi di welfare-, con un’attenzione crescente alla prevenzione da una parte e alla non autosufficienza e alla cronicità dell’altra, coscienti delle transizioni demografiche in atto”. Marco Natali, presidente di Confprofessioni ha dichiarato: «Negli studi professionali – dichiara Marco Natali, presidente di Confprofessioni – le donne rappresentano oggi la componente prevalente del lavoro dipendente e questo rende ancora più evidente una realtà: la crescita della partecipazione femminile non coincide automaticamente con il raggiungimento della piena parità. Le differenze che ancora emergono nei percorsi di carriera, nelle opportunità di crescita professionale, nei livelli retributivi e nella capacità di conciliare responsabilità lavorative e familiari dimostrano che il tema delle pari opportunità resta una priorità per il mondo del lavoro. Non si tratta soltanto di garantire accesso all’occupazione, ma di creare condizioni che consentano a ogni persona di esprimere pienamente il proprio talento e le proprie competenze. Per questo Confprofessioni considera strategico investire in welfare, formazione, flessibilità organizzativa e valorizzazione del capitale umano. La vera sfida non è aumentare semplicemente la presenza delle donne nei luoghi di lavoro, ma costruire ambienti professionali in cui il merito, le capacità e l’impegno possano tradursi in concrete opportunità di crescita. Quando non saremo più costretti a parlare di pari opportunità, ma semplicemente di opportunità, significherà che avremo raggiunto il nostro obiettivo». -foto ufficio stampa Generali – (ITALPRESS)."
20260701183323,Gds,https://palermo.gds.it/articoli/economia/2026/07/01/palermo-si-svuota-entro-il-2050-perdera-un-quarto-della-popolazione-2fb70694-8686-4cb4-bf6f-07c82a936265/,,,,,,srclc:ita,"La Città Metropolitana di Palermo vive una fase di declino demografico, caratterizzata da bassa natalità, forte invecchiamento e un importante tasso di emigrazione. La provincia di Enna, invece, ha il più basso tasso di fecondità totale e il più alto indice di vecchiaia, con una forte diminuzione della popolazione e un saldo migratorio negativo. La popolazione residente si ridurrà del 25,5% entro il 2050.
La Camera di Commercio di Palermo ed Enna, attraverso le recenti elaborazioni del Centro Studi Guglielmo Tagliacarne, accendono i riflettori sulle dinamiche demografiche che stanno ridisegnando il volto dei nostri territori. L'analisi Il barometro dell'economia territoriale - pubblicata ieri - offre un quadro complesso e di grandi sfide sia per Palermo e la sua Città metropolitana che per la provincia di Enna, evidenziando la necessità di una visione strategica lungimirante.
«I dati che abbiamo non sono semplici statistiche, ma indicatori fondamentali per comprendere le traiettorie di sviluppo e le fragilità strutturali del nostro tessuto economico e sociale - dice Alessandro Albanese, presidente della Camera di Commercio Palermo Enna -. Siamo di fronte a una transizione demografica che richiede, da parte di tutte le istituzioni, un impegno straordinario per invertire le tendenze negative e valorizzare le potenzialità ancora inespresse. Questi trend pongono sfide importanti per il futuro del territorio ed evidenziano sfide demografiche e sociali significative – aggiunge Albanese – servono politiche per incentivare la natalità e contrastare l'invecchiamento, strategie per trattenere i giovani e ridurre l'emigrazione e diventa sempre più urgente pianificare servizi e infrastrutture adeguate a una popolazione sempre più anziana. La demografia – conclude - è il battito cardiaco dell’economia e dobbiamo assicurarci che questo battito rimanga vitale per le generazioni future».
Il report sottolinea disparità significative nel confronto territoriale. Mentre la Città Metropolitana di Palermo presenta un Tasso di Fecondità Totale (TFT) di 1,27, la provincia di Enna si attesta a 1,12. I dati evidenziano, inoltre, una sfida strutturale sulla tenuta demografica: la variazione della popolazione residente tra il 2002 e il 2026 mostra un calo, con prospettive di contrazione ulteriore per il periodo 2026-2050, segnate rispettivamente da -14,4% per Enna e -3,3% per Palermo. Particolarmente critico appare il tema dell’invecchiamento: l’indice di vecchiaia, già elevato al 1° gennaio 2026, è previsto in forte crescita entro il 2050, con proiezioni che raggiungono il 384,6% per Enna e il 306,2% per Palermo.
«La lettura di questi indicatori deve spingerci ad agire con tempestività – sottolinea Guido Barcellona, segretario generale della Camera di Commercio Palermo Enna - Il tasso di migrazione verso l'estero, con valori che pesano sulla capacità attrattiva dei nostri territori, ci segnala l’urgenza di creare opportunità concrete per i giovani, affinché non siano costretti a cercare altrove il proprio futuro. La Camera di Commercio continuerà a fornire il supporto analitico necessario affinché le politiche di sviluppo locale poggino su basi dati solide e aggiornate, con l’obiettivo prioritario di favorire la coesione e contrastare lo spopolamento»."
20260701174500,La Sicilia,https://www.lasicilia.it/news/cronaca/3053906/giunta-rimpasto-e-deleghe-delia-nominata-vicesindaca.html,,,,,,srclc:ita,"San Pietro Clarenza
Giunta: rimpasto e deleghe, Delia nominata vicesindaca
San Pietro Clarenza, nuova Giunta Santonocito: rimpasto delle deleghe per coniugare continuità amministrativa e rilancio dei servizi
Sono stati nominati gli assessori della nuova Giunta comunale, guidata dal sindaco Enzo Santonocito. Desirèe Daniela Delia è il vicesindaco, con delega alla Pubblica istruzione, Turismo e Spettacolo, Politiche giovanili e Parì opportunità. Marco Priviterà è l’assessore ai Servizi cimiteriali, Verde pubblico, Manutenzione e Viabilità. Andrea Cavarra, assessore ai Servizi sociali, Ecologia, Cultura e Protezione Civile. Affidato l’assessorato ai Tributi, Bilancio, Commercio, Affari Legali a Maria Elena Sapienza. A Luciano Tomasello è stato affidato il ruolo di assessore ai Lavori pubblici (una conferma) e Urbanistica.
La composizione della nuova giunta clarentina, pertanto, delinea, rispetto al passato, una ridistribuzione delle deleghe assessoriali. Una prerogativa che segna questa nuova fase amministrativa di San Pietro Clarenza, un comune in costante sviluppo demografico. Marco Privitera è il volto nuovo della squadra di assessori, sebbene provenga da una passata esperienza in seno alla Giunta, avvenuta nel 2018. Ma, i punti chiave e la direzione strategica della nuova squadra di Giunta, si focalizzano, sostanzialmente, su una continuità amministrativa e nel contempo, su nuovi equilibri. Luciano Tomasello, Andrea Cavarra, Desirèe Daniela Delia e Maria Elena Sapienza continuano a ricoprire un ruolo centrale. Tuttavia, il rimpasto delle deleghe è stato studiato per dare una forte accelerata ad alcuni settori."
20260701150717,Palermotoday,https://www.palermotoday.it/economia/calo-demografico-palermo-soluzioni-camera-commercio.html,,,,,,srclc:ita,"L'analisi “Il barometro dell'economia territoriale”, pubblicata ieri, offre un quadro complesso e di grandi sfide sia per Palermo e la sua Città metropolitana, evidenziando la necessità di una visione strategica lungimirante."
20260701145510,Notizie.it,https://www.notizie.it/messaggi-dodio-a-viareggio-il-caso-dei-volantini-contro-le-cristiane/,,,,,,srclc:ita,"In un sottopasso di Viareggio il 25 giugno 2026 è stato scoperto un inquietante fenomeno: decine di bigliettini bianchi con la scritta “stupro alle cristiane”. Questo episodio ha scatenato un dibattito acceso sulla sicurezza e l’integrazione in Italia.
Un video diffuso su X mostra chiaramente i volantini affissi sui muri di mattoni del passaggio sotterraneo.
Non si tratta di uno scherzo, ma di un messaggio d’odio che riflette tensioni più profonde nella società italiana.
Il contesto delle aggressioni sessuali in Europa
Questo episodio non è isolato. Ricordiamo i casi di Colonia nel 2015, le grooming gangs di Rotherham in Inghilterra, dove migliaia di ragazzine sono state vittime di abusi sistematici, e le aggressioni di massa in Svezia e Francia.
Questi eventi hanno in comune un pattern preoccupante di violenza sessuale contro le donne non musulmane.
Le autorità locali e nazionali sono state criticate per la loro risposta tiepida. I media hanno titolato debolmente “bigliettini inquietanti” mentre le autorità sembrano minimizzare la gravità della situazione. Questo silenzio è stato interpretato da molti come una forma di complicità.
Le implicazioni culturali e sociali
L’episodio di Viareggio solleva questioni importanti sull’integrazione e la sicurezza. L’Islam inteso come ideologia, divide il mondo tra credenti e infedeli. Le donne non musulmane sono spesso viste come prede lecite un concetto che trova radici in testi religiosi e nella storia delle conquiste islamiche.
In Italia, la situazione è aggravata da una demografia in cambiamento. La natalità tra gli italiani autoctoni è in calo, mentre cresce quella delle comunità immigrate. Questo squilibrio demografico, unito a una cultura incompatibile crea un terreno fertile per tensioni sociali.
Le no-go zones aree dove l’autorità dello Stato è debole, stanno diventando sempre più comuni. Le moschee radicali, finanziate con fondi pubblici, e i predicatori che insegnano l’odio verso gli infedeli, contribuiscono a un clima di insicurezza.
Le reazioni e le prospettive future
Le reazioni all’episodio di Viareggio sono state diverse. Alcuni chiedono misure più severe contro l’immigrazione da paesi islamici, mentre altri sottolineano l’importanza dell’integrazione e del dialogo interculturale. Le femministe, che solitamente sono molto attive su questioni di violenza contro le donne, sono state criticate per il loro silenzio su questo specifico episodio.
La situazione richiede un’azione decisa. Chiudere le frontiere, fermare l’immigrazione incontrollata e promuovere l’integrazione sono passi necessari per prevenire ulteriori episodi di violenza. La sicurezza delle donne e la difesa della nostra identità culturale devono essere priorità assolute.
L’Italia si trova a un bivio. Ignorare questi segnali potrebbe portare a conseguenze gravi. È tempo di agire, prima che sia troppo tardi."
20260701145002,Il Tempo,https://www.iltempo.it/italpress/2026/07/01/news/welfare-aziendale-il-76-delle-pmi-ha-superato-il-livello-medio-48392833/,,,,,,srclc:ita,"Welfare aziendale, il 76% delle pmi ha superato il livello medio
ROMA (ITALPRESS) – Oggi il welfare aziendale ha raggiunto la fase della maturità: le PMI sono consapevoli del proprio ruolo sociale e pronte a generare impatto. Il 76,5% delle aziende italiane di piccole e medie dimensioni ha superato il livello medio di welfare aziendale. Triplicato, inoltre, il numero di PMI con livello molto alto e alto, passando dal 10,3% del 2016 al 33,9% del 2026. Infine, si riduce progressivamente il peso delle aziende che limitano il welfare al solo adempimento contrattuale, con solo il 18,2% delle PMI. E’ quanto emerso in occasione della pubblicazione del Rapporto Welfare Index PMI 2026 di Generali.
L’analisi mette insieme i dati che rappresentano il comportamento di welfare delle aziende: l’estensione delle iniziative adottate, l’entità della spesa, le fonti istitutive (contratti collettivi, integrativi, iniziativa autonoma aziendale), le modalità di gestione e di coinvolgimento dei lavoratori, gli obiettivi sociali dichiarati. L’esito di questo esame è il raggruppamento delle aziende in quattro profili, qui di seguito descritti: Welfare strategico: appartengono a questo gruppo il 19% delle imprese caratterizzate da un welfare evoluto, ai più alti livelli di iniziativa e capacità gestionale, e che considerano centrali gli obiettivi di soddisfazione dei lavoratori e di reputazione (vs. 8,5% rispetto al 2016);  – Welfare premiante: comprende il 31,1% delle imprese, che gestisce il welfare aziendale come componente del sistema retributivo e premiante, e lo considerano di grande importanza per il conseguimento dei risultati aziendali (vs. 23,9% del 2016); Welfare in evoluzione: è il profilo più numeroso, costituito dal 31,7% delle imprese, in maggioranza al livello medio di sviluppo del welfare aziendale, che non ha un orientamento ancora definito, a metà strada tra un approccio teso a valorizzare il ruolo sociale dell’azienda ed uno più focalizzato sulle politiche retributive e le relazioni industriali (vs 24,9% del 2016); Welfare di conformità: il 18,2% del totale, che muove i primi passi nel welfare aziendale, perlopiù attuando le disposizioni dei contratti collettivi (vs. 42,7% del 2016).
Nel corso dei dieci anni di Welfare Index PMI è possibile distinguere tre fasi di welfare aziendale. Una prima fase espansiva (2016-2019), caratterizzata da una rapida diffusione delle iniziative e da un progressivo ampliamento delle prestazioni offerte dalle imprese. Una seconda fase di consapevolezza (2020-2024), segnata dal contesto Covid-19, in cui il welfare ha assunto un ruolo più strategico e sociale, rafforzando il supporto a lavoratori e famiglie e contribuendo alla resilienza del sistema produttivo. Oggi si è aperta una terza fase di maturità, in cui la crescita quantitativa rallenta ma evolve la qualità: il welfare si integra sempre più nelle strategie d’impresa, migliora nelle capacità gestionali e aumenta il proprio impatto ed efficacia nel creare valore a beneficio delle imprese stesse, delle famiglie e del sistema Paese.
Maria Elisabetta Alberti Casellati, Ministro per le Riforme Istituzionali e la Semplificazione Normativa ha dichiarato: “Il Rapporto Welfare Index PMI 2026 dice che le aziende con un welfare più evoluto registrano tassi di crescita superiori a quelli delle imprese che investono meno nel benessere dei propri lavoratori. Le imprese più forti, dunque, sono quelle che mettono al centro la persona. Oggi i giovani, ad esempio, non scelgono un’impresa soltanto in base alla retribuzione. Guardano alla qualità del lavoro, alle opportunità di crescita, all’equilibrio tra vita e lavoro, ai servizi e ai benefit offerti. In sintesi: guardano al progetto di vita legato a un posto di lavoro. Per attrarre e trattenere i talenti non bastano più gli stipendi. Servono imprese che investano sulla persona prima ancora che sul lavoratore. Imprese capaci di guardare ai bisogni e alle aspirazioni dei propri dipendenti, non soltanto alla loro produttività. Il welfare, dunque, fa bene ai lavoratori, ma fa bene anche alle imprese. Quando una piccola impresa investe nel welfare, non migliora soltanto la qualità della vita dei propri dipendenti. Rafforza il tessuto sociale della comunità in cui opera. E quando l’impatto sociale di un’azienda supera i confini dello stabilimento, sostenendo le comunità locali, promuovendo formazione e salute, valorizzando il capitale umano e i giovani talenti, quell’impresa contribuisce a un obiettivo ancora più grande: creare occupazione, aiutare la coesione sociale e rendere attrattivi anche i territori più periferici, contrastandone lo spopolamentò. Giancarlo Fancel Country Manager & CEO Generali Italia, ha dichiarato: “Il Rapporto Welfare Index PMI 2026 conferma come il welfare aziendale sia oggi parte integrante delle strategie d’impresa e una leva concreta di crescita, capace di generare valore per i dipendenti, le loro famiglie e i territori. In questi dieci anni abbiamo accompagnato un percorso che ha rafforzato la consapevolezza del ruolo sociale delle PMI, sempre più protagoniste della coesione e dello sviluppo economico. Come Gruppo Generali sosteniamo la crescita del tessuto produttivo italiano con iniziative concrete, interpretando il nostro ruolo di Partner del Paese”.
Quest’anno hanno partecipato a Welfare Index PMI oltre 7.000 imprese – più che triplicate rispetto alla prima edizione – di tutti i settori produttivi, di tutte le dimensioni e provenienti da tutta Italia. L’iniziativa è promossa da Generali Italia con il patrocinio della Presidenza del Consiglio dei Ministri, del Ministero del Lavoro e delle Politiche Sociali, del Ministero delle Imprese e del Made in Italy e con la partecipazione delle principali Confederazioni italiane: Confindustria, Confagricoltura, Confartigianato, Confprofessioni e Confcommercio.
I risultati di Welfare Index PMI sono stati illustrati a Roma alla presenza di: Adolfo Urso, Ministro delle Imprese e del Made in Italy; Maria Elisabetta Alberti Casellati, Ministro per le riforme istituzionali e la Semplificazione Normativa; Monica Lucarelli, Assessora alle Attività Produttive e alle Pari Opportunità di Roma Capitale; Giancarlo Fancel, Country Manager & Ceo Generali Italia; Massimo Monacelli, General Manager di Generali Italia; Fausto Bianchi, Presidente Piccola Industria e Vicepresidente, Confindustria; Riccardo Giovani, Direttore Politiche Sindacali e del Lavoro, Confartigianato; Luca Brondelli di Brondello, Vice-Presidente di Confagricoltura; Marco Natali, Presidente di Confprofessioni; Eugenio Miccone, Presidente giovani imprenditori Confcommercio Roma; Barbara Lucini, Responsabile Country Sustainability & Social Responsibility di Generali Italia; Enea Dallaglio, MBS Consulting – A Cerved Company.
L’impatto sociale è oggi uno degli indicatori chiave della maturità del welfare aziendale: non conta più solo la diffusione delle iniziative, ma la loro capacità di rispondere in modo concreto ai bisogni delle persone e delle comunità. Nel 2026 emerge una forte crescita di consapevolezza: l’87,6% delle imprese riconosce la centralità di salute e sicurezza e il 75,9% ritiene necessario rafforzare il proprio ruolo sociale, mentre il 66,4% si sente chiamato a contribuire allo sviluppo sostenibile di filiera e territorio. Ma il vero elemento distintivo è nell’efficacia: le imprese che integrano il welfare nelle proprie strategie arrivano a livelli elevati di impatto sociale fino al 90% dei casi, grazie a modelli più strutturati, maggiore coinvolgimento dei lavoratori e una migliore capacità di intercettare i bisogni reali. E’ questa evoluzione – da insieme di misure a leva strategica – che consente al welfare di generare valore condiviso e risultati tangibili nel tempo.
Il welfare aziendale si conferma sempre più una leva concreta di competitività e sviluppo per le imprese, superando la dimensione di costo per affermarsi come investimento strategico. I dati evidenziano una correlazione solida tra livelli di welfare e performance economiche: le aziende più evolute registrano una produttività superiore, con un fatturato per addetto che raggiunge i 396 mila euro (+20% rispetto alla media) e una redditività più elevata fino al +40,5%. A questo si affianca una maggiore capacità di crescita e generazione di occupazione: tra il 2021 e il 2024, le imprese con livelli alti di welfare hanno visto aumentare gli addetti fino al 20,4%, il doppio rispetto alle realtà meno strutturate.
La solidità economico-finanziaria emerge anche nel posizionamento delle imprese: quelle con welfare più evoluto si collocano più frequentemente nei segmenti a crescita sostenuta e profittevole, mentre si riduce la presenza nei profili più fragili o sotto pressione. Queste realtà si distinguono non solo per i risultati economici, ma anche per la qualità della gestione e il posizionamento competitivo: la quota di imprese a crescita sostenuta e profittevole passa infatti dal 21,3% tra quelle con welfare iniziale al 39% tra quelle con welfare molto alto, confermando l’esistenza di un circolo virtuoso tra benessere delle persone e performance dell’impresa. A questi risultati si aggiunge anche una maggiore capacità di attrazione: nel 2025 il 61,5% delle PMI ha effettuato nuove assunzioni, dato che sale al 78% tra le aziende con welfare molto alto.
In un mercato del lavoro sempre più competitivo e selettivo, il welfare si afferma come fattore distintivo di attrattività, in particolare per i giovani: nelle imprese più evolute cresce la presenza di under 30 e la capacità di inserirli stabilmente. Questo è possibile anche grazie a un welfare più efficace e riconosciuto: oltre il 45% delle imprese rileva un elevato utilizzo e apprezzamento dei servizi. Ne deriva anche una maggiore capacità di fidelizzazione, con oltre il 60% delle imprese più strutturate che evidenzia un miglioramento della retention, confermando il welfare come leva decisiva per attrarre e trattenere talenti.
In un contesto caratterizzato dall’aumento dei bisogni legati alla salute, all’assistenza, alla conciliazione vita-lavoro, all’educazione e alla previdenza, il welfare aziendale contribuisce a rafforzare le reti territoriali di protezione sociale. Grazie alla loro diffusione sul territorio e alla vicinanza alle famiglie, le PMI rappresentano una vera e propria infrastruttura sociale, capace di integrare l’azione pubblica, favorire la collaborazione tra attori diversi e promuovere nuove forme di welfare di comunità.
In un quadro segnato dal calo demografico e dal progressivo invecchiamento della popolazione, il welfare aziendale si configura sempre più come complemento al sistema pubblico, in particolare nei servizi di salute e assistenza. Si consolidano le soluzioni di sanità integrativa (11% adotta una polizza sanitaria) e cresce il ricorso a servizi di assistenza, come i consulti medici a distanza (2,5%); ma il dato più significativo è l’espansione delle iniziative di prevenzione, con check-up (13,4%) e programmi di screening, come i controlli annuali per la prevenzione oncologica (6,9%), che segnalano un cambio di prospettiva sempre più orientato al lungo periodo.
Nelle realtà più avanzate il welfare converge verso una visione ESG più ampia: cresce la quota di aziende che si dota di figure dedicate alla sostenibilità e definisce obiettivi sociali e ambientali verificabili. Le PMI più evolute rafforzano le relazioni con il territorio, ricorrendo a fornitori locali (61,7%), sostenendo iniziative sociali (37,3%) e costruendo reti con il terzo settore, che contribuisce all’erogazione di servizi sia alle persone sia alle imprese. Si consolida così un modello di welfare più maturo, che supera i confini aziendali e genera valore diffuso per la comunità.
In questo scenario di evoluzione, le politiche di conciliazione vita-lavoro registrano una lieve flessione, fisiologica dopo la forte espansione della fase post-pandemica: la flessibilità oraria scende dal 41,3% al 38,6% e lo smart working dal 21,4% al 17,0%. Il dato non riguarda però le imprese più attente alle esigenze familiari, che continuano a registrare risultati significativamente migliori: livelli più elevati di soddisfazione dei lavoratori (65,0% contro il 32,3%) e maggiore produttività (62,3% contro il 27,9%), a conferma del legame tra qualità del welfare e performance aziendale.
Fausto Bianchi, Presidente della Piccola Industria di Confindustria e Vice Presidente di Confindustria ha dichiarato: “Nelle PMI c’è una forte consapevolezza che i figli dei dipendenti rappresentino il futuro del Paese. E’ una sensibilità che nasce naturalmente, perchè nelle piccole imprese, che spesso sono a conduzione familiare, il rapporto tra imprenditore e collaboratori è diretto, quotidiano: si condividono responsabilità, fiducia e i momenti più importanti della vita delle persone. Ora questa sensibilità deve trasformarsi in strategia: le imprese che integrano il welfare nella propria cultura aziendale sono più produttive, attraggono talenti e sono più pronte ad affrontare il cambiamento. Le PMI possono fare la differenza sul tema dell’ascensore sociale, perchè mettono la persona al centro e offrono la possibilità di valorizzare il talento indipendentemente dalla condizione di partenzà. Luca Brondelli di Brondello, vicepresidente di Confagricoltura ha dichiarato: «La sostenibilità è un fattore strategico di competitività che genera valore economico, ambientale e sociale. Tuttavia, richiede investimenti importanti che non possono ricadere solo sulle imprese, proprio perchè vanno a vantaggio dell’intera collettività. Servono, dunque, politiche adeguate a sostegno, per far sì che sempre più aziende, a tutti i livelli, vadano in questa direzione. Oggi, dopo anni di slogan, possiamo dire con orgoglio che si sta affermando una visione più concreta della sostenibilità, fondata sui risultati, come dimostra il Welfare Index PMI. Noi di Confagricoltura aderiamo sempre con impegno, perchè valorizzare le esperienze virtuose è il modo migliore per dimostrare che sostenibilità e crescita possono e devono procedere insieme».
Eugenio Miccone, Presidente Giovani Imprenditori Roma Confcommercio ha dichiarato: “Assistenza sanitaria integrativa e attenzione alla cura e al benessere dei lavoratori sono pilastri della nostra visione di welfare aziendale, integrato e sussidiario a quello pubblico e che supporti il lavoratore. Per questo Confcommercio ha costruito un solido sistema di welfare contrattuale che, attraverso fondi sanitari e bilateralità, raggiunge persino le micro imprese – quelle che più faticano nell’implementazione di servizi di welfare-, con un’attenzione crescente alla prevenzione da una parte e alla non autosufficienza e alla cronicità dell’altra, coscienti delle transizioni demografiche in atto”.
Marco Natali, presidente di Confprofessioni ha dichiarato: «Negli studi professionali – dichiara Marco Natali, presidente di Confprofessioni – le donne rappresentano oggi la componente prevalente del lavoro dipendente e questo rende ancora più evidente una realtà: la crescita della partecipazione femminile non coincide automaticamente con il raggiungimento della piena parità. Le differenze che ancora emergono nei percorsi di carriera, nelle opportunità di crescita professionale, nei livelli retributivi e nella capacità di conciliare responsabilità lavorative e familiari dimostrano che il tema delle pari opportunità resta una priorità per il mondo del lavoro. Non si tratta soltanto di garantire accesso all’occupazione, ma di creare condizioni che consentano a ogni persona di esprimere pienamente il proprio talento e le proprie competenze. Per questo Confprofessioni considera strategico investire in welfare, formazione, flessibilità organizzativa e valorizzazione del capitale umano. La vera sfida non è aumentare semplicemente la presenza delle donne nei luoghi di lavoro, ma costruire ambienti professionali in cui il merito, le capacità e l’impegno possano tradursi in concrete opportunità di crescita. Quando non saremo più costretti a parlare di pari opportunità, ma semplicemente di opportunità, significherà che avremo raggiunto il nostro obiettivo».
-foto ufficio stampa Generali –
(ITALPRESS)."
20260701145002,Targatocn.it,https://www.targatocn.it/2026/07/01/leggi-notizia/articolo/welfare-aziendale-il-76-delle-pmi-ha-superato-il-livello-medio.html,,,,,,srclc:ita,"ROMA (ITALPRESS) - Oggi il welfare aziendale ha raggiunto la fase della maturità: le PMI sono consapevoli del proprio ruolo sociale e pronte a generare impatto. Il 76,5% delle aziende italiane di piccole e medie dimensioni ha superato il livello medio di welfare aziendale. Triplicato, inoltre, il numero di PMI con livello molto alto e alto, passando dal 10,3% del 2016 al 33,9% del 2026. Infine, si riduce progressivamente il peso delle aziende che limitano il welfare al solo adempimento contrattuale, con solo il 18,2% delle PMI. E' quanto emerso in occasione della pubblicazione del Rapporto Welfare Index PMI 2026 di Generali.L'analisi mette insieme i dati che rappresentano il comportamento di welfare delle aziende: l'estensione delle iniziative adottate, l'entità della spesa, le fonti istitutive (contratti collettivi, integrativi, iniziativa autonoma aziendale), le modalità di gestione e di coinvolgimento dei lavoratori, gli obiettivi sociali dichiarati. L'esito di questo esame è il raggruppamento delle aziende in quattro profili, qui di seguito descritti: Welfare strategico: appartengono a questo gruppo il 19% delle imprese caratterizzate da un welfare evoluto, ai più alti livelli di iniziativa e capacità gestionale, e che considerano centrali gli obiettivi di soddisfazione dei lavoratori e di reputazione (vs. 8,5% rispetto al 2016); - Welfare premiante: comprende il 31,1% delle imprese, che gestisce il welfare aziendale come componente del sistema retributivo e premiante, e lo considerano di grande importanza per il conseguimento dei risultati aziendali (vs. 23,9% del 2016); Welfare in evoluzione: è il profilo più numeroso, costituito dal 31,7% delle imprese, in maggioranza al livello medio di sviluppo del welfare aziendale, che non ha un orientamento ancora definito, a metà strada tra un approccio teso a valorizzare il ruolo sociale dell'azienda ed uno più focalizzato sulle politiche retributive e le relazioni industriali (vs 24,9% del 2016); Welfare di conformità: il 18,2% del totale, che muove i primi passi nel welfare aziendale, perlopiù attuando le disposizioni dei contratti collettivi (vs. 42,7% del 2016).Nel corso dei dieci anni di Welfare Index PMI è possibile distinguere tre fasi di welfare aziendale. Una prima fase espansiva (2016-2019), caratterizzata da una rapida diffusione delle iniziative e da un progressivo ampliamento delle prestazioni offerte dalle imprese. Una seconda fase di consapevolezza (2020-2024), segnata dal contesto Covid-19, in cui il welfare ha assunto un ruolo più strategico e sociale, rafforzando il supporto a lavoratori e famiglie e contribuendo alla resilienza del sistema produttivo. Oggi si è aperta una terza fase di maturità, in cui la crescita quantitativa rallenta ma evolve la qualità: il welfare si integra sempre più nelle strategie d'impresa, migliora nelle capacità gestionali e aumenta il proprio impatto ed efficacia nel creare valore a beneficio delle imprese stesse, delle famiglie e del sistema Paese.Maria Elisabetta Alberti Casellati, Ministro per le Riforme Istituzionali e la Semplificazione Normativa ha dichiarato: ""Il Rapporto Welfare Index PMI 2026 dice che le aziende con un welfare più evoluto registrano tassi di crescita superiori a quelli delle imprese che investono meno nel benessere dei propri lavoratori. Le imprese più forti, dunque, sono quelle che mettono al centro la persona. Oggi i giovani, ad esempio, non scelgono un'impresa soltanto in base alla retribuzione. Guardano alla qualità del lavoro, alle opportunità di crescita, all'equilibrio tra vita e lavoro, ai servizi e ai benefit offerti. In sintesi: guardano al progetto di vita legato a un posto di lavoro. Per attrarre e trattenere i talenti non bastano più gli stipendi. Servono imprese che investano sulla persona prima ancora che sul lavoratore. Imprese capaci di guardare ai bisogni e alle aspirazioni dei propri dipendenti, non soltanto alla loro produttività. Il welfare, dunque, fa bene ai lavoratori, ma fa bene anche alle imprese. Quando una piccola impresa investe nel welfare, non migliora soltanto la qualità della vita dei propri dipendenti. Rafforza il tessuto sociale della comunità in cui opera. E quando l'impatto sociale di un'azienda supera i confini dello stabilimento, sostenendo le comunità locali, promuovendo formazione e salute, valorizzando il capitale umano e i giovani talenti, quell'impresa contribuisce a un obiettivo ancora più grande: creare occupazione, aiutare la coesione sociale e rendere attrattivi anche i territori più periferici, contrastandone lo spopolamentò. Giancarlo Fancel Country Manager & CEO Generali Italia, ha dichiarato: ""Il Rapporto Welfare Index PMI 2026 conferma come il welfare aziendale sia oggi parte integrante delle strategie d'impresa e una leva concreta di crescita, capace di generare valore per i dipendenti, le loro famiglie e i territori. In questi dieci anni abbiamo accompagnato un percorso che ha rafforzato la consapevolezza del ruolo sociale delle PMI, sempre più protagoniste della coesione e dello sviluppo economico. Come Gruppo Generali sosteniamo la crescita del tessuto produttivo italiano con iniziative concrete, interpretando il nostro ruolo di Partner del Paese"".Quest'anno hanno partecipato a Welfare Index PMI oltre 7.000 imprese - più che triplicate rispetto alla prima edizione - di tutti i settori produttivi, di tutte le dimensioni e provenienti da tutta Italia. L'iniziativa è promossa da Generali Italia con il patrocinio della Presidenza del Consiglio dei Ministri, del Ministero del Lavoro e delle Politiche Sociali, del Ministero delle Imprese e del Made in Italy e con la partecipazione delle principali Confederazioni italiane: Confindustria, Confagricoltura, Confartigianato, Confprofessioni e Confcommercio.I risultati di Welfare Index PMI sono stati illustrati a Roma alla presenza di: Adolfo Urso, Ministro delle Imprese e del Made in Italy; Maria Elisabetta Alberti Casellati, Ministro per le riforme istituzionali e la Semplificazione Normativa; Monica Lucarelli, Assessora alle Attività Produttive e alle Pari Opportunità di Roma Capitale; Giancarlo Fancel, Country Manager & Ceo Generali Italia; Massimo Monacelli, General Manager di Generali Italia; Fausto Bianchi, Presidente Piccola Industria e Vicepresidente, Confindustria; Riccardo Giovani, Direttore Politiche Sindacali e del Lavoro, Confartigianato; Luca Brondelli di Brondello, Vice-Presidente di Confagricoltura; Marco Natali, Presidente di Confprofessioni; Eugenio Miccone, Presidente giovani imprenditori Confcommercio Roma; Barbara Lucini, Responsabile Country Sustainability & Social Responsibility di Generali Italia; Enea Dallaglio, MBS Consulting - A Cerved Company.L'impatto sociale è oggi uno degli indicatori chiave della maturità del welfare aziendale: non conta più solo la diffusione delle iniziative, ma la loro capacità di rispondere in modo concreto ai bisogni delle persone e delle comunità. Nel 2026 emerge una forte crescita di consapevolezza: l'87,6% delle imprese riconosce la centralità di salute e sicurezza e il 75,9% ritiene necessario rafforzare il proprio ruolo sociale, mentre il 66,4% si sente chiamato a contribuire allo sviluppo sostenibile di filiera e territorio. Ma il vero elemento distintivo è nell'efficacia: le imprese che integrano il welfare nelle proprie strategie arrivano a livelli elevati di impatto sociale fino al 90% dei casi, grazie a modelli più strutturati, maggiore coinvolgimento dei lavoratori e una migliore capacità di intercettare i bisogni reali. E' questa evoluzione - da insieme di misure a leva strategica - che consente al welfare di generare valore condiviso e risultati tangibili nel tempo.Il welfare aziendale si conferma sempre più una leva concreta di competitività e sviluppo per le imprese, superando la dimensione di costo per affermarsi come investimento strategico. I dati evidenziano una correlazione solida tra livelli di welfare e performance economiche: le aziende più evolute registrano una produttività superiore, con un fatturato per addetto che raggiunge i 396 mila euro (+20% rispetto alla media) e una redditività più elevata fino al +40,5%. A questo si affianca una maggiore capacità di crescita e generazione di occupazione: tra il 2021 e il 2024, le imprese con livelli alti di welfare hanno visto aumentare gli addetti fino al 20,4%, il doppio rispetto alle realtà meno strutturate.La solidità economico-finanziaria emerge anche nel posizionamento delle imprese: quelle con welfare più evoluto si collocano più frequentemente nei segmenti a crescita sostenuta e profittevole, mentre si riduce la presenza nei profili più fragili o sotto pressione. Queste realtà si distinguono non solo per i risultati economici, ma anche per la qualità della gestione e il posizionamento competitivo: la quota di imprese a crescita sostenuta e profittevole passa infatti dal 21,3% tra quelle con welfare iniziale al 39% tra quelle con welfare molto alto, confermando l'esistenza di un circolo virtuoso tra benessere delle persone e performance dell'impresa. A questi risultati si aggiunge anche una maggiore capacità di attrazione: nel 2025 il 61,5% delle PMI ha effettuato nuove assunzioni, dato che sale al 78% tra le aziende con welfare molto alto.In un mercato del lavoro sempre più competitivo e selettivo, il welfare si afferma come fattore distintivo di attrattività, in particolare per i giovani: nelle imprese più evolute cresce la presenza di under 30 e la capacità di inserirli stabilmente. Questo è possibile anche grazie a un welfare più efficace e riconosciuto: oltre il 45% delle imprese rileva un elevato utilizzo e apprezzamento dei servizi. Ne deriva anche una maggiore capacità di fidelizzazione, con oltre il 60% delle imprese più strutturate che evidenzia un miglioramento della retention, confermando il welfare come leva decisiva per attrarre e trattenere talenti.In un contesto caratterizzato dall'aumento dei bisogni legati alla salute, all'assistenza, alla conciliazione vita-lavoro, all'educazione e alla previdenza, il welfare aziendale contribuisce a rafforzare le reti territoriali di protezione sociale. Grazie alla loro diffusione sul territorio e alla vicinanza alle famiglie, le PMI rappresentano una vera e propria infrastruttura sociale, capace di integrare l'azione pubblica, favorire la collaborazione tra attori diversi e promuovere nuove forme di welfare di comunità.In un quadro segnato dal calo demografico e dal progressivo invecchiamento della popolazione, il welfare aziendale si configura sempre più come complemento al sistema pubblico, in particolare nei servizi di salute e assistenza. Si consolidano le soluzioni di sanità integrativa (11% adotta una polizza sanitaria) e cresce il ricorso a servizi di assistenza, come i consulti medici a distanza (2,5%); ma il dato più significativo è l'espansione delle iniziative di prevenzione, con check-up (13,4%) e programmi di screening, come i controlli annuali per la prevenzione oncologica (6,9%), che segnalano un cambio di prospettiva sempre più orientato al lungo periodo.Nelle realtà più avanzate il welfare converge verso una visione ESG più ampia: cresce la quota di aziende che si dota di figure dedicate alla sostenibilità e definisce obiettivi sociali e ambientali verificabili. Le PMI più evolute rafforzano le relazioni con il territorio, ricorrendo a fornitori locali (61,7%), sostenendo iniziative sociali (37,3%) e costruendo reti con il terzo settore, che contribuisce all'erogazione di servizi sia alle persone sia alle imprese. Si consolida così un modello di welfare più maturo, che supera i confini aziendali e genera valore diffuso per la comunità.In questo scenario di evoluzione, le politiche di conciliazione vita-lavoro registrano una lieve flessione, fisiologica dopo la forte espansione della fase post-pandemica: la flessibilità oraria scende dal 41,3% al 38,6% e lo smart working dal 21,4% al 17,0%. Il dato non riguarda però le imprese più attente alle esigenze familiari, che continuano a registrare risultati significativamente migliori: livelli più elevati di soddisfazione dei lavoratori (65,0% contro il 32,3%) e maggiore produttività (62,3% contro il 27,9%), a conferma del legame tra qualità del welfare e performance aziendale.Fausto Bianchi, Presidente della Piccola Industria di Confindustria e Vice Presidente di Confindustria ha dichiarato: ""Nelle PMI c'è una forte consapevolezza che i figli dei dipendenti rappresentino il futuro del Paese. E' una sensibilità che nasce naturalmente, perchè nelle piccole imprese, che spesso sono a conduzione familiare, il rapporto tra imprenditore e collaboratori è diretto, quotidiano: si condividono responsabilità, fiducia e i momenti più importanti della vita delle persone. Ora questa sensibilità deve trasformarsi in strategia: le imprese che integrano il welfare nella propria cultura aziendale sono più produttive, attraggono talenti e sono più pronte ad affrontare il cambiamento. Le PMI possono fare la differenza sul tema dell'ascensore sociale, perchè mettono la persona al centro e offrono la possibilità di valorizzare il talento indipendentemente dalla condizione di partenzà. Luca Brondelli di Brondello, vicepresidente di Confagricoltura ha dichiarato: «La sostenibilità è un fattore strategico di competitività che genera valore economico, ambientale e sociale. Tuttavia, richiede investimenti importanti che non possono ricadere solo sulle imprese, proprio perchè vanno a vantaggio dell'intera collettività. Servono, dunque, politiche adeguate a sostegno, per far sì che sempre più aziende, a tutti i livelli, vadano in questa direzione. Oggi, dopo anni di slogan, possiamo dire con orgoglio che si sta affermando una visione più concreta della sostenibilità, fondata sui risultati, come dimostra il Welfare Index PMI. Noi di Confagricoltura aderiamo sempre con impegno, perchè valorizzare le esperienze virtuose è il modo migliore per dimostrare che sostenibilità e crescita possono e devono procedere insieme».Eugenio Miccone, Presidente Giovani Imprenditori Roma Confcommercio ha dichiarato: ""Assistenza sanitaria integrativa e attenzione alla cura e al benessere dei lavoratori sono pilastri della nostra visione di welfare aziendale, integrato e sussidiario a quello pubblico e che supporti il lavoratore. Per questo Confcommercio ha costruito un solido sistema di welfare contrattuale che, attraverso fondi sanitari e bilateralità, raggiunge persino le micro imprese - quelle che più faticano nell'implementazione di servizi di welfare-, con un'attenzione crescente alla prevenzione da una parte e alla non autosufficienza e alla cronicità dell'altra, coscienti delle transizioni demografiche in atto"".Marco Natali, presidente di Confprofessioni ha dichiarato: «Negli studi professionali - dichiara Marco Natali, presidente di Confprofessioni - le donne rappresentano oggi la componente prevalente del lavoro dipendente e questo rende ancora più evidente una realtà: la crescita della partecipazione femminile non coincide automaticamente con il raggiungimento della piena parità. Le differenze che ancora emergono nei percorsi di carriera, nelle opportunità di crescita professionale, nei livelli retributivi e nella capacità di conciliare responsabilità lavorative e familiari dimostrano che il tema delle pari opportunità resta una priorità per il mondo del lavoro. Non si tratta soltanto di garantire accesso all'occupazione, ma di creare condizioni che consentano a ogni persona di esprimere pienamente il proprio talento e le proprie competenze. Per questo Confprofessioni considera strategico investire in welfare, formazione, flessibilità organizzativa e valorizzazione del capitale umano. La vera sfida non è aumentare semplicemente la presenza delle donne nei luoghi di lavoro, ma costruire ambienti professionali in cui il merito, le capacità e l'impegno possano tradursi in concrete opportunità di crescita. Quando non saremo più costretti a parlare di pari opportunità, ma semplicemente di opportunità, significherà che avremo raggiunto il nostro obiettivo».-foto ufficio stampa Generali -(ITALPRESS).
In Breve
giovedì  02 luglio"
20260701141637,Teleborsa,https://www.teleborsa.it/DettaglioNews/229_2026-07-01_TLB/Rimborsi-SSN-quattro-Note-Aifa-cambiano-dal-9-luglio-dalla-PMA-agli-anticoagulanti.html,,,,,,srclc:ita,(Teleborsa) - Dal 9 luglio 2026 entrano in vigore gli aggiornamenti di quattro Note dell'Agenzia Italiana del Farmaco (AIFA) che ridisegnano le condizioni di rimborsabilità a carico del Servizio sanitario...
20260701125418,Il Fatto Quotidiano,https://www.ilfattoquotidiano.it/2026/07/01/silenzio-assenso-tfr-previdenza-complementare-notizie/8436027/,,,,,,srclc:ita,"Tfr al fondo pensione, silenzio-assenso dal 1° luglio: un passaggio cruciale per i neo assunti
di Giuseppe Capotosto
Dal 1° luglio scatta una grande novità per i neoassunti del settore privato riguardo il meccanismo del silenzio-assenso per il TFR (Trattamento di fine rapporto). Secondo quanto disposto dalla Legge di Bilancio 2026 (legge n. 199/2025), infatti, chi non esprimerà un rifiuto esplicito entro 60 giorni vedrà la propria liquidazione indirizzata automaticamente alla previdenza complementare. Un ribaltamento totale rispetto al passato, che riduce i tempi di decisione e trasforma l’inerzia in una scelta predefinita.
L’architettura della riforma solleva rilevanti interrogativi sul piano della reale consapevolezza del lavoratore. Sebbene la normativa imponga alle aziende di consegnare un’informativa dettagliata al momento dell’assunzione, la firma dei moduli burocratici di onboarding avviene spesso in un contesto frenetico. In assenza di una diffusa cultura economica, il rischio concreto è che il termine dei 60 giorni decorra senza una reale valutazione da parte del dipendente.
Si tratta di un passaggio cruciale anche a causa del principio di asimmetria decisionale introdotto dalla norma. Se un lavoratore decide entro la scadenza di mantenere il TFR in azienda, conserva la totale libertà di cambiare idea in futuro e aderire a un fondo previdenziale. Al contrario, qualora il TFR confluisca nella previdenza complementare — sia per scelta esplicita che per effetto del silenzio-assenso — la decisione diventa giuridicamente irreversibile: non sarà più possibile riportare le somme accantonate all’interno del perimetro aziendale.
Un altro elemento di discussione riguarda i criteri di assegnazione delle risorse in regime di silenzio. Qualora in azienda coesistano più opzioni, la legge stabilisce che il TFR venga devoluto al fondo con il maggior numero di iscritti, che coincide tipicamente con il fondo negoziale istituito dal Contratto Collettivo Nazionale di Lavoro (CCNL) di riferimento.
I fondi pensione negoziali non sono società private tradizionali, bensì associazioni istituite attraverso la contrattazione collettiva. Per legge, la loro governance è strutturata su base paritetica: i consigli di amministrazione e gli organi di controllo sono composti esattamente per metà da rappresentanti designati dalle aziende e per l’altra metà da esponenti scelti dalle sigle sindacali. Questi amministratori partecipano direttamente alle decisioni strategiche del fondo, inclusa la selezione delle società di gestione finanziaria a cui affidare i capitali accumulati.
Questo assetto istituzionale delinea una configurazione che diversi analisti descrivono come una singolare sovrapposizione di ruoli nel sistema di tutela. Da un lato, i rappresentanti sindacali siedono nei vertici decisionali dei fondi paritetici con il preciso mandato statutario di agire nell’esclusivo interesse degli iscritti. Dall’altro, le medesime organizzazioni offrono capillarmente sul territorio servizi di orientamento e informazione previdenziale attraverso i propri patronati e sportelli. Si determina così una duplice veste istituzionale, in cui il soggetto deputato alla consulenza e alla tutela del lavoratore coincide, a livello macro, con uno dei soggetti chiamati alla governance e alla vigilanza delle medesime strutture previdenziali.
L’obiettivo dichiarato della riforma risponde alla necessità di stimolare la costruzione di una previdenza integrativa in un quadro demografico e pensionistico pubblico strutturalmente incerto. Tuttavia, dinanzi a un impianto così fortemente orientato agli automatismi e a circuiti istituzionali chiusi, resta legittimo il dubbio se tale accelerazione sia mossa dal primario beneficio dei futuri pensionati o dall’esigenza di garantire stabilità e flussi finanziari costanti al sistema dei fondi pensione."
20260701115107,Enna Press,https://ennapress.it/demografia-e-futuro-del-territorio-palermo-ed-enna/,,,,,,srclc:ita,"Demografia e futuro del territorio Palermo ed Enna, Albanese (Camera di Commercio Palermo Enna): “Servono politiche per incentivare la natalità e contrastare l’invecchiamento e strategie per trattenere i giovani e ridurre l’emigrazione, è sempre più urgente pianificare servizi e infrastrutture adeguati agli anziani”
La Città Metropolitana di Palermo vive una fase di declino demografico, caratterizzata da bassa natalità, forte invecchiamento e un importante tasso di emigrazione. La provincia di Enna, invece, ha il più basso tasso di fecondità totale e il più alto indice di vecchiaia, con una forte diminuzione della popolazione e un saldo migratorio negativo. La popolazione residente si ridurrà del 25,5% entro il 2050. La Camera di Commercio di Palermo ed Enna, attraverso le recenti elaborazioni del Centro Studi Guglielmo Tagliacarne, accendono i riflettori sulle dinamiche demografiche che stanno ridisegnando il volto dei nostri territori. L’analisi “Il barometro dell’economia territoriale”, pubblicata ieri, offre un quadro complesso e di grandi sfide sia per Palermo e la sua Città metropolitana che per la provincia di Enna, evidenziando la necessità di una visione strategica lungimirante.
“I dati che abbiamo non sono semplici statistiche, ma indicatori fondamentali per comprendere le traiettorie di sviluppo e le fragilità strutturali del nostro tessuto economico e sociale – dice Alessandro Albanese, presidente della Camera di Commercio Palermo Enna -. Siamo di fronte a una transizione demografica che richiede, da parte di tutte le istituzioni, un impegno straordinario per invertire le tendenze negative e valorizzare le potenzialità ancora inespresse. Questi trend pongono sfide importanti per il futuro del territorio ed evidenziano sfide demografiche e sociali significative – aggiunge Albanese – servono politiche per incentivare la natalità e contrastare l’invecchiamento, strategie per trattenere i giovani e ridurre l’emigrazione e diventa sempre più urgente pianificare servizi e infrastrutture adeguate a una popolazione sempre più anziana. La demografia – conclude – è il battito cardiaco dell’economia e dobbiamo assicurarci che questo battito rimanga vitale per le generazioni future”.
Il report sottolinea disparità significative nel confronto territoriale. Mentre la Città Metropolitana di Palermo presenta un Tasso di Fecondità Totale (TFT) di 1,27, la provincia di Enna si attesta a 1,12. I dati evidenziano, inoltre, una sfida strutturale sulla tenuta demografica: la variazione della popolazione residente tra il 2002 e il 2026 mostra un calo, con prospettive di contrazione ulteriore per il periodo 2026-2050, segnate rispettivamente da -14,4% per Enna e -3,3% per Palermo. Particolarmente critico appare il tema dell’invecchiamento: l’indice di vecchiaia, già elevato al 1° gennaio 2026, è previsto in forte crescita entro il 2050, con proiezioni che raggiungono il 384,6% per Enna e il 306,2% per Palermo.
“La lettura di questi indicatori deve spingerci ad agire con tempestività – sottolinea Guido Barcellona, segretario generale della Camera di Commercio Palermo Enna – Il tasso di migrazione verso l’estero, con valori che pesano sulla capacità attrattiva dei nostri territori, ci segnala l’urgenza di creare opportunità concrete per i giovani, affinché non siano costretti a cercare altrove il proprio futuro. La Camera di Commercio continuerà a fornire il supporto analitico necessario affinché le politiche di sviluppo locale poggino su basi dati solide e aggiornate, con l’obiettivo prioritario di favorire la coesione e contrastare lo spopolamento”. La Camera di Commercio Palermo Enna conferma il proprio ruolo di osservatorio privilegiato, mettendo a disposizione degli stakeholders e dei decisori politici le evidenze del “Barometro” per orientare le scelte strategiche indispensabili per la sostenibilità demografica ed economica dell’intera area.
I numeri della Città metropilitana di Palermo
Fertilità: Numero medio di figli per donna (Tasso di fecondità totale – Tft) nel 2025: 1,27.
Palermo si colloca al 4° posto nella graduatoria provinciale per Tft nel 2025 (valore inferiore alla media nazionale e regionale). Variazione % della popolazione residente (2002-2026): -3,3%. Variazione % prevista (2026-2050): -18,8%.
Invecchiamento della popolazione: Indice di vecchiaia al 1° gennaio 2026: 180,6. Indice di vecchiaia previsto al 1° gennaio 2050: 306,2.
Migrazioni: Tasso di migratorietà degli italiani verso l’estero (media annua 2017-2025 per 1.000 abitanti): 2,11.
I numeri della provincia Enna
Fertilità: Nel 2025, il numero medio di figli per donna (Tasso di Fecondità Totale – TFT) nella provincia di Enna è pari a 1,12, un valore inferiore sia alla media regionale che nazionale.
Variazione popolazione: Tra il 2002 e il 2026 si registra una variazione percentuale negativa della popolazione residente (-14,4%). La popolazione residente è prevista in ulteriore diminuzione tra il 2026 e il 2050, con una variazione percentuale stimata del -25,5%.
Invecchiamento della popolazione: L’indice di vecchiaia (rapporto tra popolazione anziana e giovane) è già elevato al 1° gennaio 2026 (236,6) e si prevede che aumenti ulteriormente al 2050 (384,6).
Migrazioni: Il tasso di migratorietà degli italiani verso l’estero, calcolato come media annua tra il 2017 e il 2025, è di 2,72 per 1.000 abitanti."
20260701112442,La Sicilia,https://www.lasicilia.it/news/cronaca/3053854/allarme-demografico-a-palermo-culle-vuote-emigrazione-e-anziani-in-aumento-lo-studio-della-camera-di-commercio.html,,,,,,srclc:ita,"i dati
Allarme demografico a Palermo: culle vuote, emigrazione e anziani in aumento. Lo studio della Camera di Commercio
La natalità ai minimi e l'invecchiamento record
La Città Metropolitana di Palermo si trova ad affrontare una fase di profondo e preoccupante declino demografico. Il quadro emerge nitidamente dall'analisi “Il barometro dell'economia territoriale”, pubblicata ieri e curata dalla Camera di Commercio di Palermo Enna attraverso le elaborazioni del Centro Studi Guglielmo Tagliacarne. I dati evidenziano una combinazione critica di bassa natalità, forte invecchiamento della popolazione e un costante tasso di emigrazione, tracciando uno scenario che ridisegnerà il volto del territorio nei prossimi decenni.
«Siamo di fronte a una transizione demografica che richiede, da parte di tutte le istituzioni, un impegno straordinario per invertire le tendenze negative», avverte Alessandro Albanese, presidente della Camera di Commercio Palermo Enna. «Servono politiche per incentivare la natalità e contrastare l'invecchiamento, strategie per trattenere i giovani e ridurre l'emigrazione. Diventa inoltre sempre più urgente pianificare servizi e infrastrutture adeguate a una popolazione anziana. La demografia è il battito cardiaco dell’economia e dobbiamo assicurarci che rimanga vitale».
I numeri relativi all'area palermitana descrivono una crisi strutturale. Nel 2025 il Tasso di Fecondità Totale (Tft) si è attestato a appena 1,27 figli per donna, un valore inferiore sia alla media nazionale che a quella regionale, posizionando Palermo al quarto posto della graduatoria provinciale. Questa prolungata denatalità influisce direttamente sulla tenuta complessiva dei residenti: se tra il 2002 e il 2026 la popolazione della provincia ha registrato una flessione del -3,3%, le proiezioni per il periodo compreso tra il 2026 e il 2050 stimano un vero e proprio crollo, con una contrazione prevista del -18,8%.
L'altro fronte critico è rappresentato dall'invecchiamento progressivo. L'indice di vecchiaia a Palermo (ovvero il rapporto tra la popolazione anziana e quella giovane), registrato al 180,6 all'inizio del 2026, subirà un'impennata drammatica entro il 2050, raggiungendo quota 306,2. A svuotare ulteriormente il territorio contribuisce la fuga verso l'estero, con un tasso di migratorietà dei cittadini italiani che, nella media annua tra il 2017 e il 2025, si è attestato a 2,11 per mille abitanti.
«Il tasso di migrazione ci segnala l’urgenza di creare opportunità concrete per i giovani, affinché non siano costretti a cercare altrove il proprio futuro», aggiunge Guido Barcellona, segretario generale dell’ente camerale. «La Camera di Commercio continuerà a fornire il supporto analitico necessario affinché le politiche di sviluppo locale poggino su dati solidi, con l’obiettivo prioritario di favorire la coesione e contrastare lo spopolamento»."
20260701112052,Livesicilia – Il,https://livesicilia.it/demografia-albanese-servono-politiche-per-incentivare-la-natalita/,,,,,,srclc:ita,"PALERMO – La Città Metropolitana di Palermo vive una fase di declino demografico, caratterizzata da bassa natalità, forte invecchiamento e un importante tasso di emigrazione. La provincia di Enna, invece, ha il più basso tasso di fecondità totale e il più alto indice di vecchiaia, con una forte diminuzione della popolazione e un saldo migratorio negativo.
La popolazione residente si ridurrà del 25,5% entro il 2050. La Camera di Commercio di Palermo ed Enna, attraverso le recenti elaborazioni del Centro Studi Guglielmo Tagliacarne, accendono i riflettori sulle dinamiche demografiche che stanno ridisegnando il volto dei nostri territori. L’analisi “Il barometro dell’economia territoriale”, pubblicata ieri, offre un quadro complesso e di grandi sfide sia per Palermo e la sua Città metropolitana che per la provincia di Enna, evidenziando la necessità di una visione strategica lungimirante.
“I dati che abbiamo non sono semplici statistiche, ma indicatori fondamentali per comprendere le traiettorie di sviluppo e le fragilità strutturali del nostro tessuto economico e sociale – dice Alessandro Albanese, presidente della Camera di Commercio Palermo Enna -. Siamo di fronte a una transizione demografica che richiede, da parte di tutte le istituzioni, un impegno straordinario per invertire le tendenze negative e valorizzare le potenzialità ancora inespresse. Questi trend pongono sfide importanti per il futuro del territorio ed evidenziano sfide demografiche e sociali significative – aggiunge Albanese – servono politiche per incentivare la natalità e contrastare l’invecchiamento, strategie per trattenere i giovani e ridurre l’emigrazione e diventa sempre più urgente pianificare servizi e infrastrutture adeguate a una popolazione sempre più anziana. La demografia – conclude – è il battito cardiaco dell’economia e dobbiamo assicurarci che questo battito rimanga vitale per le generazioni future”.
Il report sottolinea disparità significative nel confronto territoriale. Mentre la Città Metropolitana di Palermo presenta un Tasso di Fecondità Totale (TFT) di 1,27, la provincia di Enna si attesta a 1,12. I dati evidenziano, inoltre, una sfida strutturale sulla tenuta demografica: la variazione della popolazione residente tra il 2002 e il 2026 mostra un calo, con prospettive di contrazione ulteriore per il periodo 2026-2050, segnate rispettivamente da -14,4% per Enna e -3,3% per Palermo. Particolarmente critico appare il tema dell’invecchiamento: l’indice di vecchiaia, già elevato al 1° gennaio 2026, è previsto in forte crescita entro il 2050, con proiezioni che raggiungono il 384,6% per Enna e il 306,2% per Palermo.
“La lettura di questi indicatori deve spingerci ad agire con tempestività – sottolinea Guido Barcellona, segretario generale della Camera di Commercio Palermo Enna – Il tasso di migrazione verso l’estero, con valori che pesano sulla capacità attrattiva dei nostri territori, ci segnala l’urgenza di creare opportunità concrete per i giovani, affinché non siano costretti a cercare altrove il proprio futuro. La Camera di Commercio continuerà a fornire il supporto analitico necessario affinché le politiche di sviluppo locale poggino su basi dati solide e aggiornate, con l’obiettivo prioritario di favorire la coesione e contrastare lo spopolamento”. La Camera di Commercio Palermo Enna conferma il proprio ruolo di osservatorio privilegiato, mettendo a disposizione degli stakeholders e dei decisori politici le evidenze del “Barometro” per orientare le scelte strategiche indispensabili per la sostenibilità demografica ed economica dell’intera area.
I numeri della Città metropilitana di Palermo
Fertilità: Numero medio di figli per donna (Tasso di fecondità totale – Tft) nel 2025: 1,27.
Palermo si colloca al 4° posto nella graduatoria provinciale per Tft nel 2025 (valore inferiore alla media nazionale e regionale). Variazione % della popolazione residente (2002-2026): -3,3%. Variazione % prevista (2026-2050): -18,8%.
Invecchiamento della popolazione: Indice di vecchiaia al 1° gennaio 2026: 180,6. Indice di vecchiaia previsto al 1° gennaio 2050: 306,2.
Migrazioni: Tasso di migratorietà degli italiani verso l’estero (media annua 2017-2025 per 1.000 abitanti): 2,11.
I numeri della provincia Enna
Fertilità: Nel 2025, il numero medio di figli per donna (Tasso di Fecondità Totale – TFT) nella provincia di Enna è pari a 1,12, un valore inferiore sia alla media regionale che nazionale.
Variazione popolazione: Tra il 2002 e il 2026 si registra una variazione percentuale negativa della popolazione residente (-14,4%). La popolazione residente è prevista in ulteriore diminuzione tra il 2026 e il 2050, con una variazione percentuale stimata del -25,5%.
Invecchiamento della popolazione: L’indice di vecchiaia (rapporto tra popolazione anziana e giovane) è già elevato al 1° gennaio 2026 (236,6) e si prevede che aumenti ulteriormente al 2050 (384,6).
Migrazioni: Il tasso di migratorietà degli italiani verso l’estero, calcolato come media annua tra il 2017 e il 2025, è di 2,72 per 1.000 abitanti."
20260701111400,Avvenire,https://www.avvenire.it/economia/lavoro/ecco-il-welfare-che-genera-valore_110417,,,,,,srclc:ita,"Ecco il welfare che genera valore
Dopo dieci anni ha raggiunto la fase della maturità: le piccole e medie imprese sono consapevoli del proprio ruolo sociale e pronte a generare impatto. Il 76,5% ha superato il livello medio
Dopo dieci anni il welfare aziendale ha raggiunto la fase della maturità: le piccole e medie imprese sono consapevoli del proprio ruolo sociale e pronte a generare impatto. Il 76,5% ha superato il livello medio di welfare aziendale. Triplicato il numero di pmi con livello molto alto e alto, passando dal 10,3% del 2016 al 33,9% del 2026. Inoltre, si riduce progressivamente il peso delle aziende che limitano il welfare al solo adempimento contrattuale: è il 18,2% delle pmi.  È quanto emerge dal Rapporto Welfare Index Pmi 2026 presentato oggi a Roma. La fotografia sullo stato del welfare nelle pmi italiane si basa su un modello di analisi organizzato in dieci aree: Previdenza e protezione; Salute e assistenza; Conciliazione vita-lavoro; Sostegno economico ai lavoratori; Sviluppo del capitale umano; Sostegno per educazione e cultura; Diritti, diversità, inclusione; Condizioni lavorative e sicurezza; Responsabilità sociale verso consumatori e fornitori; Welfare di comunità.
Nel corso dei dieci anni di Welfare Index Pmi è possibile distinguere tre fasi di welfare aziendale.  Una prima fase espansiva (2016-2019), caratterizzata da una rapida diffusione delle iniziative e da un progressivo ampliamento delle prestazioni offerte dalle imprese. Una seconda fase di consapevolezza (2020-2024), segnata dal contesto Covid-19, in cui il welfare ha assunto un ruolo più strategico e sociale, rafforzando il supporto a lavoratori e famiglie e contribuendo alla resilienza del sistema produttivo. Oggi si è aperta una terza fase di maturità, in cui la crescita quantitativa rallenta, ma evolve la qualità: il welfare si integra sempre più nelle strategie d’impresa, migliora nelle capacità gestionali e aumenta il proprio impatto ed efficacia nel creare valore a beneficio delle imprese stesse, delle famiglie e del sistema Paese.
Quest’anno hanno partecipato a Welfare Index Pmi oltre 7mila imprese – più che triplicate rispetto alla prima edizione – di tutti i settori produttivi, di tutte le dimensioni e provenienti da tutta Italia. L’iniziativa è promossa da Generali Italia con il patrocinio della presidenza del Consiglio dei ministri, del ministero del Lavoro e delle Politiche Sociali, del ministero delle Imprese e del Made in Italy e con la partecipazione delle principali Confederazioni italiane: Confindustria, Confagricoltura, Confartigianato, Confprofessioni e Confcommercio.
Cresce l’impatto sociale: le iniziative di welfare aziendale si traducono in risultati concreti
L’impatto sociale è oggi uno degli indicatori chiave della maturità del welfare aziendale: non conta più solo la diffusione delle iniziative, ma la loro capacità di rispondere in modo concreto ai bisogni delle persone e delle comunità. Nel 2026 emerge una forte crescita di consapevolezza: l’87,6% delle imprese riconosce la centralità di salute e sicurezza e il 75,9% ritiene necessario rafforzare il proprio ruolo sociale, mentre il 66,4% si sente chiamato a contribuire allo sviluppo sostenibile di filiera e territorio. Ma il vero elemento distintivo è nell’efficacia: le imprese che integrano il welfare nelle proprie strategie arrivano a livelli elevati di impatto sociale fino al 90% dei casi, grazie a modelli più strutturati, maggiore coinvolgimento dei lavoratori e una migliore capacità di intercettare i bisogni reali. È questa evoluzione – da insieme di misure a leva strategica – che consente al welfare di generare valore condiviso e risultati tangibili nel tempo.
Il welfare leva di competitività, crescita e successo economico
Il welfare aziendale si conferma sempre più una leva concreta di competitività e sviluppo per le imprese, superando la dimensione di costo per affermarsi come investimento strategico. I dati evidenziano una correlazione solida tra livelli di welfare e performance economiche: le aziende più evolute registrano una produttività superiore, con un fatturato per addetto che raggiunge i 396 mila euro (+20% rispetto alla media) e una redditività più elevata fino al +40,5%. A questo si affianca una maggiore capacità di crescita e generazione di occupazione: tra il 2021 e il 2024, le imprese con livelli alti di welfare hanno visto aumentare gli addetti fino al 20,4%, il doppio rispetto alle realtà meno strutturate.
La solidità economico-finanziaria emerge anche nel posizionamento delle imprese: quelle con welfare più evoluto si collocano più frequentemente nei segmenti a crescita sostenuta e profittevole, mentre si riduce la presenza nei profili più fragili o sotto pressione. Queste realtà si distinguono non solo per i risultati economici, ma anche per la qualità della gestione e il posizionamento competitivo: la quota di imprese a crescita sostenuta e profittevole passa infatti dal 21,3% tra quelle con welfare iniziale al 39% tra quelle con welfare molto alto, confermando l’esistenza di un circolo virtuoso tra benessere delle persone e performance dell’impresa. A questi risultati si aggiunge anche una maggiore capacità di attrazione: nel 2025 il 61,5% delle PMI ha effettuato nuove assunzioni, dato che sale al 78% tra le aziende con welfare molto alto.
In un mercato del lavoro sempre più competitivo e selettivo, il welfare si afferma come fattore distintivo di attrattività, in particolare per i giovani: nelle imprese più evolute cresce la presenza di under 30 e la capacità di inserirli stabilmente. Questo è possibile anche grazie a un welfare più efficace e riconosciuto: oltre il 45% delle imprese rileva un elevato utilizzo e apprezzamento dei servizi. Ne deriva anche una maggiore capacità di fidelizzazione, con oltre il 60% delle imprese più strutturate che evidenzia un miglioramento della retention, confermando il welfare come leva decisiva per attrarre e trattenere talenti.
Dal benessere delle persone al valore per il territorio: si allargano i confini del welfare 
In un contesto caratterizzato dall’aumento dei bisogni legati alla salute, all’assistenza, alla conciliazione vita‑lavoro, all’educazione e alla previdenza, il welfare aziendale contribuisce a rafforzare le reti territoriali di protezione sociale. Grazie alla loro diffusione sul territorio e alla vicinanza alle famiglie, le PMI rappresentano una vera e propria infrastruttura sociale, capace di integrare l’azione pubblica, favorire la collaborazione tra attori diversi e promuovere nuove forme di welfare di comunità.
In un quadro segnato dal calo demografico e dal progressivo invecchiamento della popolazione, il welfare aziendale si configura sempre più come complemento al sistema pubblico, in particolare nei servizi di salute e assistenza. Si consolidano le soluzioni di sanità integrativa (11% adotta una polizza sanitaria) e cresce il ricorso a servizi di assistenza, come i consulti medici a distanza (2,5%); ma il dato più significativo è l’espansione delle iniziative di prevenzione, con check‑up (13,4%) e programmi di screening, come i controlli annuali per la prevenzione oncologica (6,9%), che segnalano un cambio di prospettiva sempre più orientato al lungo periodo.
Nelle realtà più avanzate il welfare converge verso una visione Esg più ampia: cresce la quota di aziende che si dota di figure dedicate alla sostenibilità e definisce obiettivi sociali e ambientali verificabili. Le pmi più evolute rafforzano le relazioni con il territorio, ricorrendo a fornitori locali (61,7%), sostenendo iniziative sociali (37,3%) e costruendo reti con il terzo settore, che contribuisce all’erogazione di servizi sia alle persone sia alle imprese. Si consolida così un modello di welfare più maturo, che supera i confini aziendali e genera valore diffuso per la comunità.
In questo scenario di evoluzione, le politiche di conciliazione vita‑lavoro registrano una lieve flessione, fisiologica dopo la forte espansione della fase post‑pandemica: la flessibilità oraria scende dal 41,3% al 38,6% e lo smart working dal 21,4% al 17,0%. Il dato non riguarda però le imprese più attente alle esigenze familiari, che continuano a registrare risultati significativamente migliori: livelli più elevati di soddisfazione dei lavoratori (65,0% contro il 32,3%) e maggiore produttività (62,3% contro il 27,9%), a conferma del legame tra qualità del welfare e performance aziendale.
© RIPRODUZIONE RISERVATA
Seguici anche su Google Discover di Avvenire"
20260701110356,Corriere,https://napoli.corriere.it/notizie/cronaca/26_luglio_01/universita-federico-ii-tremila-alle-urne-per-il-rettore-ecco-i-programmi-e-gli-appelli-al-voto-dei-tre-candidati-8ddb5ec9-8d68-4d96-bd30-8ea2fda93xlk.shtml,,,,,,srclc:ita,"Università Federico II, tremila alle urne per il rettore: ecco i programmi e gli appelli al voto dei tre candidati
Si chiude l’era di Matteo Lorito, prima tornata giovedì e venerdì. In corsa ci sono Andrea Mazzucchi, Santolo Meo e Alessandro Pezzella
Perché il nuovo rettore della Federico II sia eletto al primo turno, è necessario che tra domani e venerdì vada alle urne almeno metà più uno dei 2.943 aventi diritto al voto tra docenti ordinari, professori associati, ricercatori e rappresentanti degli studenti e del personale amministrativo e tecnico. I candidati in corsa per il dopo Lorito — in ordine alfabetico — sono Andrea Mazzucchi, direttore del Dipartimento di Studi umanistici, Santolo Meo, ordinario di convertitori, macchine e azionamenti elettrici, e Alessandro Pezzella, docente di chimica organica al Dipartimento di Fisica. Perché uno di loro risulti eletto, è necessario anche che ottenga almeno metà dei voti espressi più uno. Nel caso in cui questo non avvenga, il decano Nicola Fusco ha predisposto il calendario delle successive votazioni, previste per il 7 e l’8 per il secondo, e il 14 e il 15 per l’eventuale ballottaggio. Mentre nelle prime due votazioni risulta eletto il candidato che abbia ottenuto la maggioranza assoluta dei voti espressi, nella terza — se necessario — si procederà a un ballottaggio tra i due candidati più votati nella seconda votazione e risulterà eletto il candidato che otterrà il maggior numero di voti. Ecco gli «appelli al voto» dei tre candidati.
Andrea Mazzucchi: «Ateneo efficiente. Al centro gli studenti»
Dopo la laurea a Napoli in Filologia dantesca e il dottorato presso l’università di Firenze, Andrea Mazzucchi, 60 anni, ha insegnato per alcuni anni nei licei, dal 2006 è stato associato e dal 2010 è ordinario di Filologia della letteratura italiana e di Filologia dantesca alla Federico II. È stato vicepresidente e presidente della Scuola delle Scienze umane e sociali ed è al secondo mandato come direttore del Dipartimento di Studi umanistici.
Professore Mazzucchi, qual è il punto più qualificante e caratterizzante del suo programma?
«È difficile individuare un solo punto in un programma di oltre cinquanta pagine. Se dovessi sintetizzarlo in poche parole direi che il mio obiettivo è costruire una comunità universitaria fondata su quattro principi: collaborazione, inclusione, confronto, comunità. Credo che una governance efficace nasca dall’ascolto e dalla partecipazione di tutte le componenti dell’ateneo: studenti, docenti e personale tecnico-amministrativo e bibliotecario. La Federico II dispone di straordinarie competenze interdisciplinari; il compito del rettore è metterle in rete, favorire il dialogo tra centro e dipartimenti e creare le condizioni perché ciascuno possa esprimere al meglio il proprio potenziale. Al centro di tutto restano gli studenti, perché sono loro la ragione stessa dell’esistenza dell’università, il tratto che distingue un’università pubblica da un centro di ricerca. Occorre perciò uno sforzo collettivo di collaborazione per migliorare i servizi agli studenti e attrarne di nuovi da tutta l’area del Mediterraneo, facilitandone la percezione di entrare a far parte di una comunità inclusiva e che garantisce una formazione di alto livello».
Qual è il provvedimento più urgente che si propone di attuare?
«Mi piacerebbe indicare almeno 10 priorità, ma per restare nell’ambito della domanda direi la creazione di una struttura realmente efficiente di supporto alla ricerca competitiva. Oggi la qualità della ricerca dipende sempre più dalla capacità di partecipare a bandi nazionali ed europei. È quindi indispensabile accompagnare i ricercatori nell’informazione sulle opportunità di finanziamento, nella progettazione e nella rendicontazione, liberandoli da un eccessivo carico burocratico e consentendo loro di dedicarsi pienamente alla ricerca. Accanto a questo, considero altrettanto urgente ridefinire il rapporto tra università, Azienda ospedaliero-universitaria e Regione, riaffermando il ruolo dell’università nella programmazione delle attività di didattica, ricerca e assistenza. L’integrazione tra queste tre missioni costituisce la specificità di un Policlinico universitario e deve tornare a essere, senza cedimenti, il principio ispiratore dei rapporti istituzionali».
Professore, faccia un appello al voto spiegando ai suoi colleghi perché dovrebbero votare per lei.
«Il primo appello che rivolgo ai colleghi è di partecipare al voto. L’elezione del rettore è uno dei momenti più importanti della vita democratica del nostro Ateneo. Quanto alla mia candidatura, mi piacerebbe che i colleghi mi accordassero la loro fiducia non solo per le proposte contenute nel programma, ma per lo spirito con cui ho affrontato questa sfida: costruire un’università nella quale tutti possano sentirsi ascoltati, valorizzati e messi nelle condizioni di fare bene il proprio lavoro. Credo profondamente nella missione dell’università pubblica. La Federico II vive grazie alle risorse della collettività, pesa sulla fiscalità generale e ha il dovere, dunque, di restituire al Paese ricerca, innovazione e formazione di qualità. Ma ha anche una responsabilità ancora più grande: essere il più potente ascensore sociale di cui dispone una democrazia. Significa offrire a ogni giovane, indipendentemente dalla condizione economica e sociale di partenza, la possibilità di costruire il proprio futuro attraverso lo studio, l’impegno e il talento. Se avrò l’onore di essere rettore, lavorerò perché la Federico II continui a essere un luogo di eccellenza scientifica, ma anche uno straordinario strumento di crescita civile, di inclusione e di promozione sociale, un luogo nel quale si realizzi quella “utopia possibile dell’educazione” di cui ha parlato l’antropologo francese Marc Augé, e continui ad essere, per dirla con Hannah Arendt, “un rifugio di verità”».
Santolo Meo: «Otto prorettori con capacità davvero operative»
Nato a Ottaviano nel 1964, Santolo Meo è ordinario di Convertitori, macchine e azionamenti elettrici presso il Dipartimento di Ingegneria elettrica e delle tecnologie dell’informazione. È stato delegato del rettore per l’edilizia universitaria (con competenza su residenze, campus universitari, studentati). Presiede il corso di laurea in Ingegneria elettrica ed è stato membro del Senato accademico e del Consiglio di amministrazione della Federico II e anche dell’Azienda regionale di diritto allo studio universitario.
Professore Meo, qual è il punto più qualificante e caratterizzante del suo programma?
«È il recupero del ruolo autentico che deve assolvere il nostro Ateneo. La visione di una università pubblica, autonoma, libera, partecipata, inclusiva, capace di essere autorevole guida culturale, coscienza critica del Paese, motore di sviluppo sostenibile e presidio critico nel cuore del Mediterraneo. È l’idea di una Federico II come comunità, non come somma di interessi particolari, un ateneo dei saperi non dei poteri. Un’università attenta alle sfide del nostro tempo: inverno demografico, concorrenza globale nella formazione, internazionalizzazione e necessità di forte integrazione dei saperi, attenzione nel reperimento di risorse economiche-finanziarie. Un’università che ha ben chiaro il ruolo di respiro internazionale che può e deve giocare nell’ambito della competizione globale. Per attuare questa visione propongo una riforma radicale della governance, con otto prorettori dotati di reali capacità operative e poteri di spesa, un Consiglio di amministrazione eletto dall’intera comunità universitaria e aperto alla presenza del personale tecnico-amministrativo, un Senato accademico protagonista della politica di ateneo grazie all’attribuzione di maggiori poteri, una grande riorganizzazione dell’amministrazione per missioni, sul modello delle migliori università internazionali. Un programma che prevede una forte azione nel contribuire a costruire un ecosistema territoriale virtuoso».
Qual è il provvedimento più urgente che si propone di attuare?
«La mia priorità sono le persone: gli studenti, con un grande piano contro gli abbandoni, più servizi, inclusione, diritto allo studio e maggiore attenzione alle persone più fragili; i dottorandi, gli assegnisti e i giovani ricercatori, ai quali la Federico II deve offrire reali opportunità di crescita, valorizzazione del merito, senza disperdere il patrimonio rappresentato dagli oltre 500 Rtda in scadenza; i ricercatori a tempo indeterminato e i professori associati, attraverso un piano straordinario pluriennale di progressione verso il ruolo di professore ordinario; il personale tecnico, amministrativo e bibliotecario, che merita maggiori opportunità di crescita professionale, welfare e valorizzazione delle competenze; una migliore definizione del rapporto dei docenti di Medicina con il sistema sanitario».
Professore, faccia un appello al voto spiegando ai suoi colleghi perché dovrebbero votare per lei.
«Questa elezione è molto più della scelta di un rettore. È la scelta di quale università vogliamo essere nei prossimi sei anni. Molti di noi avvertono che la Federico II sta vivendo un progressivo indebolimento della propria identità, smarrendo il ruolo che riveste nella società. La mia è la proposta di una università che progetta con speranza, orgoglio e autonomia il proprio futuro e non lascia indietro nessuno. Una risposta alle attese di tanti che non chiedono favori, ma opportunità; che non cercano scorciatoie, ma riconoscimento del proprio lavoro; che non pretendono privilegi, ma giustizia, che dicono basta a certe stanze dove si amministrano privilegi consolidati e a certi blocchi accademico-politici che sempre più nuocciono ad una istituzione culturale che deve rimanere indipendente. Se vogliamo una Federico II più autorevole, più democratica e più giusta, questo è il momento di voltare pagina. Questa è l’occasione per far sentire forte e chiara la nostra voce nelle urne. Il cambiamento è possibile, ma dipende da ciascuno di noi». 
Pezzella: «Ricerca più forte e utilizzo chiaro dei finanziamenti»
Nato nel 1969, Alessandro Pezzella è laureato in Chimica, in Farmacia e in Matematica. Docente di Chimica organica presso il Dipartimento di Fisica «Ettore Pancini», si dedica in particolare allo studio di materiali e dispositivi per consentire la comunicazione e il trasferimento di informazioni tra sistemi biologici e dispositivi elettronici. Pezzella è stato membro del Senato accademico e del Consiglio di amministrazione della Federico II, nonché della Commissione congiunta Senato-Cda per la stesura di regolamenti di Ateneo e di varie commissioni del Consiglio universitario nazionale (Cun).
Professore Pezzella, qual è il punto più qualificante e caratterizzante del suo programma?
«L’elemento più qualificante del mio programma è l’integrazione tra visione e gestione. Una grande università deve saper immaginare il proprio futuro, ma anche tradurre questa visione in decisioni concrete, processi efficienti e servizi di qualità. Per questo il mio programma, attraverso la attuazione di azioni integrate, coniuga il rafforzamento della ricerca, dell’internazionalizzazione e della qualità della didattica con la semplificazione amministrativa, la trasparenza, una programmazione chiara delle risorse e il sostegno ai Dipartimenti. Sulla base dell’esperienza maturata negli anni immagino un cambiamento culturale: passare da una logica di gestione a una logica di anticipazione. Governare un grande ateneo non significa limitarsi a risolvere i problemi quando si presentano, ma creare le condizioni perché possano essere previsti e affrontati per tempo, attraverso programmazione, dati, semplificazione e una costante capacità di ascolto della comunità universitaria. Al centro ci sono le persone: studenti, ricercatori, docenti e personale tecnico-amministrativo. Il compito del rettore è creare le condizioni affinché il talento possa emergere, essere valorizzato e contribuire alla crescita dell’ateneo, del territorio e del Paese».
Qual è il provvedimento più urgente che si propone di attuare?
«La prima decisione sarà dare certezza ai Dipartimenti e alle persone. Come chiarito nel programma, entro i primi mesi di mandato definirò un cronoprogramma annuale, pubblico e vincolante, per la distribuzione delle risorse e la definizione delle scadenze per le procedure di reclutamento. I Dipartimenti devono poter programmare ricerca, didattica e sviluppo conoscendo in anticipo quando saranno disponibili le risorse e quando potranno bandire le posizioni. Accanto a questo, renderemo pienamente trasparenti i criteri di assegnazione delle risorse, in particolare rivedendo gli “algoritmi” alla base delle attuali tabelle di ripartizione così da coniugare merito, qualità e valorizzazione delle diverse vocazioni scientifiche dell’ateneo. Entro il primo semestre andrà inoltre avviata e completata una riprogettazione della struttura di governo dell’ateneo, sulla quale basare, nei tempi più rapidi possibili, il percorso di revisione dello Statuto».
Professore, faccia un appello al voto spiegando ai suoi colleghi perché dovrebbero votare per lei.
«Chiedo la fiducia dei colleghi perché credo che la Federico II abbia oggi l’opportunità di aprire una nuova fase della propria storia recente, fondata sull’autonomia, sulla partecipazione e sulla responsabilità condivisa. La mia candidatura nasce dall’ascolto della nostra comunità, in questi mesi ho incontrato centinaia di colleghi, personale tecnico-amministrativo e studenti, raccogliendo idee, criticità e proposte che sono diventate parte integrante del programma. Mi impegno a essere un rettore presente, capace di ascoltare, di decidere con equilibrio e di rappresentare con autorevolezza la nostra università in tutte le sedi istituzionali. Chiedo il vostro voto non per amministrare l’esistente, ma per costruire insieme una Federico II più semplice, più forte, più internazionale e più capace di valorizzare le idee e il lavoro di tutte le sue componenti. Una Federico II più consapevole di sé. Una comunità accademica cresce, anche nella sua cifra identitaria, e quando ciascuno può contribuire, con le proprie competenze, al futuro dell’ateneo. Questo è l’impegno che assumo con tutti i miei colleghi»."
20260701100052,Ilgiornale Il,https://www.ilgiornale.it/news/governo/incentivi-chi-sceglie-i-fondi-pensione-2686897.html,,,,,,srclc:ita,"Da oggi si cambia: addio al vecchio Tfr in azienda e avanti tutta con i fondi pensione e la previdenza complementare. Per essere precisi, i neoassunti nel settore privato a partire dal 1 luglio 2026 saranno iscritti automaticamente al fondo pensione di categoria, salvo rinuncia esplicita entro 60 giorni. È una rivoluzione culturale perché i fondi pensione conquistano la pole position e il tesoretto in azienda diventa residuale, o almeno questo è l'intendimento del governo che ha deciso la svolta con la manovra di bilancio di quest'anno. «Dobbiamo prendere atto del fatto che con la riforma Dini del '96 la pensione non viene più calcolata con il metodo retributivo ma contributivo - spiega il sottosegretario al Lavoro Claudio Durigon (foto) - e dunque l'unico modo per assicurare un futuro dignitoso ai nostri lavoratori è quello di rafforzare il secondo pilastro della previdenza, quello, appunto, dei fondi pensione». Oggi siamo al 39.9%, ma l'obiettivo è salire e salire ancora, portando l'asticella molto più su. Si prevedono, almeno centomila ingressi l'anno in più ma i numeri sono una scommessa. «Più sono meglio è - sintetizza Durigon - perché così il sistema avrà più capienza e tenuta e offrirà soluzioni e risposte adeguate».
Insomma, da oggi il Tfr confluirà nel fondo pensione di categoria insieme ai contributi di lavoratore e datore di lavoro. Chi non se la sente, dovrà fare opposizione, dunque manifestare in modo esplicito il proprio no e per farlo avrà solo sessanta giorni. Una finestra stretta che dovrebbe facilitare la svolta. Restano fuori il mondo del pubblico impiego e quello del lavoro domestico, ma il passo non è da poco. Nel caso ci siano più fondi, l'aggancio sarà con quello che ha il maggior numero di iscritti. Se invece, non dovesse esserci una sponda cui approdare - e in qualche raro caso questa è la situazione - si verrà dirottati sul fondo Cometa.
Dunque, ciascuno potrà fare le proprie valutazioni, ma il cambiamento di mentalità e prospettiva si impone. «Sappiamo benissimo - aggiunge Durigon - che dal 2035 il valore delle pensioni comincerà a scendere e dunque dobbiamo attrezzarci per affrontare i tempi che arriveranno».
C'è di mezzo, naturalmente, anche l'invecchiamento della popolazione e l'inverno demografico con il calo costante delle nascite, ma in ogni caso quei meccanismi, pensati in un'altra epoca, non possono più fronteggiare la situazione. «Noi cogliamo un trend - aggiunge Durigon - e vogliamo trasformarlo in un'opportunità per le nuove generazioni. Per questo chi sceglie questa via, troverà incentivi e una tassazione ridotta sul Tfr, insomma condizioni più favorevoli che vogliamo potenziare ancora per favorire il cambiamento».
Finora la partecipazione ai fondi complementari scattava solo dopo sei mesi: il silenzio lungo 180 giorni comportava l'attrazione del Tfr verso un fondo di categoria. Oggi, come accennato, i tempi si accorciano e la logica viene in qualche modo capovolta: il tentativo è quello di trasformare il fondo complementare nel punto di riferimento del neoassunto e dunque nello strumento ordinario con cui costruire la propria rendita e garantirsi una copertura economica importante per la terza età.
Si vedrà nel tempo come la sterzata sarà accolta da chi oggi entra in ufficio o in fabbrica. E si valuteranno anche le criticità.
Intanto, il secondo step scatterà il 31 ottobre quando entrerà in vigore la portabilità del contributo del datore di lavoro per chi decide di uscire dal fondo di categoria per entrare nei fondi aperti, quelli gestiti da banche e assicurazioni. «Si sta ragionando sul fatto di spostare questa data al 1 gennaio 2027- chiarisce Durigon - per dare a tutti la possibilità di prepararsi alla novità».
I fondi di categoria temono l'assalto di quelli aperti, ma il
sottosegretario la pensa in un altro modo: «Io credo che tutti i fondi possano giocare al meglio la partita, calamitando migliaia e migliaia di persone. Ci sarà spazio per gli uni e per gli altri, nell'interesse dei lavoratori»."
20260701092558,Bergamonews,https://www.bergamonews.it/2026/07/01/fnp-informa-luglio-2026/906025/,,,,,,srclc:ita,"FNP CISL Bergamo realizza il “Piano anziani 25/50” per promuovere un invecchiamento attivo e sano, favorendo autonomia e domiciliarità
Il Piano Anziani 2025/2050
Secondo le stime ISTAT elaborate dal Dipartimento welfare della CISL di Bergamo, la popolazione over 65 a Bergamo e provincia, entro il 2050, vedrà un incremento del 50%, mentre la fascia di età da 0 a 64 anni diminuirà del 18%, confermando così un indirizzo che accentua l’inverno demografico in atto già da anni.
Entrando maggiormente nel dettaglio, la popolazione over 65 in Lombardia passerà dal 23,3 % al 32,49 %, in provincia di Bergamo dal 22,47 % al 32,76 %, con punte di oltre il 36%, a Bergamo città dal 25,10 al 31,08.
Sono inoltre da considerare attentamente, sia il fenomeno di spopolamento delle valli bergamasche, in particolare la valle Brembana con un calo di residenti del 6,39 % , la valle Seriana, con un calo di oltre il 4% e i laghi bergamaschi con meno 2,20 %.
Partendo da queste considerazioni, FNP CISL Bergamo ha voluto realizzare e condividere il “Piano anziani 25/50”, con l’obiettivo di promuovere invecchiamento attivo e sano, favorire autonomia e domiciliarità, rafforzare servizi socio-sanitari territoriali, ridurre isolamento e solitudine, sostenere reddito e inclusione sociale, integrare tecnologia e innovazione e migliorare governance e finanziamenti."
20260701092307,Adnkronos,https://www.adnkronos.com/economia/confcommercio-nasce-il-nuovo-consiglio-di-scandicci-e-piana-fiorentina_5RbCl6KrIOAOg6otTxnQMr,,,,,,srclc:ita,"Andrea Ticonosco presidente: ""più forza alle imprese tra innovazione, commercio e turismo""
Classe 1993, imprenditore, sommelier, Andrea Ticonosco è il nuovo presidente della delegazione Confcommercio Scandicci e Piana Fiorentina, che rappresenta le imprese del terziario di Scandicci, Lastra a Signa, Campi Bisenzio, Calenzano, Sesto Fiorentino e Signa. Titolare dell'enoteca L'Angolo del Vino, aperta nel 2018, e ideatore di Wine Weekend, la manifestazione che dal 2022 porta a Scandicci per due edizioni l’anno decine di piccole cantine italiane, Ticonosco guiderà un Consiglio che esprime tutte le realtà territoriali del comprensorio e le diverse anime del terziario, dal commercio ai servizi, dalla ricettività alla ristorazione, dalla cultura ai servizi.
Al suo fianco il vicepresidente Andrea Porquier (Art Attack Associazione Culturale) e i consiglieri Francesco Bartolacci, Niccolò Becciolotti, Laura Colangelo, Erika Di Stefano, Stefano Giusti, Bruno Migneco, Ylenia Monaco, Emiliano Pilotto, Paolo Raveggi e Mario Salzano. La delegata di zona di Confcommercio è Valentina La Malfa.
Il nuovo organismo di Confcommercio si insedia in una fase di grandi trasformazioni. Il territorio coperto dalla delegazione concentra quasi un'impresa su cinque dell'intera provincia di Firenze: oltre 16.200 imprese attive in tutti i settori, ma tra il 2019 e il 2025 ne ha perse quasi 1.300. Nello stesso periodo, ha perduto il 17% delle attività commerciali al dettaglio e ingrosso (dalle 4.439 del 2019 alle 3.690 del 2025). Sesto Fiorentino resta il comune con il numero più alto di imprese del commercio (1.116 nel 2025), seguito da Scandicci (789) e Campi Bisenzio (772). Calenzano il comune che ha registrato il dato percentuale più negativo in termini di calo demografico delle imprese attive nel commercio e turismo (-22%).
Accanto a questa criticità emergono però importanti elementi di vitalità, come il primato di Sesto Fiorentino tra i comuni dell'area metropolitana per le start-up innovative dopo Firenze (grazie alla presenza del Polo Universitario) e la crescita del comparto turistico-ricettivo, con Scandicci unico comune del comprensorio ad aumentare le imprese di alloggio e ristorazione rispetto al periodo pre-pandemia.
«Voglio portare nel mio nuovo incarico sindacale lo stesso entusiasmo, l’energia e la voglia di fare che metto ogni giorno nella mia attività di impresa. E lo farò in squadra con i colleghi consiglieri, dando voce alle esigenze di tutti i comuni della delegazione – afferma il neo presidente Andrea Ticonosco – Le imprese in questo momento chiedono di non essere lasciate sole Il nostro obiettivo sarà rafforzare il dialogo con le amministrazioni locali per costruire politiche che sostengano davvero chi fa impresa, accompagnando le attività nell'innovazione, nella transizione digitale e nella valorizzazione dei centri urbani».
Tra i primi obiettivi, quello di costruire proposte concrete per i giovani: «vogliamo creare occasioni di incontro, cultura e socialità che permettano di vivere di più le città e di riscoprire il valore delle relazioni reali, offrendo prospettive diverse rispetto a una vita vissuta esclusivamente online – sottolinea il neo presidente della delegazione Confcommercio - un'altra sfida sarà quella del turismo: la vicinanza a Firenze rappresenta una straordinaria opportunità, ma occorre trasformare i flussi che oggi attraversano il territorio in ricadute economiche diffuse per commercio, pubblici esercizi e servizi»."
20260701090400,Avvenire,https://www.avvenire.it/mondo/ii-nuovo-giappone-grandi-ambizioni-militari-ma-mancano-i-soldati_110414,,,,,,srclc:ita,"II ""nuovo"" Giappone ha grandi ambizioni militari. Ma mancano i soldati
di Luca Miele
Nonostante una inversione di tendenza registrata nel 2025, gli obiettivi restano largamente disattesi. I giovani possono contare su un ventaglio di possibilità lavorative molto ampio
Ambizioni strategiche e militari sempre più spregiudicate. Un numero di soldati considerato come fortemente insufficiente. Il “nuovo” Giappone - quello che si sta progressivamente distaccando dall’anima pacifista di cui si era dotato dopo la Seconda guerra mondiale -, è sempre più stretto in questa tenaglia. Sotto la guida del primo ministro Sanae Takaichi, Tokyo sta accelerando i piani per aumentare la spesa per la difesa al 2% del Pil, sta sviluppando capacità di attacco a lungo raggio e sta espandendo il proprio ruolo operativo in un contesto regionale sempre più “movimentato”. Secondo gli analisti, questa ricalibratura strategica verso una deterrenza più attiva è dettata in gran parte dalla paura “per la modernizzazione militare cinese, l'attività missilistica nordcoreana e l'incertezza sulla capacità strategica a lungo termine degli Stati Uniti”.
Il cambio di passo urta però contro un vulnus strutturale: mancano i soldati. Una carenza che resta grave nonostante nel 2025 si sia registrata un’inversione di tendenza: le Forze di autodifesa giapponesi hanno reclutato 11.177 persone nell'anno fiscale 2025, superando per la prima volta in tre anni la soglia dei 10.000 effettivi e registrando un incremento di 1.453 unità rispetto all'anno precedente. Ma gli obiettivi fissati restano lontani.
Come scrive Asia Times, nell'anno fiscale 2023, la campagna di reclutamento si è fermata al 51% dell'obiettivo prefissato: 9.959 contro i 19.598 indicati, con un calo del 66% dell'anno precedente. “La carenza è stata resa ancora più evidente dalle ambizioni del governo stesso: l'obiettivo era stato innalzato rispetto ai precedenti 11.758 in linea con la spinta a rafforzare la difesa nazionale, eppure il numero effettivo di reclute è diminuito di quasi 1.800 unità”.
Qual sono le cause di questo progressivo “restringimento” che azzoppa i piani di grandeur giapponesi? A incidere è innanzitutto l’inverno demografico che, da anni, avvolge nelle sue spire il Giappone. Dalla metà degli anni '90, la popolazione giapponese di età compresa tra i 18 e i 26 anni è diminuita di circa il 40%, e il numero di giovani adulti fisicamente idonei e reclutabili continuerà a ridursi per decenni.
Altro ordine di fattore è riconducibile allo scarso appeal della vita militare e all’ampio ventaglio di occasioni lavorative che si presenta ai giovani giapponesi. Come scrive il Geopolitical Monitor, “il mercato del lavoro giapponese è diventato estremamente competitivo, con datori di lavoro di tutti i settori che si contendono aggressivamente i lavoratori. Nell'anno fiscale 2023, per ogni neodiplomato in cerca di lavoro c'erano 3,52 offerte di lavoro, a dimostrazione di quanto sia diventato competitivo il mercato del lavoro giovanile. Storicamente, il servizio militare poteva rappresentare un percorso stabile per la mobilità sociale, soprattutto per coloro che avevano poche alternative. Questa logica si è indebolita”. I giovani giapponesi scelgono insomma una strada fatta di “salari più alti, maggiore flessibilità e minori rischi personali rispetto al servizio militare”.
© RIPRODUZIONE RISERVATA
Seguici anche su Google Discover di AvvenireTemi"
20260701085845,La Sicilia,https://www.lasicilia.it/news/sponsor/3053809/casa-cura-e-terzo-settore-samo-ets-alleato-del-sistema-sanitario-nazionale-per-una-sanita-territoriale-umana.html,,,,,,srclc:ita,"i servizi
Casa, cura e terzo settore: Samo Ets alleato del sistema sanitario nazionale per una sanità territoriale umana
La famiglia è diventata il nucleo centrale dell’intervento domiciliare tra gli abbracci, i sorrisi e il senso di serenità
Il profondo stravolgimento demografico che ha investito l’Italia portandoci in cima alle statistiche per i bassi tassi di natalità e per l’aumento delle aspettative di vita ha ridisegnato già adesso la domanda di salute. Con l’aumento dei nuclei monofamiliari e degli anziani affetti da patologie croniche non più guaribili ma che necessitano di assistenza e cure specialistiche dedicate e personalizzate è via via aumentata la pressione sul welfare determinando un carico finanziario e organizzativo al quale il sistema di protezione sociale del nostro Stato non è in grado di rispondere. E tutto questo è già evidente dalle liste d’attesa infinite per esami anche indispensabili, agli accessi al Pronto Soccorso, spesso inutili, ma percepiti come una risposta immediata al loro bisogno di salute non soddisfatto. Nel nostro secolo la casa è stata eletta come il luogo naturale di cura, poiché risponde al desiderio di garantire dignità e comfort ai pazienti fragili o terminali. Tuttavia, questa tendenza trasferisce una pressione enorme sulle mura domestiche, trasformando la famiglia nel nucleo centrale del sistema assistenziale, la stessa famiglia nella quale patologie croniche, la non autosufficienza, la solitudine, la povertà economica si combinano variamente necessitando di risposte “cucite su misura”.
L’integrazione tra gli enti del terzo settore (Ets) come Samo Ets e il Servizio Sanitario Nazionale (Ssn) vanta radici storiche profonde. Un esempio straordinario che anticipa di secoli questa integrazione è stata la gestione delle grandi epidemie di peste nel 1600 da parte delle Confraternite della Misericordia e nei secoli questo rapporto si è evoluto trasformandosi da un iniziale rapporto di ""supplenza"" a una vera e propria collaborazione istituzionale. Il terzo settore può supportare il Servizio Sanitario Nazionale (Ssn) agendo come un partner strategico e integrato, e non come un semplice fornitore privato a basso costo. Questa sinergia si realizza attraverso il principio di sussidiarietà orizzontale, dove gli Ets come Samo Ets colmano il divario tra i bisogni dei cittadini e le risposte delle istituzioni pubbliche.
Questa collaborazione potrebbe essere ancora potenziata attraverso un programma di co-progettazione e co-programmazione dei servizi: la conoscenza e presenza capillare nel territorio dal quale sono nati e del quale conoscono le fragilità permetterebbe la realizzazione di percorsi assistenziali personalizzati che ottimizzino l'uso dei fondi pubblici, scongiurando il ritorno delle gare d’appalto al massimo ribasso, con accordi di collaborazione basati sulla qualità e specificità del servizio. Perché sanità è un bisogno, ma salute è un principio sancito dall’art. 32 della Costituzione. Si realizzerebbe così un potenziamento della sanità territoriale e domiciliare, con il terzo settore che diventa trainante per decongestionare gli ospedali e spostare l’asse di cura verso il territorio attraverso reti di assistenza domiciliare specialistica per malati terminali che siano omogenee sul territorio (Samo Ets). Si potrebbero realizzare anche degli interventi su case e ospedali di Comunità con supporto operativo nelle nuove strutture del Pnrr per la gestione di pazienti cronici o a bassa intensità clinica.
Samo e gli altri Ets apportano un valore aggiunto emotivo e relazionale che il sistema pubblico fatica a standardizzare perché si basa sull’umanizzazione delle cure, attraverso un supporto socio-sanitario realizzato con interventi di ascolto ai caregiver e orientamento dei familiari nella complessa burocrazia sanitaria e nell'accesso ai diritti (es. invalidità, esenzioni).
Gli enti del terzo settore (Ets) sono mossi da principi cardine che mettono l'essere umano e il bene comune al di sopra del profitto economico. Questi valori sono sanciti dal codice del terzo settore (D.Lgs. 117/2017) e guidano l'azione di realtà come la Samo Ets."
20260701073000,Money.it,https://www.money.it/pensioni-sempre-piu-basse-boeri-vero-problema-mercato-lavoro,,,,,,srclc:ita,"Pensioni sempre più basse per le nuove generazioni: secondo il già presidente Inps, Tito Boeri, il nodo è il mercato del lavoro, tra salari deboli e carriere discontinue.
Tito Boeri, ex presidente dell’Inps e tra gli economisti più autorevoli in Italia, parla di pensioni e lavoro in un’intervista che mette al centro un punto essenziale: i due temi non possono essere affrontati separatamente. Il futuro previdenziale del Paese dipende infatti non solo dalle regole di accesso alla pensione, ma soprattutto dalle condizioni del mercato del lavoro.
Boeri è oggi direttore di Eco, mensile di economia nato per rispondere a una domanda sempre più forte di informazione economica chiara, affidabile e di qualità. Una rivista che vuole fornire ai lettori strumenti utili per orientarsi nelle scelte di tutti i giorni, ma anche per formarsi un’opinione consapevole sulle grandi questioni economiche e sociali del nostro tempo.
L’approccio è quello di far parlare soprattutto i dati, con un linguaggio semplice ma mai semplicistico: senza banalizzare la complessità dei problemi, senza piegare le statistiche a tesi preconcette e con l’ambizione di rendere l’economia più comprensibile, più vicina alla vita delle persone.
Sullo stesso stile si inserisce questa intervista rilasciata a noi di Money.it, in cui Boeri affronta il tema delle pensioni partendo dai dati e dal mercato del lavoro, spiegando perché il futuro previdenziale dell’Italia dipenderà sempre di più dalla qualità delle carriere, dalla partecipazione al lavoro e dalla capacità del Paese di garantire occupazione stabile e salari adeguati.
In qualità di ex presidente dell’Inps, a dieci anni di distanza, come vede lo scenario delle pensioni del futuro?
A dieci anni di distanza, lo scenario delle pensioni del futuro resta legato soprattutto alla tenuta del sistema a ripartizione, che vive di un equilibrio molto delicato: da una parte ci sono le pensioni da pagare, dall’altra i contributi versati da chi lavora.
Il vero nodo, quindi, è il mercato del lavoro. In un Paese segnato dal calo demografico, con sempre meno giovani che entrano nel mondo del lavoro, diventa fondamentale mobilitare tutte le energie disponibili: facilitare il passaggio dalla scuola al lavoro, aumentare il tasso di occupazione e soprattutto favorire una maggiore partecipazione femminile.
Questo è un punto decisivo, perché oggi le donne hanno spesso un capitale umano elevato, ma continuano a essere penalizzate da carichi di cura molto gravosi: figli, familiari non autosufficienti e responsabilità domestiche che ricadono ancora in larga parte su di loro. La cosiddetta child penalty, cioè la penalizzazione professionale e retributiva legata alla maternità, resta molto rilevante e incide inevitabilmente anche sulle pensioni future.
Quando era presidente, lei ha lavorato a una proposta di riforma che avrebbe garantito al tempo stesso flessibilità e sostenibilità. Pensiamo, ad esempio, a una flessibilità in uscita basata sul montante accumulato nel corso della vita lavorativa, rapportato all’età di uscita e alla speranza di vita residua, ma anche al reddito minimo garantito per gli over 55. Sono misure ancora attuabili?
Quella proposta nasceva con un obiettivo preciso: evitare che il sistema previdenziale fosse corretto, anno dopo anno, con piccoli aggiustamenti parziali, spesso dettati dall’emergenza, che poi finiscono per creare nuovi squilibri. L’idea non era “fare cassa”, ma introdurre maggiore equità.
Il punto centrale era consentire una certa flessibilità in uscita, ma dentro un quadro sostenibile. Chi avesse scelto di andare in pensione prima avrebbe potuto farlo, accettando però un assegno leggermente più basso. Era un modo per riconoscere libertà di scelta alle persone, senza scaricare i costi sulle generazioni successive.
Questo avrebbe riguardato soprattutto chi si trovava nel sistema misto e non aveva lunghissime anzianità contributive. Paradossalmente, in alcuni casi, con il contributivo puro si può accedere prima alla pensione rispetto a chi ricade nel sistema misto. La riforma che proponevamo avrebbe corretto queste asimmetrie, permettendo anche ai lavoratori misti una maggiore flessibilità, ma con aggiustamenti coerenti con i principi del contributivo.
Va chiarito un punto tecnico importante: non proponevamo un ricalcolo interamente contributivo della pensione. Sulla quota retributiva sarebbero stati applicati degli aggiustamenti, ispirati ai coefficienti di trasformazione, ma l’importo sarebbe comunque rimasto più favorevole rispetto a un ricalcolo contributivo pieno.
Vista oggi, quella riforma in parte è stata superata dal tempo. Tuttavia, la filosofia di fondo resta valida: evitare disuguaglianze tra generazioni e tra lavoratori con carriere diverse. Se fosse stata fatta allora, probabilmente avrebbe evitato il ricorso successivo a misure come le varie “Quote”, che hanno prodotto nuove asimmetrie e creato costi rilevanti per il sistema.
Il problema è che ancora oggi molte proposte continuano a concentrarsi solo sulle uscite anticipate, senza prevedere gli aggiustamenti necessari per garantirne la sostenibilità. La flessibilità è possibile, ma deve essere costruita in modo equo: altrimenti non si risolve il problema, lo si sposta semplicemente in avanti.
Qual è il problema principale delle pensioni in Italia: il fatto che si andrà sempre più tardi o che gli importi saranno sempre più bassi?
Il problema principale, a mio avviso, riguarda l’importo delle pensioni future. Il vero nodo è che molte persone rischiano di arrivare alla pensione con assegni troppo bassi, e questo dipende prima di tutto dalle difficoltà del mercato del lavoro.
Con il sistema contributivo non si possono promettere pensioni molto più alte dei contributi effettivamente versati nel corso della vita lavorativa. Se le carriere sono discontinue, se i salari restano bassi, se ci sono lunghi periodi di precarietà o di lavoro povero, inevitabilmente anche la pensione sarà più bassa.
Per questo bisogna intervenire prima, non solo quando le persone arrivano all’età pensionabile. Il tema delle pensioni è strettamente legato alla qualità del lavoro, alla crescita dei salari, alla stabilità delle carriere e anche al funzionamento della contrattazione collettiva, che oggi in molti casi non riesce più a garantire una tutela retributiva adeguata.
A questo si aggiungono altri fattori, come il fiscal drag, che negli anni ha eroso il potere d’acquisto dei redditi da lavoro. Tutti questi elementi penalizzano i salari oggi e, di conseguenza, rischiano di produrre pensioni più deboli domani.
Quindi sì, l’età di uscita è certamente un tema rilevante, ma il problema più grave è l’adeguatezza degli importi. Se non si interviene sul mercato del lavoro, sarà molto difficile garantire pensioni dignitose alle prossime generazioni.
Come valuta, a una legge di Bilancio dalla fine della legislatura, l’operato del governo Meloni sulle pensioni e sul mercato del lavoro?
Sulle pensioni mi sembra che ci sia stata una certa schizofrenia. Da un lato, per fortuna, la riforma Fornero non è stata cancellata, come era stato promesso in campagna elettorale, perché questo avrebbe creato problemi molto seri di sostenibilità. Dall’altro, però, si è intervenuti in modo non sempre coerente: in alcuni casi irrigidendo le regole di accesso, in altri rinviando l’entrata in vigore di alcuni adeguamenti. Nel complesso, non è emersa una linea di condotta chiara.
Il problema è che sulle pensioni non si dovrebbe procedere per piccoli aggiustamenti continui, perché così si rischia di disorientare le persone. I regimi pensionistici dovrebbero essere modificati il meno possibile: chi lavora deve poter sapere con ragionevole certezza quando andrà in pensione e con quali condizioni, in modo da programmare la propria vita lavorativa.
Interventi parziali, deroghe, proroghe e correzioni continue finiscono invece per creare nuove asimmetrie tra lavoratori che si trovano in situazioni simili, ma vengono trattati in modo diverso solo perché maturano i requisiti in anni differenti.
Il mio giudizio sulle pensioni, quindi, è negativo. Va detto però che poteva andare anche peggio, se fossero state davvero mantenute alcune promesse fatte in campagna elettorale, a partire dal superamento integrale della riforma Fornero.
Sul mercato del lavoro, invece, il giudizio è più articolato. Il taglio del cuneo fiscale e contributivo ha dato sostegno ai redditi da lavoro, e questo è certamente un elemento positivo. Tuttavia, non lo considero un vero intervento strutturale. È stato un taglio selettivo delle tasse, utile nell’immediato, ma non accompagnato da una strategia più ampia.
In particolare, non si è intervenuti in modo efficace per sterilizzare il fiscal drag, come invece è stato fatto in altri Paesi. Il drenaggio fiscale c’è stato eccome: con l’aumento nominale dei salari, molti lavoratori hanno finito per pagare più imposte anche senza un reale aumento del potere d’acquisto. È uno dei nodi principali, perché rischia di ridurre l’effetto positivo degli aumenti salariali e degli stessi interventi fiscali.
In questo quadro, l’immigrazione può essere una leva su cui investire per garantire sostenibilità al sistema previdenziale?
Sì, l’immigrazione può essere una leva importante, soprattutto nel breve periodo. In un Paese che invecchia e in cui entrano sempre meno giovani nel mercato del lavoro, l’apporto dei lavoratori stranieri può contribuire alla tenuta del sistema produttivo e, di conseguenza, anche alla sostenibilità del sistema pensionistico.
Mi sembra che di questo si sia reso conto anche l’attuale governo, che ha approvato decreti flussi tra i più consistenti della storia repubblicana. Al di là delle posizioni ideologiche, il dato di fondo è chiaro: l’economia italiana ha bisogno di lavoratori immigrati.
Naturalmente, però, l’immigrazione è una risorsa che va gestita e governata. Non basta aumentare gli ingressi o “aprire le frontiere”: bisogna poi occuparsi dell’inserimento reale delle persone nel mercato del lavoro, della regolarizzazione, della formazione, del riconoscimento delle competenze e dell’integrazione sociale.
Serve quindi una politica migratoria seria, coerente e non contraddittoria. Perché se da un lato si aumentano gli ingressi per rispondere ai bisogni del sistema produttivo, ma dall’altro si alimenta un clima di ostilità o di diffidenza verso gli immigrati, si crea un problema. L’integrazione funziona solo se c’è anche un contesto sociale favorevole.
Cosa ne pensa della possibilità di estendere l’integrazione al trattamento minimo anche per i lavoratori che hanno iniziato a lavorare dopo il 1996?
Il tema del trattamento minimo va affrontato partendo da un principio: strumenti di questo tipo dovrebbero rientrare nell’assistenza sociale più che nella previdenza in senso stretto.
La previdenza si basa sui contributi versati nel corso della vita lavorativa; l’assistenza, invece, serve a garantire una tutela minima a chi si trova in condizioni di fragilità economica. Da questo punto di vista, il problema delle pensioni basse non riguarda solo chi ha iniziato a lavorare prima o dopo il 1996, ma più in generale tutte le persone che, a una certa età, non dispongono di un reddito sufficiente.
Per questo credo che la risposta sia quella di costruire un sistema di assistenza sociale più organico, finanziato dalla fiscalità generale e garantito dallo Stato. Un sistema capace di tutelare le persone in tutte le fasi della vita, compreso chi arriva alla vecchiaia con una pensione troppo bassa.
Anche il Reddito di cittadinanza andava letto dentro questa prospettiva. Era certamente uno strumento da riformare, ma l’intervento fatto è stato troppo drastico e ha rischiato di lasciare scoperte persone che non sono occupabili, o che incontrano grandi difficoltà a inserirsi nel mercato del lavoro.
Cosa si sente di consigliare a un giovane che entra oggi nel mercato del lavoro? Le prospettive parlano di pensione a 70 anni, o con 45 anni di contributi: bisogna arrendersi all’evidenza oppure si può ancora lavorare sulla propria posizione contributiva?
A un giovane che entra oggi nel mercato del lavoro direi innanzitutto di non considerare la pensione come un tema lontano. Nel sistema contributivo, i contributi versati nel corso della vita lavorativa saranno la base della pensione futura. Per questo è importante iniziare presto ad avere consapevolezza della propria posizione contributiva.
Bisogna fare valutazioni sul proprio futuro, anche quando si è giovani: capire quanti contributi si stanno versando, quale potrebbe essere l’importo della pensione attesa e quali strumenti possono aiutare a integrare il reddito previdenziale nel tempo.
Non bisogna farsi ingannare dall’idea che un netto immediatamente più alto sia sempre conveniente. Il lavoro nero, o comunque il lavoro non regolare, può sembrare più vantaggioso nel breve periodo, ma significa rinunciare a contributi, e questo, specialmente nel lungo periodo, pesa moltissimo.
Lo stesso vale per collaborazioni, contratti atipici e partite Iva: bisogna prestare attenzione a quanto si versa effettivamente e alla continuità della contribuzione. Ogni buco contributivo oggi rischia di tradursi in una pensione più bassa domani.
Quindi no, non bisogna arrendersi all’evidenza. È vero che le prospettive parlano di un’età pensionabile più alta e di carriere molto lunghe, ma si può ancora lavorare sulla propria posizione: scegliendo lavori regolari, controllando l’estratto conto contributivo, costruendo carriere più continue possibile e, quando le condizioni economiche lo consentono, valutando anche forme di previdenza complementare."
20260701072228,Corriere,https://www.corriere.it/oriente-occidente-federico-rampini/26_luglio_01/russia-minaccia-anche-se-perde-ucraina-da175fcf-dc8e-463f-9f86-a725b9c43xlk.shtml,,,,,,srclc:ita,"Gli exploit straordinari delle forze armate ucraine e dell’industria tecnologica di Kiev hanno diffuso un’euforia comprensibile. I guru filo-putiniani che da quattro anni e mezzo pronosticano (e auspicano) la rapida vittoria dell’invasore russo, sono stati smentiti. Il Corriere ha stilato di recente un istruttivo elenco di questi “esperti”. Ma l’eccesso di ottimismo sulle sorti di quel conflitto è pericoloso. Una Russia sconfitta in Ucraina resterà la principale minaccia militare per l'Europa. La Nato rischia di ripetere lo stesso errore commesso dopo la guerra di Georgia del 2008 (sottovalutare Mosca) e quello opposto commesso dopo la caduta di Assad e la perdita della Siria (sopravvalutarla).
Nel dibattito occidentale sulla guerra in Ucraina si è affacciata un'idea rassicurante: qualunque sia l'esito del conflitto, la Russia uscirà così indebolita da non poter più rappresentare una minaccia per l'Europa. Michael Kofman, uno dei maggiori esperti americani delle forze armate russe, contesta questa conclusione in un saggio pubblicato dalla rivista di geopolitica Foreign Affairs. La sua tesi: anche se Mosca dovesse perdere la guerra, resterà per molti anni il principale problema strategico del continente europeo.
La domanda, sostiene Kofman, non è se la Russia ricostruirà il proprio apparato militare, ma quanto rapidamente riuscirà a farlo. La ricostruzione è già cominciata durante la guerra stessa. La vera questione riguarda i tempi.
L'autore invita anzitutto a distinguere tra l'andamento della guerra in Ucraina e il futuro equilibrio della sicurezza europea. Le difficoltà incontrate dall'esercito russo sul campo di battaglia non cancellano il fatto che la Russia rimane l'unica potenza europea dotata della volontà politica, delle dimensioni territoriali, dell'arsenale nucleare e delle capacità industriali necessarie per mettere in discussione l'ordine di sicurezza costruito dalla Nato dopo la Guerra fredda.
Gli analisti occidentali sono divisi. Alcuni ritengono che Mosca impiegherà oltre un decennio per ricostituire il proprio esercito. Altri prevedono tempi molto più brevi. Kofman propende per questa seconda interpretazione. Secondo lui, nell'arco di cinque-sette anni la Russia sarà nuovamente in grado di rappresentare una seria minaccia militare convenzionale. Anche prima potrebbe disporre di forze sufficienti per esercitare pressioni o compiere operazioni limitate contro gli Stati baltici o altri membri della Nato.
La Russia non tornerà identica a quella che invase l'Ucraina nel febbraio 2022. Sarà diversa, sotto molti aspetti persino più pericolosa. La guerra ha trasformato il modo di combattere. Se prima Mosca puntava soprattutto su grandi formazioni corazzate e artiglieria tradizionale, il nuovo esercito russo integrerà questi strumenti con enormi quantità di droni, sistemi di guerra elettronica e capacità di colpire obiettivi lontani con missili di precisione. L'esperienza maturata sul campo di battaglia entra nella dottrina militare.
Molti commentatori occidentali continuano a misurare la forza russa contando i carri armati distrutti o le perdite umane. Sono indicatori importanti ma incompleti. Una forza armata non si valuta soltanto dal numero di mezzi disponibili. Occorre considerare anche la capacità di apprendere, adattarsi e trasformarsi.
Le perdite sono enormi. I morti russi potrebbero superare i 400.000, i feriti gravi oscillano tra 600.000 e 800.000. Sono cifre impressionanti. Eppure durante la guerra le forze armate russe sono cresciute. Prima dell'invasione disponevano di circa 850.000 uomini in servizio attivo; oggi superano il milione e trecentomila. Molte unità sono state ampliate. Accanto ai tradizionali reparti corazzati e motorizzati sono comparsi battaglioni specializzati nei droni, nella ricognizione elettronica e nella guerra informatica. È nata una nuova arma dedicata esclusivamente ai sistemi senza pilota. Sul fronte dei materiali, le perdite sono state gigantesche. Migliaia di mezzi corazzati e pezzi d'artiglieria sono andati distrutti. Tuttavia la Russia ha continuato a produrre nuovi armamenti e a recuperare mezzi immagazzinati fin dall'epoca sovietica. Ha inoltre ricevuto importanti forniture dalla Corea del Nord.
Il risultato è sorprendente. Pur avendo perso moltissimo, Mosca dispone oggi di un numero di mezzi corazzati paragonabile a quello posseduto all'inizio della guerra. Molti sono meno moderni, ma la produzione di nuovi modelli continua a crescere. La fabbricazione dei carri T-90M, i più avanzati dell'arsenale russo, procede ormai a ritmi superiori alle duecento unità l'anno.
La vera rivoluzione, però, riguarda i droni. La Russia produce ormai milioni di piccoli droni tattici e decine di migliaia di droni kamikaze a lungo raggio. Nel solo 2025 ne avrebbe costruiti oltre 70.000, mentre per il 2026 sono già stati ordinati almeno 100.000 esemplari aggiuntivi. La produzione di missili da crociera e missili balistici è anch'essa aumentata rispetto ai livelli precedenti alla guerra.
Anche la qualità è migliorata. Le forze russe hanno ridotto i tempi tra individuazione del bersaglio e attacco, integrando meglio ricognizione, droni, artiglieria e missili. Hanno cioè costruito un sistema nel quale le informazioni raccolte sul campo vengono trasformate quasi immediatamente in fuoco di precisione.
Questa è una delle principali lezioni della guerra. Un'altra riguarda la capacità di adattamento. Molti osservatori descrivono l'esercito russo come rigido e incapace di innovare. Kofman riconosce che il processo di adattamento è più lento rispetto a quello ucraino, ma sottolinea che Mosca possiede una qualità diversa: quando individua una soluzione efficace riesce poi a diffonderla rapidamente su larga scala.
Università, industrie della difesa, centri di ricerca e reparti combattenti collaborano più strettamente che in passato. Le innovazioni sperimentate sul fronte vengono trasformate in modifiche organizzative e industriali.
Non tutto funziona. L'autore dedica ampio spazio ai limiti strutturali dell'apparato militare russo. Molti ufficiali esperti sono morti in combattimento. La qualità media del personale è diminuita. Le nuove reclute ricevono addestramenti molto brevi. Le operazioni offensive sono sempre più affidate a piccoli gruppi di fanteria che avanzano lentamente pagando costi umani elevatissimi. In sostanza, la Russia ha imparato a combattere una guerra di logoramento ma ha perso buona parte della capacità di condurre grandi manovre offensive coordinate. Anche la cultura militare rimane problematica. Persistono l'eccessiva centralizzazione delle decisioni, la scarsa autonomia concessa agli ufficiali inferiori, la corruzione diffusa, la tendenza a falsificare rapporti operativi e la debolezza del corpo dei sottufficiali, elemento fondamentale negli eserciti occidentali. Sono difetti profondi che limitano l'efficienza dell'apparato militare.
Esistono poi vincoli economici. L'economia russa è stata militarizzata, ma non completamente convertita in economia di guerra. Oggi Mosca destina circa il 40% della spesa pubblica alla difesa e alla sicurezza. È uno sforzo enorme, doppio rispetto al periodo precedente l'invasione, ma inferiore ai livelli raggiunti dall'Unione Sovietica durante la guerra fredda. L'economia ristagna. La carenza di manodopera specializzata si aggrava. La popolazione in età lavorativa diminuisce. La guerra e la pandemia hanno peggiorato una crisi demografica già esistente. Le industrie belliche competono con il settore civile per gli stessi lavoratori qualificati. Lo Stato deve aumentare la spesa militare mentre contemporaneamente cerca di contenere inflazione e deficit. Anche la produzione industriale presenta limiti evidenti. Le sanzioni occidentali continuano a rendere difficile l'acquisto di macchinari sofisticati e di alcune componenti tecnologiche. Buona parte dell'equipaggiamento oggi utilizzato deriva ancora dalle immense riserve sovietiche. Una volta esauriti quei depositi, sostituire tutto sarà molto più costoso. Eppure Kofman invita a non sottovalutare gli investimenti già realizzati. Le fabbriche sono state ampliate. Centinaia di migliaia di lavoratori sono stati trasferiti verso il comparto della difesa. Le linee produttive funzionano ormai a pieno regime. Anche se la guerra finisse, difficilmente il Cremlino smantellerebbe questo apparato.
Nel 2026 la spesa militare russa raggiungerà circa 180 miliardi di dollari. Se però si considera il diverso potere d'acquisto interno del rublo, l'equivalente reale sarebbe vicino ai 400-500 miliardi di dollari. È questa disponibilità di risorse che ha consentito finora di mantenere il conflitto, aumentare la produzione bellica e reclutare ogni anno oltre quattrocentomila nuovi militari.
L'errore più pericoloso, secondo Kofman, sarebbe estrapolare dal conflitto ucraino il modo in cui si combatterebbe un'eventuale guerra tra Russia e Nato. L'Alleanza Atlantica dispone di vantaggi enormi: superiorità aerea, capacità navali, intelligence, sistemi di precisione, qualità media del personale. Ma presenta anche vulnerabilità importanti. Gli eserciti europei sono stati costruiti dando per scontata la leadership americana. Se Washington riduce il proprio impegno, molte capacità operative dell'Alleanza ne risentiranno. Soprattutto, la Nato non possiede ancora un'esperienza paragonabile a quella accumulata da russi e ucraini sul nuovo campo di battaglia dominato dai droni. Le esercitazioni condotte insieme agli ucraini hanno evidenziato un ritardo preoccupante. Gli eserciti occidentali non sono preparati a operare in un ambiente dove migliaia di droni sorvegliano continuamente il campo di battaglia e possono colpire quasi in tempo reale uomini, mezzi e centri logistici. Non basta acquistare nuovi droni. Occorre ripensare l'organizzazione delle forze armate, rafforzare la difesa antiaerea a corto raggio, sviluppare sistemi di guerra elettronica, modificare le strutture di comando e perfino rinunciare ad alcune unità tradizionali per finanziare le nuove capacità.
La lezione finale del saggio è importante. La Russia resta una potenza in declino. Lo era prima del 2022 e continuerà a esserlo anche dopo la guerra. Il suo declino economico, demografico e politico è reale. Tuttavia questo declino è lento, non improvviso. La storia dimostra che Mosca è spesso riuscita a ricostruire le proprie forze armate più rapidamente di quanto i suoi avversari prevedessero. È accaduto dopo sconfitte e periodi di crisi anche molto gravi. Per questo motivo, conclude Kofman, l'Occidente non deve lasciarsi ingannare dalle difficoltà che oggi l'esercito russo incontra in Ucraina. Una vittoria di Kiev, pur fondamentale, non eliminerà il problema strategico rappresentato dalla Russia. Washington e gli alleati europei dovrebbero prepararsi fin d'ora alla fase successiva della guerra. Non basta aiutare l'Ucraina a resistere. Occorre anche investire nella deterrenza di lungo periodo, adeguare le forze armate alle trasformazioni tecnologiche emerse sul campo di battaglia e prendere sul serio la possibilità che, entro pochi anni, la Russia torni a essere un avversario militare credibile. Una Russia sempre meno ricca, sempre meno popolosa e forse anche sconfitta resta comunque una potenza nucleare con una forte tradizione militare, un'industria bellica ormai riconvertita alla produzione di massa e una leadership che continua a considerare il confronto con l'Occidente come la propria principale ragione strategica.
1 luglio 2026, 09:22 - modifica il 1 luglio 2026 | 09:33
© RIPRODUZIONE RISERVATA"
20260701072121,Teleborsa,https://www.teleborsa.it/DettaglioNews/47_2026-07-01_TLB/Autonomia-differenziata-audizione-UPB-su-intese-preliminari.html,,,,,,srclc:ita,"Autonomia differenziata, audizione UPB su intese preliminari
                Documentazione ampia ma benefici non dimostrati
                
                
		
                    
                
	 
                
                
		
                    (Teleborsa) - Si è tenuta nella giornata di ieri, l’audizione del consigliere dell’Ufficio parlamentare di bilancio (UPB) Giampaolo Arachi davanti alle Commissioni Affari costituzionali di Camera e Senato, in cui è stato fornito un esame degli schemi di intesa preliminare sulle ulteriori forme di autonomia a Liguria, Lombardia, Piemonte e Veneto, che rappresentano la prima applicazione della nuova disciplina per l’attuazione dell’autonomia differenziata.
L’analisi dell’UPB evidenzia che le quattro Regioni hanno presentato richieste identiche, riferite alle medesime funzioni e accompagnate da motivazioni in larga parte coincidenti. La documentazione predisposta a sostegno delle richieste regionali, seppure ampia, non fornisce ancora elementi sufficienti per dimostrare con indicatori definiti ex ante, fondati su metodologie condivise e validate dal punto di vista scientifico, come richiesto dalla Corte costituzionale, che il trasferimento delle funzioni produca effettivi vantaggi per i cittadini in termini di efficacia, efficienza, equità e qualità dei servizi.
Le motivazioni addotte si limitano spesso a richiamare, in termini generali, la maggiore prossimità delle Regioni ai cittadini, senza evidenziare vantaggi quantificabili né specificità del contesto sociale, economico e demografico della Regione richiedente tali da giustificare il ricorso all’autonomia differenziata. Secondo l’UPB, sarebbe inoltre opportuno dimostrare con elementi oggettivi anche la capacità amministrativa, organizzativa e finanziaria delle Regioni di esercitare le nuove competenze in modo più efficace rispetto all’assetto attuale.
Molte delle facoltà previste dagli schemi di intesa risultano già esercitabili nell’ambito della normativa vigente e alcune sono state recentemente rafforzate da interventi legislativi validi per tutte le Regioni.
Considerato che gli schemi di intesa presentano contenuti sostanzialmente identici per le quattro Regioni e che esse rappresentano complessivamente oltre il 40 per cento della popolazione delle Regioni a statuto ordinario, andrebbe valutato se le esigenze rappresentate riguardino realmente peculiarità territoriali oppure problemi comuni all’insieme delle Regioni a statuto ordinario, che potrebbero trovare risposta nell’ambito del regionalismo simmetrico, senza ricorrere all’autonomia differenziata.
Si osserva, inoltre, che tali intese potrebbero incentivare le Regioni a un utilizzo più esteso delle funzioni trasferite, con potenziali rischi che si sviluppino dinamiche competitive inefficienti, incertezza applicativa e potenziale contenzioso costituzionale.
Sul piano finanziario, l’UPB rileva che le intese preliminari non comportano nuove compartecipazioni ai tributi erariali e la maggiore autonomia dovrà essere esercitata ricorrendo a risorse regionali, nel rispetto del principio dell’invarianza finanziaria per lo Stato e le altre Regioni. Pur in presenza di tali clausole, l’esercizio delle nuove facoltà potrebbe produrre effetti indiretti sul bilancio dello Stato e sugli equilibri tra sistemi regionali, che richiederanno un attento monitoraggio.
Tra questi, l’eventuale maggiore diffusione dei fondi sanitari integrativi e della previdenza complementare, favorita dai nuovi spazi di autonomia, potrebbe incidere nel tempo sul gettito per effetto del trattamento fiscale agevolato previsto per tali strumenti. Analogamente, nel settore sanitario, alcune modalità di esercizio delle nuove competenze potrebbero influenzare la dinamica della spesa pubblica e accentuare fenomeni di competizione tra sistemi regionali. In tale comparto vengono ritenuti auspicabili meccanismi capaci di sostenere i territori con maggiori difficoltà nel garantire i livelli essenziali di assistenza e nel reperire il personale necessario, evitando fenomeni di competizione inefficiente che possano ampliare i divari esistenti dal punto di vista finanziario e nell’offerta dei servizi.
Nell’audizione l’UPB ha infine sottolineato l’urgenza di completare il percorso del federalismo fiscale, attraverso il riordino dei tributi degli Enti territoriali e l’istituzione di un fondo perequativo regionale, affinché l’eventuale ampliamento dell’autonomia regionale possa svilupparsi in un quadro capace di coniugare differenziazione, sostenibilità finanziaria e coesione territoriale.
                
	
                
    
                
                
                
                
                
                
	
                
                
```"
20260701071000,La Stampa,https://www.lastampa.it/esteri/2026/07/01/news/xi_jinping_risolvere_la_questione_di_taiwan_e_completare_la_riunificazione_della_cina-15676623/,,,,,,srclc:ita,"Articolo Free
Passa a premium105° anniversario del Partito comunista
Xi Jinping: “Risolvere la questione di Taiwan e completare la riunificazione della Cina”
Nel giorno del 105° anniversario della fondazione del Partito comunista cinese, Xi Jinping ha scelto di ribadire uno dei pilastri della propria agenda politica"
20260701070600,Asianews,https://www.asianews.it/notizie-it/Xi-celebra-105-anni-del-partito-e-chiede-di-adattarsi-ai-cambiamenti-65760.html,,,,,,srclc:ita,"Xi celebra 105 anni del partito e chiede di adattarsi ai cambiamenti
Le notizie di oggi: crisi al confine ed emergenza rifugiati, Phnom Penh cancella Festival dell’acqua 2026. Slitta l’incontro fra delegati iraniani e statunitensi, resta la distanza fra le parti. Almeno 14 bambini morti nel crollo del tetto di una struttura a Lahore. A Singapore un cittadino su quattro non ha una fede religiosa.
i
CINA
Il Partito comunista cinese al potere deve tenere il passo con le “circostanze mutevoli” imposte dalla situazione attuale, “salvaguardando” i progressi compiuti sinora. È quanto ha affermato oggi il presidente Xi Jinping, durante le celebrazioni per il suo 105° anniversario di fondazione del partito, senza identificare esplicitamente opportunità o rischi specifici. Analisti ed esperti ritengono che il riferimento è ad una crescita economica più lenta e al declino demografico. In un discorso di 40 minuti alla Grande Sala del Popolo di Pechino, il presidente ha esortato i quadri del partito ad adattarsi al cambiamento, promuovendone al contempo. Fondato da rivoluzionari cinesi nel 1921, il partito oggi annovera oltre di 100 milioni di membri, il 7,2% della popolazione cinese.
CAMBOGIA
Priorità alla situazione al confine con la Thailandia e affrontare le difficoltà dei civili sfollati. Per questi motivi il governo cambogiano ha sospeso le tradizionali celebrazioni per il Festival dell'acqua 2026 a Phnom Penh, in programma dal 23 al 25 novembre lungo il Tonle Sap di fronte al Palazzo Reale. Restano invariate le celebrazioni a livello provinciale, a seconda delle tradizioni locali e della capacità pratica delle autorità e dei cittadini. Al 30 giugno, un totale di 21.425 cambogiani sfollati non erano ancora in grado di tornare alle loro case.
IRAN - STATI UNITI
La delegazione iraniana ha respinto l’ipotesi di incontro con gli inviati Usa in Medio oriente, offuscando le prospettive di pace nella regione. I funzionari di Teheran hanno affermato che le due parti devono ancora risolvere i termini di un cessate il fuoco che hanno firmato due settimane fa prima di poter affrontare argomenti più delicati, come i (possibili) limiti al programma nucleare. I due fronti restano dunque distanti su punti chiave della tregua, come l’allentamento della morsa iraniana sullo Stretto di Hormuz in cambio di incentivi finanziari, oltre ad avviare 60 giorni di negoziati per elaborare un accordo di pace permanente.
PAKISTAN
Quattordici bambini sono morti dopo che il tetto di un centro privato per il dopo-scuola è crollato nella città orientale di Lahore, nel Punjab. Le autorità hanno aperto un’inchiesta ipotizzando il reato di negligenza, mentre i soccorritori scavano fra le macerie. Sinora hanno trovato ancora in vita alcuni bambini e un’insegnante di 30 anni sotto le macerie. Le vittime avevano un’età compresa tra i cinque e i 16 anni, con la maggior parte sotto i nove anni.
GIAPPONE - INDIA
Il primo ministro giapponese Sanae Takaichi inizia oggi una visita ufficiale in India, dove incontrerà per colloqui l’omologo e padrone di casa Narendra Modi per discutere dell’aumento dei commerci bilaterali, di investimenti e cooperazione strategica. Una tappa che segue il viaggio di Modi a Tokyo nel 2025, quando il Giappone si era impegnato a raddoppiare gli investimenti in India portandoli a 61 miliardi di dollari entro il prossimo decennio. I due leader terranno anche il 16° vertice annuale India-Giappone, incontro annuale ospitato a turno dalle due nazioni.
SINGAPORE
Circa un residente su quattro non ha affiliazione religiosa, rispetto a uno su cinque nel 2020. Questa tendenza al rialzo continua da più di un decennio, secondo i numeri sulla diversità religiosa di Singapore tracciati dal Dipartimento di Statistica (SingStat). Dal General Household Survey 2025, pubblicato il 30 giugno, emerge che il 23,9% non aveva una fede religiosa lo scorso anno, rispetto al 20% del 2020 (e il 17% del 2010). L’indagine ha anche rilevato un calo generale fra quanti si identificano col buddismo, taoismo, cristianesimo e islam tra i residenti di età pari o superiore a 15 anni. L’unico in contro-tendenza è l’induismo, con crescita (minima) dal 5 al 5,4%.
RUSSIA
Secondo quanto riportato da Kommersant, undici compagnie aeree russe, che rappresentano oltre il 90% del traffico passeggeri totale, hanno 130 dei loro 673 aeromobili fermi quest’estate, pari al 19,3% della flotta. Una percentuale fino al 10% è considerata normale per l’alta stagione, ma solo Aeroflot rientra in questa categoria, mentre per un terzo delle restanti compagnie aeree, 93 dei loro 322 aerei sono fermi. S7 Airlines 33 su 104, Ural Airlines 10 su 51, Utair 9 su 59, Nordwind 12 su 27, Smartavia 3 su 13, Red Wings 5 su 26 e altre simili.
TAGIKISTAN
Dopo la pausa dovuta a scontri armati, ingegneri e operai cinesi hanno ripreso la costruzione dell’autostrada Dušanbe-Kulma nelle zone di confine della regione autonoma del Gorno-Badakhšan in Tagikistan. Gli specialisti sono tornati al lavoro ad aprile e attualmente stanno gettando cemento, installando l'illuminazione nelle gallerie ed eseguendo altri lavori di costruzione. La parte cinese ha acconsentito a proseguire i lavori sui tratti di confine dopo che il Tagikistan ha adottato ulteriori misure di sicurezza con le forze speciali."
20260701070600,Asianews,https://www.asianews.it/notizie-it/Pechino:-Xi-celebra-i-105-anni-del-partito-e-chiede-di-&lsquo;adattarsi&rsquo;-ai-cambiamenti-65760.html,,,,,,srclc:ita,"Xi celebra 105 anni del partito e chiede di adattarsi ai cambiamenti
Le notizie di oggi: crisi al confine ed emergenza rifugiati, Phnom Penh cancella Festival dell’acqua 2026. Slitta l’incontro fra delegati iraniani e statunitensi, resta la distanza fra le parti. Almeno 14 bambini morti nel crollo del tetto di una struttura a Lahore. A Singapore un cittadino su quattro non ha una fede religiosa.
i
CINA
Il Partito comunista cinese al potere deve tenere il passo con le “circostanze mutevoli” imposte dalla situazione attuale, “salvaguardando” i progressi compiuti sinora. È quanto ha affermato oggi il presidente Xi Jinping, durante le celebrazioni per il suo 105° anniversario di fondazione del partito, senza identificare esplicitamente opportunità o rischi specifici. Analisti ed esperti ritengono che il riferimento è ad una crescita economica più lenta e al declino demografico. In un discorso di 40 minuti alla Grande Sala del Popolo di Pechino, il presidente ha esortato i quadri del partito ad adattarsi al cambiamento, promuovendone al contempo. Fondato da rivoluzionari cinesi nel 1921, il partito oggi annovera oltre di 100 milioni di membri, il 7,2% della popolazione cinese.
CAMBOGIA
Priorità alla situazione al confine con la Thailandia e affrontare le difficoltà dei civili sfollati. Per questi motivi il governo cambogiano ha sospeso le tradizionali celebrazioni per il Festival dell'acqua 2026 a Phnom Penh, in programma dal 23 al 25 novembre lungo il Tonle Sap di fronte al Palazzo Reale. Restano invariate le celebrazioni a livello provinciale, a seconda delle tradizioni locali e della capacità pratica delle autorità e dei cittadini. Al 30 giugno, un totale di 21.425 cambogiani sfollati non erano ancora in grado di tornare alle loro case.
IRAN - STATI UNITI
La delegazione iraniana ha respinto l’ipotesi di incontro con gli inviati Usa in Medio oriente, offuscando le prospettive di pace nella regione. I funzionari di Teheran hanno affermato che le due parti devono ancora risolvere i termini di un cessate il fuoco che hanno firmato due settimane fa prima di poter affrontare argomenti più delicati, come i (possibili) limiti al programma nucleare. I due fronti restano dunque distanti su punti chiave della tregua, come l’allentamento della morsa iraniana sullo Stretto di Hormuz in cambio di incentivi finanziari, oltre ad avviare 60 giorni di negoziati per elaborare un accordo di pace permanente.
PAKISTAN
Quattordici bambini sono morti dopo che il tetto di un centro privato per il dopo-scuola è crollato nella città orientale di Lahore, nel Punjab. Le autorità hanno aperto un’inchiesta ipotizzando il reato di negligenza, mentre i soccorritori scavano fra le macerie. Sinora hanno trovato ancora in vita alcuni bambini e un’insegnante di 30 anni sotto le macerie. Le vittime avevano un’età compresa tra i cinque e i 16 anni, con la maggior parte sotto i nove anni.
GIAPPONE - INDIA
Il primo ministro giapponese Sanae Takaichi inizia oggi una visita ufficiale in India, dove incontrerà per colloqui l’omologo e padrone di casa Narendra Modi per discutere dell’aumento dei commerci bilaterali, di investimenti e cooperazione strategica. Una tappa che segue il viaggio di Modi a Tokyo nel 2025, quando il Giappone si era impegnato a raddoppiare gli investimenti in India portandoli a 61 miliardi di dollari entro il prossimo decennio. I due leader terranno anche il 16° vertice annuale India-Giappone, incontro annuale ospitato a turno dalle due nazioni.
SINGAPORE
Circa un residente su quattro non ha affiliazione religiosa, rispetto a uno su cinque nel 2020. Questa tendenza al rialzo continua da più di un decennio, secondo i numeri sulla diversità religiosa di Singapore tracciati dal Dipartimento di Statistica (SingStat). Dal General Household Survey 2025, pubblicato il 30 giugno, emerge che il 23,9% non aveva una fede religiosa lo scorso anno, rispetto al 20% del 2020 (e il 17% del 2010). L’indagine ha anche rilevato un calo generale fra quanti si identificano col buddismo, taoismo, cristianesimo e islam tra i residenti di età pari o superiore a 15 anni. L’unico in contro-tendenza è l’induismo, con crescita (minima) dal 5 al 5,4%.
RUSSIA
Secondo quanto riportato da Kommersant, undici compagnie aeree russe, che rappresentano oltre il 90% del traffico passeggeri totale, hanno 130 dei loro 673 aeromobili fermi quest’estate, pari al 19,3% della flotta. Una percentuale fino al 10% è considerata normale per l’alta stagione, ma solo Aeroflot rientra in questa categoria, mentre per un terzo delle restanti compagnie aeree, 93 dei loro 322 aerei sono fermi. S7 Airlines 33 su 104, Ural Airlines 10 su 51, Utair 9 su 59, Nordwind 12 su 27, Smartavia 3 su 13, Red Wings 5 su 26 e altre simili.
TAGIKISTAN
Dopo la pausa dovuta a scontri armati, ingegneri e operai cinesi hanno ripreso la costruzione dell’autostrada Dušanbe-Kulma nelle zone di confine della regione autonoma del Gorno-Badakhšan in Tagikistan. Gli specialisti sono tornati al lavoro ad aprile e attualmente stanno gettando cemento, installando l'illuminazione nelle gallerie ed eseguendo altri lavori di costruzione. La parte cinese ha acconsentito a proseguire i lavori sui tratti di confine dopo che il Tagikistan ha adottato ulteriori misure di sicurezza con le forze speciali."
20260701060000,Avvenire,https://www.avvenire.it/idee-e-commenti/il-nodo-denatalita-prima-ancora-dei-figli-manca-la-comunita_110402,,,,,,srclc:ita,"Il nodo denatalità? Prima ancora dei figli, manca la comunità
l'Italia: un Paese anziano e popolato da persone sole
«Abbiamo il dovere urgente di ricostruire la comunità. Nessun nucleo familiare può o deve essere un’isola». Annunciando una legge regionale per contrastare la crisi demografica, l’assessora emiliano-romagnola Isabella Conti ha messo il dito nella piaga. La questione-denatalità ha fatto capolino perfino nell’ultima assemblea di Unione Italiana Food (oltre 500 imprese) svoltasi nei giorni scorsi a Milano.
Del resto, impietosi, i numeri sono lì a ricordarci che oggi le famiglie composte da una sola persona sono il 37%, ma diverranno il 41% nel 2050; la popolazione scenderà a 54,7 milioni (-4,2 milioni) e un italiano su tre sarà over 65. Qualche comico ci scherza su, ma la risposta alla drammatica situazione della natalità in Italia non consiste in un retorico appello a «fare figli per la patria». Al contrario, la denatalità va interpretata come responsabilità condivisa: un’urgenza sulla quale questo giornale batte con regolare costanza, spesso come voce che grida nel deserto.
Perché questa assunzione di responsabilità collettiva si realizzi, occorre una svolta culturale. Ha scritto di recente Concita Di Gregorio: «Le ragioni per cui si rinuncia (a fare figli – ndr ) sono sociali, economiche, esistenziali. Sono, in estrema sintesi, la solitudine. E la solitudine non è una circostanza fortuita», bensì – per parafrasare un acuminato saggio di Mattia Ferraresi – «il male oscuro delle società occidentali», figlio del modello liberale e, soprattutto, della sua degenerazione economica: un capitalismo dal volto disumano. Nel 2027 saranno quarant’anni da che l’allora Primo ministro Margaret Thatcher coniò una celebre frase, il perverso motto del neoliberismo: «Non esiste la società, ma solo gli individui e le famiglie».
Ebbene: il mondo attuale – «quello dei selfie e delle pubblicità profilate, dei pasti monoporzione e del single come stato sommamente desiderabile» (ancora Ferraresi) – sembrerebbe dar ragione a Thatcher & C. Se non fosse che, da tempo, un sinistro scricchiolio ci accompagna: lo spettro di un mondo sempre meno ospitale per la vita. Proprio il Regno Unito ha provato a porre rimedio alla situazione, istituendo nel 2018, per quanto paradossale possa apparire, il primo “Ministero della Solitudine”. Tale emergenza sociale riguarda da vicino pure quel che fu chiamato Bel Paese: secondo il recentissimo Rapporto annuale Istat, in Italia le persone che vivono da sole sono circa 9,9 milioni: quasi un quinto della popolazione totale.
Se vogliamo immaginare il destino del nostro Paese nei prossimi anni – sempre che non ci rimbocchiamo le maniche per cambiarne il corso – abbiamo davanti gli esempi, a dir poco drammatici: la Corea del Sud (dove le amministrazioni locali non si limitano più a sostenere la natalità dopo il matrimonio, ma intervengono persino nella fase dell’incontro e della scelta del partner!) e il Giappone, dove, nel corso del 2025, ben 77mila persone sono morte sole in casa. Parliamo di due Paesi ricchi, dal Pil invidiabile, competitivi a livello internazionale, eppure malati nel profondo.
Non basta un brodino, serve una terapia d’urto: un cambio di paradigma. Come osserva Noreena Hertz ne Il secolo della solitudine : «Ridefinendo le nostre relazioni come transazioni, assegnando ai cittadini il ruolo di consumatori e generando un divario sempre più ampio di ricchezze, quarant’anni di capitalismo liberista hanno marginalizzato valori quali la solidarietà, la comunità, l’unità». Invertire la rotta – rispetto a «un’economia che uccide», come ripeteva papa Francesco – è l’unica possibilità per evitare il collasso demografico.
© RIPRODUZIONE RISERVATA
Seguici anche su Google Discover di Avvenire"
20260701045119,Bergamonews,https://www.bergamonews.it/2026/07/01/lassessora-messina-perche-abbiamo-bisogno-di-una-riforma-per-la-non-autosufficienza/905856/,,,,,,srclc:ita,"L'intervento
|L’assessora Messina: “Perché abbiamo bisogno di una riforma per la non autosufficienza”
“Il Comune di Bergamo ha usato i fondi del PNRR per due nuove strutture di housing sociale dedicate alla terza età. Sono soluzioni che ora devono radicarsi nel contesto urbano – sottolinea Messina -. Sul versante dei servizi, la linea 1.1.3 ha stanziato 185.000 euro per accompagnare circa 150 anziani fragili nella fase post-ricovero, collegando ospedale e domicilio”
“La perdita di autonomia non arriva con un colpo solo. Si insinua nelle routine familiari, cambia orari, consuma risparmi e mette sotto pressione chi assiste. È una condizione che in Italia riguarda oltre 4 milioni di persone con più di 65 anni, secondo l’8° Rapporto dell’Osservatorio Long Term Care del CERGAS SDA Bocconi, a cura di Giovanni Fosti, Elisabetta Notarnicola ed Eleonora Perobelli”. Dichiara l’assessora Marcella Messina.
“Dopo gli 85 anni, due anziani su tre presentano limitazioni gravi. Eppure solo 4 over 65 non autosufficienti su 10 ricevono sostegni pubblici. La parte più grande del carico resta sulle famiglie: le assistenti familiari sono oltre un milione e la spesa privata stimata supera i 7,6 miliardi di euro” prosegue Messina.
Il limite delle vecchie categorie
“Il problema, spiega il rapporto, non è solo demografico. È che il sistema continua a ragionare per opposizioni nette: casa o struttura, sanitario o sociale, sussidio o servizio, famiglia o Stato. La realtà è diversa. Chi è fragile vive in una zona intermedia: abitazioni con barriere, reti parentali più deboli, bisogni insieme medici, abitativi e relazionali – puntualizza l’assessora Messina -. I dati sull’assistenza domiciliare raccontano questa contraddizione. Il PNRR ha portato a un aumento delle persone in carico con l’ADI. Ma le ore medie per caso sono scese da 16 nel 2021 a 14 nel 2023. Nello stesso periodo la spesa pubblica per Long Term Care destinata agli over 65, in rapporto al Pil, è passata dall’1,43% al 1,18%. Più persone seguite, con meno tempo e meno risorse”.
Le risposte che arrivano da Bergamo
“A livello locale il Comune di Bergamo  ha usato i fondi del PNRR per due nuove strutture di housing sociale dedicate alla terza età. Sono soluzioni che ora devono radicarsi nel contesto urbano – sottolinea Messina -. Sul versante dei servizi, la linea 1.1.3 ha stanziato 185.000 euro per accompagnare circa 150 anziani fragili nella fase post-ricovero, collegando ospedale e domicilio. La linea 1.1.2, con 800.000 euro, ha coinvolto 35 persone in un modello integrato: assistenza sociale tradizionale e strumenti domotici per restare a casa in sicurezza. Resta attiva anche la rete ordinaria. Il Comune investe oltre 8 milioni di euro in tre anni per la terza età. Tra le misure più utilizzate i CRE estivi, che accolgono 70 anziani a rischio isolamento, con un effetto di sollievo anche sui caregiver”.
Serve un cambio di architettura
“Per i ricercatori Bocconi la strada è una: superare l’alternativa secca tra domiciliarità e residenzialità. Servono soluzioni ibride. Abitare protetto, presidi leggeri ma continui, tecnologie semplici, figure di orientamento, supporto ai caregiver e reti di comunità capaci di prevenire l’isolamento – aggiunge l’assessora -. Non è solo un tema di fondi, ma di metodo. Finanziare interventi frammentati non basta. Aumentare i posti letto senza un percorso non basta. Celebrar la casa come luogo di cura e poi lasciare le famiglie sole non basta”.
“La longevità è un risultato. La misura di una società, però, è come quegli anni in più vengono vissuti: con quanta autonomia, dignità e relazione. Senza una regia nazionale, personale formato e strumenti integrati, il rischio è che il peso resti tutto sulle famiglie” conclude Messina."
20260701040503,Il Messaggero,https://www.ilmessaggero.it/umbria/umbria_sempre_piccola_persi_50mila_residenti_decennio-9623890.html,,,,,,srclc:ita,"PERUGIA - L’Umbria diventa sempre più piccina. Da oltre un decennio, alla voce “residenti” c’è il segno meno. Un’analisi dell’Agenzia Umbria ricerche ha messo in fila i numeri di un quarto di secolo individuando un punto “X” nella linea del tempo: il 2013, l’ultimo anno in cui la popolazione del Cuore verde è aumentata, poi tutte cifre in discesa. Il numero record è 892.742, tanti gli umbri censiti proprio in quell’anno di svolta. Circa 70mila in più rispetto agli 821.835 del 2000 e circa 40mila in meno rispetto agli 851.473 del 2025, e nel 2026 secondo i dati Istat ancora provvisori se ne dovrebbero perdere un altro migliaio.
 «L’evoluzione della popolazione umbra nel XXI secolo mostra con una certa nitidezza il passaggio tra due fasi profondamente diverse - spiega il ricercatore Aur Giuseppe Coco - la fase di espansione demografica osservata nei primi anni Duemila si colloca in un contesto caratterizzato da flussi migratori con l’estero particolarmente intensi. In alcuni anni il saldo supera le 10mila unità annue: un ordine di grandezza che rapportato alle dimensioni demografiche dell’Umbria suggerisce come la crescita della popolazione regionale non fosse riconducibile soltanto alla dinamica naturale, ma anche alla capacità del territorio di attrarre popolazione dall’estero». 
 Poi è avvenuto il cambiamento e l’orientamento delle frecce demografiche ha imboccato la direzione opposta in modo irreversibile. «Dal 2014 in avanti la traiettoria si è progressivamente invertita - prosegue Coco - dopo il picco del 2013 la popolazione ha iniziato a diminuire senza interruzioni significative. Rispetto all’anno di massimo storico, la perdita supera le 40 mila unità, un ridimensionamento che in termini di ordine di grandezza equivale alla scomparsa di una città di medie dimensioni».
 Proprio così, come se Spoleto, insieme a qualche vicino centro della Valnerina fossero gradualmente spariti nell’arco di poco più di un decennio. Quel che colpisce nell’analisi dei numeri è la nettezza del punto di svolta. Le dimensioni della crescita demografica sono andate progressivamente assottigliandosi nel periodo di avvicinamento all’anno 2013, poi la curva ha preso a scendere al ritmo di 3mila, 4mila anche 5mila residenti da un anno all’altro. La buona notizia è che negli ultimi due anni il ritmo di discesa è rallentato: circa 1500 umbri in meno tra il 2024 e il 2025 e un calo stimato nell’ordine degli 800 residenti tra il 2025 e il 2026 in attesa della conferma dei numeri provvisori di Istat.
 L’andamento demografico complessivo è confermato anche dal cambiamento analizzato rispetto alla sola popolazione di giovani e giovanissimi. L’evoluzione della popolazione umbra fino a 14 anni fino al fatidico 2013 segna una crescita continua e piuttosto significativa. I residenti appartenenti a questa fascia di età passavano infatti da circa 101mila nel 2000 a quasi 117mila nel 2013. Ma dal 2014 in avanti quella stessa fascia di popolazione ha preso a diminuire senza vere interruzioni e ha finito col perdere oltre 25mila giovani rispetto al valore massimo raggiunto nel 2013. Ma il dato forse più significativo messo in evidenza dalla ricerca Aur emerge dal confronto con l’inizio del millennio: «Nel 2026 l’Umbria continua ad avere una popolazione complessiva superiore rispetto a quella del 2000 - spiega l’analisi - pur disponendo di una base giovanile più ridotta di circa 9 mila unità. In pratica il peso percentuale degli under 14 sul totale della popolazione regionale è passato dal 12,3 per cento del 2000 al 10,8 per cento del 2026».
 Qui sta uno dei nodi cruciali della fotografia del Cuore verde: l’Umbria è più piccina, perché perde residenti, ma anche perché diventa inesorabilmente più anziana anno dopo anno: la presenza di giovani diminuisce progressivamente a un ritmo ancora più veloce.
L'Umbria sempre più piccola: persi 50mila residenti nell'arco di un decennio
                        di Federico Fabrizi                    
                    3 Minuti di Lettura
                
                    mercoledì 1 luglio 2026, 06:05                                                        
                
                
                
                    
                    Articolo riservato agli abbonati premium
                
                                                
                
                                © RIPRODUZIONE RISERVATA"
20260701040000,Il Foglio,https://www.ilfoglio.it/scienza/2026/07/01/news/in-germania-lafd-vuole-sottoporre-la-scienza-al-proprio-programma-di-partito--401395,,,,,,srclc:ita,"Scienza
 Cattivi Scienziati • 
In Germania l'Afd vuole sottoporre la scienza al proprio programma di partito
Nel land Sachsen-Anhalt l'ultradestra, con l'obiettivo ufficiale di liberare la ricerca dall'ideologia, intende abolire i Gender Studies, ridurre le strutture per la parità e inserire una cattedra universitaria per il declino demografico tedesco. Ma queste proposte renderebbero gli atenei più gerarchici e più chiusi
1 LUG 26
Foto Ansa
Uno dei miei luoghi del cuore è la Germania, dove ho vissuto e fatto ricerca per due anni. Per questo sono molto, molto preoccupato di quello che sta succedendo a causa dell’ascesa di AfD, Alternative für Deutschland. La Germania che ho conosciuto aveva nella ricerca una parte centrale della propria identità pubblica. Università, Max Planck, Helmholtz, Leibniz, Fraunhofer, Deutsche Forschungsgemeinschaft: tutte istituzioni diverse, con un’idea comune di fondo, cioè che la conoscenza scientifica richieda fondamenta stabili, procedure rigorose e autonomia totale dal potere politico – garantita in Germania dalla stessa Costituzione. In quelle istituzioni, la parola Wissenschaftsfreiheit è la bussola etica imprescindibile, un faro che serve da guida per affrontare anche le deviazioni di integrità che anche in Germania sono ovviamente presenti.
Le cose, però, come riportato da un editoriale pubblicato il 29 giugno su Nature, potrebbero cambiare. Gli scienziati tedeschi sono usciti allo scoperto per denunciare i piani dell’estrema destra che avrebbero come conseguenza il restringere la libertà accademica. Il contesto politico spiega il tono dell’allarme. L’AfD guida o contende la guida nei sondaggi nazionali, e in alcuni Länder orientali può arrivare al governo regionale. Secondo il trend PolitPro del 30 giugno 2026, il partito è al 27,9 per cento a livello federale, davanti alla CDU/CSU. In Sachsen-Anhalt, dove si voterà il 6 settembre, Infratest dimap lo ha rilevato al 41 per cento a maggio. In Mecklenburg-Vorpommern, al voto il 20 settembre, le rilevazioni recenti lo collocano intorno al 35 per cento. Il dato locale è importante perché in Germania l’università dipende in larga misura dai Länder. Un governo regionale non decide il contenuto di un articolo scientifico, ma può intervenire sulle leggi universitarie, sulle dotazioni, sugli accordi di sviluppo, sugli organi di governo degli atenei e sull’organizzazione della rappresentanza studentesca. La libertà accademica può essere compressa con strumenti ordinari, senza agire a livello federale. Basta cambiare gli incentivi, rendere alcuni temi meno finanziabili, modificare le procedure di nomina, esporre certi dipartimenti a una pressione politica costante. Il Bundestag stesso, nel discutere un Antrag dell’AfD sulla libertà scientifica e d’opinione nelle università, ricorda il ruolo centrale dei Länder nella materia.
Il caso più chiaro è il Sachsen-Anhalt. L’AfD ha approvato un programma regionale nel quale la sezione dedicata alla scienza descrive un presunto declino della ricerca tedesca. La causa viene collocata nella politicizzazione dell’università, fatta risalire alla stagione del Sessantotto, alle politiche di parità, al processo di Bologna - la grande riforma europea dell’università avviata nel 1999 con la Dichiarazione di Bologna, firmata inizialmente da 29 paesi. Nel programma compare anche l’idea che clima e Covid abbiano mostrato la difficoltà delle scienze naturali a produrre conoscenza libera da ideologia. Su questa base il partito promette una “depoliticizzazione” della scienza, a partire dalla revisione del sistema Bologna e un orientamento diverso dei finanziamenti. Ovviamente, l’AfD non si presenta come un partito che vuole sottoporre la scienza al proprio programma, ma come una forza che vuole liberarla dall’ideologia. Come insegnano gli USA, questa è la forma più efficace dell’intervento politico sulla ricerca: dichiarare ideologico ciò che disturba, dichiarare neutrale ciò che coincide con la propria piattaforma, poi usare fondi e norme per riorientare le istituzioni. 
Le proposte concrete mostrano la direzione. Il programma dell’AfD Sachsen-Anhalt prevede l’abolizione delle Gender Studies, la riduzione delle strutture per la parità, la fine della critica frontale al postcolonialismo, l’inizio di una ricerca climatica contrapposta a quella che il partito considera conformismo ideologico, una cattedra di “Bevölkerungswissenschaft” legata al tema del declino demografico tedesco, un rafforzamento della ricerca sull’Islam in chiave dichiaratamente critica. Traspare palesemente un criterio politico per classificare i saperi: alcune discipline vengono considerate degenerazioni ideologiche, altre diventano utili perché rispondono a priorità identitarie, con un meccanismo già visto – profittando delle ovvie degenerazioni di certe politiche universitarie per esempio sul gender, si intende indebolire la ricerca sul clima e riorientarla in chiave negazionista. Il CHE Centrum für Hochschulentwicklung ha analizzato il programma e le iniziative parlamentari dell’AfD in Sachsen-Anhalt. La conclusione è netta: quelle proposte renderebbero le università più gerarchiche, più ideologiche e più chiuse. Secondo il CHE, l’AfD vuole indebolire la partecipazione interna, ridurre strumenti moderni di governance, interferire sui contenuti della ricerca e dell’insegnamento, uscire dal sistema Bologna e relativizzare gli standard di qualità. La conseguenza indicata dal CHE è una restrizione dell’autonomia universitaria, della libertà scientifica e della capacità istituzionale degli atenei.
Un episodio già avvenuto chiarisce il metodo. In Sachsen-Anhalt l’AfD ha proposto di abolire le Studierendenschaften, cioè le rappresentanze studentesche organizzate come corporazioni di diritto pubblico. La proposta è stata respinta dal Landtag, ma il contenuto resta significativo. La motivazione politica era che quelle strutture sarebbero dominate da studenti di sinistra e graverebbero sugli atenei con burocrazia inutile. Il risultato pratico sarebbe stato togliere autonomia, risorse e voce istituzionale agli studenti. Intendiamoci bene: anche in Germania, esistono problemi reali nell’università contemporanea. La burocratizzazione pesa sulla ricerca. Il reclutamento accademico può premiare il conformismo. La dipendenza dai fondi competitivi espone i ricercatori a pressioni opportunistiche. Alcune aree disciplinari producono lavori deboli, come accade in ogni settore in cui il controllo di qualità viene sostituito da appartenenza, moda o carriera. Come sempre, però, da questi problemi discende una richiesta di verifica più seria, non il trasferimento del giudizio scientifico alla politica. Le storture si correggono con metodi, dati, critica competente e trasparenza, non decidendo in anticipo quali campi siano legittimi, sostituendo una valutazione più o meno difettosa con la sorveglianza esterna.
In germania, non per caso, la libertà della scienza è tutelata dall’articolo 5 del Grundgesetz, che stabilisce la libertà di arte, scienza, ricerca e insegnamento. Questa tutela costituzionale è una garanzia pubblica contro la cattura della conoscenza da parte del potere, un tema ben presente ai tedeschi, visti gli ovvi precedenti. Oltretutto, come in USA, si evidenzia già adesso una tendenza a restaurare una ridicola idea di “scienza tedesca” anche rendendo più difficile la permanenza e la collaborazione con ricercatori stranieri. Nature riporta proprio questa preoccupazione nelle istituzioni scientifiche tedesche: un paese che ha costruito una parte della propria forza sulla capacità di attrarre talenti rischia di perdere competitività ancora prima di perdere fondi – proprio come già abbiamo visto in USA. Vorrei ricordare che cosa accade alla scienza tedesca riguarda tutta l’Europa. Nel maggio 2026 le grandi organizzazioni europee del G6, tra cui CNR, CNRS, CSIC, Helmholtz, Leibniz e Max Planck, hanno chiesto di rafforzare la protezione europea della libertà accademica. Il loro comunicato collega esplicitamente questa libertà alla competitività scientifica e alla tenuta democratica. Il punto è semplice: l’Europa non può costruire sovranità tecnologica, attrarre scienziati e difendere la qualità della conoscenza se accetta che singoli governi ridefiniscano la ricerca secondo convenienza politica.
Il caso tedesco offre anche un avvertimento all’Italia. Come già molti esempi dimostrano, l’attacco alla scienza è sempre travestito da una richiesta di riequilibrio, una denuncia della politicizzazione, una promessa di restituire neutralità alle istituzioni. Poi alcune aree diventano sospette, alcuni risultati vengono trattati come propaganda e alcune competenze vengono delegittimate perché incompatibili con il racconto politico del momento – la scienza climatica è un esempio lampante. A quel punto la libertà accademica resta come parola vuota, perché perde forza nelle condizioni materiali in cui i ricercatori lavorano.
Per questo bisogna guardare con attenzione all’ascesa dell’AfD. La Germania ha anticorpi istituzionali forti, e proprio per questo il segnale è rilevante. Se in un sistema così solido diventa politicamente plausibile sottoporre università e ricerca a una gerarchia ideologica delle discipline, nessun paese europeo può sentirsi al riparo. La scienza ha molti difetti, anche gravi. Ha bisogno di controlli più severi, di valutazioni migliori (sottratte al mercato della pubblicazione scientifica), di correzioni più rapide quando sbaglia. Tutto questo appartiene alla fisiologia di una comunità scientifica adulta, che deve affrontare i propri problemi senza continuare a nasconderli corporativisticamente. La subordinazione della ricerca alla piattaforma di un partito appartiene invece a un’altra storia, che l’Europa dovrebbe riconoscere prima di doverla rivivere."
20260701033434,Il Giorno,https://www.ilgiorno.it/brescia/cronaca/umanoidi-alleati-degli-artigiani-lavori-4910af4d,,,,,,srclc:ita,"Umanoidi per i lavori più ripetitivi, per i quali si fatica a trovare personale per effetto del calo demografico. C’è interesse tra le imprese bresciane per la robotica umanoide: in cinquanta hanno partecipato, ieri, al Forum promosso da Confartigianato Imprese Brescia e Lombardia Orientale per far conoscere i primi robot antropomorfi che “La Casa degli Umanoidi” con il partner tecnologico 4D Sistemi Informatici sta portando nelle aziende italiana. Una quarantina hanno chiesto di saperne di più. ""Vogliamo capire la tecnologia senza subirla – spiega Giuseppe Amici, vicesegretario generale di Confartigianato Brescia –. L’obiettivo è comprendere come calare la tecnologia in un mondo che sta cambiando, in cui, per il calo demografico, manca un addetto su due. La tecnologia può affiancare i lavoratori nelle attività pericolose, sapendo che non può rimpiazzare l’intelligenza artigiana"".
A Marco Ghidinelli, founder de “La Casa degli Umanoidi”, il compito di illustrare lo stato dell’arte della robotica umanoide nel mondo, le esperienze già in corso nelle aziende europee e le prospettive per l’industria italiana. Come spiegato da Matteo Para, Ceo di 4D, l’interesse maggiore è quello di usare il robot per assistere i macchinari. ""In tutti i cicli produttivi, è l’uomo che aiuta il macchinario a lavorare. Questo vale per tutto: lunedì, ad esempio, avremo un appuntamento in un panificio industriale, dove la robotica può servire a metter le teglie nel forno. In modo equivalente, nelle aziende manifatturiere, c’è sempre un macchinario in cui bisogna inserire un pezzo che deve subire una lavorazione. Altro caso, è la logistica, per il trasporto di pesi che sarebbero eccessivi per il lavoratore"". L’impiego sarebbe, quindi, su lavori ripetitivi e alienanti. ""Noi diciamo che vanno a sostituire persone che non ci sono. Spostare, poi, le persone su attività che richiedono l’uso dell’intelletto, anziché la ripetizione continua, è certamente più appagante"".
Federica Pacella"
20260701030007,Corriere Adriatico,https://www.corriereadriatico.it/marche/marche_scuole_basta_accorpamenti_scenari_apecchio-9623975.html,,,,,,srclc:ita,"ANCONA Nelle puntate precedenti è stata agone di sanguinosi scontri finiti nelle aule di tribunale con i ricorsi di Colmurano, Caldarola ed Apecchio. Ieri è arrivata sui banchi del Consiglio regionale la programmazione della rete scolastica per il triennio 2027/2030, che ha incassato il via libera solo a maggioranza.
E questo, nonostante alcuni punti condivisi anche dall’opposizione: ma qualche zona d’ombra resta. L’architrave con apprezzamento bipartisan dell’atto amministrativo è il consolidamento dell’autonomia scolastica. In estrema sintesi: basta accorpamenti, «le Marche hanno già dato». Negli ultimi anni la nostra regione ha subito la soppressione di 21 autonomie scolastiche (passando da 229 a 208) a causa del calo demografico e dei criteri nazionali di dimensionamento. Nel prossimo triennio, invece, la relatrice dell’atto Silvia Luconi, consigliera e sottosegretaria alla presidenza della giunta in quota FdI ha fatto sapere che non si profileranno accorpamenti.
Nel dettaglio
Nell’anno scolastico 2026/2027 la Regione manterrà dunque una rete composta da 208 istituzioni scolastiche autonome. «Un cambio di approccio importante - lo definisce Luconi - Pur nel rispetto dei vincoli imposti dalla normativa nazionale e dalla riforma prevista dal Pnrr, la Regione continua a scegliere di mettere al centro i territori, le comunità e il valore sociale della scuola». Due i punti nodali dell’articolato: favorire il mantenimento del presidio educativo del primo ciclo nelle aree caratterizzate da minore accessibilità; razionalizzare l’offerta formativa del secondo ciclo, evitando duplicazioni e favorendo una distribuzione equilibrata degli indirizzi di studio.
Nel processo di riorganizzazione della rete scolastica, gli eventuali accorpamenti di istituzioni «dovranno garantire condizioni di effettiva sostenibilità logistica e organizzativa, salvaguardando la continuità istituzionale e didattica, la stabilità della governance e la presenza pienamente operativa della dirigenza e del personale amministrativo», si legge nel testo. È fondamentale evitare la costituzione di istituti eccessivamente grandi o organizzativamente complessi che compromettano la qualità dell’offerta e l’efficacia gestionale e, contemporaneamente, scongiurare fusioni successive su strutture già accorpate, privilegiando soluzioni che consolidino un equilibrio stabile nel medio periodo.
Scendendo nel dettaglio, le linee guida approvate ieri stabiliscono che, quando gli accorpamenti coinvolgono istituzioni del primo ciclo collocate in territori classificati come periferici o ultra-periferici - aree critiche come quelle montane, dell’entroterra o colpite dal sisma - «la salvaguardia del presidio educativo può essere perseguita attraverso scelte organizzative coerenti con le specificità territoriali, valutando, nell’ambito dell’istruttoria, l’opportunità di collocare la sede direttiva nell’istituzione situata nel Comune maggiormente svantaggiato».
La programmazione prevede anche un dispositivo per tutti i comuni che non sono inseriti in queste categorie ma che, a causa delle criticità infrastrutturali da cui sono tenuti in scacco, potrebbero chiedere una deroga alla Regione con un atto dei consigli comunali.
Punto cieco
Resta però il nodo - che comunque non avrebbe potuto essere sciolto da questo atto - del dimensionamento scolastico nei comuni montani, con quelli usciti dalla classifica nazionale dopo la legge sulla Montagna del Ministro Calderoli, che rischiano di perdere la deroga per la formazione di piccole classi nelle Primarie. Per il secondo ciclo, invece, gli accorpamenti e le eventuali riconfigurazioni concorrono a «promuovere una distribuzione equilibrata e sostenibile degli indirizzi di studio, evitando duplicazioni non giustificate o scoperture dell’offerta e rafforzando, dove possibile, la coerenza e l’integrazione tra percorsi liceali, tecnici e professionali, in relazione ai fabbisogni formativi e occupazionali espressi dai contesti locali».
Per il relatore di minoranza Enrico Piergallini, vice presidente del Consiglio in quota Pd ed ex insegnante, «la programmazione prevede aspetti anche condivisibili, ma questi criteri erano anche nei piani degli scorsi anni. Eppure, in 3 anni abbiamo perso 25 autonomie scolastiche: indebolire ed accorpare le dirigenze scolastiche, pur mantenendo i plessi, significa dare minore autonomia e maggiore difficoltà di governance al sistema scolastico».
La collega dem Micaela Vitri allarga lo zoom: «Per l’anno scolastico 2026/2027, il Ministero dell’Istruzione e del Merito ha imposto per le Marche una riduzione complessiva di 75 posti Ata (personale amministrativo, tecnico e ausiliario): nello specifico, 70 collaboratori scolastici, 3 assistenti tecnici e 2 assistenti amministrativi, passando da 5925 a 5850 unità. Personale che gestisce il buon andamento delle scuole». Le linee guida, insomma, sono un buon punto di partenza. Ma si può sempre fare meglio."
20260701030007,Quotidiano Di Puglia,https://www.quotidianodipuglia.it/bari/bari_rete_amici_fresco_come_funziona-9623979.html,,,,,,srclc:ita,"Bar, caffetterie e locali di Bari diventano in questi mesi estivi luoghi accoglienti per chi si trova in difficoltà. Sarà, infatti, possibile entrare nelle attività che aderiranno all’iniziativa “Amici del Fresco” e poter non solo ristorarsi godendo di un po’ di fresco, ma anche avere un bicchiere d’acqua, senza dover consumare. Ad identificare le attività aderenti sarà un apposito bollino che verrà loro fornito e sarà apposto in modo visibile all’ingresso. Nei prossimi giorni, il Comune lancerà un avviso pubblico rivolto proprio ai bar, alle caffetterie e agli esercizi commerciali interessati ad aderire alla rete “Amici del Fresco”. L’iniziativa è dedicata alle persone over 65, alle persone con disabilità, alle donne in gravidanza e ai cittadini fragili. “Un gesto semplice – lo definiscono dal Comune - che può contribuire concretamente a prevenire situazioni di rischio legate alle alte temperature”.
«Le statistiche ci dicono che a Bari la maggior parte dei bar è raggiungibile in quindici minuti a piedi dalla propria abitazione – spiega l’assessore Pietro Petruzzelli -. Questo dato dimostra la presenza capillare nel territorio delle attività commerciali di prossimità, motivo per cui abbiamo immaginato di creare una rete di bar, come presidio sociale anche nei mesi più caldi. L’amministrazione comunale, d’altronde, negli ultimi anni ha supportato convintamente i negozi di vicinato, attraverso specifici programmi di sostegno al commercio locale, concepito come generatore di comunità. Adesso invitiamo a salire a bordo di nuove iniziative sociali tutte le imprese di vicinato che abbiano voglia semplicemente di offrire una sedia e un bicchiere d’acqua a chi cerca un momento di ristoro nei giorni di afa».
«Accogliamo con grande favore la nascita della rete “Amici del Fresco”, un’iniziativa che dimostra come il commercio di prossimità possa svolgere un ruolo che va ben oltre la dimensione economica – sottolinea Raffaella Altamura, presidente Confesercenti Bari-Bat -. Bar, caffetterie e attività commerciali diventeranno presìdi di accoglienza e solidarietà, offrendo un luogo sicuro dove trovare refrigerio durante le giornate di caldo intenso. È un gesto semplice, ma di grande valore civile, che conferma come i negozi e i pubblici esercizi siano parte integrante della vita delle nostre comunità». «Come Confesercenti Provinciale di Bari – aggiunge Altamura - inviteremo le imprese associate ad aderire convintamente all’iniziativa, perché crediamo che fare impresa significhi anche prendersi cura del territorio e delle persone che lo vivono. Il commercio di prossimità è una straordinaria infrastruttura sociale: ogni giorno genera relazioni, sicurezza, servizi e, da oggi, anche un concreto aiuto per chi è più esposto ai rischi delle alte temperature».
A lei fa eco Vito D’Ingeo, presidente Confcommercio di Bari: «L’iniziativa “Amici del Fresco” interpreta perfettamente l’idea di città che Confcommercio sostiene da tempo: una città in cui i negozi, i bar e le attività di vicinato non sono soltanto luoghi di commercio, ma autentici presìdi di prossimità, sicurezza e coesione sociale. Le imprese del terziario svolgono ogni giorno una funzione che va ben oltre l’attività economica, rappresentando punti di riferimento per i cittadini, soprattutto per le persone più fragili. Di fronte ai cambiamenti climatici, all’innalzamento delle temperature, all’invecchiamento della popolazione e al progressivo calo demografico, siamo chiamati a ripensare il modo di vivere le nostre città».
«La sostenibilità non è solo ambientale: è anche sociale – conclude D’Ingeo -. Significa costruire comunità più inclusive, capaci di prendersi cura delle persone attraverso una rete diffusa di servizi e relazioni. Per questo riteniamo che “Amici del Fresco” possa integrarsi pienamente con i percorsi di rigenerazione urbana, valorizzando il ruolo delle attività commerciali come elementi essenziali della qualità della vita nei quartieri. Un negozio aperto, un bar, una caffetteria possono diventare luoghi di accoglienza, di ascolto e di protezione, contribuendo a rendere le città più resilienti e più vicine ai bisogni dei cittadini. Confcommercio Bari-BAT sosterrà con convinzione questa iniziativa, perché rappresenta un esempio concreto di collaborazione tra istituzioni e imprese per costruire un modello di sviluppo che metta al centro le persone e rafforzi il valore sociale del commercio di prossimità».
© RIPRODUZIONE RISERVATA - SEPA"
20260701022724,Notizie.it,https://www.notizie.it/chi-vive-a-monaco-ricchezza-nomi-noti-e-lacquisto-record-a-mareterra/,,,,,,srclc:ita,"Negli ultimi anni il Principato di Monaco è tornato sotto i riflettori per la forte concentrazione di ricchezza privata e per alcuni nomi di rilievo provenienti dall’Est. L’attenzione è cresciuta ulteriormente dopo l’incidente che ha coinvolto Vadim Ermolaev ferito nell’esplosione di un pacco bomba in un edificio residenziale a Monaco perché ha riportato l’attenzione pubblica sui residenti più facoltosi del territorio.
Pur non esistendo un elenco ufficiale, elementi concreti e compravendite plurimilionarie raccontano molto della realtà del Principato.
Le autorità locali mantengono un strettissimo riserbo sui registri di residenza, ma le cifre disponibili sul tessuto demografico del luogo offrono un quadro indicativo: su 39mila residenti complessivi, più di 12mila risulterebbero essere milionari cioè circa una persona su tre.
Questo dato mette in prospettiva la densità di ricchezza che caratterizza la città-stato affacciata sul Mediterraneo.
Rinat Akhmetov e l’acquisto record a Mareterra
Tra le acquisizioni che hanno attirato maggiore attenzione c’è quella attribuita a Rinat Akhmetov considerato l’uomo più ricco dell’Ucraina con un patrimonio stimato in 7,8 miliardi di dollari (valutazione indicata a marzo).
Il fatto più clamoroso legato al suo nome è l’acquisto di un immobile di altissimo profilo: un appartamento di 2.500 metri quadri sviluppato su cinque piani con 21 stanze e una piscina privata situato nel quartiere di lusso Mareterra il più esclusivo del Principato.
Dettagli economici della transazione
Il prezzo riportato per questa compravendita è stato di 471 milioni di euro equivalenti a circa 554 milioni di dollari. Questa cifra rappresenta uno dei trasferimenti immobiliari privati più costosi mai segnalati nel mercato residenziale a livello globale e spicca per la scala e la localizzazione sul fronte mare, in un contesto che ha visto negli anni consolidarsi offerte immobiliari di grande pregio.
Altri nomi ucraini e la presenza russa a Monaco
Oltre ad Akhmetov, il panorama dei residenti oriundi dall’Ucraina comprende anche figure come i fratelli Hryhoriy e Ihor Surkis noti imprenditori nel settore energetico e con importanti legami nel mondo del calcio attraverso la Dinamo Kiev. Un altro nome associato alla presenza imprenditoriale ucraina è quello di Kostiantyn Zhevago attivo nel settore minerario.
Accanto all’onda di magnati ucraini, il Principato rimane storicamente una delle mete preferite anche per miliardari russi. Tra i nomi più riconosciuti nella scena monegasca c’è quello di Dmitry Rybolovlev noto per il suo legame con la squadra di calcio locale AS Monaco e per una lunga integrazione nel tessuto economico cittadino. Queste presenze sottolineano come Monaco funzioni da hub per capitali e persone di grande patrimonio, indipendentemente dalla provenienza nazionale.
Il contesto demografico e sociale
La proporzione di residenti facoltosi – oltre 12mila su 39mila – incide sul mercato immobiliare, sui servizi di lusso e sulle dinamiche urbane del Principato. Il carattere elitario di quartieri come Mareterra testimonia la capacità del territorio di attrarre e concentrarsi su richieste abitative di fascia altissima, con volumetrie, servizi privati e ubicazioni che giustificano prezzi estremi.
Al tempo stesso, la segretezza amministrativa imposta dalle autorità monegasche complica la possibilità di avere un censimento accurato e pubblico dei residenti ultra-ricchi. Ciò rende le analisi basate su compravendite, osservazioni di mercato e menzioni pubbliche di soggetti di rilievo strumenti principali per ricostruire la presenza reale di oligarchi e grandi patrimoni nel Principato.
L’episodio che ha coinvolto Vadim Ermolaev ha nuovamente portato sotto i riflettori questa realtà complessa, fatta di opacità amministrativa e forti concentrazioni di ricchezza."
20260701000000,L'opinione Delle Libertà,http://www.opinione.it/politica/2026/07/01/riccardo-renzi-demografia-industria-deterrenza-guerre-futuro-tecnologia/,,,,,,srclc:ita,"Per oltre 30 anni l’Occidente ha coltivato una convinzione rassicurante: la superiorità tecnologica avrebbe compensato qualsiasi altra debolezza. Droni, Intelligenza artificiale, sistemi autonomi, capacità spaziali e cyber warfare sembravano destinati a sostituire la massa militare del Novecento. Le guerre in Ucraina e in Medio Oriente stanno però restituendo una lezione diversa. La tecnologia è decisiva, ma non è autosufficiente. Senza una base demografica, industriale e produttiva adeguata, perfino gli eserciti più avanzati rischiano di perdere la capacità di sostenere un conflitto prolungato. L'errore nasce da una lettura parziale della potenza militare. Per anni il dibattito si è concentrato sull'entità dei bilanci della Difesa e sulla qualità delle piattaforme, trascurando un fattore meno spettacolare ma altrettanto decisivo: la disponibilità di persone da reclutare, addestrare e impiegare, insieme alla capacità dell'industria di sostenerne lo sforzo nel tempo. L’inverno demografico europeo rappresenta oggi una delle principali minacce alla sicurezza del Continente. Popolazioni sempre più anziane significano meno giovani disponibili per il servizio militare, ma anche meno lavoratori nelle fabbriche, meno tecnici specializzati e minore capacità di espandere rapidamente la produzione bellica in caso di emergenza. La guerra moderna non consuma soltanto munizioni: consuma competenze, personale e capacità produttiva.
Negli Stati Uniti il problema assume caratteristiche differenti. La popolazione continua a crescere più dell’Europa, ma il bacino dei giovani idonei all’arruolamento si restringe per ragioni sanitarie, culturali e sociali. Non sorprende quindi che il Pentagono investa massicciamente nell’Intelligenza artificiale e nei sistemi autonomi. È una risposta razionale, ma rischia di trasformarsi in un’illusione se viene considerata l'unica soluzione possibile. La tecnologia, infatti, introduce nuove fragilità. Ogni piattaforma altamente digitalizzata dipende da reti di comunicazione, satelliti, software, semiconduttori e materie prime critiche. Se queste infrastrutture vengono degradate attraverso attacchi cyber o guerra elettronica, il vantaggio tecnologico può ridursi rapidamente. Una superiorità costruita esclusivamente sulla complessità diventa paradossalmente più vulnerabile. Esiste poi una seconda criticità, spesso sottovalutata: le catene globali di approvvigionamento. Gran parte delle terre rare, dei materiali raffinati e di numerosi componenti elettronici indispensabili all'industria della Difesa dipende ancora da filiere concentrate fuori dall’Occidente, con una presenza dominante della Cina in segmenti strategici. In una fase di competizione sistemica, questa dipendenza rappresenta un rischio che nessuna innovazione può cancellare.
Vi è infine il tema della sostenibilità finanziaria. Le guerre di logoramento mostrano ogni giorno il divario tra il costo di un drone commerciale modificato e quello dei sofisticati sistemi necessari per intercettarlo. Se per neutralizzare minacce da poche migliaia di euro occorrono missili che valgono centinaia di volte tanto, il problema non è soltanto tattico: è economico. Anche le economie più solide possiedono risorse limitate. Questo non significa rinunciare all’innovazione. Al contrario, significa impiegarla in modo più intelligente. L’Europa deve costruire una Difesa capace di coniugare qualità tecnologica, produzione su larga scala e resilienza industriale. Servono scorte, capacità manifatturiera, interoperabilità tra alleati e una politica industriale che riduca le dipendenze strategiche. Parallelamente occorre affrontare senza tabù la questione demografica. Una società che invecchia rapidamente faticherà inevitabilmente a sostenere la propria sicurezza. Politiche per la natalità, integrazione dell'immigrazione regolare, formazione tecnica e rafforzamento delle riserve civili non sono soltanto strumenti di welfare: sono investimenti nella sicurezza nazionale.
L’Occidente resta il sistema politico più innovativo, libero e prospero del mondo. Ma la libertà si difende anche con la capacità di produrre, sostituire e resistere. La vera deterrenza del futuro non sarà affidata esclusivamente all’Intelligenza artificiale o ai sistemi d’arma più sofisticati. Apparterrà alle democrazie capaci di trasformare innovazione, industria e capitale umano in un’unica architettura strategica. La sfida del 2040 non sarà scegliere tra tecnologia e massa. Sarà trovare il punto di equilibrio che permetta alle società democratiche di restare militarmente credibili senza rinunciare alla sostenibilità economica e alla coesione sociale. È questa la riforma strategica che l’Europa dovrebbe iniziare oggi.
Aggiornato il 01 luglio 2026 alle ore 10:52"
20260701000000,Agoravox Italia,https://www.agoravox.it/Dal-blocco-agrario-industriale-al.html,,,,,,srclc:ita,"Il presente lavoro non si propone di ricostruire in modo esaustivo la storia economica e politica dell'Italia contemporanea, bensì di utilizzare dati storici, economici e istituzionali come strumenti di verifica dell'ipotesi centrale della ricerca: la persistenza, pur in forme mutate, delle strutture di potere e dei meccanismi di accumulazione individuati dalla tradizione meridionalista e dall'analisi gramsciana dello Stato unitario. L'obiettivo è analizzare il ruolo svolto (...) - Tribuna Libera"
20260630180500,Anconatoday,https://www.anconatoday.it/attualita/sirolo-via-giulietti-conversazioni-estate-incontri-pubblici-futuro-conero-partito-democratico.html,,,,,,srclc:ita,"Dal rapporto tra istituzioni e cittadini alla tutela ambientale, passando per il turismo sostenibile e il lavoro per i giovani. Dal 10 luglio al via la rassegna del Circolo PD “David Sassoli” con ospiti del mondo politico, sociale e scientifico."
20260630174918,La Gazzetta Del Mezzogiorno,https://www.lagazzettadelmezzogiorno.it/news/ultima-ora/2035792/attacchi-cyber-ranzato-deas-la-vera-sfida-e-comprendere-la-minaccia.html,,,,,,srclc:ita,"Martedì 30 Giugno 2026, 18:24
ROMA (ITALPRESS) – “Per oltre un decennio la cybersicurezza è stata raccontata come una disciplina della difesa. Un approccio necessario, ma che oggi non basta più: il problema non è soltanto proteggere le infrastrutture, è comprendere la minaccia”. Lo afferma Stefania Ranzato, fondatrice di Deas (Difesa e Analisi Sistemi), società italiana di cybersicurezza nata nel 2018, alla testata Open (https://www.open.online/2026/06/30/cybersicurezza-italia-stefania-ranzato-deas). Secondo l’ultimo rapporto Clusit l’Italia concentra il 9,6% degli attacchi cyber globali, una quota superiore al suo peso economico e demografico. Nel mirino soprattutto i servizi essenziali: sanità, trasporti, banche. Nel 2025, secondo l’Agenzia per la Cybersicurezza Nazionale, gli attacchi alla sanità sono cresciuti del 40%. “Le capacità offensive, intese come capacità di comprendere l’offesa per neutralizzarla, si sviluppano attraverso ricerca e confronto con problemi reali – aggiunge Ranzato -. Formare e trattenere queste professionalità significa presidiare una porzione di autonomia nazionale”. Un approccio che, per funzionare davvero, dovrebbe essere accompagnato anche da una maggiore consapevolezza dei cittadini: aggiornare i dispositivi, utilizzare password intelligenti, riconoscere i tentativi di truffa via sms o mail. Insomma, conoscere i rischi della rete e saperli gestire, seguendo le buone prassi della cyber literacy, perchè anche nella cybersicurezza prevenire è meglio che curare. “La difesa più efficace – osserva ancora Ranzato – non nasce dalla protezione delle infrastrutture, ma dalla capacità di comprendere come ragiona chi intende comprometterle”. Perchè il vantaggio competitivo, soprattutto nel settore cyber, “appartiene a chi capisce prima”. Se i reati informatici preoccupano e sono in aumento, la ragione più immediata è che il valore economico dei dati è enorme. Proprio per questo, sostiene Ranzato, servono investimenti non soltanto nelle tecnologie, ma soprattutto nelle persone: “Le capacità offensive, intese come capacità di comprendere l’offesa per neutralizzarla, non si trovano sugli scaffali. Si sviluppano attraverso ricerca, sperimentazione continua e confronto con problemi reali». E’ il principio che regge gli ecosistemi cyber più maturi a livello internazionale, nei quali la ricerca offensiva è uno strumento ordinario per migliorare la resilienza complessiva dei sistemi. Da questo discende una conseguenza che la politica industriale italiana farebbe bene a interiorizzare: in un settore dove il fattore decisivo è il capitale umano, la dipendenza tecnologica dall’esterno non è un dettaglio operativo ma una vulnerabilità strategica. “Formare, trattenere e valorizzare professionalità capaci di operare a questo livello significa, in ultima istanza, presidiare una porzione di autonomia nazionale”, sottolinea Ranzato. – Foto ufficio stampa Deas – (ITALPRESS)."
20260630171458,Gazzetta Di Mantova,https://www.gazzettadimantova.it/territorio-mantovano/fontana-regione-oltrep%C3%B2-mantovano-1.13058314,,,,,,srclc:ita,"I progetti finanziati dal programma delle Aree interne regionali sono ai blocchi di partenza. Mercoledì 8 luglio saranno illustrati dal presidente della Regione Attilio Fontana. «È un motivo di orgoglio e soddisfazione ospitare il presidente della Regione. Questa visita sancisce la partenza della Strategia che ora entra nella sua fase concreta», spiega Alberto Borsari, presidente del Consorzio Oltrepò.
La visita di Fontana arriva a un mese esatto dalla firma da parte dell’assemblea del Consorzio Oltrepò mantovano dello schema di Accordo di collaborazione tra Regione e il Consorzio stesso, quale soggetto capofila dell’Area interna Oltrepò mantovano, per l’attuazione della Strategia.
Il documento è stato chiamato “Oltrepò Mantovano smart community: villaggi intelligenti. Sostenibilità, rigenerazione, innovazione. Un territorio con una governance inclusiva per uno sviluppo responsabile e per la coesione sociale”.
Contiene le linee e i progetti per rilanciare la zona e contrastare lo spopolamento. L’Accordo era arrivato dopo il via libera della giunta regionale del 25 maggio e mette a disposizione del territorio 14milioni e 375mila euro nell’ambito dell’Agenda del Controesodo 2021–2027.
La Strategia nasce da un lungo percorso di co-progettazione che ha coinvolto i 20 Comuni dell’Area interna insieme al Pirellone, al Politecnico di Milano, all’università di Pavia e ad Anci Lombardia. L’obiettivo è trasformare l’Oltrepò Mantovano in una comunità all’avanguardia capace di rispondere allo spopolamento e all’invecchiamento demografico mettendo al centro le persone, la collaborazione tra enti e la valorizzazione delle risorse locali.
Il tour con Fontana inizierà alla mattina (10,15) con la visita al complesso di edilizia residenziale pubblica a Ostiglia che verrà riqualificato dal punto di vista energetico. Alle 11 a Palazzo Ducale di Revere la presentazione della Strategia. Alle 14 la visita al centro di protezione civile di Villa Poma dove sorgerà la caserma dei pompieri volontari del Destra Secchia. Seguiranno una visita al Museo Gorni di Nuvolato e la visita al Parco San Lorenzo di Pegognaga che rientra nelle aree naturalisitiche da valorizzare.
Gazzetta di Mantova è su Whatsapp. Clicca qui per iscriverti al nostro canale e rimanere aggiornato in tempo reale."
20260630162826,Open,https://www.open.online/2026/06/30/spagna-sanatoria-migranti-sanchez-video/,,,,,,srclc:ita,"Spagna, oltre un milione di migranti chiede la sanatoria. Destra all’assalto di Sánchez: «Invaderanno l’Europa» – Il video
La Spagna si è stufata di ospitare centinaia di migliaia di immigrati clandestini. Ma il governo di Pedro Sánchez ha deciso di provare a risolvere il problema nel modo opposto a quello predicato dalle destre al governo in mezzo mondo: con una regolarizzazione di massa. Oggi 30 giugno era l’ultimo giorno per migranti e richiedenti asilo senza documenti in regola per aderire alla sanatoria, e la risposta s’è rivelata impressionante: ha chiesto di uscire dalla clandestinità oltre 1 milione di persone. I numeri sono stati annunciati oggi dallo stesso Sánchez nel giorno della presentazione del Piano di integrazione e cittadinanza. La straordinaria adesione ha stupito lo stesso esecutivo, che nel lanciare l’iniziativa ad aprile aveva detto di prevedere l’emersione dalla clandestinità di circa mezzo milione di immigrati. Secondo le organizzazioni che assistono i migranti, le richieste alla fine potrebbero superare quota 1,2 milioni. A metà giugno 360mila di queste risultavano già ammesse all’istruttoria, con il rilascio di un’autorizzazione provvisoria al soggiorno e al lavoro.
June 30, 2026
I requisiti per accedere e i documenti concessi: come funziona la sanatoria
Per avanzare la domanda è necessaria provare di aver vissuto in Spagna per almeno 5 mesi, o di aver chiesto la protezione internazionale, alla data del 31 dicembre 2025 e di non aver commesso reati. Chi si vedrà convalidata la richiesta emergerà dalla clandestinità, nel senso che si vedrà riconosciuto un permesso di soggiorno e di lavoro, valido inizialmente per un anno. Ma non la cittadinanza spagnola e il diritto di voto. «Alcune decisioni che prende il governo parlano non solo del Paese che siamo ma anche del Paese che aspiriamo a essere. E questa è una di quelle più importanti che può prendere un’amministrazione, perché così vogliamo che il mondo guardi alla Spagna: come a un Paese che rispetta, protegge e tutela i diritti umani», ha spiegato Sánchez. In concreto, poi, complice l’«inverno demografico» che vive anche la penisola iberica, «senza immigrazione la Spagna perderebbe un 19% del Pil nel 2050 e un 22% del Pil nel 2075: significa che chiuderebbero 90mila bar, che 50mila classi scolastiche resterebbero senza studenti e che 220mila fattorie scomparirebbero».
Se la sanatoria ha il sostegno della Chiesa, di centinaia di associazioni e delle oltre 600mila persone che avevano firmato per un’iniziativa legislativa popolare, il Partito Popolare (Pp) e Vox l’hanno aspramente criticata, accusando Sanchez di attrarre così nuovi clandestini. Il premier oggi ha risposto alle critiche parlando di un provvedimento «responsabile», volto a garantire un’immigrazione «legale, sicura e ordinata».
Ti potrebbe interessare
- La moglie di Pedro Sánchez a processo per corruzione: ritirato il passaporto. I Popolari spingono per le elezioni anticipate
- I favori, le tangenti, il complotto contro i giudici: così le inchieste inguaiano Pedro Sánchez in Spagna
- Sorpresa, la sinistra Ue fa asse con Meloni: «Stop al Patto di Stabilità». FdI all’assalto di Sánchez: «Col gas di Putin finanzia la guerra» – I video
Il ricorso alla Corte Ue e la difesa di Sanchez: «Permesso solo per la Spagna»
La questione però travalica i confini europei, sia sul piano politico che su quello territoriale. Alcune giunte regionali guidate dal centrodestra infatti hanno già presentato ricorso contro la sanatoria, sostenendo che potrebbe infrangere il diritto europeo. L’accusa in sostanza è che la regolarizzazione spalancherebbe le porte dell’Ue a centinaia di migliaia di (ex) clandestini. Il ricorso è già arrivato all’attenzione della Corte suprema spagnola, che dopo aver raccolto le opinioni delle parti potrebbe a sua volta inoltrare una «questione pregiudiziale interpretativa» di fronte alla Corte di giustizia Ue. Nell’attesa che questa si pronunci, la Corte suprema potrebbe ordinare la sospensione cautelare dell’applicazione del programma – bloccando di fatto almeno provvisoriamente l’iniziativa di Sánchez. Una brutta gatta da pelare per il governo, che prepara la sua controffensiva legale assicurando che la sanatoria è pienamente compatibile con il diritto Ue, per il semplice fatto – precisano fonti di Madrid – che la regolarizzazione «concede un permesso di residenza e lavoro valido esclusivamente in territorio spagnolo».
La legge dei nipoti e le accuse di «ingegneria elettorale»
A tenere banco a Madrid nelle stesse ore è poi anche un’altra iniziativa di «regolarizzazione» lanciata dal governo: la cosiddetta ley de nietos (“legge dei nipoti”) che permette di concedere la cittadinanza spagnola ai discendenti di chi emigrò e perse o rinunciò alla cittadinanza per ragioni di esilio politico, ideologico, religioso o per il proprio orientamento o identità sessuale durante la Guerra civile o la dittatura di Francisco Franco (1936-1975). La finestra per aderire a quest’iniziativa, varata nel 2022, si è chiusa ad ottobre scorso, ma il trattamento delle domande è tuttora in corso, anche perché pure in questo caso la risposta è stata «esplosiva»: hanno richiesto la cittadinanza spagnola oltre 2,4 milioni di persone, e oltre mezzo milione di domande sono già state accettate.
Quanto basta per la destra per attaccare pesantemente Sánchez anche su questo terreno. Il Pp parla di «ingegneria elettorale» e perfino di «frode», accusando i rivali Socialisti di volersi costruire in laboratorio una nuova platea di elettori amici in vista del prossimo appuntamento con le urne, previsto nel 2027. «Visto che con gli elettori attuali non funziona, vediamo se fabbricandone di nuovi si svolta», è il maligno ragionamento messo in bocca a Sánchez dal leader dell’opposizione Alberto Núñez Feijóo. Dal Partito socialista rigettano tali accuse come indegne e irresponsabili. «Sono disperati, non sanno più cosa inventarsi», è l’accusa reciproca che si lanciano i due (ex?) grandi partiti del Paese.
In copertina: Pedro Sánchez nel corso di una visita a Dakar, Senegal – 28 agosto 2024 (Ansa/Epa – Jerome Favre)"
20260630160500,Laregione,https://www.laregione.ch/sport/coppa-del-mondo-fifa-2026/1935462/eliminata-dal-paraguay-germania-sempre-piu-in-crisi,,,,,,srclc:ita,"Dopo il titolo del 2014, per i tedeschi è iniziato un periodo assai negativo, culminato con la pessima serie dal dischetto contro i sudamericani
Dopo il trionfo del 2014, i Mondiali sono diventati un incubo per la Germania, eliminata quest'anno ai rigori ai sedicesimi dal Paraguay dopo che nelle ultime due edizioni i Panzer non avevano nemmeno superato la fase a gironi. Situazione preoccupante, per un Paese dall'enorme dato demografico. Nessuno, del resto, si nasconde: «Da dodici anni non otteniamo nulla», ha ammesso il Ct Julian Nagelsmann, «sarebbe presuntuoso affermare che siamo ancora nell’élite mondiale». La massima di Gary Lineker, secondo cui ‘il calcio si gioca in 11 e alla fine vince sempre la Germania’ appartiene dunque a un passato molto lontano. Fra l'altro, i tedeschi hanno perso per la prima volta una partita ai rigori, nella storia dei Mondiali.
Il celebre bisettimanale Kicker ha sottolineato che l'attuale bacino di talenti della Germania è piuttosto limitato rispetto a nazioni come Francia, Inghilterra o Spagna. Qualsiasi battuta d'arresto si riflette dunque subito sui risultati. Un barlume di speranza per i tedeschi, nell'ultima dozzina d’anni, si è visto solo a Euro 2024 (in casa), quando giunsero fino ai quarti (sconfitti dalla Spagna), grazie soprattutto alla coppia Musiala-Wirtz. Ma i due giovani talenti hanno avuto una stagione complicata: Musiala è tornato assai a rilento da un grave infortunio, mentre Wirtz – sbarcato 12 mesi fa a Liverpool – ha parecchio deluso. Sul fallimento tedesco hanno influito anche gli infortuni di Gnabry e Karl prima dei Mondiali, e quello di Schlotterbeck a torneo in corso. ""Tradizionalmente abbiamo sempre dato importanza al collettivo, alla tattica e alla mentalità. Ma oggi non basta più"", ha detto Tobias Haupt, ex direttore dell'Accademia federale. Talenti come Karl (18 anni), rivelazione dell'ultima Bundesliga, e Jonas Urbig – portiere 21enne – offrono rari motivi di speranza. ""Abbiamo talenti, ma ci vuole tempo perché raggiungano grandi traguardi"", ha aggiunto Nagelsmann.
""Le partite si decidono nelle due aree. E ancora una volta non siamo riusciti né a difendere né a creare occasioni in attacco"", ha detto Per Mertesacker (iridato nel 2014) e oggi commentatore per Zdf (rete pubblica). In passato, difesa e attacco erano i punti di forza della Mannschaft, terra di difensori Palloni d'oro come Beckenbauer e Sammer, e di bomber come Gerd Müller e Miro Klose. Ma l'ultima partita tedesca senza subire gol ai Mondiali risale alla finale 2014 contro l'Argentina. Le garanzie offerte nel 2026 dalla coppia centrale Rüdiger-Tah sono state nulle. E il portiere campione nel 2014 Manuel Neuer è tornato in Nazionale giusto per il torneo iridato, ma certo senza brillare.
Allenatore della Mannschaft da settembre 2023 e con un contratto fino al 2028, Nagelsmann è al centro di grandi critiche, specie per aver schierato Kimmich come terzino, nonostante nel Bayern giochi a centrocampo. ""Se la Federazione vuole che io continui, lo farò. E se non vuole, può dirmelo. So come funziona il calcio"", ha spiegato il Ct, appoggiato dal direttore sportivo Rudi Völler. L'ombra di Jürgen Klopp, ex allenatore del Liverpool e commentatore per l'emittente Magenta TV, ha del resto aleggiato sulla Nazionale durante tutto il Mondiale."
20260630142002,Il Tempo,https://www.iltempo.it/italpress/2026/06/30/news/attacchi-cyber-ranzato-deas-la-vera-sfida-e-comprendere-la-minaccia--48376538/,,,,,,srclc:ita,"Attacchi cyber, Ranzato (Deas) “La vera sfida è comprendere la minaccia”
ROMA (ITALPRESS) – “Per oltre un decennio la cybersicurezza è stata raccontata come una disciplina della difesa. Un approccio necessario, ma che oggi non basta più: il problema non è soltanto proteggere le infrastrutture, è comprendere la minaccia”. Lo afferma Stefania Ranzato, fondatrice di Deas (Difesa e Analisi Sistemi), società italiana di cybersicurezza nata nel 2018, alla testata Open (https://www.open.online/2026/06/30/cybersicurezza-italia-stefania-ranzato-deas). Secondo l’ultimo rapporto Clusit l’Italia concentra il 9,6% degli attacchi cyber globali, una quota superiore al suo peso economico e demografico. Nel mirino soprattutto i servizi essenziali: sanità, trasporti, banche. Nel 2025, secondo l’Agenzia per la Cybersicurezza Nazionale, gli attacchi alla sanità sono cresciuti del 40%. “Le capacità offensive, intese come capacità di comprendere l’offesa per neutralizzarla, si sviluppano attraverso ricerca e confronto con problemi reali – aggiunge Ranzato -. Formare e trattenere queste professionalità significa presidiare una porzione di autonomia nazionale”.
Un approccio che, per funzionare davvero, dovrebbe essere accompagnato anche da una maggiore consapevolezza dei cittadini: aggiornare i dispositivi, utilizzare password intelligenti, riconoscere i tentativi di truffa via sms o mail. Insomma, conoscere i rischi della rete e saperli gestire, seguendo le buone prassi della cyber literacy, perchè anche nella cybersicurezza prevenire è meglio che curare. “La difesa più efficace – osserva ancora Ranzato – non nasce dalla protezione delle infrastrutture, ma dalla capacità di comprendere come ragiona chi intende comprometterle”. Perchè il vantaggio competitivo, soprattutto nel settore cyber, “appartiene a chi capisce prima”.
Se i reati informatici preoccupano e sono in aumento, la ragione più immediata è che il valore economico dei dati è enorme. Proprio per questo, sostiene Ranzato, servono investimenti non soltanto nelle tecnologie, ma soprattutto nelle persone: “Le capacità offensive, intese come capacità di comprendere l’offesa per neutralizzarla, non si trovano sugli scaffali. Si sviluppano attraverso ricerca, sperimentazione continua e confronto con problemi reali». E’ il principio che regge gli ecosistemi cyber più maturi a livello internazionale, nei quali la ricerca offensiva è uno strumento ordinario per migliorare la resilienza complessiva dei sistemi.
Da questo discende una conseguenza che la politica industriale italiana farebbe bene a interiorizzare: in un settore dove il fattore decisivo è il capitale umano, la dipendenza tecnologica dall’esterno non è un dettaglio operativo ma una vulnerabilità strategica. “Formare, trattenere e valorizzare professionalità capaci di operare a questo livello significa, in ultima istanza, presidiare una porzione di autonomia nazionale”, sottolinea Ranzato.
– Foto ufficio stampa Deas –
(ITALPRESS)."
20260630142002,Targatocn.it,https://www.targatocn.it/2026/06/30/leggi-notizia/articolo/attacchi-cyber-ranzato-deas-la-vera-sfida-e-comprendere-la-minaccia.html,,,,,,srclc:ita,"ROMA (ITALPRESS) - ""Per oltre un decennio la cybersicurezza è stata raccontata come una disciplina della difesa. Un approccio necessario, ma che oggi non basta più: il problema non è soltanto proteggere le infrastrutture, è comprendere la minaccia"". Lo afferma Stefania Ranzato, fondatrice di Deas (Difesa e Analisi Sistemi), società italiana di cybersicurezza nata nel 2018, alla testata Open (https://www.open.online/2026/06/30/cybersicurezza-italia-stefania-ranzato-deas). Secondo l'ultimo rapporto Clusit l'Italia concentra il 9,6% degli attacchi cyber globali, una quota superiore al suo peso economico e demografico. Nel mirino soprattutto i servizi essenziali: sanità, trasporti, banche. Nel 2025, secondo l'Agenzia per la Cybersicurezza Nazionale, gli attacchi alla sanità sono cresciuti del 40%. ""Le capacità offensive, intese come capacità di comprendere l'offesa per neutralizzarla, si sviluppano attraverso ricerca e confronto con problemi reali - aggiunge Ranzato -. Formare e trattenere queste professionalità significa presidiare una porzione di autonomia nazionale"".Un approccio che, per funzionare davvero, dovrebbe essere accompagnato anche da una maggiore consapevolezza dei cittadini: aggiornare i dispositivi, utilizzare password intelligenti, riconoscere i tentativi di truffa via sms o mail. Insomma, conoscere i rischi della rete e saperli gestire, seguendo le buone prassi della cyber literacy, perchè anche nella cybersicurezza prevenire è meglio che curare. ""La difesa più efficace - osserva ancora Ranzato - non nasce dalla protezione delle infrastrutture, ma dalla capacità di comprendere come ragiona chi intende comprometterle"". Perchè il vantaggio competitivo, soprattutto nel settore cyber, ""appartiene a chi capisce prima"".Se i reati informatici preoccupano e sono in aumento, la ragione più immediata è che il valore economico dei dati è enorme. Proprio per questo, sostiene Ranzato, servono investimenti non soltanto nelle tecnologie, ma soprattutto nelle persone: ""Le capacità offensive, intese come capacità di comprendere l'offesa per neutralizzarla, non si trovano sugli scaffali. Si sviluppano attraverso ricerca, sperimentazione continua e confronto con problemi reali». E' il principio che regge gli ecosistemi cyber più maturi a livello internazionale, nei quali la ricerca offensiva è uno strumento ordinario per migliorare la resilienza complessiva dei sistemi.Da questo discende una conseguenza che la politica industriale italiana farebbe bene a interiorizzare: in un settore dove il fattore decisivo è il capitale umano, la dipendenza tecnologica dall'esterno non è un dettaglio operativo ma una vulnerabilità strategica. ""Formare, trattenere e valorizzare professionalità capaci di operare a questo livello significa, in ultima istanza, presidiare una porzione di autonomia nazionale"", sottolinea Ranzato.- Foto ufficio stampa Deas -(ITALPRESS).
In Breve
giovedì  02 luglio"
20260630141901,Ilgiornale Il,https://www.ilgiornale.it/news/politica-estera/isole-e-aree-costiere-svolta-ue-cos-bruxelles-vuole-salvare-2686426.html,,,,,,srclc:ita,"C’è un punto, fragile e particolare, dell’Ue che per molto tempo è stato ai margini del discorso europeo, lontano da Bruxelles e spesso trascurato. Stiamo parlando delle isole e delle aree costiere. Eppure proprio in queste zone dell’Unione si sta verificando una convergenza di problemi e tensioni che rappresenta una sfida per tutto il Vecchio continente.
Le isole, ad esempio, sono il punto di caduta di tensioni geopolitiche, pensiamo ai droni su Cipro nelle prime fasi della guerra in Iran o agli arcipelaghi del Baltico al centro delle tensioni tra Nato e Russia. Ma sono anche il primo punto di contatto coi flussi migratori, come insegna la rotta del Mediterraneo centrale che si sfoga sulle isole italiane da Lampedusa alla Sicilia. Ma non solo. Le isole, e tutte le aree costiere, sono anche lo specchio di tornasole delle carenze infrastrutturali, della sfida del cambiamento climatico e dei nuovi modelli di sviluppo economico e sociale.
Per tutte queste ragioni la Commissione europea ha adottato due ampie strategie per le isole e le comunità costiere presentate nel dettaglio il 26 giugno a Cipro, in un evento che ha suggellato anche i sei mesi della presidenza cipriota del Consiglio dell'Unione europea. Un progetto strutturato con l'obiettivo di portare quella che è sempre stata la periferia d'Europa, al centro dell'Unione. Un segnale forte anche per l'Italia, che ospita le due maggiori isole del Mediterraneo, la Sicilia e la Sardegna, e gli oltre 8mila chilometri di coste.
Un lavoro per salvare il ""diritto a restare""
Per l’Ue si tratta di una presa di coscienza importante e decisiva. Ben 17 milioni di persone vivono sparpagliate in oltre 4 mila isole, mentre 95 milioni, il 21% di tutta la popolazione dell’Unione, vive lungo i 70 mila chilometri di coste. Connettori di crisi e sfide globali, isole e aree costiere, sono soprattutto un tessuto fragile sul piano sociale. L’aumento del costo della vita e squilibri in altri settori, come il picco turistico, hanno portato a fenomeni di fragilità sociale e spopolamento. Per queste ragioni il filo conduttore su cui si basa il piano della Commissione è quello della salvaguardia del “diritto a restare”.
Nel corso della conferenza e dei panel l’elemento della permanenza nei luoghi in cui si è nati è stato chiamato più volte, come ha spiegato anche il ministro delle Finanze cipriota Makis Keravnos: “Una questione legata alle due strategie è il diritto a restare. In altre parole, il diritto delle persone di rimanere, vivere e creare nella terra in cui sono nate, e di non abbandonarla per necessità o per costrizione"".
L'Europa più fragile
Purtroppo quando si parla di isole e aree costiere l’elenco delle criticità è lungo. Non solo. Si tratta di elementi su cui lavorare che sono strettamente connessi tra loro. Basti pensare all’isolamento geografico e alla distanza dai mercati continentali, due elementi connessi alla connettività limitata (marittima, aerea e digitale), che a sua volta è legata a costi di trasporto elevati (fino al 300% / tre volte superiori al continente).
Questi elementi creano anche mercati piccoli e frammentati con scarse economie di scala che in molti casi sono costretti a ripiegare su un’eccessiva dipendenza dal turismo che finisce con rendere la regola la stagionalità dell’attività economica esponendo le aree a choc di mercato e conseguente emigrazione giovanile e instabilità economica. In tutto questo il capitolo energetico, o meglio della carenza energetica, non può essere considerato di secondo piano. La vulnerabilità climatica come erosione costiera, scarsità idrica, innalzamento del mare, compone un quadro che alimenta il declino demografico.
Le due strutture dei piani
Le strategie Ue delineate nella conferenza di Cipro sono strutturati piani di intervento che fanno ordine nel grande caos prodotto dalla macchina burocratica di Bruxelles, che nel varare decine di provvedimenti e stanziamenti, spesso non l’ha fatto con l’ottica di interventi per i territori specifici come le isole o le aree costiere. Come spiegato da Raffaele Fitto, Vicepresidente esecutivo per la Coesione e le riforme, è la prima volta che la Commissione fa un intervento così organico sulla materia.
Si tratta quindi di un approccio coerente e olistico che trasformi le sfide di questi territori in punti di forza duraturi. Le due strategie operano “in tandem”, rafforzandosi a vicenda all’interno delle politiche e dei finanziamenti già esistenti. Ma cosa c’è davvero in queste due strategie? La prima, quella per le isole è pensata in quattro pilastri:
- Sviluppo economico (sostegno all’imprenditorialità per economie locali diversificate)
- Sicurezza energetica, protezione ambientale, transizione verde e resilienza climatica
- Comunità (aiuto per il rafforzamento di servizi pubblici, sanità, alloggi, istruzione per invertire lo spopolamento)
- Sicurezza e preparazione alle crisi
L’operazione della Commissione riguarda una ridefinizione di come i fondi vengono gestiti e non lo stanziamento di nuovi. Una nota forse deludente, ma che allo stesso tempo riorientando quelli esistenti, ne rende altri già disponibili. In particolare le dotazioni a cui gli Stati membri possono accedere sono quelle per le politiche di coesione (12,5 miliardi di euro (periodo 2021-2027); Horizon Europe (4,2 miliardi); Banca europea per gli investimenti (7,3 miliardi di euro); a cui poi si aggiungono altre voci come i fondi per la politica comune di pesca e agricoltura , il sistema ETS e l’iniziativa Clean Energy for EU Islands.
Oltre a tutto questo, i vari pilastri mettono a sistema diversi provvedimenti che gli organi europei hanno licenziato negli ultimi anni, provando a risolvere uno dei problemi che da sempre affliggono il grande carrozzone europeo: il moltiplicarsi dei provvedimenti che burocratizzando tutto rendono farraginosi i meccanismi di azione e sostegno ai territori.
Tre sono invece i pilastri per le aree costiere
- Prosperità (promozione di un’economia blu dinamica, competitiva e diversificata, con innovazione e nuovi modelli di impresa)
- Resilienza (rafforzamento dell’adattabilità al cambiamento climatico e alle pressioni ambientali, economiche, sociali e di sicurezza)
- Vivibilità (promozione di luoghi attrattivi dove vivere e lavorare, salvaguardando cultura, patrimonio e identità)
Dalla burocrazia Ue ai risultati sul territorio
Come ha spiegato lo stesso Fitto nel corso del suo intervento, le due strategie sono il punto di partenza, non un punto di arrivo: ora è il momento di passare dalla ""visione"" all’azione. I pilastri, infatti, si basano sul dialogo continuo con gli Stati membri e sul supporto a questi. Un tema importante, emerso nel corso della conferenza, ha che fare con l’accesso ai fondi, non sempre immediato, soprattutto per piccole realtà amministrative che non hanno figure preposte.
In questa ottica l’Ue si è proposta anche come “mediatore”, sia fornendo supporto, sia facilitando la portabilità di progetti che funzionano, ovvero cercando di aiutare a replicare esperienze funzionanti in un Paese portandole in un altro.
Un punto sensibile di queste strategie è il punto di caduta, emerso con gli interventi di chi vive e conosce quei territori. Erica Englund, vicepresidente della Federazione europea delle piccole isole (ESIN) e Associazione delle isole finlandesi ha spiegato bene che l'insidia è evitare che basti una spolverata di “green” per risolvere la questione: “L’obiettivo non dovrebbe essere creare isole con energia rinnovabile, ma comunità insulari rinnovabili”.
Marie-Antoinette Maupertuis, presidente dell’Assemblea della Corsica ha posto l’accento su punti sensibili e sull’importanza di un'elasticità di fondo in Europa, punti che già il governo Meloni aveva evidenziato negli scorsi mesi. Maupertuis ha parlato infatti della necessità di maggiore flessibilità sugli aiuti di Stato e di esenzioni o moratorie sull’ETS per reinvestire nelle infrastrutture portuali e aeroportuali.
Resta un punto importante, ovvero che il vero banco di prova non è nei documenti, ma in ciò che verrà dopo.
Come ha ricordato Fitto, le due strategie sono ""un punto di partenza"": il loro peso reale si misurerà nella prossima programmazione finanziaria e nei piani nazionali e regionali di partenariato, cioè nella capacità di far arrivare i fondi fino alle piccole comunità che oggi faticano persino ad accedervi. Non è un dettaglio tecnico: è la differenza tra una dichiarazione d'intenti e un cambiamento percepito nella vita di chi quei territori li abita."
20260630123101,Unione,https://www.unionesarda.it/podcast/fra-kiev-e-mosca-guerra-dellenergia-hsz7tg01,,,,,,srclc:ita,"Fra Kiev e Mosca guerra dell'energia
Di Alessandro AresuFinora le cronache sui cambiamenti dei rapporti di forza e sulle svolte nel fronte tra Russia e Ucraina non hanno mai portato a un processo concreto verso la conclusione del conflitto.
Anche gli eventi delle ultime settimane possono essere visti secondo questa chiave di lettura. È vero che la percezione di un rafforzamento della Russia qualche settimana fa, per via dell’aumento del prezzo dell’energia con la guerra in Iran, ha lasciato spazio a una crescente attenzione per gli attacchi dell’Ucraina nel territorio russo, ma non è affatto detto che ciò porti a un vero negoziato o a una chiara evoluzione. Per esempio, verso le cosiddette soluzioni “finlandese” o “coreana”, che implicano comunque un accordo, più informale che formale, tra Ucraina e Russia sul congelamento delle operazioni militari e sullo status dei territori contesi. Un passaggio importante sarà, in ogni caso, il prossimo vertice NATO di Ankara del 7 e 8 luglio, anche e soprattutto per misurare la temperatura della coesione europea e dei rapporti tra l’Europa e gli Stati Uniti.
Sul piano militare, l’Ucraina ha intensificato le operazioni nei territori russi e controllati dalla Russia, per mostrare le proprie capacità offensive e per colpire infrastrutture e poli manifatturieri. La Crimea, in particolare, è stata sottoposta a bombardamenti e attacchi di droni, che hanno danneggiato la rete elettrica e contribuito alla dichiarazione di uno stato di emergenza.
Questa situazione si unisce oggi a una posizione più attendista da parte degli Stati Uniti rispetto alle precedenti mosse di Trump e alla necessità di valutare per tutti le conseguenze della guerra in Iran, sia sul piano energetico che su quello della tattica negoziale. Nel mentre, sul piano militare la Russia continua a perseguire la sua strategia di logoramento con una lenta avanzata territoriale nel Donbass.
Mentre sul campo di battaglia continua uno scontro armato che sconta la ridotta disponibilità di personale militare rispetto alle fasi iniziali di un conflitto ormai molto lungo, la partita dell’energia si gioca anche sui mari. Un esempio del contrasto alla cosiddetta “flotta ombra russa” si è verificato recentemente nel Mediterraneo, al largo delle coste della Sicilia. La Marina francese, con l’uso delle forze speciali, ha intercettato e dirottato una petroliera proveniente da un porto russo, che batteva la bandiera del Camerun. Macron ha voluto diffondere le immagini dell’operazione e rivendicarla politicamente: è la quinta di questo tipo da settembre 2025.
In vista del vertice NATO di Ankara, tra i principali candidati per un ruolo di possibile mediazione c’è ancora una volta la Turchia. Il ministro degli Esteri turco, Hakan Fidan, ha ribadito in questi giorni la disponibilità a ospitare nuove delegazioni di Ucraina e Russia per riprendere i negoziati di pace. La diplomazia turca, visto il logoramento di entrambi i contendenti dal punto di vista demografico e considerato l’ottimo rapporto di Erdogan con gli Stati Uniti di Trump, punta a un salto di qualità nelle trattative. Per gestire il negoziato, la Turchia può partire dai risultati ottenuti in passato, come lo scambio di duemila prigionieri facilitato a metà 2025.
Sul vertice di Ankara, tuttavia, peserà anche il malcontento europeo sul segretario generale Mark Rutte, il quale ha spesso agito più come un membro dell’ufficio personale di Donald Trump che come il rappresentante di un’alleanza più ampia. E nelle tensioni tra Europa e Stati Uniti continua a contare la guerra in Iran. Tra il negoziato in corso dopo l’accordo preliminare e i nuovi scambi di bombardamenti, in Europa resta il timore che le problematiche irrisolte, come la sicurezza della navigazione nello Stretto di Hormuz, oltre alle questioni finanziarie, possano pesare sul summit.
Non sarà comunque l’ennesimo incontro tra leader europei a costruire una reale capacità di produzione industriale e di deterrenza armata. Il vertice dovrà fare nuovamente i conti con le differenze che restano tra i Paesi europei sulla stessa guerra in Ucraina. Per esempio, il primo ministro slovacco, Robert Fico, ha annunciato già la sua totale opposizione ai piani su un nuovo pacchetto di aiuti militari e finanziari, paventando il timore di un’incontrollabile estensione del conflitto.
Alessandro Aresu
Consigliere scientifico di Limes"
20260630114020,Open,https://www.open.online/2026/06/30/cybersicurezza-italia-stefania-ranzato-deas/,,,,,,srclc:ita,"Quasi un cyberattacco su dieci al mondo colpisce l’Italia. Stefania Ranzato (Deas): «Difendersi non basta. La vera sfida è comprendere la minaccia»
Quasi un attacco informatico su dieci nel mondo prende di mira l’Italia. Secondo l’ultimo rapporto Clusit, associazione italiana per la sicurezza informatica, nel nostro Paese si concentra il 9,6% degli attacchi cyber globali, una quota ben superiore al suo peso economico e demografico. Di fronte a questa situazione, la soluzione di cui si sente parlare più spesso prevede essenzialmente una cosa: difendersi. Eppure, alzare i muri non basta. Per chi lavora nel settore, diventa fondamentale capire come agiscono gli autori di un attacco cyber, quali vulnerabilità cercano e perché scelgono determinati obiettivi. È questa la filosofia alla base di Deas (Difesa e Analisi Sistemi), società italiana specializzata nella cybersicurezza fondata nel 2018 da Stefania Ranzato, che aiuta aziende e istituzioni a individuare i punti deboli dei propri sistemi prima di un eventuale attacco informatico.
Prevenire è meglio che curare, anche nella cybersicurezza
«Per oltre un decennio la cybersicurezza è stata raccontata come una disciplina della difesa. Un approccio necessario, ma che oggi non basta più. Il problema non è soltanto proteggere le infrastrutture: è comprendere la minaccia», spiega la fondatrice di Deas, Stefania Ranzato. L’attività dell’azienda parte proprio da questo principio: non limitarsi a installare strumenti di protezione, ma simulare il punto di vista di chi potrebbe tentare un’intrusione, individuando le criticità prima che si trasformino in problemi reali.
Un approccio che, per funzionare davvero, dovrebbe essere accompagnato anche da una maggiore consapevolezza dei cittadini: aggiornare i dispositivi, utilizzare password intelligenti, riconoscere i tentativi di truffa via sms o mail. Insomma, conoscere i rischi della rete e saperli gestire, seguendo le buone prassi della cyber literacy, perché anche nella cybersicurezza prevenire è meglio che curare. «La difesa più efficace – osserva ancora Ranzato – non nasce dalla protezione delle infrastrutture, ma dalla capacità di comprendere come ragiona chi intende comprometterle». Perché il vantaggio competitivo, soprattutto nel settore cyber, «appartiene a chi capisce prima».
Ti potrebbe interessare
- Attacco hacker a Trenitalia, guai sui dati dei clienti. L’email con l’avvertimento a tappeto su carte di credito, password e cellulari: cosa è successo
- Bruno Frattasi, direttore dell’Agenzia per la cybersicurezza, si dimette. Al suo posto Quacivi (ex ad Sogei)
- La storia dei tre informatici accusati di aver “bucato” anche il pc del procuratore di Torino, Bombardieri
I settori più esposti
A finire nel mirino di attacchi hacker sono spesso quelle organizzazioni che custodiscono grandi quantità di dati o gestiscono servizi essenziali: sanità, trasporti, pubblica amministrazione, banche e piattaforme digitali come Booking e AirBnb. L’ultimo esempio è arrivato da Trenitalia, vittima di un attacco informatico che ha sottratto i dati anagrafici, di contatto e di viaggio di migliaia di cittadini. Ma a finire nel mirino degli hacker sono sempre più spesso anche le strutture sanitarie. Secondo l’Agenzia per la Cybersicurezza Nazionale, nel 2025 gli attacchi contro il settore sanitario sono aumentati del 40%, confermando una tendenza che riguarda tutta Europa. Ospedali e strutture sanitarie sono considerati obiettivi sensibili perché un’interruzione dei servizi può generare gravi disagi e mettere a rischio l’assistenza ai pazienti.
Ma c’è un elemento che distingue le campagne odierne da quelle del decennio scorso. Le operazioni che oggi colpiscono infrastrutture critiche, amministrazioni pubbliche e operatori strategici non somigliano più alla criminalità informatica tradizionale. Dietro le campagne più sofisticate non agiscono soltanto gruppi mossi dal profitto, ma attori che operano secondo le logiche della competizione geopolitica. È una distinzione tutt’altro che terminologica: le principali agenzie occidentali di sicurezza e di difesa stanno convergendo verso un modello che mette al centro lo studio delle capacità avversarie. Non più solo la reazione all’incidente, ma l’analisi sistematica delle tecniche operative e della logica decisionale dei gruppi più avanzati. È l’ingresso a pieno titolo di discipline come l’Adversary Emulation, il Red Teaming e l’analisi delle TTP (Tactics, Techniques and Procedures) impiegate dagli attori state-sponsored.
Una visione anticipata
Questa filosofia ha iniziato a trovare spazio in Italia prima che diventasse senso comune. Quando il dibattito nazionale era ancora orientato in chiave puramente difensiva, Deas ne ha sostenuto l’importanza partendo da una posizione controcorrente: la sicurezza non può poggiare soltanto sugli strumenti di protezione, ma deve partire dalla comprensione operativa della minaccia. Una tesi che allora appariva minoritaria e che oggi, alla luce dell’evoluzione degli scenari internazionali, risulta semplicemente coerente con il modo in cui il settore ha ridefinito le proprie priorità.
Le campagne attribuite ai principali gruppi APT confermano quell’intuizione. Gli attaccanti più strutturati investono una quota rilevante delle proprie risorse non nell’attacco in sé, ma nello studio del bersaglio: analizzano infrastrutture, processi industriali, supply chain, procedure operative, comportamenti umani. Prima di compromettere un sistema, ne comprendono il funzionamento. Da qui è nato, negli anni, un modello orientato alla simulazione di scenari realistici, allo studio delle minacce statuali e alla formazione di professionalità in grado di ragionare secondo le logiche dell’hacking avanzato applicato alla protezione delle infrastrutture strategiche.
In questa prospettiva l’hacking perde la connotazione che l’immaginario collettivo gli attribuisce. Non è trasgressione, non è antagonismo. È una disciplina di comprensione dei sistemi complessi: una metodologia per individuare relazioni, vulnerabilità e comportamenti emergenti prima che un avversario li sfrutti. Una forma di conoscenza, prima ancora che di sicurezza.
Una questione di autonomia, non solo di sicurezza
Se i reati informatici preoccupano e sono in aumento, la ragione più immediata è che il valore economico dei dati è enorme. Proprio per questo, sostiene Ranzato, servono investimenti non soltanto nelle tecnologie, ma soprattutto nelle persone: «Le capacità offensive, intese come capacità di comprendere l’offesa per neutralizzarla, non si trovano sugli scaffali. Si sviluppano attraverso ricerca, sperimentazione continua e confronto con problemi reali». È il principio che regge gli ecosistemi cyber più maturi a livello internazionale, nei quali la ricerca offensiva è uno strumento ordinario per migliorare la resilienza complessiva dei sistemi.
Da questo discende una conseguenza che la politica industriale italiana farebbe bene a interiorizzare: in un settore dove il fattore decisivo è il capitale umano, la dipendenza tecnologica dall’esterno non è un dettaglio operativo ma una vulnerabilità strategica. «Formare, trattenere e valorizzare professionalità capaci di operare a questo livello significa, in ultima istanza, presidiare una porzione di autonomia nazionale», sottolinea Ranzato."
20260630111356,Anconatoday,https://www.anconatoday.it/attualita/cambio-ai-vertici-della-capitaneria-di-porto-l-ammiraglio-seno-prende-il-posto-di-vitale-la-visita-dal-sindaco-silvetti.html,,,,,,srclc:ita,"Durante l’incontro il sindaco ha ringraziato il comandante Vitale per la proficua collaborazione di questi anni e ha porto il benvenuto all’Ammiraglio Seno presentando Ancona, città in trasformazione e in crescita anche sotto il profilo demografico"
20260630100002,Ilgiornale Il,https://www.ilgiornale.it/news/politica/roccella-perseguitata-sue-idee-2686212.html,,,,,,srclc:ita,"Le ricerche vanno avanti, ma gli hater ancora di più. Droni, sommozzatori, imbarcazioni che solcano le acque oscure del lago. Sulla rete invece i cultori dell'insulto non conoscono requie. Battute sarcastiche e irriferibili, l'odio trasformato in professione.
Eugenia Roccella è ministra della Famiglia e maneggia temi controversi che evidentemente suscitano reazioni incontrollabili in una parte, minoritaria ma in trascurabile, dell'opinione pubblica.
Chi non è d'accordo con lei non sopporta il suo essere fuori dal coro, il pensiero politicamente scorretto, la difesa dei valori tradizionali, tipo paternità e maternità, che una volta erano la normalità e oggi l'eccezione, e poi il fatto di combattere l'inverno demografico. Un paese per vecchi che scivola verso quota zero.
Chi non condivide, non sa argomentare e dunque scaglia parole che sono offese, no, molto di più, coltellate nella carne viva con il solito contorno di volgarità. L'hanno attacca, interrotta e le hanno impedito di parlare più di una volta: al Festival dell'economia, agli Stati generali della natalità, e pure al Salone del libro di Torino.
È una colonna sonora che intristisce ma questa è un'altra storia, un upgrade verso il peggio e un baratro senza ritorno. La ministra ha perso il marito, sabato nel lago di Vico, e ora di fatto si cerca un corpo, quello di Luigi Cavallari. Come si fa a violare in questo modo i sentimenti più elementari?
Qui siamo alle basi della nostra civiltà, alla pietà, anzi alla pietas che si deve a chi è scomparso: se prendiamo l'Iliade, che è la base della nostra cultura, l'opera si chiude proprio con i solenni funerali di Ettore. Il pianto sul corpo del defunto: la storia della nostra pittura, dopo lo stabat mater, consolazione struggente ad una sofferenza indicibile.
Ora è tutto spazzato via. Con un furore sconvolgente e insensato che si autoalimenta nella sua ossessione.
Ecco.
Si potrebbe sostenere che se l'epica ha costruito una civiltà è il web a distruggerla. A lapidarla con una rabbia che è una vergogna senza fine. Poco importa se chi calpesta la dignità personale e la storia dell'Occidente lo fa con il suo nome o nascondendosi dietro lo scudo di un nickname"
20260630083900,Il Sole 24 Ore,https://www.ilsole24ore.com/art/l-altra-guerra-dell-ucraina-crisi-demografica-AIVZ1TwD,,,,,,srclc:ita,"L’altra guerra dell’Ucraina: la crisi demografica
La popolazione era in calo già prima dell’invasione russa. Oggi guerra, migrazioni e crollo delle nascite aggravano una crisi che potrebbe pesare sul futuro del Paese anche dopo la fine del conflitto
di Silvia Martelli (Il Sole 24 Ore) e Francesca Barca (Voxeurop)
5' di lettura
5' di lettura
La guerra in Ucraina si combatte anche lontano dal fronte. Si combatte nelle culle vuote, nei milioni di persone che hanno lasciato il Paese e nella domanda che sempre più giovani si pongono: ha senso costruire un futuro qui?
Chiedilo al Sole
«Mi sono chiesta più volte se fosse responsabile mettere al mondo un figlio in un luogo costantemente sotto attacco», racconta la giornalista ucraina Angelina Kariakina. «Quando ero incinta dovevo rifugiarmi nel seminterrato durante gli attacchi notturni. Eppure io e mio marito abbiamo deciso di andare avanti. Sentivamo che il tempo a nostra disposizione poteva essere limitato e che dovevamo vivere la nostra vita comunque». Oggi i suoi figli crescono a Kyiv. «Vogliamo che restino qui. Finché sarà possibile avere una vita sicura, questa continuerà a essere casa nostra.»
La storia di Kariakina racconta uno dei dilemmi più profondi che l’Ucraina si trova ad affrontare: come preservare il proprio futuro mentre il presente è segnato dalla guerra.
L’Ucraina attraversava una crisi demografica già prima dell’invasione russa. La popolazione è in diminuzione da oltre trent’anni e il conflitto ha quindi accelerato un processo già in corso. Non a caso, già nel 2023 il Kyiv Independent definiva il declino demografico «la più grande minaccia per l’Ucraina del dopoguerra».
«La riduzione della popolazione in Ucraina non è un caso isolato», spiega Oleksander Gladun, demografo dell’Istituto Ptoukha per la Demografia e gli Studi Sociali dell’Accademia nazionale delle scienze dell’Ucraina. «Fa parte di un processo globale che la demografia definisce “transizione demografica”. Quello che rende unico il caso ucraino è il contesto in cui questo fenomeno si sta verificando.»"
