date_str,source,url,themes,locations,persons,organizations,tone,translation_info,full_text
20261003221352,Baritoday,https://www.baritoday.it/dossier/articoli-dossier-settimana-27set-3-ott.html,,,,,,srclc:ita,"Matriarcato criminale, i commercianti baresi che resistono, il boom della nuda proprietà. Cosa vi siete persi questa settimana su Dossier
Dalle rotte dei veleni e del cemento truccato dell'ecomafia alle colonizzazioni criminali degli alloggi popolari, guidate con pugno di ferro dal matriarcato dei clan. Nuova settimana e nuovi fari accesi dal lavoro di approfondimenti di Dossier. Spazio anche alle scelte sul futuro e sulla salute con il debutto del contributo regionale per il social freezing, al fenomeno finanziario della nuda proprietà che fa gola a chi cerca casa, fino alle ramificazioni foggiane e partenopee del malaffare d'alta velocità che sfiorano le nostre periferie e alle visioni urbanistiche che ridisegneranno il Municipio 1.
Mentre l'e-commerce e i giganti del retail globale tentano di omologare le vetrine di mezzo mondo, all'ombra del Murattiano va in scena l'epopea della resistenza-vetrinara. Adalisa Mei racconta il grande romanzo delle famiglie e degli eredi storici del commercio barese, capitani d'azienda e pionieri dell'Adriatico che si rifiutano categoricamente di cedere le armi ai fondi d'investimento. Tra boutique d'antan, botteghe d'eccellenza e cognomi blasonati, la dinastia mercantile nostrana continua a cucire l'identità profonda di Bari, dimostrando come il vero fiuto per gli affari sia un gene di famiglia che non si liquida per nessuna cifra.
Sette mila e duecento tonnellate di macerie edili e veleni vari, conditi da un'abbondante spolverata d'amianto, finiti dritti sotto il manto stradale di una grande opera pubblica da 22 milioni di euro. Nel racconto di Marco Giuliani, la Poligonale Esterna si trasforma nell'ennesimo teatro di sub-asfaltizzazione creativa: residui tossici spacciati per materiale riciclato pur di intascare una maxi-plusvalenza da 4,5 milioni sui costi di smaltimento. L'operazione ""Retta via"" incastra l'ecomafia nostrana e conferma il monopolio-monnezza della Puglia, ormai stabilmente sul podio nazionale per reati ambientali e prima assoluta per illeciti amministrativi.
Quando i boss finiscono al fresco, a San Pio scatta il dominio del matriarcato: il controllo capillare degli appartamenti popolari passa senza intermediari nelle mani del commando femminile del clan Strisciuglio. Marco Giuliani ricostruisce la ragnatela parente-criminale guidata da Marzia Carella e dalle sue alleate, capaci di orchestrare un vero e proprio pizzo-immobiliare a colpi di intimidazioni, occupazioni abusive ed espropri forzati. Un presidio di strada al femminile che dettava legge sull'edilizia residenziale pubblica, trasformando la gestione del patrimonio abitativo in una spietata dimostrazione di sovranità di quartiere.
La Puglia veste i panni dell'apripista nazionale e vara il sostegno al social freezing, provando a democratizzare la crioconservazione degli ovociti per ragioni personali e sociali. Grazia Rizzi fa i conti con questo salva-fertilità a trazione regionale: 300mila euro all'anno per il triennio 2025-2027 destinati alle giovani donne under 37 con Isee contenuto. Tra rimborsi fino a 3mila euro, un'impennata di richieste e nodi strutturali legati ai centri di procreazione assistita, la misura tenta di disinnescare la bomba della denatalità lasciando alle pazienti piena libertà di scelta, mentre il resto d'Italia prova ad accodarsi.
""Se non godiamo noi, spacchiamo tutto"": il biglietto da visita con cui gli emissari del clan Strisciuglio pretendevano di esercitare il pizzo-usufrutto sugli alloggi di Edilizia Residenziale Pubblica a San Pio. Marco Giuliani ci porta nel cuore delle indagini culminate nel sequestro di quattro appartamenti occupati abusivamente e nella successiva restituzione al Comune. Ma quando la graduatoria scorre e le chiavi passano a nuove famiglie assegnatarie, scatta il racket-scasso: minacce e soprusi per riaffermare una feroce signoria territoriale che scambia il patrimonio pubblico per un feudo privato di famiglia.
Vendersi le quattro mura di casa ma rimanere comodamente sul divano fino alla fine dei propri giorni: a Bari cresce a dismisura la febbre da nuda proprietà. Grazia Rizzi esplora il fenomeno della compravendita immobiliare, spinta a suon di tabelle ministeriali da anziani a caccia di liquidità immediata per integrare le pensioni e da investitori affamati di sconti sul valore di mercato. Un patto intergenerazionale tra cash-seeking e mattonari lungimiranti che sta trasformando il mercato del capoluogo pugliese, ridefinendo il concetto stesso di abitazione tra investimento a lungo termine e bisogno di sussistenza.
Dalle mazzette avvolte nei tovaglioli al ristorante fino ai mini-phonici usati per schivare le cimici: Marco Giuliani traccia la mappa barese della maxi-inchiesta partenopea sugli appalti dell'Alta Velocità Napoli-Bari. Al centro della bufera c'è un ingegnere residente a Loseto, figura chiave nei consorzi di gestione dei cantieri e accusato di essersi letteralmente asservito ai desiderata dell'impresa subappaltatrice. Tra orologi da quattromila euro e condotte spregiudicate, il romanzo del tangento-cantiere dimostra come le grandi infrastrutture del Sud continuino a viaggiare sui binari dell'illiceità.
Da Bari Vecchia a Torre a Mare, passando per la densificazione del Libertà e le nuove ambizioni costiere di Sant'Anna: Nicola Andrisani traccia la mappa della metamorfosi-urbanistica del Municipio 1 all'interno del nuovo Piano Generale. Oltre 115mila abitanti divisi in rioni antitetici pronti a cambiare pelle tra parchi marittimi, bus d'assalto e recuperi volumetrici. Un gigantesco mosaico-quartiere dove il turismo cannibalizza i vicoli storici e le periferie a sud sognano una riqualificazione moderna, in un delicato equilibrio tra viuzze ingorgate, viali avveniristici e nuove visioni di città."
20261003181418,Faro Di Roma,https://www.farodiroma.it/leuropa-del-filo-spinato-e-la-rimozione-del-reale-il-duro-atto-daccusa-dellarcivescovo-perego-s-c/,,,,,,srclc:ita,"Di fronte all’inverno demografico e al declino economico, la politica liquida il dramma dei migranti con la propaganda e la sicurezza. L’analisi dell’arcivescovo di Ferrara ed ex presidente della Fondazione Migrantes, Gian Carlo Perego, smaschera il fallimento etico e strategico dell’Unione Europea 
L’Europa contemporanea si trova di fronte a un paradosso tragico e grottesco: mentre le sue istituzioni si barricano dietro retoriche securitarie, muri di filo spinato e la criminalizzazione della solidarietà, la realtà dei fatti picchia forte ai cancelli di un continente in pieno declino. È un’Europa colpita da un gelido “inverno demografico”, con la popolazione che invecchia rapidamente e settori chiave dell’economia — dall’agricoltura all’industria, dai servizi al supporto agli anziani — disperatamente affamati di forza lavoro.
In questo scenario di paralisi etica e politica, le parole dell’arcivescovo Gian Carlo Perego all’Eco di Bergamo suonano come una severa e lucida requisitoria. L’ex presidente della CEMI e della Fondazione Migrantes non usa mezzi termini nel denunciare come la classe dirigente europea e nazionale stia scientemente ignorando il valore e la portata reale del fenomeno migratorio, riducendolo a mera arma di propaganda elettorale.
L’invisibilità dei numeri: un Paese reale negato dalla retorica
I dati contabili e sociali della migrazione raccontano un’Italia totalmente diversa da quella dipinta dai manifesti elettorali del populismo xenofobo. Oggi il nostro Paese ospita oltre 2,5 milioni di lavoratori stranieri, a cui si affiancano 2 milioni di ricongiungimenti familiari e quasi un milione di studenti immigrati, due terzi dei quali nati e cresciuti in Italia. In totale, un “Paese reale” di 6 milioni di persone perfettamente integrate che sostiene l’impalcatura fiscale, previdenziale e produttiva nazionale.
Nonostante questa evidenza solare, le politiche migratorie correnti restano schiacciate ed esclusivamente focalizzate sull’ossessione della “sicurezza”. Si negano diritti elementari, si rimanda all’infinito la riforma della cittadinanza (a partire dal principio fondamentale dello ius scholae), si ignorano l’emergenza abitativa, l’educazione interculturale e l’integrazione del lavoro. È la deliberata scelta di rendere “invisibili” milioni di cittadini che già oggi mandano avanti la società.
L’ipocrisia del “fascismo d’atmosfera” e la deriva dei diritti
Nell’intervista all’Eco di Bergamo, monsignor Perego richiama i padri fondatori dell’Unione Europea — Schuman, Adenauer, De Gasperi — la cui visione non si limitava al “mercato comune”, ma mirava alla tutela integrale della persona e della mobilità sociale. Oggi, invece, assistiamo all’avanzata di una cultura xenofoba e a tratti neonazista che infetta il dibattito europeo. Da partiti come l’AfD in Germania a correnti reazionarie diffuse in Spagna, Francia, Grecia e Italia, si teorizzano concetti aberranti come la “remigrazione”, bollando l’immigrazione come un male assoluto e un pericolo demografico invece che come una benedizione e una risorsa.
Nel dibattito pubblico le migrazioni vengono perversamente accostate alla sola criminalità, alimentando un clima d’odio e diffidenza. “L’illegalità e la violenza vanno combatte senza sconti, da qualunque parte provengano, ma non possono mai essere usate come strumento di una becera propaganda politica”, ricorda il presule.
Un richiamo alla Ragione e al Vangelo
Il dramma dell’Unione Europea attuale risiede nel tradimento delle sue stesse radici illuministe e cristiane. Come evidenziato nell’intervento, filosofi europei come Jürgen Habermas hanno denunciato la tragica debolezza di un’Europa che si chiude su se stessa, rinnegando il valore della cittadinanza aperta e i principi universali dei diritti umani. D’altro canto, la dottrina sociale della Chiesa — da Leone XIII fino all’insegnamento profetico di Papa Francesco — ribadisce che la mobilità umana e la tutela dei migranti sono le vere cartine di tornasole della civiltà di un popolo.
Continuare ad affrontare la crisi migratoria con il “respiro corto” della paura, delle deportazioni ed esternalizzazioni dei confini equivale a un suicidio culturale ed economico. Servono scelte coraggiose, capaci di rimettere al centro la dignità umana senza pregiudizi ideologici, accogliendo i migranti non come “invasori”, ma come costruttori del futuro comune europeo. La solidarietà non è una concessione caritatevole, ma l’unica e sola chiave per la sopravvivenza dell’Europa.
Sante Cavalleri
Nella foto: migranti tentano di attraversare il confine a Ceuta"
20261003180000,Panorama It,https://www.panorama.it/attualita/economia/perche-troppi-bonus-sono-un-malus-per-noi-e-lo-stato,,,,,,srclc:ita,"Bonus o malus? Questo è il problema. Perché di fronte al moltiplicarsi di decine di misure per sostenere famiglie, imprese e singoli cittadini, viene un dubbio: non è che questi provvedimenti abbiano un effetto negativo, creino distorsioni, o magari alimentino un marketing dell’annuncio a cui corrispondono vantaggi modesti?
L’ultimo arrivato è il bonus colonnine: chi vuole installare una wallbox domestica per ricaricare per l’auto elettrica può chiedere un rimborso pari all’80% della spesa, fino a 1.500 euro per i privati e 8 mila per i condomìni. Poco prima era scattato il contributo per l’affitto dei genitori separati o divorziati con figli a carico, fino a 6 mila euro l’anno. Sullo sfondo spicca il bonus bollette: per le famiglie con Isee fino a 25 mila euro, escluse dal bonus sociale ordinario, può tradursi in uno sconto sulla sola bolletta elettrica fino a circa 60 euro. Il contributo è volontario, dipende dall’adesione del venditore di energia e dall’ammontare dei consumi. C’è anche un secondo intervento, da distinguere dal primo: nel 2026 chi già riceveva il bonus sociale elettrico ha avuto automaticamente un contributo straordinario di 115 euro.
La giungla degli aiuti e il catalogo infinito delle misure
Il prossimo anno potrebbe arrivare il bonus trasporti, sotto forma di una somma da usare per comprare biglietti e abbonamenti di vari servizi di trasporto pubblico locale. E poi ci sono il bonus nuovi nati, la dote sport per i figli, quello per gli elettrodomestici e per lo psicologo e, fra le voci più curiose, l’aiuto per la cura degli animali domestici destinato agli over 65 con Isee basso. Solo per citare alcuni esempi pescati in un mare di misure. Già, perché in Italia la politica continua a sfornare sostegni a raffica. E nessuno sa con precisione quanti siano. Non esiste una definizione amministrativa univoca di “bonus”: sotto la stessa etichetta finiscono assegni, detrazioni, crediti d’imposta, esenzioni, voucher, sconti tariffari, contributi a fondo perduto e perfino fondi di garanzia.
La bussola più affidabile resta Incentivi.gov.it, il catalogo pubblico del ministero delle Imprese, che raccoglie le misure per cittadini, imprese ed enti. Un’elaborazione di agosto ha contato 5.773 aiuti complessivi, di cui 802 attivi; una rilevazione di luglio si fermava a poco più di 700 misure aperte su 5.579. Il numero plausibile oggi, dunque, oscilla tra 700 e 800, ma riguarda in gran parte bandi e incentivi per attività economiche, non soltanto aiuti alle famiglie. Se si restringe lo sguardo ai soli bonus nazionali per famiglie e consumatori, siamo nell’ordine di 30-50 misure, a seconda di come si contano bonus sociali, prestazioni Inps, agevolazioni fiscali e sconti settoriali. Un arcipelago disperso tra Inps, Agenzia delle Entrate, Arera, ministeri e amministrazioni locali, che nella sua frammentazione dice già molto: i bonus, per quanto criticati, restano considerati politicamente redditizi.
L’illusione della fine dei sussidi e la tentazione del consenso
Il bello è che nel programma elettorale del 2022 Fratelli d’Italia prometteva di sostituire la «miope politica dei bonus» con misure stabili e durature. Nel discorso per la fiducia, Giorgia Meloni invitò l’aula ad «archiviare finalmente la logica dei bonus». Parole nette, quasi un manifesto. Eppure, secondo il censimento di Pagella Politica, in quasi quattro anni il governo ha introdotto circa 30 tra sostegni, esenzioni, sconti e agevolazioni temporanee: in media uno ogni due mesi.
La spiegazione è meno ideologica di quanto sembri, ed è anche la più realistica: agli esecutivi i bonus non piacciono quando devono finanziarli, ma piacciono moltissimo quando devono usarli. Sono rapidi da annunciare, facili da intestarsi, immediatamente visibili al cittadino e, almeno sulla carta, reversibili. Una riforma fiscale richiede anni di mediazione; un contributo una tantum entra in un decreto e produce un titolo di giornale il giorno dopo.
Un piano strutturale per i trasporti, l’efficienza energetica o la natalità è complesso da spiegare e ancora più difficile da realizzare. Un bonus da 200 o 1.000 euro è invece immediatamente comprensibile, quasi elementare. E soprattutto consente di aiutare una categoria precisa senza impegnare lo Stato in una spesa permanente, cioè senza scrivere un assegno che duri più di una legislatura. Anche per questo il bonus è diventato una specie di unità di misura della politica contemporanea: non richiede grandi narrazioni, ha una platea riconoscibile e offre un risultato comunicabile.
Il verdetto degli economisti tra aiuti mirati e trappole universali
Se poi sono disegnati bene, essi sono apprezzati anche dagli economisti. Prendiamo gli aiuti contro il caro energia. Il Fondo monetario internazionale raccomanda che i sostegni siano temporanei, mirati alle famiglie vulnerabili e possibilmente erogati come trasferimenti diretti, non come sussidi generalizzati al prezzo dell’energia o dei carburanti.
La logica è semplice: se si abbassano accise, Iva o tariffe, si finisce per aiutare anche chi non ne ha bisogno, si spende molto denaro pubblico e si attenua il segnale di prezzo che dovrebbe spingere a consumare meno. Banca d’Italia, in un lavoro sugli choc energetici, arriva a conclusioni simili: i trasferimenti alle famiglie vulnerabili sostengono il reddito senza distorcere troppo i prezzi relativi, mentre i tagli generalizzati alle imposte energetiche spalmano il beneficio lungo tutta la scala dei redditi, compresi quelli che non ne avrebbero bisogno.
Il prezzo alto dell’energia resta un problema, ma lo sconto universale rischia di trasformare l’intervento pubblico in un aiuto anche per chi potrebbe assorbire il rincaro senza ridurre altre spese essenziali. Questo è un punto decisivo. I bonus mirati possono funzionare quando intervengono su un problema preciso: povertà energetica, perdita di reddito, accesso insufficiente a beni meritori, costi iniziali troppo alti per investimenti utili anche alla collettività. In questi casi un incentivo selettivo, automatico o comunque facile da ottenere, può proteggere chi è più fragile o correggere quello che gli economisti chiamano un «fallimento del mercato»: una situazione in cui, lasciato a sé, il mercato non produrrebbe un risultato efficiente. È il caso, per esempio, dei bonus sociali in bolletta o dell’Assegno unico.
Secondo l’Ufficio parlamentare di bilancio, il nuovo assegno ha rafforzato la redistribuzione e aumentato il reddito disponibile della maggioranza delle famiglie che ne hanno beneficiato; la Banca d’Italia ha a sua volta rilevato un contributo alla riduzione della disuguaglianza, soprattutto grazie alla componente più progressiva del sostegno.
Il cortocircuito dei prezzi e il rischio della misura punitiva
Il problema nasce quando il bonus diventa troppo generoso, troppo generale, troppo disancorato dal reddito di chi ne beneficia. Il Superbonus è il caso di scuola: Banca d’Italia riconosce che gli incentivi edilizi hanno attivato investimenti aggiuntivi, ma stima anche che circa un quarto della spesa agevolata abbia finanziato lavori che sarebbero stati eseguiti comunque, bonus o non bonus. Non solo: un altro studio di Via Nazionale ha concluso che il Superbonus avrebbe spiegato circa metà dell’aumento dei costi di costruzione delle abitazioni fra settembre 2021 e dicembre 2023. La meccanica è quasi banale, una volta spiegata: quando lo Stato rimborsa più o meno tutto, il consumatore ha meno interesse a negoziare il prezzo dei lavori, e il mercato trova più spazio per alzarli. Anche il Fmi è stato netto sul punto: gli incentivi all’edilizia hanno sostenuto la crescita, ma hanno pesato fortemente sui conti pubblici e andrebbero resi meno generosi e più concentrati sui nuclei a basso reddito.
Il problema, dunque, non è incentivare l’efficienza energetica o la riqualificazione degli edifici. È farlo in modo tale da non trasformare una politica ambientale e industriale in un enorme trasferimento di denaro pubblico verso prezzi gonfiati, rendite e lavori che sarebbero stati realizzati comunque.
La lezione generale, alla fine, è meno ideologica di quanto la vulgata anti-sussidi lasci intendere. I bonus non sono un “malus”. Sono strumenti: utili se circoscritti, regressivi o distorsivi se distribuiti a pioggia. Funzionano meglio quando sono temporanei, selettivi, semplici da richiedere e da valutare; funzionano peggio quando sostituiscono riforme vere o cancellano ogni responsabilità di spesa in capo al beneficiario. Ed eccoci al paradosso finale. Dopo anni passati a evocare la fine della «logica dei bonus», la politica si è ritrovata con un arsenale talmente ampio di aiuti da poterlo usare perfino al contrario, come una leva punitiva anziché premiale. A Legnago, dopo alcuni gravi episodi di microcriminalità giovanile, il sindaco Paolo Longhi ha proposto di togliere contributi comunali e benefici non essenziali alle famiglie dei minori che delinquono, se i genitori non collaborano con i servizi sociali. Il bonus, nato come strumento di sostegno, si trasformerebbe così nel suo esatto contrario: non più incentivo a fare qualcosa, ma minaccia per non fare qualcos’altro. «Bonus maranza»? No grazie."
20261003162523,Trapani Si,https://www.trapanisi.it/quando-cera-lei-renzi-in-campo-meloni-resti-solo-un-ricordo/,,,,,,srclc:ita,"(Adnkronos) – ""Noi faremo di tutto perché sia davvero il tempo. E perché 'quando c'era lei' divenga per sempre passato"". Si chiude così l'ultimo libro di Matteo Renzi, 'Quando c'era lei', edito da Solferino.  Una chiusa che è anche una promessa, un impegno e un inizio. Quello della campagna elettorale, ormai alle porte, per le elezioni politiche del prossimo anno. Mandare a casa Giorgia Meloni, l'obiettivo dell'ex-premier rientrato nel centrosinistra e pronto a dare il suo contributo. Con patenti di garanzia o meno, come chiede Giuseppe Conte. Renzi nel libro lo fa demolendo ""la propaganda"" del governo di centrodestra ed insieme lanciando proposte per un centrosinistra che torni a vincere. Il titolo fa il verso al detto dei nostalgici: ""Quando c'era lui i treni arrivavano in orario"". Lui è ovviamente Benito Mussolini. E Renzi ""rovescia quella formula"" facendola diventare ""l'atto di accusa più tagliente contro chi governa. 'Da quando c'è lei' – si legge nella copertina – si pagano più tasse, i treni viaggiano in ritardo, i giovani hanno ripreso la via dell'estero, benzina e spesa costano di più e l'Italia è diventata meno sicura"". In definitiva, ""quando c'era lei, Giorgia, l'Italia andava peggio di prima"". E per dimostrarlo Renzi porta numeri che smentiscono ""le fake news della macchina social di Fratelli d'Italia"" e ""il racconto sdolcinato della propaganda meloniana"".  Le tasse, ad esempio. ""La pressione fiscale nel 2025 ha raggiunto il 43 per cento: lontani sembrano i tempi in cui Meloni giurava e spergiuriava che avrebbe messo il limite del 40 per cento di pressione fiscale in Costituzione"". Oppure i salari. ""Quando c'era lei – scrive Renzi nel libro- il potere d'acquisto degli italiani crollava. I salari reali sono del 7,5 per cento più bassi rispetto ai valori del 2021 (dati Ocse)"". Meno soldi, più inflazione e sempre meno bambini che nascono. ""Prendiamo i numeri del Dossier realizzato dalla Fondazione perla Natalità in collaborazione con l'Istat. Il 62 per cento degli italiani rinuncia a fare figli perchè semplicemente costa troppo"". L'elenco dei 'fallimenti' del governo è lungo e c'è anche il capitolo energia. ""Sull'energia quando c'era lei non sono state mantenute le promesse elettorali, non si è cambiata la direzione di marcia in Europa, non si sono sbloccate le rinnovabili, non si sono eliminate le accise"". Insomma, ""Giorgia ma quanto ci costi? Il costo per i cittadini degli errori di Giorgia Meloni in questi anni è enorme. E il paradosso è che il costo più grande non è per ciò che il governo ha fatto, ma per quello che non ha fatto. In tempi di così radicale cambiamento nascondersi nell'immobilismo non è saggezza, ma diserzione"". Ma Renzi non si occupa solo di demolire la 'propaganda meloniana'. Nel libro avanza diverse proposte da ""offrire all'intero centrosinistra e al Paese"". Anche perché la condizione per vincere, oltre che ci sia ""una alleanza ampia"", è che il centrosinistra ""abbia anche e sopratutto delle idee da proporre come alternativa a questi anni di governo basati su provvedimenti emotivi, in risposta a fatti di cronaca: misure da influencer buone su Instagram, non per la Gazzetta ufficiale"". Renzi si concentra, tra i vari temi, su quello della sicurezza dedicando un capitolo a 'Un euro in cultura, un euro in sicurezza', lo slogan che racchiudeva il senso e lo spirito delle politiche in materia ai tempi di palazzo Chigi. Argomenta Renzi: ""Se davvero vogliamo vincere, dobbiamo trovare una proposta sulla sicurezza che sia distante dal buonismo ideologico di parte della sinistra e che sia diversa dal cattivismo ideologico dei Vannacci e dei Salvini: gente che non garantisce sicurezza ma diffonde paura"".  L'ex-premier suggerisce alcune strade. Intanto ""appoggiarsi agli amministratori"" di centrosinistra che vivono in prima persona la concretezza della questione sicurezza. Cita Michele De Pascale, Vincenzo De Luca. E poi Renzi torna sulla sua 'ricetta' quando era presidente del Consiglio. ""Quando si parla di sicurezza per me non si può prescindere dalla cultura"" e questa ""per me è la proposta su cui il centrosinistra dovrebbe ritrovarsi. E che fa la differenza rispetto a 'quando c'era lei'. Giorgia Meloni si è riempita la bocca di sicurezza ma non ha portato a casa risultati"" ed ""ha totalmente lasciato sguarnito il settore della cultura affidandosi a due personaggi improbabili come Sangiuliano e Giuli"". Allora, sollecita Renzi, ""partiamo da qui. Un investimento educativo e culturale contribuisce più di qualsiasi altra scelta nel costruire una società più sicura e nell'insegnare la speranza senza farsi stritolare dalla paura"".  Renzi passa poi a decostruire la vulgata secondo cui Meloni avrebbe tenuto la ""barra dritta in politica estera"". Il titolo del capitolo, 'Il cappellino in mano', è già un indizio sul giudizio dell'ex-premier. ""In politica interna Meloni non ha fatto nulla, in politica estera ha fatto male"" andando ""sul palco della Casa Bianca con il cappello in mano, anzi il cappellino Maga in mano. Sulla politica estera si è registrato il fallimento più drammatico"" di Meloni, che ha posizionato l'Italia ""dalla parte sbagliata della storia"".  L'ultimo capitolo del libro 'Il Kraken che non ti aspetti' sono pagine personali di bilancio, del senso di colpa sul fallimento del referendum, superato anche grazie alla sconfitta di Meloni in quello della giustizia quest'anno, di propositi e di un impegno che si rinnova. ""Chi ama la politica sa che non c'è tempo migliore di questo per provare a impegnarsi e mettersi in gioco fino in fondo. Io lo faccio con la libertà di chi conosce la durezza della sfida e la bellezza del sogno. Perché 'quando c'era lei' resti solo un ricordo, come un brutto sogno, e non diventi l'incubo di questa destra padrona del Quirinale e di ogni palazzo romano. E perché quando ci saremo noi – se ricapiterà- possiamo mettere davvero al centro le questioni degli stipendi, dell'umanesimo, dell'Europa"".  
—politicawebinfo@adnkronos.com (Web Info)"
20261003160818,Trevisotoday,https://www.trevisotoday.it/attualita/avis-treviso-centenario-donatori-benemerenze-3-ottobre-2026.html,,,,,,srclc:ita,"Avis Treviso compie 100 anni: 237 benemerenze e lo sguardo al futuro
La cerimonia all'auditorium Sant'Artemio ha ripercorso un secolo di donazione di sangue, dal 1926 a oggi, con 1.600 soci attivi
Cento anni di volontariato e donazione di sangue sono stati celebrati sabato 3 ottobre 2026 all'auditorium Sant'Artemio della provincia di Treviso, dove Avis Comunale Treviso ha riunito soci, istituzioni e donatori per ripercorrere un secolo di storia dell'associazione, nata nel 1926 per iniziativa del professor Piero Brisotto, giovane medico dell'ospedale civile di Treviso.
Le origini e la storia
Tutto cominciò quando Brisotto organizzò i pochi donatori allora disponibili con l'obiettivo di garantire il sangue necessario all'ospedale. L'anno successivo, a Milano, il dottor Vittorio Formentano riunì 17 donatori dando vita all'Avis nazionale. Nel 1929 il gruppo trevigiano aderì alla nuova organizzazione, diventando la prima sezione Avis del Veneto.
La cerimonia ha ripercorso le tappe principali di questo percorso: dal primo centro trasfusionale del 1956 al cinquantenario del 1976, quando Toni Benetton realizzò un'opera dedicata ai donatori, fino alla nascita nel 1979 del Tempio del donatore di sangue a Pianezze di Valdobbiadene. A fare da filo conduttore della celebrazione le testimonianze di Angelina Bertolaso, nipote del professor Brisotto, di Mario Bassano — che ha ripercorso gli anni Novanta — e del dottor Ivan Zatta dell'Ulss 2, che ha illustrato l'evoluzione della medicina trasfusionale.
Le sfide del presente
Oggi Avis Comunale Treviso conta 1.600 soci. La presidente Elena Cappelletto ha sottolineato le sfide che attendono l'associazione, dal calo demografico all'invecchiamento della popolazione: «Avis rappresenta un patrimonio di cui tutti noi dobbiamo avere cura. Perché rappresenta un prezioso luogo d'incontro per quelle persone che ancora credono alla solidarietà, al poter fare del bene e al potere del fare del bene».
Il saldo tra chi smette di donare e chi si avvicina per la prima volta è negativo di circa 80-100 donatori all'anno. Nonostante questo, l'associazione è riuscita a mantenere pressoché costante il numero delle donazioni.
Il sindaco Mario Conte ha portato i saluti dell'amministrazione: «Cento anni di dono, solidarietà e servizio alla comunità rappresentano un patrimonio straordinario per Treviso. Avis Comunale Treviso è stata anche insignita del Totila d'Oro, la più alta benemerenza civica della nostra Città e questo centenario ci ricorda ancora una volta quanto quel riconoscimento sia legato a una storia che appartiene profondamente alla nostra comunità. Dal 1926 generazioni di trevigiani hanno scelto di tendere il braccio per aiutare qualcuno. Un gesto semplice, gratuito, silenzioso, che può salvare una vita. Oggi il nostro grazie va ai 1.600 soci e socie, ai volontari, ai donatori di ieri e di oggi e a chi continua a promuovere la cultura del dono. La sfida dei prossimi cento anni sarà coinvolgere sempre più giovani e trasmettere loro questo grande esempio di responsabilità e solidarietà».
Le benemerenze
Nel corso della cerimonia sono state assegnate 237 benemerenze. Tra i riconoscimenti più alti figurano un Oro con Diamante a Lucia Scudeller, un Oro con Smeraldo a Lucia Bottan e sette Ori con Rubino: Fabio Artuso, Massimo Bandiera, Adriano Calzavara, Maria Jlenia Cantavenera, Graziana Fuser, Massimo Salicone e Luca Tovaglia.
A chiudere la giornata, la consegna ad Avis dell'opera realizzata dall'artista e donatrice Giulia De Serio. Gli interventi musicali sono stati firmati dalla cantautrice Erica Boschiero. Ha concluso la presidente Cappelletto: «Un centenario che non vuole essere soltanto memoria, ma uno sguardo rivolto ai prossimi cento anni con l'augurio di portare sempre avanti lo spirito di altruismo e solidarietà, continuando a essere interpreti capaci dell'essenza del dono»."
20261003151107,Esports Gazzetta,https://www.gazzetta.it/Calcio/Estero/03-10-2026/le-dick-kerr-s-ladies-le-donne-operaie-calciatrici-della-prima-guerra-mondiale.shtml,,,,,,srclc:ita,"una foto una storia
                                    
                                        
                                    Uomini al fronte, donne con il pallone: le ""Dick, Kerr’s Ladies"" che fecero innamorare l’Inghilterra
Contenuto premium
                                    
                                
Era la nazionale inglese in tempo di guerra: camicie bianche, pantaloncini blu e cappelli di lana a righe bianche e blu. Gli uomini erano al fronte, e le donne si erano prese lo spazio che era rimasto vuoto: il lavoro, e anche le pause dal lavoro. Nelle pause per il pranzo uscivano dalla fabbrica e si mettevano a giocare a pallone nel cortile dello stabilimento. A Preston, nel Lancashire, vinceva chi colpiva più spesso la porta degli uffici. Ci misero poco ad accorgersi che erano più brave dei pochi uomini non arruolabili, e decisero di mettere insieme una squadra. Senza sforzi di fantasia, presero il nome dalla ditta: come Dick, Kerr's Ladies diventarono amate e famose in tutto il paese. Forse troppo."
20261003144400,Quicomo,https://www.quicomo.it/politica/scuole-como-pd-piano-comune-2027-corridoni-ponte-chiasso-gobbi.html,,,,,,srclc:ita,"Scuole di Como, il Pd boccia il piano del Comune: ""Nel 2027 lo azzereremo"". Le proposte quartiere per quartiere
Sala gremita ad Albate per l'incontro sulla riorganizzazione scolastica. Dal futuro della Corridoni alla riapertura della primaria di Ponte Chiasso: ""Stop alle decisioni calate dall'alto""
Sala gremita e alta partecipazione venerdì sera, 2 ottobre, per l'incontro pubblico promosso dal Partito Democratico cittadino e provinciale sul futuro delle scuole di Como. Al centro del confronto le ricadute delle politiche nazionali sull'istruzione e, soprattutto, la riorganizzazione scolastica decisa a Palazzo Cernezzi.
Alla serata hanno partecipato parlamentari, amministratori locali, rappresentanti della FLC Cgil, insegnanti e comitati di genitori provenienti da diversi quartieri, da Ponte Chiasso ad Albate, da Rebbio al centro città.
In apertura è stato osservato un momento di raccoglimento in ricordo dell'architetto Di Salvo.
""Decisioni che hanno creato insicurezza nelle famiglie""
Il dibattito, introdotto da Eleonora Galli, si è concentrato sul legame tra le politiche nazionali e le scelte adottate a Como.
Chiara Braga ha contestato il decreto legge sulla scuola, definendolo ""calato dall'alto, privo di risorse adeguate e distante dai bisogni reali dell'istruzione"".
Stefano Legnani ha invece ripercorso le delibere comunali degli ultimi anni sulla riorganizzazione scolastica, giudicandole contraddittorie e sostenendo che abbiano generato insicurezza e preoccupazione tra famiglie e personale.
Roberta Capone, segretaria generale della FLC Cgil Como, ha richiamato l'attenzione sul dimensionamento scolastico e sulla tutela dei servizi educativi, anche alla luce del calo demografico.
Le proposte del Pd per le scuole di Como
Francesco Finizio e Luca Gaffuri hanno illustrato i punti della proposta alternativa del Partito Democratico, dal metodo da seguire alle soluzioni indicate per alcuni plessi cittadini:
- Stop alle decisioni unilaterali: il piano di razionalizzazione, secondo il Pd, deve essere costruito attraverso il confronto con famiglie, insegnanti e istituzioni scolastiche.
- Continuità didattica: garantire agli alunni la possibilità di concludere il proprio ciclo scolastico senza interruzioni o trasferimenti durante il percorso.
- Lavori prima dei trasferimenti: gli interventi di riqualificazione e adeguamento degli edifici dovrebbero essere completati prima di qualsiasi spostamento di plesso.
- Scuole come presidi sociali: gli istituti dovrebbero diventare punti di riferimento per i quartieri anche oltre l'orario delle lezioni.
- Ponte Chiasso: l'obiettivo è riaprire la scuola primaria di via Brogeda collaborando con le associazioni del territorio. Tra le proposte ci sono il tempo prolungato fino alle 18.30 e il potenziamento dell'inglese fin dalla scuola dell'infanzia, con l'ipotesi di accorpare i due cicli dopo i necessari adeguamenti strutturali.
- Corridoni: il Pd ribadisce che la struttura dovrà rimanere un presidio scolastico e si oppone alla sua trasformazione in parcheggio, chiedendo invece di investire nella riqualificazione dell'edificio.
- Scuola Gobbi: vengono chiesti interventi urgenti per adeguare gli spazi destinati ai bambini dell'ex asilo Sant'Elia.
Il Pd guarda alle elezioni del 2027
In chiusura Daniele Valsecchi, affiancato dalla segretaria provinciale Carla Gaiani, ha tracciato la linea politica del partito per i prossimi mesi.
Il Pd ha annunciato che continuerà a contrastare l'attuale piano scuole nelle sedi istituzionali. Lo sguardo è però già rivolto alle elezioni amministrative del 2027: il partito punta, in caso di vittoria, a superare l'attuale riorganizzazione e a costruire un nuovo piano attraverso il confronto con docenti, istituzioni scolastiche, genitori e alunni, mettendo al centro le politiche educative e le esigenze delle famiglie."
20261003143541,Luce Lanazione,https://www.quotidiano.net/luce/attualita/diventare-mamme-in-italia-donne-single-llgzkezx,,,,,,srclc:ita,"Per una donna single o per una coppia di donne che desidera avere un figlio attraverso la procreazione medicalmente assistita, il percorso può iniziare molto prima di entrare in una clinica. In Italia, infatti, non è possibile e queste donne devono rivolgersi all’estero, affrontando una serie di scelte mediche e organizzative, oltre a costi e questioni legali. Da questa esigenza è nata “Diventare Mamme in Italia”, una pagina Instagram diventata poi una vera e propria community fondata da Martina Ferrari, avvocata, che oggi riunisce oltre duemila persone e offre informazioni e sostegno a chi affronta questo percorso.
Martina per quale motivo ha creato “Diventare Mamme in Italia”?
“Sono sposata con una donna e, a un certo punto, ho iniziato a desiderare un figlio. Mi sono resa conto che le informazioni erano frammentate e mancava un punto di riferimento per capire da dove cominciare. Ho aperto una pagina Instagram, che è cresciuta spontaneamente fino a diventare una community. Oggi siamo oltre duemila. Ho creato anche una guida e alcuni strumenti per aiutare le donne a orientarsi”.
Una sorta di mappa per chi si trova ad affrontare un percorso spesso poco conosciuto.
""Sì. C’è molta poca consapevolezza sia dei limiti sia delle possibilità previste dalla legge. Una delle domande che ricevo più spesso è: “Ma questa cosa in Italia è legale?”. Avere uno spazio in cui confrontarsi permette di raccogliere informazioni e condividere esperienze.”
Da dove si comincia, concretamente, quando si decide di affrontare una maternità all’estero?
“La prima scelta riguarda il Paese e, in particolare, il tipo di donazione del seme: anonima oppure aperta. In quest’ultimo caso, il figlio, una volta compiuti 18 anni, può avere accesso alle informazioni sul donatore. È importante chiarire che questo non significa che il donatore possa contattare per primo il ragazzo o la ragazza. La donazione è una discriminante fondamentale. Tra le mete più scelte per chi desidera una donazione anonima ci sono Spagna e Grecia. Dai questionari che ho raccolto, circa il 90% delle donne si rivolge alla Spagna, anche perché per molte l’anonimato è rassicurante: l’idea che non si possa creare un legame con una persona esterna alla famiglia è un aspetto importante. Chi preferisce una donazione aperta può valutare altre destinazioni, Danimarca e Austria sono le preferite. In linea generale, molti Paesi europei consentono l’accesso alla PMA alle coppie di donne e alle donne single, mentre in Italia e in Polonia le possibilità sono più limitate. La scelta dipende anche dai tempi: Spagna e Danimarca, per esempio, possono essere preferite perché permettono di iniziare il percorso più rapidamente rispetto ad altri”.
Una volta individuata la destinazione, come si sceglie la clinica?
“Si valutano le strutture e si fanno dei colloqui online: oggi non è necessario andare subito di persona. A volte la scelta dipende anche dalla sensazione che si ha durante il primo contatto e dalla fiducia che la clinica riesce a trasmettere. La struttura fornisce poi un elenco di esami da effettuare. Ed è qui che può emergere un’altra difficoltà: alcuni accertamenti sono abituali nei percorsi di PMA all’estero, ma in Italia sono meno frequenti e non sempre è facile ottenere la prescrizione dal medico. Il cariotipo, per esempio, può essere difficile da fare perché non è considerato un esame di routine. Dai risultati si valuta la fertilità e si capisce se ci sono eventuali problemi da affrontare prima di iniziare, come alterazioni del TSH o disturbi della tiroide. A quel punto si può individuare la tecnica più adatta”.
Quali sono le principali tecniche disponibili?
“La prima è l’inseminazione intrauterina, che può essere effettuata anche senza stimolazione ovarica: il seme viene introdotto direttamente nell’utero. È la tecnica meno invasiva e non richiede farmaci, ma ha probabilità di successo più basse. In media, parliamo di circa il 10-15% per tentativo. C’è poi la FIVET, una tecnica di secondo livello. Prevede una stimolazione ovarica, con farmaci somministrati per circa due settimane, il prelievo degli ovociti attraverso il pick-up e la fecondazione in laboratorio. Successivamente, l’embrione viene trasferito nell’utero. Per le coppie di donne esiste anche il metodo ROPA: gli ovociti vengono prelevati da una delle due partner, mentre l’embrione viene trasferito nell’altra, che porterà avanti la gravidanza. In questo modo entrambe partecipano biologicamente al percorso, una attraverso gli ovociti e l’altra attraverso la gestazione”.
Quanto è complicato organizzarsi tra viaggi, farmaci e lavoro?
“In teoria, per l’inseminazione è sufficiente un viaggio, mentre per la FIVET ne servono due: uno per il pick-up e uno per il trasferimento dell’embrione. E non è detto che il primo tentativo vada a buon fine, a volte bisogna tornare all’estero per riprovare. Il resto della gravidanza viene seguito in Italia, perciò è importante avere un ginecologo di riferimento che sappia monitorare il percorso e aiutare a individuare il momento giusto per partire. Se si segue un protocollo farmacologico, l’ovulazione può essere programmata con maggiore precisione. Senza farmaci, invece, è più difficile sapere quando sarà necessario partire: organizzare voli, alloggi e permessi di lavoro può diventare complicato, soprattutto se la partenza viene decisa all’ultimo momento o se occorre trattenersi più a lungo. Ci sono poi i farmaci, che all’estero possono essere diversi da quelli utilizzati in Italia o non essere facilmente reperibili. E per chi preferisce non raccontare subito a tutti di aver iniziato il percorso, conciliare visite, assenze e viaggi può essere ancora più difficile”.
Quanto può costare?
“Dipende dalla tecnica e dal numero di tentativi. Una singola inseminazione costa indicativamente tra i 1.000 e i 1.500 euro. Per la FIVET si parte da circa 6.000 euro a tentativo, ma nella pratica è difficile rimanere su queste cifre. Dai questionari che ho raccolto, la spesa media è tra i 10.000 e i 15.000 euro, con casi che superano anche i 25.000. Alcune cliniche propongono pacchetti che comprendono più tentativi”.
Una volta tornate in Italia, cosa succede?
“Per le coppie di donne, dopo la pronuncia della Corte costituzionale del maggio 2025, è possibile il riconoscimento di entrambe le madri fin dalla nascita, anche se non direttamente in ospedale tranne in rarissimi casi come a Napoli. In genere, dopo il parto, si procede al riconoscimento in Comune, presentando il consenso alla PMA sottoscritto nel percorso all’estero, in un Paese dove questa procedura è legale e regolamentata”.
Per una donna single è diverso?
“Semplicemente nell’atto di nascita viene indicata la madre, senza un secondo genitore”.
Quali sono le domande legali che le vengono rivolte più spesso?
“Molte riguardano il riconoscimento dei figli e il timore che la situazione possa cambiare in futuro. Ci sono poi questioni molto concrete, come i congedi di ‘paternità’ – e già che resti ancora questo nome la dice lunga – che non sempre l’INPS accetta in automatico e la possibilità di assentarsi dal lavoro durante il percorso: il tema della malattia durante la PMA genera dubbi. La gestione può dipendere dalla situazione e dal medico di riferimento e non è sempre semplice districarsi”.
A che punto siamo sulla percezione delle famiglie con due mamme o delle madri single?
“Ci sono ancora resistenze soprattutto prima e per le madri single, capita di sentirsi chiedere: “Perché non adottate?”. Spesso, però, il pregiudizio si attenua quando le persone conoscono davvero una famiglia e vedono il rapporto con i bambini. È più facile confrontarsi con una realtà concreta che con un’idea astratta”.
Che cosa rappresenta la community?
“È una rete di sostegno, una forma di sorellanza. Le donne si scambiano informazioni sugli esami, sulle cliniche, sui tentativi andati bene e su quelli che non hanno funzionato. A volte si incontrano anche di persona. Sapere di non essere sole, soprattutto nei momenti più difficili, fa una grande differenza. E il confronto non finisce con la nascita: arrivano le domande sulla scuola, sulla festa del papà, su come raccontare ai figli la loro storia”.
Cosa direbbe a una donna che sta pensando di rinunciare?
“Di non arrendersi se il desiderio di diventare madre è forte. Il percorso può essere faticoso, sia dal punto di vista economico sia emotivo, ma avere informazioni e persone con cui confrontarsi aiuta ad affrontarlo. Quando hai il tuo bambino, tutto assume un significato diverso”.
E qual è il suo appello alle istituzioni?
“È scandaloso che una famiglia con due mamme o una mamma single abbia meno possibilità di un’altra. Ogni coppia è diversa e ogni percorso è diverso, ma dovrebbe esserci la possibilità di scegliere e di accedere alle procedure. Dovremmo guardare a ciò che accade in Europa e nel resto del mondo e ripensare il modo in cui consideriamo le famiglie”."
20261003142523,Periodico Daily,https://www.periodicodaily.com/quando-cera-lei-renzi-in-campo-meloni-resti-solo-un-ricordo/,,,,,,srclc:ita,"(Adnkronos) – ""Noi faremo di tutto perché sia davvero il tempo. E perché 'quando c'era lei' divenga per sempre passato"". Si chiude così l'ultimo libro di Matteo Renzi, 'Quando c'era lei', edito da Solferino.  Una chiusa che è anche una promessa, un impegno e un inizio. Quello della campagna elettorale, ormai alle porte, per le elezioni politiche del prossimo anno. Mandare a casa Giorgia Meloni, l'obiettivo dell'ex-premier rientrato nel centrosinistra e pronto a dare il suo contributo. Con patenti di garanzia o meno, come chiede Giuseppe Conte. Renzi nel libro lo fa demolendo ""la propaganda"" del governo di centrodestra ed insieme lanciando proposte per un centrosinistra che torni a vincere. Il titolo fa il verso al detto dei nostalgici: ""Quando c'era lui i treni arrivavano in orario"". Lui è ovviamente Benito Mussolini. E Renzi ""rovescia quella formula"" facendola diventare ""l'atto di accusa più tagliente contro chi governa. 'Da quando c'è lei' – si legge nella copertina – si pagano più tasse, i treni viaggiano in ritardo, i giovani hanno ripreso la via dell'estero, benzina e spesa costano di più e l'Italia è diventata meno sicura"". In definitiva, ""quando c'era lei, Giorgia, l'Italia andava peggio di prima"". E per dimostrarlo Renzi porta numeri che smentiscono ""le fake news della macchina social di Fratelli d'Italia"" e ""il racconto sdolcinato della propaganda meloniana"".  Le tasse, ad esempio. ""La pressione fiscale nel 2025 ha raggiunto il 43 per cento: lontani sembrano i tempi in cui Meloni giurava e spergiuriava che avrebbe messo il limite del 40 per cento di pressione fiscale in Costituzione"". Oppure i salari. ""Quando c'era lei – scrive Renzi nel libro- il potere d'acquisto degli italiani crollava. I salari reali sono del 7,5 per cento più bassi rispetto ai valori del 2021 (dati Ocse)"". Meno soldi, più inflazione e sempre meno bambini che nascono. ""Prendiamo i numeri del Dossier realizzato dalla Fondazione perla Natalità in collaborazione con l'Istat. Il 62 per cento degli italiani rinuncia a fare figli perchè semplicemente costa troppo"". L'elenco dei 'fallimenti' del governo è lungo e c'è anche il capitolo energia. ""Sull'energia quando c'era lei non sono state mantenute le promesse elettorali, non si è cambiata la direzione di marcia in Europa, non si sono sbloccate le rinnovabili, non si sono eliminate le accise"". Insomma, ""Giorgia ma quanto ci costi? Il costo per i cittadini degli errori di Giorgia Meloni in questi anni è enorme. E il paradosso è che il costo più grande non è per ciò che il governo ha fatto, ma per quello che non ha fatto. In tempi di così radicale cambiamento nascondersi nell'immobilismo non è saggezza, ma diserzione"". Ma Renzi non si occupa solo di demolire la 'propaganda meloniana'. Nel libro avanza diverse proposte da ""offrire all'intero centrosinistra e al Paese"". Anche perché la condizione per vincere, oltre che ci sia ""una alleanza ampia"", è che il centrosinistra ""abbia anche e sopratutto delle idee da proporre come alternativa a questi anni di governo basati su provvedimenti emotivi, in risposta a fatti di cronaca: misure da influencer buone su Instagram, non per la Gazzetta ufficiale"". Renzi si concentra, tra i vari temi, su quello della sicurezza dedicando un capitolo a 'Un euro in cultura, un euro in sicurezza', lo slogan che racchiudeva il senso e lo spirito delle politiche in materia ai tempi di palazzo Chigi. Argomenta Renzi: ""Se davvero vogliamo vincere, dobbiamo trovare una proposta sulla sicurezza che sia distante dal buonismo ideologico di parte della sinistra e che sia diversa dal cattivismo ideologico dei Vannacci e dei Salvini: gente che non garantisce sicurezza ma diffonde paura"".  L'ex-premier suggerisce alcune strade. Intanto ""appoggiarsi agli amministratori"" di centrosinistra che vivono in prima persona la concretezza della questione sicurezza. Cita Michele De Pascale, Vincenzo De Luca. E poi Renzi torna sulla sua 'ricetta' quando era presidente del Consiglio. ""Quando si parla di sicurezza per me non si può prescindere dalla cultura"" e questa ""per me è la proposta su cui il centrosinistra dovrebbe ritrovarsi. E che fa la differenza rispetto a 'quando c'era lei'. Giorgia Meloni si è riempita la bocca di sicurezza ma non ha portato a casa risultati"" ed ""ha totalmente lasciato sguarnito il settore della cultura affidandosi a due personaggi improbabili come Sangiuliano e Giuli"". Allora, sollecita Renzi, ""partiamo da qui. Un investimento educativo e culturale contribuisce più di qualsiasi altra scelta nel costruire una società più sicura e nell'insegnare la speranza senza farsi stritolare dalla paura"".  Renzi passa poi a decostruire la vulgata secondo cui Meloni avrebbe tenuto la ""barra dritta in politica estera"". Il titolo del capitolo, 'Il cappellino in mano', è già un indizio sul giudizio dell'ex-premier. ""In politica interna Meloni non ha fatto nulla, in politica estera ha fatto male"" andando ""sul palco della Casa Bianca con il cappello in mano, anzi il cappellino Maga in mano. Sulla politica estera si è registrato il fallimento più drammatico"" di Meloni, che ha posizionato l'Italia ""dalla parte sbagliata della storia"".  L'ultimo capitolo del libro 'Il Kraken che non ti aspetti' sono pagine personali di bilancio, del senso di colpa sul fallimento del referendum, superato anche grazie alla sconfitta di Meloni in quello della giustizia quest'anno, di propositi e di un impegno che si rinnova. ""Chi ama la politica sa che non c'è tempo migliore di questo per provare a impegnarsi e mettersi in gioco fino in fondo. Io lo faccio con la libertà di chi conosce la durezza della sfida e la bellezza del sogno. Perché 'quando c'era lei' resti solo un ricordo, come un brutto sogno, e non diventi l'incubo di questa destra padrona del Quirinale e di ogni palazzo romano. E perché quando ci saremo noi – se ricapiterà- possiamo mettere davvero al centro le questioni degli stipendi, dell'umanesimo, dell'Europa"".  
—politicawebinfo@adnkronos.com (Web Info)"
20261003142523,Senzalinea,https://www.senzalinea.it/giornale/quando-cera-lei-renzi-in-campo-meloni-resti-solo-un-ricordo/,,,,,,srclc:ita,"(Adnkronos) – ""Noi faremo di tutto perché sia davvero il tempo. E perché 'quando c'era lei' divenga per sempre passato"". Si chiude così l'ultimo libro di Matteo Renzi, 'Quando c'era lei', edito da Solferino.  Una chiusa che è anche una promessa, un impegno e un inizio. Quello della campagna elettorale, ormai alle porte, per le elezioni politiche del prossimo anno. Mandare a casa Giorgia Meloni, l'obiettivo dell'ex-premier rientrato nel centrosinistra e pronto a dare il suo contributo. Con patenti di garanzia o meno, come chiede Giuseppe Conte. Renzi nel libro lo fa demolendo ""la propaganda"" del governo di centrodestra ed insieme lanciando proposte per un centrosinistra che torni a vincere. Il titolo fa il verso al detto dei nostalgici: ""Quando c'era lui i treni arrivavano in orario"". Lui è ovviamente Benito Mussolini. E Renzi ""rovescia quella formula"" facendola diventare ""l'atto di accusa più tagliente contro chi governa. 'Da quando c'è lei' – si legge nella copertina – si pagano più tasse, i treni viaggiano in ritardo, i giovani hanno ripreso la via dell'estero, benzina e spesa costano di più e l'Italia è diventata meno sicura"". In definitiva, ""quando c'era lei, Giorgia, l'Italia andava peggio di prima"". E per dimostrarlo Renzi porta numeri che smentiscono ""le fake news della macchina social di Fratelli d'Italia"" e ""il racconto sdolcinato della propaganda meloniana"".  Le tasse, ad esempio. ""La pressione fiscale nel 2025 ha raggiunto il 43 per cento: lontani sembrano i tempi in cui Meloni giurava e spergiuriava che avrebbe messo il limite del 40 per cento di pressione fiscale in Costituzione"". Oppure i salari. ""Quando c'era lei – scrive Renzi nel libro- il potere d'acquisto degli italiani crollava. I salari reali sono del 7,5 per cento più bassi rispetto ai valori del 2021 (dati Ocse)"". Meno soldi, più inflazione e sempre meno bambini che nascono. ""Prendiamo i numeri del Dossier realizzato dalla Fondazione perla Natalità in collaborazione con l'Istat. Il 62 per cento degli italiani rinuncia a fare figli perchè semplicemente costa troppo"". L'elenco dei 'fallimenti' del governo è lungo e c'è anche il capitolo energia. ""Sull'energia quando c'era lei non sono state mantenute le promesse elettorali, non si è cambiata la direzione di marcia in Europa, non si sono sbloccate le rinnovabili, non si sono eliminate le accise"". Insomma, ""Giorgia ma quanto ci costi? Il costo per i cittadini degli errori di Giorgia Meloni in questi anni è enorme. E il paradosso è che il costo più grande non è per ciò che il governo ha fatto, ma per quello che non ha fatto. In tempi di così radicale cambiamento nascondersi nell'immobilismo non è saggezza, ma diserzione"". Ma Renzi non si occupa solo di demolire la 'propaganda meloniana'. Nel libro avanza diverse proposte da ""offrire all'intero centrosinistra e al Paese"". Anche perché la condizione per vincere, oltre che ci sia ""una alleanza ampia"", è che il centrosinistra ""abbia anche e sopratutto delle idee da proporre come alternativa a questi anni di governo basati su provvedimenti emotivi, in risposta a fatti di cronaca: misure da influencer buone su Instagram, non per la Gazzetta ufficiale"". Renzi si concentra, tra i vari temi, su quello della sicurezza dedicando un capitolo a 'Un euro in cultura, un euro in sicurezza', lo slogan che racchiudeva il senso e lo spirito delle politiche in materia ai tempi di palazzo Chigi. Argomenta Renzi: ""Se davvero vogliamo vincere, dobbiamo trovare una proposta sulla sicurezza che sia distante dal buonismo ideologico di parte della sinistra e che sia diversa dal cattivismo ideologico dei Vannacci e dei Salvini: gente che non garantisce sicurezza ma diffonde paura"".  L'ex-premier suggerisce alcune strade. Intanto ""appoggiarsi agli amministratori"" di centrosinistra che vivono in prima persona la concretezza della questione sicurezza. Cita Michele De Pascale, Vincenzo De Luca. E poi Renzi torna sulla sua 'ricetta' quando era presidente del Consiglio. ""Quando si parla di sicurezza per me non si può prescindere dalla cultura"" e questa ""per me è la proposta su cui il centrosinistra dovrebbe ritrovarsi. E che fa la differenza rispetto a 'quando c'era lei'. Giorgia Meloni si è riempita la bocca di sicurezza ma non ha portato a casa risultati"" ed ""ha totalmente lasciato sguarnito il settore della cultura affidandosi a due personaggi improbabili come Sangiuliano e Giuli"". Allora, sollecita Renzi, ""partiamo da qui. Un investimento educativo e culturale contribuisce più di qualsiasi altra scelta nel costruire una società più sicura e nell'insegnare la speranza senza farsi stritolare dalla paura"".  Renzi passa poi a decostruire la vulgata secondo cui Meloni avrebbe tenuto la ""barra dritta in politica estera"". Il titolo del capitolo, 'Il cappellino in mano', è già un indizio sul giudizio dell'ex-premier. ""In politica interna Meloni non ha fatto nulla, in politica estera ha fatto male"" andando ""sul palco della Casa Bianca con il cappello in mano, anzi il cappellino Maga in mano. Sulla politica estera si è registrato il fallimento più drammatico"" di Meloni, che ha posizionato l'Italia ""dalla parte sbagliata della storia"".  L'ultimo capitolo del libro 'Il Kraken che non ti aspetti' sono pagine personali di bilancio, del senso di colpa sul fallimento del referendum, superato anche grazie alla sconfitta di Meloni in quello della giustizia quest'anno, di propositi e di un impegno che si rinnova. ""Chi ama la politica sa che non c'è tempo migliore di questo per provare a impegnarsi e mettersi in gioco fino in fondo. Io lo faccio con la libertà di chi conosce la durezza della sfida e la bellezza del sogno. Perché 'quando c'era lei' resti solo un ricordo, come un brutto sogno, e non diventi l'incubo di questa destra padrona del Quirinale e di ogni palazzo romano. E perché quando ci saremo noi – se ricapiterà- possiamo mettere davvero al centro le questioni degli stipendi, dell'umanesimo, dell'Europa"".  
—politicawebinfo@adnkronos.com (Web Info)"
20261003142523,Il Fatto Nisseno,https://www.ilfattonisseno.it/2026/10/quando-cera-lei-renzi-in-campo-meloni-resti-solo-un-ricordo/,,,,,,srclc:ita,"(Adnkronos) – ""Noi faremo di tutto perché sia davvero il tempo. E perché 'quando c'era lei' divenga per sempre passato"". Si chiude così l'ultimo libro di Matteo Renzi, 'Quando c'era lei', edito da Solferino.  Una chiusa che è anche una promessa, un impegno e un inizio. Quello della campagna elettorale, ormai alle porte, per le elezioni politiche del prossimo anno. Mandare a casa Giorgia Meloni, l'obiettivo dell'ex-premier rientrato nel centrosinistra e pronto a dare il suo contributo. Con patenti di garanzia o meno, come chiede Giuseppe Conte. Renzi nel libro lo fa demolendo ""la propaganda"" del governo di centrodestra ed insieme lanciando proposte per un centrosinistra che torni a vincere. Il titolo fa il verso al detto dei nostalgici: ""Quando c'era lui i treni arrivavano in orario"". Lui è ovviamente Benito Mussolini. E Renzi ""rovescia quella formula"" facendola diventare ""l'atto di accusa più tagliente contro chi governa. 'Da quando c'è lei' – si legge nella copertina – si pagano più tasse, i treni viaggiano in ritardo, i giovani hanno ripreso la via dell'estero, benzina e spesa costano di più e l'Italia è diventata meno sicura"". In definitiva, ""quando c'era lei, Giorgia, l'Italia andava peggio di prima"". E per dimostrarlo Renzi porta numeri che smentiscono ""le fake news della macchina social di Fratelli d'Italia"" e ""il racconto sdolcinato della propaganda meloniana"".  Le tasse, ad esempio. ""La pressione fiscale nel 2025 ha raggiunto il 43 per cento: lontani sembrano i tempi in cui Meloni giurava e spergiuriava che avrebbe messo il limite del 40 per cento di pressione fiscale in Costituzione"". Oppure i salari. ""Quando c'era lei – scrive Renzi nel libro- il potere d'acquisto degli italiani crollava. I salari reali sono del 7,5 per cento più bassi rispetto ai valori del 2021 (dati Ocse)"". Meno soldi, più inflazione e sempre meno bambini che nascono. ""Prendiamo i numeri del Dossier realizzato dalla Fondazione perla Natalità in collaborazione con l'Istat. Il 62 per cento degli italiani rinuncia a fare figli perchè semplicemente costa troppo"". L'elenco dei 'fallimenti' del governo è lungo e c'è anche il capitolo energia. ""Sull'energia quando c'era lei non sono state mantenute le promesse elettorali, non si è cambiata la direzione di marcia in Europa, non si sono sbloccate le rinnovabili, non si sono eliminate le accise"". Insomma, ""Giorgia ma quanto ci costi? Il costo per i cittadini degli errori di Giorgia Meloni in questi anni è enorme. E il paradosso è che il costo più grande non è per ciò che il governo ha fatto, ma per quello che non ha fatto. In tempi di così radicale cambiamento nascondersi nell'immobilismo non è saggezza, ma diserzione"". Ma Renzi non si occupa solo di demolire la 'propaganda meloniana'. Nel libro avanza diverse proposte da ""offrire all'intero centrosinistra e al Paese"". Anche perché la condizione per vincere, oltre che ci sia ""una alleanza ampia"", è che il centrosinistra ""abbia anche e sopratutto delle idee da proporre come alternativa a questi anni di governo basati su provvedimenti emotivi, in risposta a fatti di cronaca: misure da influencer buone su Instagram, non per la Gazzetta ufficiale"". Renzi si concentra, tra i vari temi, su quello della sicurezza dedicando un capitolo a 'Un euro in cultura, un euro in sicurezza', lo slogan che racchiudeva il senso e lo spirito delle politiche in materia ai tempi di palazzo Chigi. Argomenta Renzi: ""Se davvero vogliamo vincere, dobbiamo trovare una proposta sulla sicurezza che sia distante dal buonismo ideologico di parte della sinistra e che sia diversa dal cattivismo ideologico dei Vannacci e dei Salvini: gente che non garantisce sicurezza ma diffonde paura"".  L'ex-premier suggerisce alcune strade. Intanto ""appoggiarsi agli amministratori"" di centrosinistra che vivono in prima persona la concretezza della questione sicurezza. Cita Michele De Pascale, Vincenzo De Luca. E poi Renzi torna sulla sua 'ricetta' quando era presidente del Consiglio. ""Quando si parla di sicurezza per me non si può prescindere dalla cultura"" e questa ""per me è la proposta su cui il centrosinistra dovrebbe ritrovarsi. E che fa la differenza rispetto a 'quando c'era lei'. Giorgia Meloni si è riempita la bocca di sicurezza ma non ha portato a casa risultati"" ed ""ha totalmente lasciato sguarnito il settore della cultura affidandosi a due personaggi improbabili come Sangiuliano e Giuli"". Allora, sollecita Renzi, ""partiamo da qui. Un investimento educativo e culturale contribuisce più di qualsiasi altra scelta nel costruire una società più sicura e nell'insegnare la speranza senza farsi stritolare dalla paura"".  Renzi passa poi a decostruire la vulgata secondo cui Meloni avrebbe tenuto la ""barra dritta in politica estera"". Il titolo del capitolo, 'Il cappellino in mano', è già un indizio sul giudizio dell'ex-premier. ""In politica interna Meloni non ha fatto nulla, in politica estera ha fatto male"" andando ""sul palco della Casa Bianca con il cappello in mano, anzi il cappellino Maga in mano. Sulla politica estera si è registrato il fallimento più drammatico"" di Meloni, che ha posizionato l'Italia ""dalla parte sbagliata della storia"".  L'ultimo capitolo del libro 'Il Kraken che non ti aspetti' sono pagine personali di bilancio, del senso di colpa sul fallimento del referendum, superato anche grazie alla sconfitta di Meloni in quello della giustizia quest'anno, di propositi e di un impegno che si rinnova. ""Chi ama la politica sa che non c'è tempo migliore di questo per provare a impegnarsi e mettersi in gioco fino in fondo. Io lo faccio con la libertà di chi conosce la durezza della sfida e la bellezza del sogno. Perché 'quando c'era lei' resti solo un ricordo, come un brutto sogno, e non diventi l'incubo di questa destra padrona del Quirinale e di ogni palazzo romano. E perché quando ci saremo noi – se ricapiterà- possiamo mettere davvero al centro le questioni degli stipendi, dell'umanesimo, dell'Europa"".  
—politicawebinfo@adnkronos.com (Web Info)
‘Quando c’era lei’, Renzi in campo: “Meloni resti solo un ricordo”
					Sab, 03/10/2026 - 16:25				
Condividi su:"
20261003142523,Targatocn.it,https://www.targatocn.it/2026/10/03/leggi-notizia/articolo/quando-cera-lei-renzi-in-campo-meloni-resti-solo-un-ricordo.html,,,,,,srclc:ita,"(Adnkronos) - ""Noi faremo di tutto perché sia davvero il tempo. E perché 'quando c'era lei' divenga per sempre passato"". Si chiude così l'ultimo libro di Matteo Renzi, 'Quando c'era lei', edito da Solferino.
Una chiusa che è anche una promessa, un impegno e un inizio. Quello della campagna elettorale, ormai alle porte, per le elezioni politiche del prossimo anno. Mandare a casa Giorgia Meloni, l'obiettivo dell'ex-premier rientrato nel centrosinistra e pronto a dare il suo contributo. Con patenti di garanzia o meno, come chiede Giuseppe Conte. Renzi nel libro lo fa demolendo ""la propaganda"" del governo di centrodestra ed insieme lanciando proposte per un centrosinistra che torni a vincere.
Il titolo fa il verso al detto dei nostalgici: ""Quando c'era lui i treni arrivavano in orario"". Lui è ovviamente Benito Mussolini. E Renzi ""rovescia quella formula"" facendola diventare ""l'atto di accusa più tagliente contro chi governa. 'Da quando c'è lei' - si legge nella copertina - si pagano più tasse, i treni viaggiano in ritardo, i giovani hanno ripreso la via dell'estero, benzina e spesa costano di più e l'Italia è diventata meno sicura"". In definitiva, ""quando c'era lei, Giorgia, l'Italia andava peggio di prima"". E per dimostrarlo Renzi porta numeri che smentiscono ""le fake news della macchina social di Fratelli d'Italia"" e ""il racconto sdolcinato della propaganda meloniana"".
Le tasse, ad esempio. ""La pressione fiscale nel 2025 ha raggiunto il 43 per cento: lontani sembrano i tempi in cui Meloni giurava e spergiuriava che avrebbe messo il limite del 40 per cento di pressione fiscale in Costituzione"". Oppure i salari. ""Quando c'era lei - scrive Renzi nel libro- il potere d'acquisto degli italiani crollava. I salari reali sono del 7,5 per cento più bassi rispetto ai valori del 2021 (dati Ocse)"". Meno soldi, più inflazione e sempre meno bambini che nascono. ""Prendiamo i numeri del Dossier realizzato dalla Fondazione perla Natalità in collaborazione con l'Istat. Il 62 per cento degli italiani rinuncia a fare figli perchè semplicemente costa troppo"". L'elenco dei 'fallimenti' del governo è lungo e c'è anche il capitolo energia. ""Sull'energia quando c'era lei non sono state mantenute le promesse elettorali, non si è cambiata la direzione di marcia in Europa, non si sono sbloccate le rinnovabili, non si sono eliminate le accise"". Insomma, ""Giorgia ma quanto ci costi? Il costo per i cittadini degli errori di Giorgia Meloni in questi anni è enorme. E il paradosso è che il costo più grande non è per ciò che il governo ha fatto, ma per quello che non ha fatto. In tempi di così radicale cambiamento nascondersi nell'immobilismo non è saggezza, ma diserzione"".
Ma Renzi non si occupa solo di demolire la 'propaganda meloniana'. Nel libro avanza diverse proposte da ""offrire all'intero centrosinistra e al Paese"". Anche perché la condizione per vincere, oltre che ci sia ""una alleanza ampia"", è che il centrosinistra ""abbia anche e sopratutto delle idee da proporre come alternativa a questi anni di governo basati su provvedimenti emotivi, in risposta a fatti di cronaca: misure da influencer buone su Instagram, non per la Gazzetta ufficiale"". Renzi si concentra, tra i vari temi, su quello della sicurezza dedicando un capitolo a 'Un euro in cultura, un euro in sicurezza', lo slogan che racchiudeva il senso e lo spirito delle politiche in materia ai tempi di palazzo Chigi. Argomenta Renzi: ""Se davvero vogliamo vincere, dobbiamo trovare una proposta sulla sicurezza che sia distante dal buonismo ideologico di parte della sinistra e che sia diversa dal cattivismo ideologico dei Vannacci e dei Salvini: gente che non garantisce sicurezza ma diffonde paura"".
L'ex-premier suggerisce alcune strade. Intanto ""appoggiarsi agli amministratori"" di centrosinistra che vivono in prima persona la concretezza della questione sicurezza. Cita Michele De Pascale, Vincenzo De Luca. E poi Renzi torna sulla sua 'ricetta' quando era presidente del Consiglio. ""Quando si parla di sicurezza per me non si può prescindere dalla cultura"" e questa ""per me è la proposta su cui il centrosinistra dovrebbe ritrovarsi. E che fa la differenza rispetto a 'quando c'era lei'. Giorgia Meloni si è riempita la bocca di sicurezza ma non ha portato a casa risultati"" ed ""ha totalmente lasciato sguarnito il settore della cultura affidandosi a due personaggi improbabili come Sangiuliano e Giuli"". Allora, sollecita Renzi, ""partiamo da qui. Un investimento educativo e culturale contribuisce più di qualsiasi altra scelta nel costruire una società più sicura e nell'insegnare la speranza senza farsi stritolare dalla paura"".
Renzi passa poi a decostruire la vulgata secondo cui Meloni avrebbe tenuto la ""barra dritta in politica estera"". Il titolo del capitolo, 'Il cappellino in mano', è già un indizio sul giudizio dell'ex-premier. ""In politica interna Meloni non ha fatto nulla, in politica estera ha fatto male"" andando ""sul palco della Casa Bianca con il cappello in mano, anzi il cappellino Maga in mano. Sulla politica estera si è registrato il fallimento più drammatico"" di Meloni, che ha posizionato l'Italia ""dalla parte sbagliata della storia"".
L'ultimo capitolo del libro 'Il Kraken che non ti aspetti' sono pagine personali di bilancio, del senso di colpa sul fallimento del referendum, superato anche grazie alla sconfitta di Meloni in quello della giustizia quest'anno, di propositi e di un impegno che si rinnova. ""Chi ama la politica sa che non c'è tempo migliore di questo per provare a impegnarsi e mettersi in gioco fino in fondo. Io lo faccio con la libertà di chi conosce la durezza della sfida e la bellezza del sogno. Perché 'quando c'era lei' resti solo un ricordo, come un brutto sogno, e non diventi l'incubo di questa destra padrona del Quirinale e di ogni palazzo romano. E perché quando ci saremo noi - se ricapiterà- possiamo mettere davvero al centro le questioni degli stipendi, dell'umanesimo, dell'Europa""."
20261003142523,Vigevano24,https://www.vigevano24.it/2026/10/03/leggi-notizia/articolo/quando-cera-lei-renzi-in-campo-meloni-resti-solo-un-ricordo.html,,,,,,srclc:ita,"(Adnkronos) - ""Noi faremo di tutto perché sia davvero il tempo. E perché 'quando c'era lei' divenga per sempre passato"". Si chiude così l'ultimo libro di Matteo Renzi, 'Quando c'era lei', edito da Solferino.
Una chiusa che è anche una promessa, un impegno e un inizio. Quello della campagna elettorale, ormai alle porte, per le elezioni politiche del prossimo anno. Mandare a casa Giorgia Meloni, l'obiettivo dell'ex-premier rientrato nel centrosinistra e pronto a dare il suo contributo. Con patenti di garanzia o meno, come chiede Giuseppe Conte. Renzi nel libro lo fa demolendo ""la propaganda"" del governo di centrodestra ed insieme lanciando proposte per un centrosinistra che torni a vincere.
Il titolo fa il verso al detto dei nostalgici: ""Quando c'era lui i treni arrivavano in orario"". Lui è ovviamente Benito Mussolini. E Renzi ""rovescia quella formula"" facendola diventare ""l'atto di accusa più tagliente contro chi governa. 'Da quando c'è lei' - si legge nella copertina - si pagano più tasse, i treni viaggiano in ritardo, i giovani hanno ripreso la via dell'estero, benzina e spesa costano di più e l'Italia è diventata meno sicura"". In definitiva, ""quando c'era lei, Giorgia, l'Italia andava peggio di prima"". E per dimostrarlo Renzi porta numeri che smentiscono ""le fake news della macchina social di Fratelli d'Italia"" e ""il racconto sdolcinato della propaganda meloniana"".
Le tasse, ad esempio. ""La pressione fiscale nel 2025 ha raggiunto il 43 per cento: lontani sembrano i tempi in cui Meloni giurava e spergiuriava che avrebbe messo il limite del 40 per cento di pressione fiscale in Costituzione"". Oppure i salari. ""Quando c'era lei - scrive Renzi nel libro- il potere d'acquisto degli italiani crollava. I salari reali sono del 7,5 per cento più bassi rispetto ai valori del 2021 (dati Ocse)"". Meno soldi, più inflazione e sempre meno bambini che nascono. ""Prendiamo i numeri del Dossier realizzato dalla Fondazione perla Natalità in collaborazione con l'Istat. Il 62 per cento degli italiani rinuncia a fare figli perchè semplicemente costa troppo"". L'elenco dei 'fallimenti' del governo è lungo e c'è anche il capitolo energia. ""Sull'energia quando c'era lei non sono state mantenute le promesse elettorali, non si è cambiata la direzione di marcia in Europa, non si sono sbloccate le rinnovabili, non si sono eliminate le accise"". Insomma, ""Giorgia ma quanto ci costi? Il costo per i cittadini degli errori di Giorgia Meloni in questi anni è enorme. E il paradosso è che il costo più grande non è per ciò che il governo ha fatto, ma per quello che non ha fatto. In tempi di così radicale cambiamento nascondersi nell'immobilismo non è saggezza, ma diserzione"".
Ma Renzi non si occupa solo di demolire la 'propaganda meloniana'. Nel libro avanza diverse proposte da ""offrire all'intero centrosinistra e al Paese"". Anche perché la condizione per vincere, oltre che ci sia ""una alleanza ampia"", è che il centrosinistra ""abbia anche e sopratutto delle idee da proporre come alternativa a questi anni di governo basati su provvedimenti emotivi, in risposta a fatti di cronaca: misure da influencer buone su Instagram, non per la Gazzetta ufficiale"". Renzi si concentra, tra i vari temi, su quello della sicurezza dedicando un capitolo a 'Un euro in cultura, un euro in sicurezza', lo slogan che racchiudeva il senso e lo spirito delle politiche in materia ai tempi di palazzo Chigi. Argomenta Renzi: ""Se davvero vogliamo vincere, dobbiamo trovare una proposta sulla sicurezza che sia distante dal buonismo ideologico di parte della sinistra e che sia diversa dal cattivismo ideologico dei Vannacci e dei Salvini: gente che non garantisce sicurezza ma diffonde paura"".
L'ex-premier suggerisce alcune strade. Intanto ""appoggiarsi agli amministratori"" di centrosinistra che vivono in prima persona la concretezza della questione sicurezza. Cita Michele De Pascale, Vincenzo De Luca. E poi Renzi torna sulla sua 'ricetta' quando era presidente del Consiglio. ""Quando si parla di sicurezza per me non si può prescindere dalla cultura"" e questa ""per me è la proposta su cui il centrosinistra dovrebbe ritrovarsi. E che fa la differenza rispetto a 'quando c'era lei'. Giorgia Meloni si è riempita la bocca di sicurezza ma non ha portato a casa risultati"" ed ""ha totalmente lasciato sguarnito il settore della cultura affidandosi a due personaggi improbabili come Sangiuliano e Giuli"". Allora, sollecita Renzi, ""partiamo da qui. Un investimento educativo e culturale contribuisce più di qualsiasi altra scelta nel costruire una società più sicura e nell'insegnare la speranza senza farsi stritolare dalla paura"".
Renzi passa poi a decostruire la vulgata secondo cui Meloni avrebbe tenuto la ""barra dritta in politica estera"". Il titolo del capitolo, 'Il cappellino in mano', è già un indizio sul giudizio dell'ex-premier. ""In politica interna Meloni non ha fatto nulla, in politica estera ha fatto male"" andando ""sul palco della Casa Bianca con il cappello in mano, anzi il cappellino Maga in mano. Sulla politica estera si è registrato il fallimento più drammatico"" di Meloni, che ha posizionato l'Italia ""dalla parte sbagliata della storia"".
L'ultimo capitolo del libro 'Il Kraken che non ti aspetti' sono pagine personali di bilancio, del senso di colpa sul fallimento del referendum, superato anche grazie alla sconfitta di Meloni in quello della giustizia quest'anno, di propositi e di un impegno che si rinnova. ""Chi ama la politica sa che non c'è tempo migliore di questo per provare a impegnarsi e mettersi in gioco fino in fondo. Io lo faccio con la libertà di chi conosce la durezza della sfida e la bellezza del sogno. Perché 'quando c'era lei' resti solo un ricordo, come un brutto sogno, e non diventi l'incubo di questa destra padrona del Quirinale e di ogni palazzo romano. E perché quando ci saremo noi - se ricapiterà- possiamo mettere davvero al centro le questioni degli stipendi, dell'umanesimo, dell'Europa""."
20261003142523,Adnkronos,https://www.adnkronos.com/politica/renzi-libro-meloni-quando-cera-lei_77ilNc1zFBVHXwVQrqyfQC,,,,,,srclc:ita,"L'ultimo libro dell'ex premier demolisce la 'propaganda' del governo con numeri e dati. ""In politica interna non ha fatto nulla, in politica estera ha fatto male"". E lancia proposte per un centrosinistra che torni a vincere. ""Perché 'quando c'era lei' resti solo un ricordo, come un brutto sogno, e non diventi l'incubo di questa destra padrona del Quirinale e di ogni palazzo romano"".
""Noi faremo di tutto perché sia davvero il tempo. E perché 'quando c'era lei' divenga per sempre passato"". Si chiude così l'ultimo libro di Matteo Renzi, 'Quando c'era lei', edito da Solferino.
Una chiusa che è anche una promessa, un impegno e un inizio. Quello della campagna elettorale, ormai alle porte, per le elezioni politiche del prossimo anno. Mandare a casa Giorgia Meloni, l'obiettivo dell'ex-premier rientrato nel centrosinistra e pronto a dare il suo contributo. Con patenti di garanzia o meno, come chiede Giuseppe Conte. Renzi nel libro lo fa demolendo ""la propaganda"" del governo di centrodestra ed insieme lanciando proposte per un centrosinistra che torni a vincere.
Il titolo fa il verso al detto dei nostalgici: ""Quando c'era lui i treni arrivavano in orario"". Lui è ovviamente Benito Mussolini. E Renzi ""rovescia quella formula"" facendola diventare ""l'atto di accusa più tagliente contro chi governa. 'Da quando c'è lei' - si legge nella copertina - si pagano più tasse, i treni viaggiano in ritardo, i giovani hanno ripreso la via dell'estero, benzina e spesa costano di più e l'Italia è diventata meno sicura"". In definitiva, ""quando c'era lei, Giorgia, l'Italia andava peggio di prima"". E per dimostrarlo Renzi porta numeri che smentiscono ""le fake news della macchina social di Fratelli d'Italia"" e ""il racconto sdolcinato della propaganda meloniana"".
Le tasse, ad esempio. ""La pressione fiscale nel 2025 ha raggiunto il 43 per cento: lontani sembrano i tempi in cui Meloni giurava e spergiuriava che avrebbe messo il limite del 40 per cento di pressione fiscale in Costituzione"". Oppure i salari. ""Quando c'era lei - scrive Renzi nel libro- il potere d'acquisto degli italiani crollava. I salari reali sono del 7,5 per cento più bassi rispetto ai valori del 2021 (dati Ocse)"". Meno soldi, più inflazione e sempre meno bambini che nascono. ""Prendiamo i numeri del Dossier realizzato dalla Fondazione perla Natalità in collaborazione con l'Istat. Il 62 per cento degli italiani rinuncia a fare figli perchè semplicemente costa troppo"". L'elenco dei 'fallimenti' del governo è lungo e c'è anche il capitolo energia. ""Sull'energia quando c'era lei non sono state mantenute le promesse elettorali, non si è cambiata la direzione di marcia in Europa, non si sono sbloccate le rinnovabili, non si sono eliminate le accise"". Insomma, ""Giorgia ma quanto ci costi? Il costo per i cittadini degli errori di Giorgia Meloni in questi anni è enorme. E il paradosso è che il costo più grande non è per ciò che il governo ha fatto, ma per quello che non ha fatto. In tempi di così radicale cambiamento nascondersi nell'immobilismo non è saggezza, ma diserzione"".
Ma Renzi non si occupa solo di demolire la 'propaganda meloniana'. Nel libro avanza diverse proposte da ""offrire all'intero centrosinistra e al Paese"". Anche perché la condizione per vincere, oltre che ci sia ""una alleanza ampia"", è che il centrosinistra ""abbia anche e sopratutto delle idee da proporre come alternativa a questi anni di governo basati su provvedimenti emotivi, in risposta a fatti di cronaca: misure da influencer buone su Instagram, non per la Gazzetta ufficiale"". Renzi si concentra, tra i vari temi, su quello della sicurezza dedicando un capitolo a 'Un euro in cultura, un euro in sicurezza', lo slogan che racchiudeva il senso e lo spirito delle politiche in materia ai tempi di palazzo Chigi. Argomenta Renzi: ""Se davvero vogliamo vincere, dobbiamo trovare una proposta sulla sicurezza che sia distante dal buonismo ideologico di parte della sinistra e che sia diversa dal cattivismo ideologico dei Vannacci e dei Salvini: gente che non garantisce sicurezza ma diffonde paura"".
L'ex-premier suggerisce alcune strade. Intanto ""appoggiarsi agli amministratori"" di centrosinistra che vivono in prima persona la concretezza della questione sicurezza. Cita Michele De Pascale, Vincenzo De Luca. E poi Renzi torna sulla sua 'ricetta' quando era presidente del Consiglio. ""Quando si parla di sicurezza per me non si può prescindere dalla cultura"" e questa ""per me è la proposta su cui il centrosinistra dovrebbe ritrovarsi. E che fa la differenza rispetto a 'quando c'era lei'. Giorgia Meloni si è riempita la bocca di sicurezza ma non ha portato a casa risultati"" ed ""ha totalmente lasciato sguarnito il settore della cultura affidandosi a due personaggi improbabili come Sangiuliano e Giuli"". Allora, sollecita Renzi, ""partiamo da qui. Un investimento educativo e culturale contribuisce più di qualsiasi altra scelta nel costruire una società più sicura e nell'insegnare la speranza senza farsi stritolare dalla paura"".
Renzi passa poi a decostruire la vulgata secondo cui Meloni avrebbe tenuto la ""barra dritta in politica estera"". Il titolo del capitolo, 'Il cappellino in mano', è già un indizio sul giudizio dell'ex-premier. ""In politica interna Meloni non ha fatto nulla, in politica estera ha fatto male"" andando ""sul palco della Casa Bianca con il cappello in mano, anzi il cappellino Maga in mano. Sulla politica estera si è registrato il fallimento più drammatico"" di Meloni, che ha posizionato l'Italia ""dalla parte sbagliata della storia"".
L'ultimo capitolo del libro 'Il Kraken che non ti aspetti' sono pagine personali di bilancio, del senso di colpa sul fallimento del referendum, superato anche grazie alla sconfitta di Meloni in quello della giustizia quest'anno, di propositi e di un impegno che si rinnova. ""Chi ama la politica sa che non c'è tempo migliore di questo per provare a impegnarsi e mettersi in gioco fino in fondo. Io lo faccio con la libertà di chi conosce la durezza della sfida e la bellezza del sogno. Perché 'quando c'era lei' resti solo un ricordo, come un brutto sogno, e non diventi l'incubo di questa destra padrona del Quirinale e di ogni palazzo romano. E perché quando ci saremo noi - se ricapiterà- possiamo mettere davvero al centro le questioni degli stipendi, dell'umanesimo, dell'Europa""."
20261003142523,Monte Carlo News,https://www.montecarlonews.it/2026/10/03/notizie/articolo/quando-cera-lei-renzi-in-campo-meloni-resti-solo-un-ricordo.html,,,,,,srclc:ita,"(Adnkronos) - ""Noi faremo di tutto perché sia davvero il tempo. E perché 'quando c'era lei' divenga per sempre passato"". Si chiude così l'ultimo libro di Matteo Renzi, 'Quando c'era lei', edito da Solferino.
Una chiusa che è anche una promessa, un impegno e un inizio. Quello della campagna elettorale, ormai alle porte, per le elezioni politiche del prossimo anno. Mandare a casa Giorgia Meloni, l'obiettivo dell'ex-premier rientrato nel centrosinistra e pronto a dare il suo contributo. Con patenti di garanzia o meno, come chiede Giuseppe Conte. Renzi nel libro lo fa demolendo ""la propaganda"" del governo di centrodestra ed insieme lanciando proposte per un centrosinistra che torni a vincere.
Il titolo fa il verso al detto dei nostalgici: ""Quando c'era lui i treni arrivavano in orario"". Lui è ovviamente Benito Mussolini. E Renzi ""rovescia quella formula"" facendola diventare ""l'atto di accusa più tagliente contro chi governa. 'Da quando c'è lei' - si legge nella copertina - si pagano più tasse, i treni viaggiano in ritardo, i giovani hanno ripreso la via dell'estero, benzina e spesa costano di più e l'Italia è diventata meno sicura"". In definitiva, ""quando c'era lei, Giorgia, l'Italia andava peggio di prima"". E per dimostrarlo Renzi porta numeri che smentiscono ""le fake news della macchina social di Fratelli d'Italia"" e ""il racconto sdolcinato della propaganda meloniana"".
Le tasse, ad esempio. ""La pressione fiscale nel 2025 ha raggiunto il 43 per cento: lontani sembrano i tempi in cui Meloni giurava e spergiuriava che avrebbe messo il limite del 40 per cento di pressione fiscale in Costituzione"". Oppure i salari. ""Quando c'era lei - scrive Renzi nel libro- il potere d'acquisto degli italiani crollava. I salari reali sono del 7,5 per cento più bassi rispetto ai valori del 2021 (dati Ocse)"". Meno soldi, più inflazione e sempre meno bambini che nascono. ""Prendiamo i numeri del Dossier realizzato dalla Fondazione perla Natalità in collaborazione con l'Istat. Il 62 per cento degli italiani rinuncia a fare figli perchè semplicemente costa troppo"". L'elenco dei 'fallimenti' del governo è lungo e c'è anche il capitolo energia. ""Sull'energia quando c'era lei non sono state mantenute le promesse elettorali, non si è cambiata la direzione di marcia in Europa, non si sono sbloccate le rinnovabili, non si sono eliminate le accise"". Insomma, ""Giorgia ma quanto ci costi? Il costo per i cittadini degli errori di Giorgia Meloni in questi anni è enorme. E il paradosso è che il costo più grande non è per ciò che il governo ha fatto, ma per quello che non ha fatto. In tempi di così radicale cambiamento nascondersi nell'immobilismo non è saggezza, ma diserzione"".
Ma Renzi non si occupa solo di demolire la 'propaganda meloniana'. Nel libro avanza diverse proposte da ""offrire all'intero centrosinistra e al Paese"". Anche perché la condizione per vincere, oltre che ci sia ""una alleanza ampia"", è che il centrosinistra ""abbia anche e sopratutto delle idee da proporre come alternativa a questi anni di governo basati su provvedimenti emotivi, in risposta a fatti di cronaca: misure da influencer buone su Instagram, non per la Gazzetta ufficiale"". Renzi si concentra, tra i vari temi, su quello della sicurezza dedicando un capitolo a 'Un euro in cultura, un euro in sicurezza', lo slogan che racchiudeva il senso e lo spirito delle politiche in materia ai tempi di palazzo Chigi. Argomenta Renzi: ""Se davvero vogliamo vincere, dobbiamo trovare una proposta sulla sicurezza che sia distante dal buonismo ideologico di parte della sinistra e che sia diversa dal cattivismo ideologico dei Vannacci e dei Salvini: gente che non garantisce sicurezza ma diffonde paura"".
L'ex-premier suggerisce alcune strade. Intanto ""appoggiarsi agli amministratori"" di centrosinistra che vivono in prima persona la concretezza della questione sicurezza. Cita Michele De Pascale, Vincenzo De Luca. E poi Renzi torna sulla sua 'ricetta' quando era presidente del Consiglio. ""Quando si parla di sicurezza per me non si può prescindere dalla cultura"" e questa ""per me è la proposta su cui il centrosinistra dovrebbe ritrovarsi. E che fa la differenza rispetto a 'quando c'era lei'. Giorgia Meloni si è riempita la bocca di sicurezza ma non ha portato a casa risultati"" ed ""ha totalmente lasciato sguarnito il settore della cultura affidandosi a due personaggi improbabili come Sangiuliano e Giuli"". Allora, sollecita Renzi, ""partiamo da qui. Un investimento educativo e culturale contribuisce più di qualsiasi altra scelta nel costruire una società più sicura e nell'insegnare la speranza senza farsi stritolare dalla paura"".
Renzi passa poi a decostruire la vulgata secondo cui Meloni avrebbe tenuto la ""barra dritta in politica estera"". Il titolo del capitolo, 'Il cappellino in mano', è già un indizio sul giudizio dell'ex-premier. ""In politica interna Meloni non ha fatto nulla, in politica estera ha fatto male"" andando ""sul palco della Casa Bianca con il cappello in mano, anzi il cappellino Maga in mano. Sulla politica estera si è registrato il fallimento più drammatico"" di Meloni, che ha posizionato l'Italia ""dalla parte sbagliata della storia"".
L'ultimo capitolo del libro 'Il Kraken che non ti aspetti' sono pagine personali di bilancio, del senso di colpa sul fallimento del referendum, superato anche grazie alla sconfitta di Meloni in quello della giustizia quest'anno, di propositi e di un impegno che si rinnova. ""Chi ama la politica sa che non c'è tempo migliore di questo per provare a impegnarsi e mettersi in gioco fino in fondo. Io lo faccio con la libertà di chi conosce la durezza della sfida e la bellezza del sogno. Perché 'quando c'era lei' resti solo un ricordo, come un brutto sogno, e non diventi l'incubo di questa destra padrona del Quirinale e di ogni palazzo romano. E perché quando ci saremo noi - se ricapiterà- possiamo mettere davvero al centro le questioni degli stipendi, dell'umanesimo, dell'Europa""."
20261003142523,Info Vercelli 24,https://www.infovercelli24.it/2026/10/03/leggi-notizia/articolo/quando-cera-lei-renzi-in-campo-meloni-resti-solo-un-ricordo.html,,,,,,srclc:ita,"(Adnkronos) - ""Noi faremo di tutto perché sia davvero il tempo. E perché 'quando c'era lei' divenga per sempre passato"". Si chiude così l'ultimo libro di Matteo Renzi, 'Quando c'era lei', edito da Solferino.
Una chiusa che è anche una promessa, un impegno e un inizio. Quello della campagna elettorale, ormai alle porte, per le elezioni politiche del prossimo anno. Mandare a casa Giorgia Meloni, l'obiettivo dell'ex-premier rientrato nel centrosinistra e pronto a dare il suo contributo. Con patenti di garanzia o meno, come chiede Giuseppe Conte. Renzi nel libro lo fa demolendo ""la propaganda"" del governo di centrodestra ed insieme lanciando proposte per un centrosinistra che torni a vincere.
Il titolo fa il verso al detto dei nostalgici: ""Quando c'era lui i treni arrivavano in orario"". Lui è ovviamente Benito Mussolini. E Renzi ""rovescia quella formula"" facendola diventare ""l'atto di accusa più tagliente contro chi governa. 'Da quando c'è lei' - si legge nella copertina - si pagano più tasse, i treni viaggiano in ritardo, i giovani hanno ripreso la via dell'estero, benzina e spesa costano di più e l'Italia è diventata meno sicura"". In definitiva, ""quando c'era lei, Giorgia, l'Italia andava peggio di prima"". E per dimostrarlo Renzi porta numeri che smentiscono ""le fake news della macchina social di Fratelli d'Italia"" e ""il racconto sdolcinato della propaganda meloniana"".
Le tasse, ad esempio. ""La pressione fiscale nel 2025 ha raggiunto il 43 per cento: lontani sembrano i tempi in cui Meloni giurava e spergiuriava che avrebbe messo il limite del 40 per cento di pressione fiscale in Costituzione"". Oppure i salari. ""Quando c'era lei - scrive Renzi nel libro- il potere d'acquisto degli italiani crollava. I salari reali sono del 7,5 per cento più bassi rispetto ai valori del 2021 (dati Ocse)"". Meno soldi, più inflazione e sempre meno bambini che nascono. ""Prendiamo i numeri del Dossier realizzato dalla Fondazione perla Natalità in collaborazione con l'Istat. Il 62 per cento degli italiani rinuncia a fare figli perchè semplicemente costa troppo"". L'elenco dei 'fallimenti' del governo è lungo e c'è anche il capitolo energia. ""Sull'energia quando c'era lei non sono state mantenute le promesse elettorali, non si è cambiata la direzione di marcia in Europa, non si sono sbloccate le rinnovabili, non si sono eliminate le accise"". Insomma, ""Giorgia ma quanto ci costi? Il costo per i cittadini degli errori di Giorgia Meloni in questi anni è enorme. E il paradosso è che il costo più grande non è per ciò che il governo ha fatto, ma per quello che non ha fatto. In tempi di così radicale cambiamento nascondersi nell'immobilismo non è saggezza, ma diserzione"".
Ma Renzi non si occupa solo di demolire la 'propaganda meloniana'. Nel libro avanza diverse proposte da ""offrire all'intero centrosinistra e al Paese"". Anche perché la condizione per vincere, oltre che ci sia ""una alleanza ampia"", è che il centrosinistra ""abbia anche e sopratutto delle idee da proporre come alternativa a questi anni di governo basati su provvedimenti emotivi, in risposta a fatti di cronaca: misure da influencer buone su Instagram, non per la Gazzetta ufficiale"". Renzi si concentra, tra i vari temi, su quello della sicurezza dedicando un capitolo a 'Un euro in cultura, un euro in sicurezza', lo slogan che racchiudeva il senso e lo spirito delle politiche in materia ai tempi di palazzo Chigi. Argomenta Renzi: ""Se davvero vogliamo vincere, dobbiamo trovare una proposta sulla sicurezza che sia distante dal buonismo ideologico di parte della sinistra e che sia diversa dal cattivismo ideologico dei Vannacci e dei Salvini: gente che non garantisce sicurezza ma diffonde paura"".
L'ex-premier suggerisce alcune strade. Intanto ""appoggiarsi agli amministratori"" di centrosinistra che vivono in prima persona la concretezza della questione sicurezza. Cita Michele De Pascale, Vincenzo De Luca. E poi Renzi torna sulla sua 'ricetta' quando era presidente del Consiglio. ""Quando si parla di sicurezza per me non si può prescindere dalla cultura"" e questa ""per me è la proposta su cui il centrosinistra dovrebbe ritrovarsi. E che fa la differenza rispetto a 'quando c'era lei'. Giorgia Meloni si è riempita la bocca di sicurezza ma non ha portato a casa risultati"" ed ""ha totalmente lasciato sguarnito il settore della cultura affidandosi a due personaggi improbabili come Sangiuliano e Giuli"". Allora, sollecita Renzi, ""partiamo da qui. Un investimento educativo e culturale contribuisce più di qualsiasi altra scelta nel costruire una società più sicura e nell'insegnare la speranza senza farsi stritolare dalla paura"".
Renzi passa poi a decostruire la vulgata secondo cui Meloni avrebbe tenuto la ""barra dritta in politica estera"". Il titolo del capitolo, 'Il cappellino in mano', è già un indizio sul giudizio dell'ex-premier. ""In politica interna Meloni non ha fatto nulla, in politica estera ha fatto male"" andando ""sul palco della Casa Bianca con il cappello in mano, anzi il cappellino Maga in mano. Sulla politica estera si è registrato il fallimento più drammatico"" di Meloni, che ha posizionato l'Italia ""dalla parte sbagliata della storia"".
L'ultimo capitolo del libro 'Il Kraken che non ti aspetti' sono pagine personali di bilancio, del senso di colpa sul fallimento del referendum, superato anche grazie alla sconfitta di Meloni in quello della giustizia quest'anno, di propositi e di un impegno che si rinnova. ""Chi ama la politica sa che non c'è tempo migliore di questo per provare a impegnarsi e mettersi in gioco fino in fondo. Io lo faccio con la libertà di chi conosce la durezza della sfida e la bellezza del sogno. Perché 'quando c'era lei' resti solo un ricordo, come un brutto sogno, e non diventi l'incubo di questa destra padrona del Quirinale e di ogni palazzo romano. E perché quando ci saremo noi - se ricapiterà- possiamo mettere davvero al centro le questioni degli stipendi, dell'umanesimo, dell'Europa""."
20261003142523,Notizie.it,https://www.notizie.it/quando-cera-lei-renzi-in-campo-meloni-resti-solo-un-ricordo/,,,,,,srclc:ita,"(Adnkronos) – “Noi faremo di tutto perché sia davvero il tempo. E perché ‘quando c’era lei’ divenga per sempre passato”. Si chiude così l’ultimo libro di Matteo Renzi, ‘Quando c’era lei’, edito da Solferino.
Una chiusa che è anche una promessa, un impegno e un inizio. Quello della campagna elettorale, ormai alle porte, per le elezioni politiche del prossimo anno.
Mandare a casa Giorgia Meloni, l’obiettivo dell’ex-premier rientrato nel centrosinistra e pronto a dare il suo contributo. Con patenti di garanzia o meno, come chiede Giuseppe Conte. Renzi nel libro lo fa demolendo “la propaganda” del governo di centrodestra ed insieme lanciando proposte per un centrosinistra che torni a vincere.
Il titolo fa il verso al detto dei nostalgici: “Quando c’era lui i treni arrivavano in orario”.
Lui è ovviamente Benito Mussolini. E Renzi “rovescia quella formula” facendola diventare “l’atto di accusa più tagliente contro chi governa. ‘Da quando c’è lei’ – si legge nella copertina – si pagano più tasse, i treni viaggiano in ritardo, i giovani hanno ripreso la via dell’estero, benzina e spesa costano di più e l’Italia è diventata meno sicura”. In definitiva, “quando c’era lei, Giorgia, l’Italia andava peggio di prima”.
E per dimostrarlo Renzi porta numeri che smentiscono “le fake news della macchina social di Fratelli d’Italia” e “il racconto sdolcinato della propaganda meloniana”.
Le tasse, ad esempio. “La pressione fiscale nel 2025 ha raggiunto il 43 per cento: lontani sembrano i tempi in cui Meloni giurava e spergiuriava che avrebbe messo il limite del 40 per cento di pressione fiscale in Costituzione”. Oppure i salari. “Quando c’era lei – scrive Renzi nel libro- il potere d’acquisto degli italiani crollava. I salari reali sono del 7,5 per cento più bassi rispetto ai valori del 2021 (dati Ocse)”. Meno soldi, più inflazione e sempre meno bambini che nascono. “Prendiamo i numeri del Dossier realizzato dalla Fondazione perla Natalità in collaborazione con l’Istat. Il 62 per cento degli italiani rinuncia a fare figli perchè semplicemente costa troppo”. L’elenco dei ‘fallimenti’ del governo è lungo e c’è anche il capitolo energia. “Sull’energia quando c’era lei non sono state mantenute le promesse elettorali, non si è cambiata la direzione di marcia in Europa, non si sono sbloccate le rinnovabili, non si sono eliminate le accise”. Insomma, “Giorgia ma quanto ci costi? Il costo per i cittadini degli errori di Giorgia Meloni in questi anni è enorme. E il paradosso è che il costo più grande non è per ciò che il governo ha fatto, ma per quello che non ha fatto. In tempi di così radicale cambiamento nascondersi nell’immobilismo non è saggezza, ma diserzione”.
Ma Renzi non si occupa solo di demolire la ‘propaganda meloniana’. Nel libro avanza diverse proposte da “offrire all’intero centrosinistra e al Paese”. Anche perché la condizione per vincere, oltre che ci sia “una alleanza ampia”, è che il centrosinistra “abbia anche e sopratutto delle idee da proporre come alternativa a questi anni di governo basati su provvedimenti emotivi, in risposta a fatti di cronaca: misure da influencer buone su Instagram, non per la Gazzetta ufficiale”. Renzi si concentra, tra i vari temi, su quello della sicurezza dedicando un capitolo a ‘Un euro in cultura, un euro in sicurezza’, lo slogan che racchiudeva il senso e lo spirito delle politiche in materia ai tempi di palazzo Chigi. Argomenta Renzi: “Se davvero vogliamo vincere, dobbiamo trovare una proposta sulla sicurezza che sia distante dal buonismo ideologico di parte della sinistra e che sia diversa dal cattivismo ideologico dei Vannacci e dei Salvini: gente che non garantisce sicurezza ma diffonde paura”.
L’ex-premier suggerisce alcune strade. Intanto “appoggiarsi agli amministratori” di centrosinistra che vivono in prima persona la concretezza della questione sicurezza. Cita Michele De Pascale, Vincenzo De Luca. E poi Renzi torna sulla sua ‘ricetta’ quando era presidente del Consiglio. “Quando si parla di sicurezza per me non si può prescindere dalla cultura” e questa “per me è la proposta su cui il centrosinistra dovrebbe ritrovarsi. E che fa la differenza rispetto a ‘quando c’era lei’. Giorgia Meloni si è riempita la bocca di sicurezza ma non ha portato a casa risultati” ed “ha totalmente lasciato sguarnito il settore della cultura affidandosi a due personaggi improbabili come Sangiuliano e Giuli”. Allora, sollecita Renzi, “partiamo da qui. Un investimento educativo e culturale contribuisce più di qualsiasi altra scelta nel costruire una società più sicura e nell’insegnare la speranza senza farsi stritolare dalla paura”.
Renzi passa poi a decostruire la vulgata secondo cui Meloni avrebbe tenuto la “barra dritta in politica estera”. Il titolo del capitolo, ‘Il cappellino in mano’, è già un indizio sul giudizio dell’ex-premier. “In politica interna Meloni non ha fatto nulla, in politica estera ha fatto male” andando “sul palco della Casa Bianca con il cappello in mano, anzi il cappellino Maga in mano. Sulla politica estera si è registrato il fallimento più drammatico” di Meloni, che ha posizionato l’Italia “dalla parte sbagliata della storia”.
L’ultimo capitolo del libro ‘Il Kraken che non ti aspetti’ sono pagine personali di bilancio, del senso di colpa sul fallimento del referendum, superato anche grazie alla sconfitta di Meloni in quello della giustizia quest’anno, di propositi e di un impegno che si rinnova. “Chi ama la politica sa che non c’è tempo migliore di questo per provare a impegnarsi e mettersi in gioco fino in fondo. Io lo faccio con la libertà di chi conosce la durezza della sfida e la bellezza del sogno. Perché ‘quando c’era lei’ resti solo un ricordo, come un brutto sogno, e non diventi l’incubo di questa destra padrona del Quirinale e di ogni palazzo romano. E perché quando ci saremo noi – se ricapiterà- possiamo mettere davvero al centro le questioni degli stipendi, dell’umanesimo, dell’Europa”.
—
politica
webinfo@adnkronos.com (Web Info)"
20261003142523,Savona News,https://www.savonanews.it/2026/10/03/leggi-notizia/articolo/quando-cera-lei-renzi-in-campo-meloni-resti-solo-un-ricordo.html,,,,,,srclc:ita,"(Adnkronos) - ""Noi faremo di tutto perché sia davvero il tempo. E perché 'quando c'era lei' divenga per sempre passato"". Si chiude così l'ultimo libro di Matteo Renzi, 'Quando c'era lei', edito da Solferino.
Una chiusa che è anche una promessa, un impegno e un inizio. Quello della campagna elettorale, ormai alle porte, per le elezioni politiche del prossimo anno. Mandare a casa Giorgia Meloni, l'obiettivo dell'ex-premier rientrato nel centrosinistra e pronto a dare il suo contributo. Con patenti di garanzia o meno, come chiede Giuseppe Conte. Renzi nel libro lo fa demolendo ""la propaganda"" del governo di centrodestra ed insieme lanciando proposte per un centrosinistra che torni a vincere.
Il titolo fa il verso al detto dei nostalgici: ""Quando c'era lui i treni arrivavano in orario"". Lui è ovviamente Benito Mussolini. E Renzi ""rovescia quella formula"" facendola diventare ""l'atto di accusa più tagliente contro chi governa. 'Da quando c'è lei' - si legge nella copertina - si pagano più tasse, i treni viaggiano in ritardo, i giovani hanno ripreso la via dell'estero, benzina e spesa costano di più e l'Italia è diventata meno sicura"". In definitiva, ""quando c'era lei, Giorgia, l'Italia andava peggio di prima"". E per dimostrarlo Renzi porta numeri che smentiscono ""le fake news della macchina social di Fratelli d'Italia"" e ""il racconto sdolcinato della propaganda meloniana"".
Le tasse, ad esempio. ""La pressione fiscale nel 2025 ha raggiunto il 43 per cento: lontani sembrano i tempi in cui Meloni giurava e spergiuriava che avrebbe messo il limite del 40 per cento di pressione fiscale in Costituzione"". Oppure i salari. ""Quando c'era lei - scrive Renzi nel libro- il potere d'acquisto degli italiani crollava. I salari reali sono del 7,5 per cento più bassi rispetto ai valori del 2021 (dati Ocse)"". Meno soldi, più inflazione e sempre meno bambini che nascono. ""Prendiamo i numeri del Dossier realizzato dalla Fondazione perla Natalità in collaborazione con l'Istat. Il 62 per cento degli italiani rinuncia a fare figli perchè semplicemente costa troppo"". L'elenco dei 'fallimenti' del governo è lungo e c'è anche il capitolo energia. ""Sull'energia quando c'era lei non sono state mantenute le promesse elettorali, non si è cambiata la direzione di marcia in Europa, non si sono sbloccate le rinnovabili, non si sono eliminate le accise"". Insomma, ""Giorgia ma quanto ci costi? Il costo per i cittadini degli errori di Giorgia Meloni in questi anni è enorme. E il paradosso è che il costo più grande non è per ciò che il governo ha fatto, ma per quello che non ha fatto. In tempi di così radicale cambiamento nascondersi nell'immobilismo non è saggezza, ma diserzione"".
Ma Renzi non si occupa solo di demolire la 'propaganda meloniana'. Nel libro avanza diverse proposte da ""offrire all'intero centrosinistra e al Paese"". Anche perché la condizione per vincere, oltre che ci sia ""una alleanza ampia"", è che il centrosinistra ""abbia anche e sopratutto delle idee da proporre come alternativa a questi anni di governo basati su provvedimenti emotivi, in risposta a fatti di cronaca: misure da influencer buone su Instagram, non per la Gazzetta ufficiale"". Renzi si concentra, tra i vari temi, su quello della sicurezza dedicando un capitolo a 'Un euro in cultura, un euro in sicurezza', lo slogan che racchiudeva il senso e lo spirito delle politiche in materia ai tempi di palazzo Chigi. Argomenta Renzi: ""Se davvero vogliamo vincere, dobbiamo trovare una proposta sulla sicurezza che sia distante dal buonismo ideologico di parte della sinistra e che sia diversa dal cattivismo ideologico dei Vannacci e dei Salvini: gente che non garantisce sicurezza ma diffonde paura"".
L'ex-premier suggerisce alcune strade. Intanto ""appoggiarsi agli amministratori"" di centrosinistra che vivono in prima persona la concretezza della questione sicurezza. Cita Michele De Pascale, Vincenzo De Luca. E poi Renzi torna sulla sua 'ricetta' quando era presidente del Consiglio. ""Quando si parla di sicurezza per me non si può prescindere dalla cultura"" e questa ""per me è la proposta su cui il centrosinistra dovrebbe ritrovarsi. E che fa la differenza rispetto a 'quando c'era lei'. Giorgia Meloni si è riempita la bocca di sicurezza ma non ha portato a casa risultati"" ed ""ha totalmente lasciato sguarnito il settore della cultura affidandosi a due personaggi improbabili come Sangiuliano e Giuli"". Allora, sollecita Renzi, ""partiamo da qui. Un investimento educativo e culturale contribuisce più di qualsiasi altra scelta nel costruire una società più sicura e nell'insegnare la speranza senza farsi stritolare dalla paura"".
Renzi passa poi a decostruire la vulgata secondo cui Meloni avrebbe tenuto la ""barra dritta in politica estera"". Il titolo del capitolo, 'Il cappellino in mano', è già un indizio sul giudizio dell'ex-premier. ""In politica interna Meloni non ha fatto nulla, in politica estera ha fatto male"" andando ""sul palco della Casa Bianca con il cappello in mano, anzi il cappellino Maga in mano. Sulla politica estera si è registrato il fallimento più drammatico"" di Meloni, che ha posizionato l'Italia ""dalla parte sbagliata della storia"".
L'ultimo capitolo del libro 'Il Kraken che non ti aspetti' sono pagine personali di bilancio, del senso di colpa sul fallimento del referendum, superato anche grazie alla sconfitta di Meloni in quello della giustizia quest'anno, di propositi e di un impegno che si rinnova. ""Chi ama la politica sa che non c'è tempo migliore di questo per provare a impegnarsi e mettersi in gioco fino in fondo. Io lo faccio con la libertà di chi conosce la durezza della sfida e la bellezza del sogno. Perché 'quando c'era lei' resti solo un ricordo, come un brutto sogno, e non diventi l'incubo di questa destra padrona del Quirinale e di ogni palazzo romano. E perché quando ci saremo noi - se ricapiterà- possiamo mettere davvero al centro le questioni degli stipendi, dell'umanesimo, dell'Europa""."
20261003142523,News Biella,https://www.newsbiella.it/2026/10/03/leggi-notizia/articolo/quando-cera-lei-renzi-in-campo-meloni-resti-solo-un-ricordo.html,,,,,,srclc:ita,"(Adnkronos) - ""Noi faremo di tutto perché sia davvero il tempo. E perché 'quando c'era lei' divenga per sempre passato"". Si chiude così l'ultimo libro di Matteo Renzi, 'Quando c'era lei', edito da Solferino.
Una chiusa che è anche una promessa, un impegno e un inizio. Quello della campagna elettorale, ormai alle porte, per le elezioni politiche del prossimo anno. Mandare a casa Giorgia Meloni, l'obiettivo dell'ex-premier rientrato nel centrosinistra e pronto a dare il suo contributo. Con patenti di garanzia o meno, come chiede Giuseppe Conte. Renzi nel libro lo fa demolendo ""la propaganda"" del governo di centrodestra ed insieme lanciando proposte per un centrosinistra che torni a vincere.
Il titolo fa il verso al detto dei nostalgici: ""Quando c'era lui i treni arrivavano in orario"". Lui è ovviamente Benito Mussolini. E Renzi ""rovescia quella formula"" facendola diventare ""l'atto di accusa più tagliente contro chi governa. 'Da quando c'è lei' - si legge nella copertina - si pagano più tasse, i treni viaggiano in ritardo, i giovani hanno ripreso la via dell'estero, benzina e spesa costano di più e l'Italia è diventata meno sicura"". In definitiva, ""quando c'era lei, Giorgia, l'Italia andava peggio di prima"". E per dimostrarlo Renzi porta numeri che smentiscono ""le fake news della macchina social di Fratelli d'Italia"" e ""il racconto sdolcinato della propaganda meloniana"".
Le tasse, ad esempio. ""La pressione fiscale nel 2025 ha raggiunto il 43 per cento: lontani sembrano i tempi in cui Meloni giurava e spergiuriava che avrebbe messo il limite del 40 per cento di pressione fiscale in Costituzione"". Oppure i salari. ""Quando c'era lei - scrive Renzi nel libro- il potere d'acquisto degli italiani crollava. I salari reali sono del 7,5 per cento più bassi rispetto ai valori del 2021 (dati Ocse)"". Meno soldi, più inflazione e sempre meno bambini che nascono. ""Prendiamo i numeri del Dossier realizzato dalla Fondazione perla Natalità in collaborazione con l'Istat. Il 62 per cento degli italiani rinuncia a fare figli perchè semplicemente costa troppo"". L'elenco dei 'fallimenti' del governo è lungo e c'è anche il capitolo energia. ""Sull'energia quando c'era lei non sono state mantenute le promesse elettorali, non si è cambiata la direzione di marcia in Europa, non si sono sbloccate le rinnovabili, non si sono eliminate le accise"". Insomma, ""Giorgia ma quanto ci costi? Il costo per i cittadini degli errori di Giorgia Meloni in questi anni è enorme. E il paradosso è che il costo più grande non è per ciò che il governo ha fatto, ma per quello che non ha fatto. In tempi di così radicale cambiamento nascondersi nell'immobilismo non è saggezza, ma diserzione"".
Ma Renzi non si occupa solo di demolire la 'propaganda meloniana'. Nel libro avanza diverse proposte da ""offrire all'intero centrosinistra e al Paese"". Anche perché la condizione per vincere, oltre che ci sia ""una alleanza ampia"", è che il centrosinistra ""abbia anche e sopratutto delle idee da proporre come alternativa a questi anni di governo basati su provvedimenti emotivi, in risposta a fatti di cronaca: misure da influencer buone su Instagram, non per la Gazzetta ufficiale"". Renzi si concentra, tra i vari temi, su quello della sicurezza dedicando un capitolo a 'Un euro in cultura, un euro in sicurezza', lo slogan che racchiudeva il senso e lo spirito delle politiche in materia ai tempi di palazzo Chigi. Argomenta Renzi: ""Se davvero vogliamo vincere, dobbiamo trovare una proposta sulla sicurezza che sia distante dal buonismo ideologico di parte della sinistra e che sia diversa dal cattivismo ideologico dei Vannacci e dei Salvini: gente che non garantisce sicurezza ma diffonde paura"".
L'ex-premier suggerisce alcune strade. Intanto ""appoggiarsi agli amministratori"" di centrosinistra che vivono in prima persona la concretezza della questione sicurezza. Cita Michele De Pascale, Vincenzo De Luca. E poi Renzi torna sulla sua 'ricetta' quando era presidente del Consiglio. ""Quando si parla di sicurezza per me non si può prescindere dalla cultura"" e questa ""per me è la proposta su cui il centrosinistra dovrebbe ritrovarsi. E che fa la differenza rispetto a 'quando c'era lei'. Giorgia Meloni si è riempita la bocca di sicurezza ma non ha portato a casa risultati"" ed ""ha totalmente lasciato sguarnito il settore della cultura affidandosi a due personaggi improbabili come Sangiuliano e Giuli"". Allora, sollecita Renzi, ""partiamo da qui. Un investimento educativo e culturale contribuisce più di qualsiasi altra scelta nel costruire una società più sicura e nell'insegnare la speranza senza farsi stritolare dalla paura"".
Renzi passa poi a decostruire la vulgata secondo cui Meloni avrebbe tenuto la ""barra dritta in politica estera"". Il titolo del capitolo, 'Il cappellino in mano', è già un indizio sul giudizio dell'ex-premier. ""In politica interna Meloni non ha fatto nulla, in politica estera ha fatto male"" andando ""sul palco della Casa Bianca con il cappello in mano, anzi il cappellino Maga in mano. Sulla politica estera si è registrato il fallimento più drammatico"" di Meloni, che ha posizionato l'Italia ""dalla parte sbagliata della storia"".
L'ultimo capitolo del libro 'Il Kraken che non ti aspetti' sono pagine personali di bilancio, del senso di colpa sul fallimento del referendum, superato anche grazie alla sconfitta di Meloni in quello della giustizia quest'anno, di propositi e di un impegno che si rinnova. ""Chi ama la politica sa che non c'è tempo migliore di questo per provare a impegnarsi e mettersi in gioco fino in fondo. Io lo faccio con la libertà di chi conosce la durezza della sfida e la bellezza del sogno. Perché 'quando c'era lei' resti solo un ricordo, come un brutto sogno, e non diventi l'incubo di questa destra padrona del Quirinale e di ogni palazzo romano. E perché quando ci saremo noi - se ricapiterà- possiamo mettere davvero al centro le questioni degli stipendi, dell'umanesimo, dell'Europa""."
20261003142523,La Voce Di Imperia,https://www.lavocediimperia.it/2026/10/03/leggi-notizia/articolo/quando-cera-lei-renzi-in-campo-meloni-resti-solo-un-ricordo.html,,,,,,srclc:ita,"(Adnkronos) - ""Noi faremo di tutto perché sia davvero il tempo. E perché 'quando c'era lei' divenga per sempre passato"". Si chiude così l'ultimo libro di Matteo Renzi, 'Quando c'era lei', edito da Solferino.
Una chiusa che è anche una promessa, un impegno e un inizio. Quello della campagna elettorale, ormai alle porte, per le elezioni politiche del prossimo anno. Mandare a casa Giorgia Meloni, l'obiettivo dell'ex-premier rientrato nel centrosinistra e pronto a dare il suo contributo. Con patenti di garanzia o meno, come chiede Giuseppe Conte. Renzi nel libro lo fa demolendo ""la propaganda"" del governo di centrodestra ed insieme lanciando proposte per un centrosinistra che torni a vincere.
Il titolo fa il verso al detto dei nostalgici: ""Quando c'era lui i treni arrivavano in orario"". Lui è ovviamente Benito Mussolini. E Renzi ""rovescia quella formula"" facendola diventare ""l'atto di accusa più tagliente contro chi governa. 'Da quando c'è lei' - si legge nella copertina - si pagano più tasse, i treni viaggiano in ritardo, i giovani hanno ripreso la via dell'estero, benzina e spesa costano di più e l'Italia è diventata meno sicura"". In definitiva, ""quando c'era lei, Giorgia, l'Italia andava peggio di prima"". E per dimostrarlo Renzi porta numeri che smentiscono ""le fake news della macchina social di Fratelli d'Italia"" e ""il racconto sdolcinato della propaganda meloniana"".
Le tasse, ad esempio. ""La pressione fiscale nel 2025 ha raggiunto il 43 per cento: lontani sembrano i tempi in cui Meloni giurava e spergiuriava che avrebbe messo il limite del 40 per cento di pressione fiscale in Costituzione"". Oppure i salari. ""Quando c'era lei - scrive Renzi nel libro- il potere d'acquisto degli italiani crollava. I salari reali sono del 7,5 per cento più bassi rispetto ai valori del 2021 (dati Ocse)"". Meno soldi, più inflazione e sempre meno bambini che nascono. ""Prendiamo i numeri del Dossier realizzato dalla Fondazione perla Natalità in collaborazione con l'Istat. Il 62 per cento degli italiani rinuncia a fare figli perchè semplicemente costa troppo"". L'elenco dei 'fallimenti' del governo è lungo e c'è anche il capitolo energia. ""Sull'energia quando c'era lei non sono state mantenute le promesse elettorali, non si è cambiata la direzione di marcia in Europa, non si sono sbloccate le rinnovabili, non si sono eliminate le accise"". Insomma, ""Giorgia ma quanto ci costi? Il costo per i cittadini degli errori di Giorgia Meloni in questi anni è enorme. E il paradosso è che il costo più grande non è per ciò che il governo ha fatto, ma per quello che non ha fatto. In tempi di così radicale cambiamento nascondersi nell'immobilismo non è saggezza, ma diserzione"".
Ma Renzi non si occupa solo di demolire la 'propaganda meloniana'. Nel libro avanza diverse proposte da ""offrire all'intero centrosinistra e al Paese"". Anche perché la condizione per vincere, oltre che ci sia ""una alleanza ampia"", è che il centrosinistra ""abbia anche e sopratutto delle idee da proporre come alternativa a questi anni di governo basati su provvedimenti emotivi, in risposta a fatti di cronaca: misure da influencer buone su Instagram, non per la Gazzetta ufficiale"". Renzi si concentra, tra i vari temi, su quello della sicurezza dedicando un capitolo a 'Un euro in cultura, un euro in sicurezza', lo slogan che racchiudeva il senso e lo spirito delle politiche in materia ai tempi di palazzo Chigi. Argomenta Renzi: ""Se davvero vogliamo vincere, dobbiamo trovare una proposta sulla sicurezza che sia distante dal buonismo ideologico di parte della sinistra e che sia diversa dal cattivismo ideologico dei Vannacci e dei Salvini: gente che non garantisce sicurezza ma diffonde paura"".
L'ex-premier suggerisce alcune strade. Intanto ""appoggiarsi agli amministratori"" di centrosinistra che vivono in prima persona la concretezza della questione sicurezza. Cita Michele De Pascale, Vincenzo De Luca. E poi Renzi torna sulla sua 'ricetta' quando era presidente del Consiglio. ""Quando si parla di sicurezza per me non si può prescindere dalla cultura"" e questa ""per me è la proposta su cui il centrosinistra dovrebbe ritrovarsi. E che fa la differenza rispetto a 'quando c'era lei'. Giorgia Meloni si è riempita la bocca di sicurezza ma non ha portato a casa risultati"" ed ""ha totalmente lasciato sguarnito il settore della cultura affidandosi a due personaggi improbabili come Sangiuliano e Giuli"". Allora, sollecita Renzi, ""partiamo da qui. Un investimento educativo e culturale contribuisce più di qualsiasi altra scelta nel costruire una società più sicura e nell'insegnare la speranza senza farsi stritolare dalla paura"".
Renzi passa poi a decostruire la vulgata secondo cui Meloni avrebbe tenuto la ""barra dritta in politica estera"". Il titolo del capitolo, 'Il cappellino in mano', è già un indizio sul giudizio dell'ex-premier. ""In politica interna Meloni non ha fatto nulla, in politica estera ha fatto male"" andando ""sul palco della Casa Bianca con il cappello in mano, anzi il cappellino Maga in mano. Sulla politica estera si è registrato il fallimento più drammatico"" di Meloni, che ha posizionato l'Italia ""dalla parte sbagliata della storia"".
L'ultimo capitolo del libro 'Il Kraken che non ti aspetti' sono pagine personali di bilancio, del senso di colpa sul fallimento del referendum, superato anche grazie alla sconfitta di Meloni in quello della giustizia quest'anno, di propositi e di un impegno che si rinnova. ""Chi ama la politica sa che non c'è tempo migliore di questo per provare a impegnarsi e mettersi in gioco fino in fondo. Io lo faccio con la libertà di chi conosce la durezza della sfida e la bellezza del sogno. Perché 'quando c'era lei' resti solo un ricordo, come un brutto sogno, e non diventi l'incubo di questa destra padrona del Quirinale e di ogni palazzo romano. E perché quando ci saremo noi - se ricapiterà- possiamo mettere davvero al centro le questioni degli stipendi, dell'umanesimo, dell'Europa""."
20261003140800,Il Vescovado,https://www.ilvescovado.it/it/flusso-di-coscienza-24/il-cantico-della-terra-ferita-france-abbiamo-ca-180018/article,,,,,,srclc:ita,"Tu sei qui: Flusso di CoscienzaIl Cantico della Terra ferita: «Francé, abbiamo capito?»
Inserito da (Admin), sabato 3 ottobre 2026 16:08:00
IL CANTICO DELLA TERRA FERITA
Cantico alla rovescia, ottocento anni dopo Francesco
Non sia lodato oggi,
l'uomo che si è fatto padrone di tutto,
ma la Terra che
ancora ci sopporta.
Non sia lodato
chi misura
la propria grandezza
in missili, carri armati, portaerei,
muri, confini e arsenali.
Non sia lodato il potere
quando dimentica
il volto degli uomini
che dovrebbe servire.
Maledetta sia la guerra,
che insegna ai bambini
il rumore delle bombe
prima ancora
della parola pace.
Maledetto sia il potere
quando diventa
più importante della vita.
E siano ricordati i potenti del nostro tempo:
Putin, Trump, Xi Jinping,
uomini diversi per storia, ideologia e potere,
ma tutti seduti ai tavoli
dove poche decisioni possono
cambiare il destino
di miliardi di persone.
A loro, e a tutti quelli
che siedono nelle stanze
dove si decide la guerra,
sia ricordato che
nessun palazzo
è abbastanza alto
per sfuggire alla cenere.
E non sia dimenticato
che sopra le loro teste
non c'è un altro pianeta.
C'è questo.
É uno.
La Terra.
La stessa Terra che Francesco
chiamava madre.
Ma oggi
la Madre ha la febbre.
L'aria che
respirava Francesco
non è più la nostra aria.
Il cielo è ancora azzurro,
ma sopra le città
l'invisibile cresce.
Il calore sale,
i ghiacci arretrano,
i mari si scaldano,
le stagioni
cambiano voce.
Abbiamo acceso il fuoco
per illuminare la notte
e siamo riusciti
a scaldare anche il cielo.
Abbiamo
chiamato progresso
ciò che spesso
era soltanto
consumo più veloce.
scavato montagne,
prosciugato fiumi,
abbattuto foreste,
svuotato il mare.
E poi abbiamo inventato
una materia
che non marcisce:
la plastica.
L'abbiamo
portata nelle case,
nelle campagne,
nei fiumi,
nelle discariche,
sulle spiagge.
E infine nel mare.
Tanta,
che in certi luoghi
il mare sembra diventato
un
gigantesco contenitore
di ciò che
non volevamo più vedere.
Per giunta il mare
non ha mai smesso
di restituircelo.
Pesci con
la plastica nella pancia,
uccelli impigliati,
microplastiche nell'acqua,
nel suolo,
nella catena alimentare.
La Terra non protesta.
Ci presenta il conto.
Non sia dunque lodato
l'uomo che
produce senza misura,
ma quello che finalmente
impara a produrre
senza distruggere.
chi possiede più cose,
ma
chi lascia ai propri figli
più futuro.
E non sia dimenticata
la sorella Acqua,
che Francesco chiamava
casta ,umile e preziosa.
Oggi l'acqua è ancora preziosa,
ma non sempre casta.
Avvelenata,
sprecata,
privatizzata,
contesa.
E
in alcune parti del mondo
vale più dell'oro.
Beato chi la protegge.
Beato
chi pianta un albero
sapendo che forse
non sarà lui
a sedersi alla sua ombra.
Beato chi
raccoglie una bottiglia
sulla spiaggia
senza chiedersi
chi l'abbia buttata.
consuma meno
senza sentirsi più povero.
Beato chi ripara
invece di gettare.
Beato chi condivide
invece di accumulare.
E beato
soprattutto chi
non considera la Terra
una proprietà,
ma una consegna.
Perché nessuno di noi
l'ha ricevuta in eredità.
L'abbiamo presa in prestito
da chi ci ha preceduti
per restituirla
a chi verrà dopo di noi.
Ma anche l'uomo
ha cominciato
a pagare il prezzo
delle proprie paure.
Nei Paesi più ricchi
nascono
sempre meno bambini.
Le culle si svuotano,
le case
diventano più grandi
per famiglie
sempre più piccole.
Le città invecchiano.
Abbiamo conquistato
una vita più lunga,
ma non sempre
abbiamo saputo darle
un futuro più lungo.
L'inverno demografico
non è soltanto
un problema di numeri.
È la domanda
di un'umanità
che deve ancora capire
se vuole semplicemente
vivere più a lungo
o anche
continuare a vivere.
E intanto,
da qualche parte,
una madre partorisce
mentre sopra di lei
cadono le bombe.
Una bambina cresce
con il suono delle sirene.
Un vecchio
lascia in fretta
la propria casa
con una borsa in mano
e una vita intera
alle spalle.
Ucraina.
Gaza.
Sudan.
E tutti gli altri luoghi
nei quali la guerra
ha cancellato perfino
la parola normalità.
E noi, seduti
davanti a uno schermo,
guardiamo.
Guardiamo,
scorriamo,
passiamo oltre.
Come se il dolore
avesse bisogno soltanto
di cambiare canale.
E mentre
gli uomini combattono
con armi
sempre più precise,
custodiscono ancora
l'arma più terribile
mai inventata:
La bomba atomica.
Un bottone,
una decisione,
un errore,
un calcolo sbagliato,
una notte di follia.
E il mondo
potrebbe conoscere
un'alba diversa
da tutte le altre.
Nel 2026
nove Stati possiedono armi nucleari
e migliaia di testate restano
nei loro depositii.
Russia e Stati Uniti
ne possiedono la parte di gran lunga maggiore,
mentre la Cina sta rapidamente ampliando
il proprio arsenale.
E allora:
maledetta sia la bomba
che
ha bisogno della paura
per chiamarsi sicurezza.
Maledetta
sia la minaccia
che pretende
di difendere la pace
tenendo
il mondo sotto scacco
con un dito
poggiato sul grilletto.
Ma sia lodato
chi depone l'arma.
Sia lodato chi tratta
con il proprio nemico.
Sia lodato chi sceglie
un tavolo invece di
un campo di battaglia.
Sia lodata la diplomazia
quando riesce dove
le bombe falliscono.
Sia lodato
chi salva una vita
anche quando
appartiene all'altra parte.
Perché il bambino
che muore
sotto una bomba
non porta sulla fronte
la bandiera
di chi l'ha sganciata.
È soltanto un bambino.
E forse,
otto secoli dopo Francesco,
è proprio qui
che dobbiamo ricominciare.
Non dal cielo.
Dalla Terra.
Non dalla gloria.
Dalla responsabilità.
Non dalla potenza.
Dalla fragilità.
Non dal possesso.
Dalla cura.
Sia lodato il Sole
se sapremo finalmente
prendere la sua energia
senza avvelenare il cielo.
Sia lodata l'Acqua
se impareremo
a non sprecarla.
Sia lodato il Vento
se lo lasceremo correre
senza riempirlo di fumo.
Sia lodato il Mare
se gli restituiremo
la sua trasparenza.
Sia lodata la Foresta
se smetteremo
di considerarla
soltanto legname.
Siano lodati gli insetti,
gli uccelli,
le api,
i lombrichi,
le balene,
gli alberi,
le erbe selvatiche:
tutto ciò che vive
senza avere mai chiesto
il permesso all'uomo
né avergli riconosciuto
la titolaritá del Pianeta.
E sia lodato
l'essere umano
quando finalmente
ricorda di essere
una creatura tra le tante.
Non il padrone.
Una creatura.
Sia lodato il bambino
che ancora domanda
perché la guerra esista.
Sia lodato il giovane
che protesta per il clima.
chi raccoglie rifiuti
che non ha prodotto.
Sia lodato lo scienziato
che cerca una cura,
un'energia pulita,
un modo nuovo
per salvare ciò
che abbiamo ferito.
Sia lodata la donna
che mette al mondo
un figlio
anche quando il futuro
non garantisce nulla
e fa paura.
Sia lodato l'uomo
che decide di aver qualcosain meno,
di avere
una sola macchina,
un volo in meno,
uno spreco in meno.
Perché forse
il futuro non sarà salvato
da un solo grande gesto,
ma da miliardi
di piccoli gesti
che finalmente vanno
nella stessa direzione.
E allora,
dopo aver maledetto
la guerra,
l'avidità,
la plastica,
l'indifferenza,
il potere senza limite
e la nostra presunzione,
torniamo a lodare.
Non un Dio
che ci ha consegnato il mondo
perché ne facessimo ciò che volevamo.
Ma la vita stessa.
Il miracolo silenzioso
di un seme che rompe la terra.
Di un bambino che nasce.
Di un albero che cresce.
Di un fiume che torna
a scorrere pulito.
Di una balena
che riemerge.
Di due popoli
che dopo
essersi combattuti
scelgono
per sempre la pace.
E allora sì:
Laudata sii, Terra,
perché nonostante noi
continui a girare.
Laudato sii, Mare,
perché
nonostante la plastica
continui a respirare.
Laudato sii, Albero,
perché mentre
noi discutiamo
tu continui a crescere.
Laudato sii, Uomo,
capisci di non essere Dio.
E se ancora
ci sarà tempo,
se ancora
sapremo cambiare,
un bambino potrà guardare
un cielo limpido
senza sapere
che cosa sia
una guerra,
allora forse,
dopo otto secoli,
Francesco potrà tornare
a chiamare la Terra
sora e madre.
E noi,
questa volta,
potremo davvero
rispondere:
""Francé' abbiamo capito.""
Klaus di Amalfi
Se sei arrivato fino a qui, significa che apprezzi il nostro impegno nel fornire notizie libere e accessibili a tutti.
Per garantire un ambiente sicuro per i nostri lettori, abbiamo rimosso tutta la pubblicità invasiva, i cookie e i tracciamenti di terze parti.
Tuttavia, per continuare a offrirti un'informazione di qualità, il tuo aiuto è fondamentale. Anche un piccolo contributo può fare la differenza.
Sostieni Il Vescovado!
Scegli il tuo contributo con
Per rimanere costantemente aggiornati con le notizie del Vescovado, in tempo reale sul tuo smartphone, scarica la App!
rank: 10255106"
20261003135233,Savona News,https://www.savonanews.it/2026/10/03/leggi-notizia/argomenti/attualit/articolo/tempo-di-ottobrata-quando-lautunno-si-mette-il-costume-da-bagno.html,,,,,,srclc:ita,"Chissà quante volte abbiamo sentito l’espressione «Una bella Ottobrata Romana…», soprattutto in questo periodo dell’anno e non solo nella Capitale.
L’Ottobrata Romana è molto più di una semplice festa autunnale, è un fenomeno culturale profondamente radicato nella storia di Roma. Originariamente, queste celebrazioni avevano luogo durante tutto il mese di ottobre, offrendo agli abitanti della città e ai suoi contadini l’opportunità di godersi l’ultimo calore prima dell’arrivo dell’inverno.
Le “Ottobrate” erano giornate di festa, durante le quali si organizzavano gite fuori porta, si consumavano prodotti stagionali e si partecipava a varie attività ludiche. Queste festività sono state fortemente influenzate dalle antiche tradizioni pagane e, in particolare, i Baccanali, legati al ciclo delle stagioni e alla celebrazione di divinità legate all’agricoltura e alla fertilità.
Senza però andare troppo indietro nel tempo, ancora nel Novecento i romani usavano festeggiare la fine della vendemmia. Sia i nobili che le persone più umili andavano in campagna per divertirsi, suonare e mangiare all’aperto. Essendo la città ancora poco urbanizzata, le mete predilette erano Porta San Giovanni, Porta Pia, Ponte Milvio o Testaccio.
Oggi, l’Ottobrata Romana è particolarmente apprezzata per la mitezza del clima che caratterizza il mese di ottobre. Le temperature si aggirano mediamente tra i 15 e i 25 gradi e le piogge non sono così frequenti come a novembre.
Una vecchia espressione, quella delle “Ottobrate Romane”, che suona oggi più attuale che mai."
20261003132327,La Provincia Unica Tv,https://www.laprovinciadicomo.it/stories/premium/como-citta/scuola-a-como-il-fronte-si-scalda-pd-razionalizzare-non-e-come-vendere-le-c-o_3964465_11/,,,,,,srclc:ita,"Scuola, a Como il fronte si scalda. Pd: «Razionalizzare non è come vendere le case»
Como Una serata per parlare con Chiara Braga del nuovo decreto sugli studenti stranieri. Poi la critica alle scelte dell’amministrazione Rapinese
Lettura 1 min.
Como
A livello nazionale, il nuovo decreto Meloni sulle normative previste per le scuole, tra cui il tanto discusso tetto del 30% sulla presenza nelle classi di studenti con cittadinanza non italiana. Molti chilometri più a nord, a Como le scuole continuano ad essere nell’occhio del ciclone, tra battaglie legali, decreti e accorpamenti sempre nuovi. «Il denominatore comune tra questi due provvedimenti è una linea demagogica che ignora il ruolo chiave delle scuole nei processi di integrazione» ha esordito Eleonora Galli, consigliera comunale del PD di Como, all’incontro d’urgenza convocato dal Partito Democratico ad Albate, lo scorso venerdì sera.
Tra gli ospiti della serata, anche la capogruppo PD alla Camera Chiara Braga, che ha sottolineato il carattere propagandistico del decreto Meloni, ritenuto responsabile di aver distolto il dibattito politico dalle «vere emergenze del Paese», come il caro-vita che opprime le famiglie, e compromesso l’inclusione nelle scuole. «Stanno costruendo una narrazione tossica che ci dice che la scuola non è uguale per tutti i bambini, che alcuni sono meno graditi di altri, quando in realtà è proprio nelle classi che si dovrebbe realizzare l’articolo 3 della Costituzione sulla piena uguaglianza dei cittadini». Sul fronte comasco, i giudizi non sono stati meno taglienti e la ricostruzione delle politiche sul versante scuola dell’amministrazione Rapinese dal 2023 a oggi ha suscitato brusii di disapprovazione.
«In tutti questi anni, le misure stabilite o non sono state attuate o sono state contraddette, svelando così l’assenza di una visione strategica su un tema così fondamentale» ha spiegato Stefano Legnani, consigliere comunale Pd, segnalando anche la tendenze sempre maggiore delle famiglie comasche di iscrivere i figli a istituti privati capaci di garantire una didattica continuativa. A questo si è poi aggiunto il tema degli accorpamenti dei plessi: «Gli accorpamenti non possono tenere conto solo della dispersione scolastica e di altri dati simili: razionalizzare la scuola non è come vendere le case e fare gli immobiliaristi. Dietro le scuole ci sono volti, persone e competenze che meritano rispetto. Rispetto che il sindaco non ha dato, continuando invece a deprezzare ogni iniziativa della cittadinanza» ha spiegato con enfasi Roberta Capone, segretaria generale della Federazione Lavoratori della Conoscenza della CGIL, ribadendo tra i valori fondamentali anche quello del dialogo e del confronto con il mondo della scuola e dei genitori. In questo senso, tra gli interventi del pubblico, anche quelli di Umberto Fumarola e Francesco Rizzi a nome del comitato “Como a misura di famiglia” e di Mira Bianchi, docente di riferimento della primaria Corridoni. «Ogni giorno il sindaco se ne esce con una: inverno demografico, sicurezza... ogni volta un nuovo accanimento per avere il nostro terreno – ha puntualizzato la maestra Bianchi – Però la questione non è solo con il sindaco e tutta l’amministrazione comunale è responsabile: il silenzio è un assenso, e questo ci tengo a dirlo».
© RIPRODUZIONE RISERVATA"
20261003130000,Targatocn.it,https://www.targatocn.it/2026/10/03/leggi-notizia/argomenti/curiosita-11/articolo/tempo-di-ottobratauna-festa-antica-in-tempi-moderni.html,,,,,,srclc:ita,"Chissà quante volte abbiamo sentito l'espressione «Una bella Ottobrata Romana...», soprattutto in questo periodo dell'anno e non solo nella Capitale.
L'Ottobrata Romana è molto più di una semplice festa autunnale, è un fenomeno culturale profondamente radicato nella storia di Roma. Originariamente, queste celebrazioni avevano luogo durante tutto il mese di ottobre, offrendo agli abitanti della città e ai suoi contadini l'opportunità di godersi l'ultimo calore prima dell'arrivo dell'inverno.
Le ""Ottobrate"" erano giornate di festa, durante le quali si organizzavano gite fuori porta, si consumavano prodotti stagionali e si partecipava a varie attività ludiche. Queste festività sono state fortemente influenzate dalle antiche tradizioni pagane e, in particolare, i Baccanali, legati al ciclo delle stagioni e alla celebrazione di divinità legate all'agricoltura e alla fertilità.
Senza però andare troppo indietro nel tempo, ancora nel Novecento i romani usavano festeggiare la fine della vendemmia. Sia i nobili che le persone più umili andavano in campagna per divertirsi, suonare e mangiare all'aperto. Essendo la città ancora poco urbanizzata, le mete predilette erano Porta San Giovanni, Porta Pia, Ponte Milvio o Testaccio.
Oggi, l'Ottobrata Romana è particolarmente apprezzata per la mitezza del clima che caratterizza il mese di ottobre. Le temperature si aggirano mediamente tra i 15 e i 25 gradi e le piogge non sono così frequenti come a novembre.
Una vecchia espressione, quella delle ""Ottobrate Romane"", che suona oggi più attuale che mai."
20261003125500,Avvenire,https://www.avvenire.it/famiglia/soli-per-scelta-oppure-no-le-famiglie-e-la-chiesa-davanti-ai-figli-single_113836,,,,,,srclc:ita,"Soli per scelta (oppure no?): le famiglie e la Chiesa davanti ai figli single
di Luciano Moia
Sempre più giovani adulti vivono da soli: tra autonomia, delusioni e difficoltà a costruire relazioni, una riflessione sul ruolo dei genitori e della pastorale
Al tema della singletudine dedichiamo il numero di questa domenica della nostra newsletter dedicata alla famiglia, “Sofia”. Se non la conosci ancora iscriviti subito.
Attenzione a questi numeri. Non sono incoraggianti, non tratteggiano il quadro di una società ordinata secondo i nostri desideri e i nostri sogni, e neppure prospettano un futuro sereno per noi e per i nostri figli. Ma raccontano la realtà. E quindi dobbiamo conoscerli. In Italia vivono circa 7,5 milioni di coppie (sposate o conviventi) con figli. In vent’anni le famiglie con figli sono diminuite di quasi due milioni. Non è una bella notizia. Le persone che vivono sole sono invece circa 9 milioni – da 8,8 a 9,3 secondo le letture – e, sempre negli ultimi vent’anni, sono aumentate di oltre tre milioni. Non tutte, certamente, sono felici di essere sole. Gli anziani che vivono da single – circa 4,6 milioni - in prevalenza donne, sarebbero certamente più contenti di ritrovarsi in un contesto familiare. Nulla come le relazioni costruisce il benessere psico-fisico. Mentre i 6,3 milioni di celibi, nubili, divorziati o separati potrebbero rientrare nella categoria dei single “per scelta”, di coloro cioè che hanno puntato sulla “singletudine” perché delusi o stanchi, forse intimoriti, forse scarsamente attratti, dalla vita di coppia. In realtà è quasi impossibile definire i motivi per cui una persona giovane o quasi giovane – oggi la definizione si può allungare fino alle soglie della sessantina – decide che l’autonomia è meglio della convivenza. L’Istat si azzarda a dire che, all’interno dei 6,3 milioni di single “giovani”, circa la metà avrebbe scelto volontariamente di vivere da soli. Sono persone che non cercherebbero obbligatoriamente un partner e che rivendicano la propria autonomia. Fino ai 45 anni la componente maschile che vive da sola “per scelta” sarebbe quasi il doppio di quella femminile, l’11 per cento contro il 6 per cento, anche se nella fascia d'età tra i 35 e i 50 anni cresce in modo significativo il numero di donne che scelgono la vita da sole. Solo una stima, naturalmente. Intervistare un “campione significativo” dei sei milioni di single italiani per capire le ragioni di una scelta così importante – che comunque resta contraddittoria e problematica - è obiettivo troppo complicato anche per il nostro Istituto nazionale di statistica.
Eppure, anche alla luce di queste incertezze statistiche, il mondo dei single appare sempre più meritevole di attenzione. Non solo perché si tratta, come detto, di un universo sempre più ampio e ancora destinato a crescere – nel 2040 quasi la metà degli italiani vivranno da soli, almeno in alcune aree del Paese – ma anche perché la loro condizione riflette un dato esistenziale denso di incertezza e di paura. In questa prospettiva “scegliere” di stare da soli rimanda a un atteggiamento di sfiducia verso il futuro, parla di pessimismo e di delusione. Senza dimenticare che – ed è l’aspetto che in qualche modo più ci interessa – dietro ogni persona single per “scelta”, quindi parliamo di giovani single, c’è una famiglia, ci sono genitori che, per quanto possibile, non smettono di accompagnare i loro figli ormai adulti e accettano, con fatica e con sofferenza almeno pari al disagio vissuto dai figli, una situazione che certamente non era quella sperata. Cosa pensano queste madri e questi padri costretti a vedere i figli parcheggiati in una condizione di singletudine che, in fondo, al di là dei proclami postmodernisti e delle dichiarazioni di facciata, non piace a nessuno? Cosa dire ai loro ragazzi - un po’ cresciuti - che stanno incontrando tante difficoltà nel costruire relazioni soddisfacenti, con cui decollare in modo definitivo verso l’età adulta? È davvero necessario accettare ogni tipo di scelta senza esprimere perplessità se non aperto dissenso? Ne parliamo tra poco.
Una cosa va detta subito e con chiarezza. Nella nostra società piegata sotto il peso di un inverno demografico di cui non vediamo la fine, essere single difficilmente può essere considerato una moda, può essere visto come una scelta elitaria o culturale, mentre spesso è solo una condizione subita, determinata da un intreccio di fattori che pesa sul versante socio-economico, su quello esistenziale, su quello culturale e anche su quello pastorale. E anche di questo è opportuno parlare.
Perché si “sceglie” di rimanere soli?
Eppure, ci dicono le ricerche sociologiche e psicologiche, si possono rintracciare vari motivi per cui, in alcuni frangenti e per un periodo limitato, magari per assorbire il peso di una delusione o per resistere a un terremoto esistenziale, qualcuno percepisce la vita da soli come un'opzione di qualità, e non come un ripiego. Si può scoprire per esempio – sempre secondo queste ricerche - che la singletudine offre vantaggi di autonomia gestionale e più ampi spazi personali. Chi vive solo – un’altra delle tesi addotte - non ha la necessità di negoziare la quotidianità, l'organizzazione degli spazi, gli orari, la gestione economica o le abitudini domestiche. C’è la libertà di decidere su tutto in modo totale. C’è anche chi sostiene che ridurre il carico di compromessi quotidiani conduca a una netta percezione di minore stress operativo. Inoltre, superato lo stigma sociale derivante dal fatto di essere single, sembrerebbe evidente che la solitudine “scelta” – non quella subita – possa favorire la consapevolezza di sé, la creatività e l'introspezione, senza dover continuamente scendere a compromessi per la presenza dell’altro/a.
Ma vivere soli “per scelta” – continuiamo a ricorrere alle virgolette per un motivo ben preciso - significa isolarsi dai contesti affettivi? Chi sostiene i vantaggi della singletudine dichiara di coltivare comunque una rete molto attiva di amicizie, di avere uno sguardo più attento verso i legami familiari (naturalmente quelli delle famiglie d’origine) e comunitari. Sta crescendo anche il modello delle “coppie single” che mantengono una relazione affettiva e di lungo termine, ma scelgono di vivere in abitazioni separate per preservare la propria indipendenza. Difficile individuare in queste scelte un profilo di maturità relazionale. Quasi sempre si tratta di situazioni in cui l’incertezza, la prudenza, i dubbi, un pizzico di egoismo ma anche lo sforzo di mettersi al riparo da brutte sorprese, quelle magari già vissute in passato, hanno la meglio sul desiderio di approdare a un rapporto davvero soddisfacente, pieno, denso di significati autentici. Impossibile convincersi del fatto che due quarantenni che vivono la loro relazione solo durante il week-end e poi tornano ciascuno a casa propria, stiano orientandosi verso una scelta meditata e costruttiva, capace di offrire loro un autentico benessere psico-fisico, una crescita personale importante, una condizione davvero soddisfacente. La loro, più probabilmente, è una “non scelta” – ecco perché le virgolette sono necessarie - una fase vista come forse obbligata ma comunque transitoria, in attesa di qualche evento capace di cambiare il corso della vita. Perché una vita da soli, anche se fosse una vita dorata, una vita “in vacanza” ma trascorsa in compagnia solo di sé stessi – diciamolo con franchezza al di là del sociologicamente corretto – in fondo non piace proprio a nessuno.
Perché lo sguardo dei genitori rimane pieno di incertezze?
Abbiamo già accennato al ruolo delle famiglie di origine. I genitori che vivono i ripetuti fallimenti relazionali dei figli e assistono al loro progressivo adagiarsi verso una condizione di solitudine, piegati dalle delusioni e dalla paura di sbagliare ancora, non sono genitori felici. Nessuna mamma e nessun papà può rassegnarsi ad accettare come normale, o come “male minore”, la “scelta” di un figlio o di una figlia che decide di rimanere solo/a perché «tutto sommato così si soffre meno», oppure – altra banalità compensativa - «meglio soli che male accompagnati». Certo, i genitori sono consapevoli delle crescenti difficoltà connesse alla scelta della “persona giusta” in una società sempre più frenetica, in cui i modelli di vita si sono moltiplicati e confusi, e in cui il “far famiglia” – secondo la definizione tradizionale – non è più in cima ai desideri dei nostri trentenni. Eravamo convinti, noi genitori, che l’idea dell’amore come dono e come incontro, aperto alla vita e al futuro, fosse l’architrave della convivenza, punto fermo per la persona e per la comunità. Progetto esistenziale decisivo, da raccontare ai figli con la testimonianza quotidiana e silenziosa dei fatti, prima ancora che con le parole e con i ragionamenti. Invece, senza quasi che ce ne accorgessimo, quell’idea è svanita, evaporata, resa solo come ipotesi tra le tante in una società dove tutte le scelte di vita sono poste sullo stesso piano, con identica dignità, come su uno scaffale a cui attingere quasi con indifferenza, senza troppe preoccupazioni etiche. Quando riflettiamo con amarezza sulle cause alla base del crollo dei matrimoni – e quindi delle nascite - e auspichiamo, nella speranza di risolvere la situazione, più sostegni politici, fisco più favorevole, asili nido diffusi, case a prezzi calmierati e tanti altri interventi, avanziamo rivendicazioni sacrosante ma dimentichiamo che tutto ciò, anche se domani fosse per incanto realizzato, non risolverebbe che una piccola fetta del problema. Il resto, e si tratta della parte maggioritaria, sta nel cuore delle persone, nella cultura che respirano i nostri ragazzi, nel clima di incertezza e di paura da cui sono avvolte le loro speranze di futuro. E quanto pesano, in questa prospettiva, separazioni, divorzi, fallimenti matrimoniali di cui, sempre più spesso, i genitori stessi sono protagonisti? Ecco perché oggi lo sguardo di mamme e papà verso il futuro da single dei figli trentenni si trova in una fase di profonda transizione generazionale, segnata dal contrasto tra norme sociali tradizionali e l'accettazione di una autonomia compresa, sopportata anche se non voluta.
È un atteggiamento che oscilla tra comprensione, preoccupazione e accettazione. Il timore – comprensibile – nasce da una previsione esistenziale dominata da solitudine emotiva e dalla previsione di assenza di supporti, a cui si aggiunge la preoccupazione economica di fronte al costo della vita sostenuto da un singolo reddito. Esiste anche – perché negarlo? – il senso di incompiutezza che deriva dal sovvertimento di una legittima aspettativa di felicità grazie alla scelta definitiva dei figli. Qualche decennio fa questa scelta era il matrimonio, poi ci siamo accontentati di una convivenza, oggi l’assoluta mancanza di stabilità derivante da una “scelta” di singletudine non può che lasciare i genitori sconcertati e delusi.
Cosa fare? Ci sono genitori che si disperano, si accusano reciprocamente, cercano invano di riaggiustare le cose, ben sapendo che le possibilità di intervento su un figlio di 30 e 40 anni sono davvero minime. Altri accettano la “sconfitta” – perché così viene vissuta – e riconoscono il mutamento dei contesti sociali e lavorativi, dando priorità all'autonomia, alla carriera e alla serenità emotiva dei figli, pur sapendo che quella serenità è costruita su fondamenta tanto fragili da non poter resistere alle onde d’urto della vita, agli imprevisti, alle delusioni che prima poi troveranno la persona sola più fragile e più indifesa. Quando poi la scelta dei figli di rimanere single si intreccia – quasi inevitabilmente - con la rinuncia alla genitorialità, accettare l’idea di non diventare nonni rimanda a un disagio interiore che parla - più o meno inconsapevolmente – di generazioni spezzate, di trasmissione familiare destinata ad interrompersi, di obiettivi lasciati in qualche modo incompiuti. Non è un dramma certo, è capitato altre milioni di volte nelle tante epoche storiche che si sono succedute. Ma oggi il fenomeno appare così diffuso e accelerato da diventare, per la maggior parte dei genitori che lo vivono, fatica esistenziale pesantissima. Non dimentichiamolo mai, in particolare di fronte a quelle analisi superficiali che esaltano la singletudine come modello auspicabile, leggero e piacevole. Dentro questa condizione, come abbiamo visto, c’è ben altro.
Perché nella Chiesa non si parla di single?
La fatica dei genitori è resa ancora più insopportabile da un dato su cui raramente si riflette. Nello sforzo di accompagnare un figlio “giovane adulto” costretto a rimanere single – o che “sceglie” di rimanere tale, quasi sempre in assenza di alternative importanti - mamme e papà sono sempre più soli. Non c’è alcun sostegno, come abbiamo visto, da parte in una società che è riuscita a dipingere la singletudine come modello gradevole e vantaggioso, ma non c’è alcun sostegno – spiace dirlo – anche da parte della Chiesa. Vediamo perché. Chi sono i single in ambito pastorale? Sono tali per esempio separati e divorziati, “single di ritorno”, persone cioè che hanno alle spalle una relazione coniugale ma che, per mille motivi, hanno deciso – o sono stati costretti - a rimanere soli, per sempre o per un periodo limitato. Dal punto di vista pastorale la loro situazione è però ben definita. Nelle nostre comunità se ne parla in modo ormai sistematico da almeno trent’anni e Amoris laetitia dedica com’è noto un intero capitolo, l’VIII, alle situazioni cosiddette irregolari. Oggi in quasi tutte le diocesi esistono esperienze di accompagnamento per queste persone. Per tutti gli altri single, soprattutto per i giovani adulti che non hanno alle spalle fallimenti “ufficiali” – ma ne hanno quasi sempre di altro tipo e non meno densi di sofferenza – non c’è nulla o quasi. Forse perché le persone ancora giovani, al di sotto dei 40-50 anni, che non hanno avuto l’occasione di sposarsi o di convivere, oppure che hanno alle spalle relazioni significative, ma brevi e intermittenti, rappresentano dal punto di vista pastorale un problema di difficile soluzione. Eppure sono persone – e ce ne sono tante – che si interrogano sul proprio ruolo nella Chiesa, che bussano o hanno bussato a tante porte, ma quasi mai riescono a trovare una collocazione adatta. A livello pastorale sono invisibili, talvolta un po’ imbarazzanti. Di loro non può occuparsi la pastorale giovanile perché sono donne e uomini troppo “vecchi”, ma neppure quella familiare, anche se a rigor di logica queste persone, in modo forse un po’ sbilenco e alternativo, fanno pur parte di una famiglia.
Ma, se dobbiamo dirlo con franchezza senza che nessuno se la prenda, oggi nei piani pastorali ordinari non c’è posto per i single “giovani adulti”. In un pastorale che propone – giustamente - percorsi per tutti, dai bambini agli anziani, dalle vedove alle persone lgbt, nel rispetto delle diverse sensibilità, le iniziative per i giovani single sono davvero merce rara. E anche gli approfondimenti tematici sono quasi introvabili. L’eccezione è rappresentata da un prezioso saggio di Chiara Bertoglio, Né carne né pesce. Vivere da single cattolici (Effatà, 2024) che racconta esperienze di accompagnamento vocazionale “aperte” anche a chi, sul declinare della giovinezza, non sa ancora bene cosa fare della sua vita. Iniziative lodevoli che pagano comunque nell’impostazione e nell’approccio l’incertezza di una condizione che, comunque la si prenda, rimane per la Chiesa un grande interrogativo. Sulle scelte di vita consacrata, sul sacerdozio, sul matrimonio c’è una produzione teologica sterminata, sui giovani adulti single nulla. D’altra parte come dire qualcosa di teologicamente sensato sulla “scelta” – o “non scelta” – di chi rimane a lungo in attesa, non imbocca né la strada del matrimonio né quella della vita consacrata e affida la sua vocazione a un’incertezza esistenziale che spiazza e disorienta? Così, nel timore di collocarsi al di fuori di un piano pastorale consolidato, si preferisce tacere e si accetta una latitanza intellettuale che, invece, andrebbe colmata al più presto. È ancora possibile lasciare senza proposte e senza opportunità pastorali specifiche un numero di persone che è ormai superiore – in qualunque modo si vogliano leggere le statistiche - a quello delle coppie sposate?
Non è neppure opportuno rivolgersi a queste persone con proposte modellate sui percorsi della pastorale giovanile o della preparazione al matrimonio. Certo, la maggior parte di loro ancora spera di avviare una nuova e finalmente appagante relazione. Ma non si possono nemmeno ignorare le ferite di tanti fallimenti che ancora bruciano, ancora mostrano cicatrici doloranti e imbarazzanti. Non si può nemmeno mettere da parte con un colpo di bacchetta magica lo stile di vita acquisito da queste persone che da anni, forse proprio a causa di ripetute delusioni relazionali, hanno scelto di sottoporsi a orari di lavoro asfissianti, sono affogati in una vita sociale intensa, curano in modo spasmodico il corpo, vivono on line con una serie di rapporti fitti di contatti e appuntamenti, quasi che l’assenza di legami consolidati, in cui si mescolano residue speranze e consistenti dosi di rassegnazione, renda obbligatorio riempire in modo ossessivo ogni casella della giornata. Che spazi ci sono per proposte pastorali da rivolgere a questa generazione di single “giovani aduli”? Oggi – come detto - siamo in una dimensione poco più che sperimentale, con tante iniziative che spesso si limitano alla promozione di incontri per cuori cristiani solitari. Evidentemente non basta più. Ecco perché in queste situazioni occorre alimentare quella fantasia pastorale più volte auspicata e sollecitata. Mai, come in questi casi, occorre uscire, ascoltare, capire. E trovare modalità più originali ed efficaci per aprire le braccia a chi è rimasto a metà, a chi non sa bene cosa fare della sua vita, a chi teme di non essere più il benvenuto.
© RIPRODUZIONE RISERVATA
Seguici anche su Google Discover di Avvenire
Temi"
20261003124755,Il Gazzettino,https://www.ilgazzettino.it/nordest/venezia/don_fabio_cicatrice_ha_segnato_la_nostra_citta-9801157.html,,,,,,srclc:ita,"MESTRE - «La cicatrice di quel tragico incidente che ha segnato la nostra città, non sia vana ma possa portare fecondità. Il cristiano che crede nella risurrezione, parla di vita e non di morte». Sono le parole con cui don Fabio Mattiuzzi, parroco del Sacro Cuore, si è espresso ieri durante l'incontro di preghiera organizzato dalla parrocchia e dal Comune nella vigilia del terzo anniversario della strage dell'autobus crollato dal cavalcavia di Marghera, che ricorre oggi: quella sera morirono 21 persone, autista compreso, cui poi si è aggiunta un'altra vittima; 14 i feriti, alcuni molto gravi.
La commemorazione
Alla commemorazione ono intervenuti la vicesindaco Francesca Zaccariotto, con la fascia tricolore, l'assessore Riccardo Brunello, il presidente della Municipalità di Marghera Teodoro Marolo. Con loro il vicario del prefetto Piera Bumma, il capo di gabinetto del sindaco Luca Zuin, i consoli onorari Mario Moretti Polegato e Mattia Carlin, oltre a rappresentanti delle forze dell'ordine. Una trentina i fedeli.
«Le persone che hanno perso la vita sono diventate figlie di questa città» ha detto don Fabio nella meditazione, aggiungendo un ricordo personale e una considerazione. «Di quella sera ricordo le sirene e la chiamata del patriarca che mi chiedeva di accorrere, perchè era successo qualcosa di molto grave, ma passare è stato impossibile. Mi ha lasciato molta amarezza - ha continuato il sacerdote - la caccia alle streghe per trovare subito il colpevole, passando sopra il dolore delle persone con la ruspa».
Quindi l'invito ai presenti: «Siamo qua non solo per ricordare, ma per fare memoria e per esprimere vicinanza alle famiglie e alla loro sofferenza. Passa il tempo ma quella resta e non dobbiamo dimenticarla». E ha concluso don Fabio, con sguardo cristiano: «Il Signore in cui crediamo è il Dio dei vivi e non dei morti, altrimenti non saremmo qui stasera. Il nostro compito è portare vita, seminare speranza».
Nel pomeriggio il Comune ha fatto deporre una corona sul luogo dell'incidente, dove per tutto l'anno ci sono mazzi di fiori e lumini. E per chi passa di là resta intensa la commozione al pensiero dell'autobus accartocciato, mentre i corpi delle vittime venivano ricomposti.
Mercoledì il Tribunale si pronuncerà sulle richieste di patteggiamento avanzate dai sette imputati. Ipotesi che ha trovato la netta contrarietà, e la protesta, dell'Associazione italiana familiari e vittime delle strade."
20261003124209,Enna Press,https://ennapress.it/nord-sud-da-enna-la-proposta-subito-autoconvocazione-dei-sindaci-e-comitato-permanente-per-le-aree-interne/,,,,,,srclc:ita,"Nord-Sud, da Enna la proposta: «Subito autoconvocazione dei sindaci e comitato permanente per le aree interne»
Fillea Cgil Enna: «Il Lotto C deve partire rapidamente. I territori si mettano insieme e costruiscano un martello comune»
Enna, 3 ottobre 2026 – Autoconvocazione immediata dei sindaci dei territori attraversati dalla Nord-Sud e delle aree interne, finalizzata alla costituzione di un comitato permanente. È quanto emerso ieri sera, nel corso dell’iniziativa “Isolamenti – Le fratture infrastrutturali delle aree interne”, promossa dalla Fillea Cgil Enna all’Urban Center. Un’idea, quella emersa nel corso dell’incontro, che ha visto d’accordo tutte le parti interessate, politica, sindacato, Università, ieri rappresentate da: Giovanni Pistorio, e Salvo Carnevale, segretari generali, rispettivamente, della Fillea Cgil Sicilia e della Fillea Cgil Enna; Stefania Marino, parlamentare PD; Pietro Livolsi, sindaco di Leonforte; Sebastiano Sanzarello, sindaco di Mistretta; Anna Maria Gemmellaro, sindaca di Nicosia e Dario Ticali, docente dell’Università Kore di Enna, Dipartimento di Ingegneria e Architettura.
Ad aprire l’iniziativa è stata la proiezione del video, realizzato dalla Fillea Cgil Sicilia, dal titolo “157 Km”, ovvero la distanza che separa Gela da Santo Stefano di Camastra, i due estremi della cosiddetta Strada dei Due Mari, la Nord-Sud siciliana. Un vero e proprio viaggio per raccontare, attraverso immagini e luoghi, una delle grandi incompiute infrastrutturali siciliane e le contraddizioni di un territorio che continua ad attendere collegamenti adeguati. Una testimonianza concreta, insomma, della necessità di aprire un luogo stabile di confronto e, soprattutto, un “martello comune” capace di tenere costantemente aperta la vertenza sulla SS 117 Nord-Sud, a partire dalla necessità di accelerare il Lotto C e, più complessivamente, sulle infrastrutture indispensabili a rompere l’isolamento delle aree interne. La Nord-Sud, come emerso dall’iniziativa, attraversa territori diversi ma racconta un unico problema: quello di una Sicilia interna che continua a perdere popolazione, servizi, opportunità e capacità di attrarre investimenti. E i numeri, snocciolati nel corso dell’evento, restituiscono la dimensione di un vero e proprio disastro demografico: in circa un decennio la Sicilia ha perso 300 mila residenti. «È come se, in appena dieci anni – ha detto Carnevale – l’intera popolazione di una città delle dimensioni di Catania avesse lasciato l’Isola: un esodo di proporzioni enormi. La provincia di Enna, nello stesso periodo, ha registrato una contrazione demografica di circa il 10,8%, il dato siciliano peggiore del decennio».
Da qui la necessità di creare le condizioni affinché vivere, lavorare, studiare e investire nelle aree interne torni a essere possibile e conveniente, dal momento che il ritardo infrastrutturale è uno degli elementi che contribuiscono al declino demografico e alla perdita di competitività di questi territori. Anche perché, come ribadito nel corso dell’incontro, una strada incompiuta non significa soltanto chilometri mancanti. Significa tempo sottratto alle persone, maggiori costi per imprese e lavoratori, minore accessibilità ai servizi e poca capacità di attrarre investimenti e nuove opportunità.
L’iniziativa di Enna – e su ciò tutti i partecipanti sono d’accordo – non deve perciò concludersi con il dibattito del 2 ottobre. Ma da qui deve partire l’autoconvocazione dei sindaci, un primo incontro operativo che dia vita al comitato permanente per la Nord-Sud e le aree interne, con obiettivi, tempi e responsabilità verificabili. Chiaro il primo obiettivo: fare in modo che il Lotto C della Nord-Sud parta rapidamente, evitando che procedure, progettazioni e ricerca delle risorse producano altri anni di attesa, altrimenti anche questa iniziativa sarà stata vana."
20261003114923,Corriere,https://www.corriere.it/esteri/26_ottobre_03/storia-kassandra-bacon-mamma-congelato-anni-2279ce8b-d86d-45ce-a631-6635b9539xlk.shtml,,,,,,srclc:ita,"La storia da primato di Kassandra Bacon, mamma a 44 anni dopo un linfoma grazie al tessuto ovarico congelato 25 anni fa: «Sono grata a me stessa»
Bacon, oggi 44enne, fece congelare una parte del tessuto ovarico nel 2001 quando, a pochi giorni dal suo 19esimo compleanno, dovette intraprendere con urgenza terapie pesanti per una forma aggressiva del linfoma di Hodgkin. Il figlio Landon è in perfetta salute
LONDRA – Dalla prima pagina del Times, Kassandra Bacon sorride felice. Ha in braccio il figlio appena nato, Landon, che dorme.  La sua gioia ha il sapore di un miracolo:  è diventata mamma grazie a ovaie congelate 25 anni fa, un record che stando ai medici potrebbe ora far sperare tante donne costrette a sottoporsi a cure che mettono a repentaglio la fertilità.
Bacon, oggi 44enne, fece congelare una parte del tessuto ovarico nel 2001 quando, a pochi giorni dal suo 19esimo compleanno, dovette intraprendere  con urgenza terapie pesanti per una forma aggressiva del linfoma di Hodgkin senza poter aspettare il ciclo e preservare gli ovociti. Nel 2024 i tessuti sono stati scongelati e reimpiantati e hanno ripreseso a  funzionare correttamente. «Lo guardo e quasi non riesco a crederci», ha raccontato Kassandra del bilbo. «È in perfetta salute. Sono grata a me stessa e la determinazione che avevo da giovanissima».
Per i medici, si tratta di un primato storico. È la prima volta che un tessuto congelato un quarto di secolo fa porta alla nascita di un bambino. Un risultato particolarmente gratificamente perché nel maggio 2001, quando Kassandra si sottopose al congelamento del tessuto ovarico, la procedura era ancora sperimentale. L’intervento venne realizzato all’Addenbroke Hospital di Cambridge dall’embriologo Martyn Blayney. Tra i giovani medici che assistettero all’operazione c’era  Sara Matthews, la specialista che ora ha aiutato Bacon a diventare madre.
Tra i tanti problemi che la neomamma ha dovuto affrontare, le difficoltà burocratiche legate a regolamenti introdotti diversi anni dopo la sua procedura . «Nessuno voleva prendersi la responsabilità di reimpiantare i tessuti – ha precisato – perché non erano accompagnati dai documenti che oggi sono richiesti dalla legge». Con l’aiuto della professoressa Matthews, Kassandra si è rivolta a una clinica israeliana dove i tessuti sono stati scongelati e reimpianti. Dopo tre cicli di fecondazione assistita, il giorno di Natale 2025, ecco il test di gravidanza positivo."
20261003103353,Otto E Trenta,https://www.ottoetrenta.it/le-voci-e-la-scienza-al-centro-di-biologi-ca-2026/,,,,,,srclc:ita,"di Valentina Garritano Dalla medicina di precisione alla PMA, passando per l’Intelligenza Artificiale ed il microbiota: la due giorni di Cosenza traccia la nuova rotta della ricerca. COSENZA – Non è stato soltanto un momento d’ incontro istituzionale o un’occasione per fare rete tra colleghi: le due giornate di Biologi-CA 2026 al Museo Multimediale di […] Source"
20261003100124,Il Sole 24 Ore,https://www.ilsole24ore.com/art/consulenti-finanziari-ascolto-segnali-futuro-AJaisLXB,,,,,,srclc:ita,"Consulenti finanziari abilitati all’offerta fuori sede in ascolto dei segnali di futuro
L’Anasf annuncia le prossime iniziative, tra cui una confederazione degli intermediari e un’intelligenza artificiale proprietaria
3' di lettura
3' di lettura
Una consulta delle professioni non ordinistiche, un’intelligenza artificiale proprietaria, sostegno all’espansione del mercato dei capitali. A metà del mandato dell’attuale consiglio nazionale dell’Anasf (l’associazione dei consulenti finanziari abilitati all’offerta fuori sede), il presidente Luigi Conte, oltre a fare il punto del percorso dell’associazione negli ultimi due anni, ha illustrato i molti progetti per il futuro.
Chiedilo al Sole
I progetti
La creazione di una federazione delle professioni non ordinistiche di intermediazione commerciale, finanziaria, creditizia e assicurativa, annunciata da Conte, sarà promossa in forte sinergia con Confesercenti e Fiarc. «Il progetto punta ad aggregare - spiega Conte - decine di migliaia di operatori attorno alla centralità della consulenza su misura e dell’affiancamento umano, differenziandosi dai modelli puramente commerciali dell’e-commerce. Il progetto nasce per unire decine di migliaia di operatori attorno al concetto chiave di consulenza, segnando il passaggio definitivo dalla semplice vendita di prodotti a un affiancamento professionale su misura per famiglie e imprese. L’obiettivo è quello di valorizzare l’intervento umano, la responsabilità e l’ascolto delle esigenze specifiche dei cittadini, differenziandosi nettamente dai modelli rigidi dell’e-commerce e dalle insidie del consumismo digitale».
Per quanto riguarda l’intelligenza artificiale, lo sviluppo e il collaudo di un modello di AI specifico per i consulenti finanziari, viene annunciato come programmato per essere completato e distribuito entro il termine dell’attuale legislatura associativa. «L’obiettivo - spiega Conte - è sburocratizzare la gestione quotidiana, ridurre gli errori e liberare tempo da dedicare alla relazione di fiducia con il cliente».
Anche il progetto “Economic@mente” nelle scuole rimane al centro dell’attenzione di Anasf. «L’ampliamento dei percorsi di educazione finanziaria rivolti ai giovani - continua Conte -, sono orientati ad educare alla responsabilità delle scelte di investimento». Inoltre continua l’impegno in tema di consulenza previdenziale e welfare: l’intesa istituzionale definita con Mefop per dotare i consulenti delle competenze necessarie a guidare i cittadini nella pianificazione previdenziale e assicurativa di fronte all’invecchiamento demografico.
Conte ha illustrato poi iniziative a sostegno al mercato dei capitali e lo sviluppo del Pil, un’iniziativa che passa per il confronto con il Governo per favorire la crescita del mercato azionario portando da meno di 500 a 1.000 le aziende quotate in Italia, indirizzando il risparmio delle famiglie verso la produzione industriale del Paese e il sostegno del Pil anziché solo verso il debito pubblico."
20261003100000,Avvenire,https://www.avvenire.it/idee-e-commenti/lanno-della-famiglia-in-turchia-non-e-bastato-a-rilanciare-le-nascite_113792,,,,,,srclc:ita,"L’Anno della famiglia in Turchia non è riuscito a rilanciare le nascite
In dieci anni la fecondità è scesa da 2,14 a 1,42 figli per donna: crisi economica, precarietà del lavoro e tutele limitate frenano le scelte familiari. Vani gli appelli del governo
Sbarcare a Kadikoy, sulla sponda asiatica del Bosforo, significa scoprire una delle facce nascoste di Istanbul, questa sconfinata metropoli che pare racchiudere un mondo, una zona franca fatta di spicchi di libertà e molto altro. La stessa atmosfera, come sospesa nel tempo, che si respira nello “Yolda Sahaf Kafè”, centro culturale e libreria dell’usato, dove si può sorseggiare un caffè tra scaffali ricolmi di volumi e di vinili. Un viaggio nel tempo e nella nostalgia. Qui ci ha dato appuntamento Ersa Calistan. Caschetto biondo e calzoncini, dimostra meno dei suoi trent'anni, e non è esattamente il prototipo dell'ingegnere chimico di un’industria farmaceutica che ti aspetti di incontrare. Inizia con lei questo viaggio nella Turchia che sta cambiando faccia: dal 2001 a oggi il tasso di fecondità nel Paese è crollato di oltre il 40 per cento. Un calo che nell'ultimo decennio ha raggiunto il suo picco, tanto da essere registrato come il più marcato in Europa: da 2,14 figli per donna nel 2015 all'1,42 nel 2025. Cifre, dati statistici che, tradotti nella realtà, fanno sì che la Turchia non sia più annoverata tra i Paesi caratterizzati da una popolazione giovane. «Sono cresciuta in una famiglia numerosa. Con due sorelle e due fratelli più grandi. Un giorno – ci dice Esra, mentre un lampo di imbarazzo le trafigge lo sguardo – mio padre mi disse che se ero venuta al mondo lo dovevo a lui. Mia madre non se la sentiva di avere un altro figlio e voleva a tutti i costi abortire. Ma lui glielo aveva impedito. Fu un tale trauma che per uscirne sono finita in analisi. Ma oggi faccio i conti con altre paure. La propaganda del governo per invitarci a fare figli è martellante. Ma l’idea di avere un bambino oggi mi spaventa. Quale futuro potrei offrirgli?».
È il futuro visto con gli occhi di chi teme un salto nel buio, fra l'incognita di una crisi economica che morde ogni giorno di più e impoverisce anche la classe media, tradizionale spina dorsale del Paese. E l'assenza di paracaduti sociali, di garanzie sul lavoro, di tutele per i minori. Tutto questo sta spingendo la Turchia controcorrente. Cioè nella direzione opposta a quella indicata da Erdogan, che già due decenni fa, agli esordi della sua scalata al potere, sosteneva che la vita delle donne senza figli fosse incompleta. E che lo scorso anno, intervenendo a un congresso provinciale della sezione femminile del suo partito, l’AKP, aveva proclamato il 2025 “Anno della famiglia”.
Un imperativo categorico che il presidente turco usa per cavalcare anche un altro dei suoi cavalli di battaglia, l’affondo contro la «perversione Lgbtq, che dilaga in molti Paesi occidentali, incoraggiata dai baroni della cultura globale». Un'enfasi che, letta in controluce, tende a colpevolizzare le donne, a rovesciare su di loro la responsabilità di alzare lo sguardo e di puntare a obiettivi diversi da quelli tradizionali. Il giornale filogovernativo Daily Sabah – citando il parere di esperti – si è spinto ad additare, tra le cause del declino delle nascite, i livelli di istruzione più elevati che spingerebbero le donne «a dare priorità alla propria formazione culturale, anziché pensare a sposarsi». L'istruzione vista non come una via di arricchimento umano e culturale o volano per l'economia, che ha migliorato la qualità della forza lavoro e aumentato le aspettative di vita, ma come una zavorra che affonda la famiglia tradizionale.
Una provocazione per Sevda Karaca, 41 anni, giornalista e deputata del Emep, il Partito del Lavoro. Le parliamo in una pausa del suo impegno parlamentare. «Il calo delle nascite – argomenta – non è un fenomeno limitato ad alcune regioni o ad alcuni gruppi sociali. Per questo dobbiamo cambiare la prospettiva. La domanda che tutti dovremmo porci non è: perché le donne turche non vogliono avere figli?; ma piuttosto: perché le donne che vogliono avere figli non riescono ad averli in condizioni sicure e dignitose? I giovani in Turchia faticano a pianificare il proprio futuro. I costi delle abitazioni sono schizzati alle stelle. I salari sono troppo bassi per fronteggiare l'aumento del costo della vita, e gli impieghi precari, senza diritti e senza garanzie, la fanno ancora da padrone».
Una realtà, quella descritta da Sevda Karaca, che pesa ben oltre le mura domestiche: «Le donne non partecipano al mondo del lavoro su basi paritarie rispetto agli uomini. Troppo spesso sono costrette a sobbarcarsi gli incarichi meno pagati e più insicuri, e a fare i salti mortali per conciliare il lavoro con le responsabilità familiari. Così finiscono in trappola: o mantieni il tuo posto e scommetti sulla tua indipendenza economica. Oppure fai un figlio e accetti la possibilità di rinunciare al lavoro». L’arma del ricatto economico che piomba nel bel mezzo di una crisi che nell'ultimo decennio ha via via falcidiato il potere d'acquisto dei turchi.
Secondo stime di Tepav ( The Economic Policy Research Foundation of Turkey ) aggiornate al 2023, in Turchia sette milioni di bambini vivono sotto la soglia di povertà. L'inadeguatezza degli alloggi, l'aumento dei costi dell'energia hanno fatto precipitare la situazione delle famiglie a basso reddito. Il numero di quelle che ricevono un contributo statale per pagare le bollette dell'elettricità è schizzato da 1 milione e trecentomila circa nel 2019 a 3 milioni e 461mila nel 2025. In questo panorama, gli incentivi varati dal governo per incoraggiare le coppie ad avere figli cadono come gocce di pioggia in una terra arida: 5mila lire turche una tantum (poco più di 90 euro) per il primo figlio, e un assegno familiare di 1.500 lire turche (circa 27 euro) per il secondo figlio fino al compimento dei cinque anni. Il governo offre inoltre un prestito senza interessi di 150mila lire turche (poco più di 2.700 euro) alle giovani coppie che decidono di sposarsi. La battaglia per un presente, e un futuro, dignitosi abbatte anche le barriere degli schieramenti politici.
Si definisce una fiera esponente della destra nazionalista Halime Sancak, 35 anni, operaia tessile e sindacalista. La raggiungiamo al telefono a Malatya dove – dal terribile terremoto che il 6 febbraio 2023 squassò il sud est turco – lei vive, con i suoi due bambini, in un container di ventuno metri quadri. «Abbiamo chiesto che ogni bambino ricevesse almeno un pasto nutriente e gratuito a scuola. Ma la richiesta è stata respinta. Allora mi chiedo: che cosa significa per la vita delle donne proclamare “l’Anno della famiglia” se un governo non è in grado neppure di garantire ai bambini un pasto adeguato al giorno? In una società conservatrice come la nostra – si infervora Halime – ci si aspetta che le donne abbiano figli e si assumano quasi tutta la responsabilità della loro educazione. Eppure non esistono politiche sociali che le aiutino a sobbarcarsi questo peso».
Per Halime, la realtà è un buco nero: «Qui a Malatya come in gran parte della Turchia il salario minimo (poco più di 28 mila lire, circa 508 euro) è ormai diventato il salario standard. In larga parte se ne va per l'affitto. E quel che resta basta a malapena per pagare l'elettricità, l'acqua, il gas, e il cibo. Come può una famiglia in queste condizioni crescere un figlio, garantirgli un’alimentazione sana, pagare le spese scolastiche? Ecco che per tante lavoratrici la gravidanza e la maternità diventano una sfida enorme. Personalmente sono convinta che la crisi economica sia tra le cause principali della denatalità, ma che non sia l'unica. Semplicemente le persone non sanno che cosa il domani riserverà loro. Le donne in Turchia rinunciano alla maternità perché hanno perso la speranza nel futuro».
© RIPRODUZIONE RISERVATA
Seguici anche su Google Discover di Avvenire"
20261003095820,Notizie Geopolitiche,https://www.notiziegeopolitiche.net/la-lettonia-vota-oggi-con-un-partito-filorusso-secondo-nei-sondaggi-chiede-lo-stop-agli-aiuti-allucraina/,,,,,,srclc:ita,"Aggiornato alle 06:41
RIGA — Il 35,8% a un partito solo. La Lettonia non consegnava un risultato simile a nessuno dal 2010, e nella notte lo ha ottenuto la Lista Unita del primo ministro Andris Kulbergs, 47 anni, imprenditore prestato alla politica. Con l’82% delle sezioni scrutinate, la Commissione elettorale lo dà oltre venti punti sopra il secondo partito, Lettonia al primo posto dell’imprenditore Ainārs Šlesers, fermo al 13,3%.
Il Paese, 1,8 milioni di abitanti al confine con Russia e Bielorussia, conferma la linea di chi chiede di armare Kiev e di tenere la spesa militare al 5% del prodotto interno lordo. Il vincitore però non ha una maggioranza pronta: l’Unione dei Verdi e dei Contadini, suo alleato di governo, si ferma al 3,7% e resta fuori dal Parlamento; Nuova Unità, l’altro socio storico, scende al 6,7%. Kulbergs dovrà costruire una coalizione nuova.
«Non è ancora finita, ma è più alto delle attese», ha detto il premier dalla sede del partito a Riga, riferisce AFP. «Significa che la gente vuole davvero un cambiamento»: crescita economica, ha spiegato, e «un futuro per i bambini» lettoni. «Poiché siamo il confine esterno dell’Europa, dobbiamo avere un’economia forte, una Latgale forte, una regione di frontiera forte», ha aggiunto, citando la regione orientale al confine russo.
L’ultimo sondaggio dava la Lista Unita al 14,4%. Molti elettori, scrive Reuters, hanno votato spinti dagli avvertimenti su una possibile aggressione russa. Dal 1991 solo due partiti avevano superato il 30%, l’ultimo nel 2010. Alle urne è andato il 51,7% degli aventi diritto, quasi 800 mila persone, per i 100 seggi della Saeima, il Parlamento monocamerale; 14 liste in gara, sbarramento al 5%.
La coalizione da rifare
Le proiezioni della stampa europea assegnano alla Lista Unita una quarantina di seggi: la partita si sposta ora sugli alleati capaci di trasformarli in una maggioranza di 51 deputati. Il governo uscente teneva insieme quattro partiti; ne restano tre, tutti ridimensionati, compresa Nuova Unità, che ha guidato la Lettonia per 14 degli ultimi 17 anni. La trattativa, sempre secondo Reuters, sarà complicata, ma il risultato «non dovrebbe cambiare la rotta pro-europea e pro-ucraina» del Paese.
Il nodo è Šlesers. Il suo partito, vicino alle posizioni di Donald Trump, guidava i sondaggi fino alla primavera e ha quasi raddoppiato i 9 seggi del 2022. Negli ultimi mesi, nella lettura di Reuters, ha assunto toni più critici verso l’Ucraina per raccogliere voti su entrambi i fronti. Roberts Kits, ricercatore dell’istituto lettone LaSER, riassume così il suo messaggio: condanna dell’invasione russa, ma il sostegno a Kiev si paga con l’economia lettone.
Sabato Kulbergs ha escluso ogni cooperazione con i partiti filorussi e ha fatto il nome di Lettonia al primo posto; Reuters e AFP la indicano invece tra i possibili partner di governo. Šlesers, nella notte dei risultati, non ha parlato in pubblico.
L’unico grande partito apertamente contrario agli aiuti militari e all’aumento della spesa per la difesa è Potere Sovrano, movimento nato nel 2022 da deputati espulsi dai loro gruppi per non aver condannato l’invasione. La sua leader, Jūlija Stepanenko, in campagna ha ripetuto che i suoi elettori «vogliono la pace». Negli exit poll dell’emittente pubblica LSM è intorno all’11%, alla pari con i Progressisti; quasi tutti i maggiori partiti escludono alleanze con lei.
Kulbergs è al governo da maggio. La premier Evika Siliņa si era dimessa il 14 maggio, travolta dall’ingresso non rilevato nello spazio aereo lettone di droni militari ucraini, deviati secondo Riga dal disturbo elettronico russo. Da allora il premier ha promesso nuove difese anti-drone e il mese scorso ha detto che all’Ucraina va dato «tutto il necessario, subito, perché possa avere il sopravvento e vincere».
La campagna, oltre che sulla Russia, si è giocata sul costo della vita, sui salari più bassi del Baltico, sulla sanità e sul calo demografico. «La postura verso la Russia è la ragione principale dell’ancoraggio occidentale dei lettoni», ha detto un diplomatico occidentale a Riga. I risultati preliminari sono attesi in giornata; la proclamazione ufficiale entro il 12 ottobre.
Ti avviso solo quando succede qualcosa di grosso.Niente quotidiano: un avviso alla notizia che conta, quando capita. Nessuna registrazione."
20261003094841,Il Gazzettino,https://www.ilgazzettino.it/nordest/padova/domenica_ecologica_ecodomenica_4_ottobre_regole_orari_chi_puo_circolare-9801141.html,,,,,,srclc:ita,"PADOVA - Scatta la prima ecodomenica dell'anno. Domani (4 ottobre), infatti, sarà in vigore il divieto di circolazione, per tutte le categorie di veicoli a motore endotermico (motori a combustione e ibridi), all'interno delle mura del '500, dalle 8.30 alle 18.30.
Chi può circolare
L'accesso sarà consentito ai residenti. Possono inoltre circolare, veicoli dotati di motore esclusivamente elettrico, mezzi di trasporto pubblico e di soccorso e le ulteriori categorie di veicoli esentati dal divieto indicati nel provvedimento. L'accesso al centro storico sarà consentito ai residenti. Potranno inoltre circolare biciclette, veicoli dotati di motore elettrico, mezzi di trasporto pubblico e di soccorso con specifiche deroghe. Deroghe che saranno valide anche per una lunga serie di categorie. Nessuno stop alla circolazione sarà valido per le auto dedicate al trasporto dei disabili o per le macchine di chi non può recarsi al lavoro con mezzi pubblici.
Non solo, possono circolare anche i veicoli utilizzati per recarsi a cerimonie nuziali, battesimi, confessioni, comunioni, cresime, 50° e 60° anniversario di matrimonio. Via libera, infine, per il personale sanitario e tecnici ospedalieri in servizio di reperibilità, nonché associazioni e imprese che svolgono servizio di assistenza sanitaria e/o sociale.
Per chi vìola i divieti è prevista una sanzione di 87 euro. Se il pagamento avviene entro 5 giorni dalla data di accertamento o dalla notificazione del verbale viene applicata la misura agevolata pari a 60,90 euro.
Gli eventi
Come da tradizione, nonostante la chiusura al traffico del centro storico, domani dalle 9 alle 19 in piazza delle Erbe e in piazza della Frutta l'associazione El Biologico in Piassa ripropone l'esposizione e la vendita di prodotti di agricoltura biologica. Inoltre, sono previste iniziative culturali e ludiche: spettacoli teatrali e musicali, attività e laboratori per bambini con giochi di una volta. Novità di quest'anno è il laboratorio all'aperto dotato dell'attrezzatura necessaria per analizzare la salute e la fertilità dei suoli, dove tutti i cittadini e gli agricoltori potranno portare i loro campioni, provenienti da orti o campi del territorio, per conoscerne la composizione e ricevere suggerimenti utilissimi: è l'iniziativa, unica in Italia, che la Rete Humus e la Fondazione El Tamiso ETS propongo per questa edizione della manifestazione. Questo ""esperimento"" «vuole puntare a diffondere la consapevolezza dell'importanza della conservazione e della rigenerazione del suolo per la produzione del nostro cibo» ha spiegato ieri Maurizio Agostino di Rete Humus, associazione che da anni si occupa di pratiche agricole virtuose."
20261003091020,Tele Radio News,https://www.teleradio-news.it/2026/10/03/napoli-tuttosposi-la-nuova-edizione-di-tutto-sposi-celebra-una-storia-da-mezzo-milione-di-matrimoni/,,,,,,srclc:ita,"Napoli, ‘TuttoSposi’: la nuova edizione di tutto sposi celebra una storia da mezzo milione di matrimoni
Nei weekend del 17-18 e 24-25 ottobre torna la kermesse più longeva del pianeta wedding.
Sfilate, vip lounge e ospiti animeranno i padiglioni con oltre 100 espositori.
Si svolgerà nei due fine settimana di ottobre, 17-18 e 24-25, alla Mostra d’Oltremare di Napoli, la trentasettesima edizione di Tutto Sposi, l’esposizione-evento dedicata al pianeta wedding.
Gli organizzatori, ancora una volta, hanno realizzato un intenso programma che, oltre a sfilate, Vip lounge e intrattenimento, con la partecipazione di oltre 100 espositori, include un progetto culturale dal titolo “Forum della Famiglia e della Natalità”.
Trentasette anni di nozze, di progetti e racconti di vita. Tutto Sposi non è solo una esposizione del mondo della cerimonia in generale e del matrimonio in particolare, diventata negli anni la fiera più importante d’Italia, ma anche un evento che ha accompagnato negli anni oltre mezzo milione di giovani coppie che hanno coronato il proprio sogno d’amore, trovando nella kermesse sia riferimenti di servizi per la cerimonia e l’abito, sia il punto di partenza del proprio progetto di vita familiare (nella foto qui accanto Martina Ferrara, Presidente di “TuttoSposi” Napoli).
Tradizione e cultura alimentano anche i contenuti dell’edizione 2026 che presenterà in anteprima le collezioni sposa e sposo 2027. I dati dell’ISTAT indicano la Campania sul podio delle regioni con il maggior indice di matrimoni (3,5 ogni mille abitanti) ed anche nella graduatoria dei territori scelti per sposarsi (prima la Toscana, seconda la Lombardia e terza la Campania). Mentre quattro incontri, indetti dal Forum della Famiglia, sul tema della denatalità vedranno la partecipazione delle massime cariche istituzionali, ma anche delle Università e degli Ordini professionali per disegnare un quadro propositivo d’intervento contro il calo delle nascite.
Nei padiglioni della Mostra d’Oltremare, in un percorso espositivo con oltre 100 espositori del pianeta bianco, l’attenzione dei giovani sposi sarà per le tendenze dedicate all’abito, alle location di accoglienza per le cerimonie ed ogni minimo particolare che possa rendere il giorno più bello della vita indimenticabile ed originale.
Sono circa ventimila le coppie che, a poco meno di un mese dall’apertura, hanno già scaricato, gratuitamente, dal sito www.tuttosposi.it, la privilege card che gli consentirà di accedere a tutti gli spazi dedicati: dalle sfilate ai sound con ospiti come Andrea Sannino (voce di Domenica In), agli stand di accoglienza di espositori storici come quello della Maison Signore, azienda campana leader del made in Italy nel mondo, oppure alle quattro Vip lounge per le coppie firmate Villa Diamante, Sire, Eden Banqueting e Villa Royal.
Tra gli appuntamenti imperdibili del calendario di questa edizione figurano le sfilate degli atelier più importanti della confezione dell’abito da sposa e da sposo. Ad aprire i defilé sarà la maison Vanitas (17.10), mentre nella seconda giornata toccherà all’atelier Passaro Spose (18.10). Il secondo weekend vedrà protagonista, sabato 24, Pierangeli fashion showroom per il brand Chic & Holland, mentre la chiusura della passerella, domenica 25, toccherà alla maison Amirante.
(Fabrizio Kühne – Brunella Bianchi – Comunicato Stampa – Elaborato – Archiviato in #TeleradioNews © Diritti riservati all’autore)"
20261003081953,Padovaoggi,https://www.padovaoggi.it/formazione/scuola/padova-briosco-striscione-contro-decreto-scuola-3-ottobre-2026.html,,,,,,srclc:ita,"«Qui nessuno è straniero»: la protesta contro il decreto scuola alla Briosco
Uno striscione con la stessa frase comparsa davanti a una primaria di Genova è stato affisso alla media dell’Arcella. Nel mirino il provvedimento del ministro Valditara, che prevede il limite del 30% di studenti stranieri per classe e il divieto di burqa e niqab
Da Genova a Padova: il manifesto «Anche qui nessuno è straniero», esposto all'esterno di una primaria del capoluogo ligure e successivamente strappato da un poliziotto, arriva anche all'ombra del Santo. Ieri, venerdì 2 ottobre, alla scuola media Andrea Briosco, all'Arcella, è stato affisso uno striscione con la stessa frase.
Un gesto che si inserisce nella protesta contro il decreto scuola promosso dal ministro Valditara, che prevede, tra le altre misure, un limite del 30% alla presenza di studenti stranieri per classe e il divieto di indossare burqa e niqab.
Il plauso di Usb Scuola
«Esprimiamo la nostra completa solidarietà al personale della scuola media Andrea Briosco - si legge in una nota diffusa dal sindacato -. Segno che anche qui si rifiuta il nuovo decreto, con cui il governo Meloni continua a portare avanti le sue politiche razziste. Anche a Padova il personale scolastico mette al primo posto i principi della Costituzione e i diritti all’istruzione di studentesse e studenti, e non di italiani o stranieri».
«In un contesto demografico come quello italiano, per cui la popolazione migrante rappresenta una risorsa irrinunciabile, il governo usa la scuola come terreno di propaganda politica - proseguono i sindacalisti di Usb Scuola -. Continuano infatti a susseguirsi decreti e discorsi che inventano un nemico pur di raccogliere consensi. Non sarà l’ennesimo decreto ad aiutare il mondo dell’istruzione, a servire sono le risorse. Se si vuole fare integrazione non serve a nulla colpevolizzare gli studenti non italofoni».
Le richieste
Usb Scuola chiede investimenti straordinari per aumentare il numero di docenti e di personale Ata. «Servono inoltre docenti specializzati nell'insegnamento dell'italiano come seconda lingua, docenti di sostegno e mediatori linguistici in compresenza, più collaboratori scolastici e assistenti amministrativi per accompagnare l'accoglienza e le pratiche delle famiglie, con risorse stabili e assunzioni a tempo indeterminato - concludono -. L'integrazione delle alunne e degli alunni si costruisce con più personale e più tempo scuola, in classi dove nessun bambino viene contato come una quota. Tutto il resto è demagogia di basso livello»."
20261003081611,Vita It,https://www.vita.it/raccolta-fondi-le-aziende-sono-tornate-e-le-fondazioni-fanno-un-balzo/,,,,,,srclc:ita,"L'Istituto Italiano della Donazione presenta la IX edizione di ""Noi Doniamo"". Se un anno fa chiedevamo ""Aziende, dove siete?"", ora si registra un'inversione: la quota di organizzazioni non profit che non ha raccolta fondi dalle aziende scende di 14 punti,... L'articolo Raccolta fondi, le aziende sono tornate. E le fondazioni fanno un balzo proviene da Vita.it ."
20261003081544,La Provincia Unica Tv,https://www.laprovinciadicomo.it/stories/premium/como-citta/quando-la-vita-inizia-una-mostra-al-valduce-o_3964425_11/,,,,,,srclc:ita,"Quando la vita inizia: una mostra al Valduce
Presentazione La rassegna fotografica “Manteniamo il Contatto” visitabile da oggi fino a fine anno
Lettura 1 min.
Il primo contatto sul petto della mamma, una mano minuscola che cerca quella del papà: istanti che restano nella memoria di chi li ha vissuti. Le fotografie di quei momenti salgono lungo la scala principale dell’Ospedale Valduce, fino al sesto piano, con “Manteniamo il Contatto”. La mostra del dipartimento Materno-infantile, presentata ieri, è aperta al pubblico da oggi, sabato 3 ottobre, alle 17, fino a fine anno. L’iniziativa, con il patrocinio del Comune, si inserisce nella Lake Como Creativity Week di Como Città Creativa Unesco.
Alla presentazione c’erano i primari Roberto Consonni (Ostetricia e Ginecologia) e Daniele Merazzi (Neonatologia e Pediatria) e Stefano Norchi, direttore dell’Unità operativa semplice di Ostetricia. Presenti anche Mauro Turconi (Affari generali), Madre Emanuela, alla guida delle Suore Infermiere dell’Addolorata, l’assessore regionale Alessandro Fermi, l’assessore comunale alla Cultura Enrico Colombo e il fotogiornalista comasco Gin Angri.
Realizzata con Fondazione Como Arte Ets nell’ambito di “Nascere in Centro”, la mostra nasce da un concorso per le mamme, e le loro famiglie, che hanno partorito al Valduce nell’ultimo anno, sul tema del contatto nei primi mille giorni. La giuria presieduta dal dottor Merazzi ha scelto 18 immagini, esposte con le foto scattate in reparto a giugno da Angri: circa 40 in bianco e nero e sei stampe. «Ho passato qui dentro una giornata emozionante», ha detto il fotografo. Tra medici e personale ha trovato serenità e visto «piccoli esseri umani» alla ricerca del contatto. La mostra vuole sensibilizzare sul valore dell’infanzia e sul ruolo della comunità nel benessere dei più piccoli.
Consonni ha sottolineato l’importanza del contatto pelle a pelle per l’imprinting: per il padre, ha spiegato, l’esperienza è diversa, ma indimenticabile. Ha evidenziato l’impegno di tante persone, ostetriche comprese, e ha anticipato un progetto sulla multiculturalità. Al Valduce ci sono circa mille parti l’anno, in controtendenza con la denatalità. L’attenzione alla vita nascente fa parte da sempre della missione delle Suore, sull’esempio della Beata Giovannina Franchi. “Nascere in Centro” proseguirà il 28 novembre alla Biblioteca Paolo Borsellino con lo spettacolo “Due Destini” diretto da Andrea Baroni. F.Ber.
© RIPRODUZIONE RISERVATA"
20261003081501,Torino Cronaca,https://www.torinocronaca.it/news/provincia/705206/moncalieri-il-sindaco-annuncia-il-piano-contro-la-presenza-di-piccioni-nel-centro.html,,,,,,srclc:ita,"Foto dei piccioni da Canva, foto dell'operatore dal profilo Facebook Lorenzo Mauro Sindaco.
Il sindaco di Moncalieri, Lorenzo Mauro, ha annunciato il lancio di un piano straordinario di pulizia e contenimento per contrastare i problemi di igiene, decoro e vivibilità provocati dai piccioni nel Centro Storico, operando nel pieno rispetto degli animali: il progetto è il risultato di un lavoro di squadra della Giunta e si è sviluppato attraverso un confronto continuo con la Città Metropolitana; l'obiettivo è ripristinare la sostenibilità urbana in un'area fortemente penalizzata dalla proliferazione dei volatili. Le operazioni sul campo iniziano con una pulizia straordinaria delle vie dal guano: un operatore ecologico percorrerà le strade del centro storico utilizzando un'idropulitrice per effettuare un lavaggio profondo, che sarà supportato dal successivo passaggio della macchina spazzatrice. Il piano prevede inoltre l'adozione di misure deterrenti per allontanare i branchi e ridurne la concentrazione: tra le azioni principali, l'amministrazione valuterà la riduzione del livello dell'acqua della Fontana del Saturnio, così da limitarne l'accesso da parte dei volatili. Sarà inoltre introdotto l'impiego di un falco con funzione deterrente: la sola presenza visiva del predatore fungerà da richiamo naturale per spingere i piccioni ad abbandonare la zona. Sul fronte del controllo demografico, prosegue la collaborazione avviata con l'Associazione Exodomus di Moncalieri per monitorare e gestire i numerosi nidi presenti negli edifici, salvaguardando al contempo la popolazione locale di rondoni.
PlayPauseResumeStop
Il sindaco di Moncalieri, Lorenzo Mauro, ha annunciato il lancio di un piano straordinario di pulizia e contenimento per contrastare i problemi di igiene, decoro e vivibilità provocati dai piccioni nelCentro Storico, operando nel pieno rispetto degli animali: il progetto è il risultato di un lavoro di squadra della Giunta e si è sviluppato attraverso un confronto continuo con la Città Metropolitana; l'obiettivo è ripristinare la sostenibilità urbana in un'area fortemente penalizzata dalla proliferazione dei volatili. Le operazioni sul campo iniziano con una pulizia straordinaria delle vie dal guano: un operatore ecologico percorrerà le strade del centro storico utilizzando un'idropulitrice per effettuare un lavaggio profondo, che sarà supportato dal successivo passaggio della macchina spazzatrice.
Powered by
Il piano prevede inoltre l'adozione di misure deterrenti per allontanare i branchi e ridurne la concentrazione: tra le azioni principali, l'amministrazione valuterà la riduzione del livello dell'acqua della Fontana del Saturnio, così da limitarne l'accesso da parte dei volatili. Sarà inoltre introdotto l'impiego di un falco con funzione deterrente: la sola presenza visiva del predatore fungerà da richiamo naturale per spingere i piccioni ad abbandonare la zona. Sul fronte del controllo demografico, prosegue la collaborazione avviata con l'Associazione Exodomus di Moncalieri per monitorare e gestire i numerosi nidi presenti negli edifici, salvaguardando al contempo la popolazione locale di rondoni.
L'associazione aderisce all'Istituto dell'Autodisciplina Pubblicitaria - IAP vincolando tutti i suoi Associati al rispetto del Codice di Autodisciplina della Comunicazione Commerciale e delle decisioni del Giurì e de Comitato di Controllo.
CronacaQui.it | Direttore responsabile: Andrea Monticone Vicedirettore: Marco BardesonoCaporedattore: Claudio Neve Editore: Editoriale Argo s.r.l. Via Principe Tommaso 30 – 10125 Torino | C.F.08313560016 | P.IVA.08313560016. Redazione Torino: via Principe Tommaso, 30 – 10125 Torino |Tel. 011.6669, Email redazione@torinocronaca.it. Fax. 0116669232 ISSN 2611-2272 Amministratore unico e responsabile trattamento dati e sicurezza: Walter Altea Registrazione tribunale n° 1877 del 14.03.1950 Tribunale di Milano La società percepisce i contributi di cui al decreto legislativo 15 maggio 2017, n. 70. Indicazione resa ai sensi della lettera f) del comma 2 dell’articolo 5 del medesimo decreto legislativo.."
20261003075031,Corriere Dell'irpinia,https://corriereirpinia.it/its-academy-antonio-bruno-successo-record-per-la-meccatronica-in-campania-oltre-l80-dei-diplomandi-ha-gia-un-lavoro-in-tasca/,,,,,,srclc:ita,"Si conclude il primo ottobre il percorso di alta specializzazione tecnica per 43 allievi dei corsi in meccatronica promossi dall’ITS Academy Antonio Bruno. Le attività didattiche si sono tenute ad Avellino, presso l’Istituto “Amatucci”, e presso la sede ITS di Grottaminarda. «Le opportunità lavorative generate sono per noi motivo di grande soddisfazione – sottolinea l’ing. Carmine Tirri, direttore tecnico dell’ITS: più dell’80% dei diplomandi ha già ricevuto una proposta di lavoro dalle aziende presso le quali ha svolto lo stage; questo dimostra come, quando la formazione viene progettata insieme alle oltre 150 imprese che collaborano con l’ITS, possa tradursi rapidamente in concrete opportunità di occupazione. Ma c’è un aspetto ancora più importante: dare a un giovane la possibilità di formarsi e trovare lavoro nel proprio territorio significa contribuire a contrastare la perdita di capitale umano e il calo demografico. Gli ITS possono rappresentare uno degli strumenti concreti per affrontare questa sfida».
L’offerta formativa dell’ITS Academy Antonio Bruno continua a produrre risultati concreti: a fine ottobre saranno altri 40 gli allievi a concludere il percorso nelle sedi di Salerno, Frattamaggiore e Airola.
I numeri complessivi testimoniano la crescita costante e il successo del modello ITS: con i nuovi diplomati, saranno 260 i giovani formati dal 2018 a oggi, di cui circa il 10% ragazze. Un risultato accompagnato da un placement che si conferma stabilmente superiore al 90%.
Forte di questi risultati, l’Istituto guarda già al futuro. È stato ufficialmente pubblicato il bando di selezione per il prossimo corso gratuito in Automazione Industriale, che si terrà presso la sede di Grottaminarda, struttura d’eccellenza dotata di laboratori hi-tech. La scadenza per la presentazione delle candidature è fissata al 18 ottobre. A breve seguiranno nuovi bandi di selezione per altre sedi.
Formare giovani, creare competenze, generare occupazione: per l’ITS Academy Antonio Bruno è questa la sfida per contribuire alla crescita delle imprese e al futuro dei territori."
20261003064646,Giornale Di Puglia,https://www.giornaledipuglia.com/2026/10/il-riso-tra-storia-curiosita-e-proverbi.html,,,,,,srclc:ita,"Il riso tra storia, curiosità e proverbi
VITTORIO POLITO — Le origini del riso non sono certe, si ritiene che le varietà più antiche siano comparse oltre quindicimila anni fa lungo le pendici dell’Himalaya. Durante l’Impero Persiano il riso si propagò verso l’Asia occidentale e poi si estese in altre direzioni. Quel che sembra attendibile è che dalle specie primordiali di questa graminacea se ne siano differenziate una ventina.
Le più antiche ciotole in argilla contenenti riso, ‘Oryza sativa’, rinvenute in Indocina, risalgono a oltre 5000 anni a.C. e il termine tamil “Arisi”, da cui pare derivi il nome latino, compare poco più tardi in India, ma i preziosi chicchi giungono in Occidente, nella Roma imperiale, solo in epoca cristiana. A coltivare per primi il riso, secondo gli storici, furono gli Arabi in Sicilia, e poi gli Aragonesi: sta di fatto che a metà del XIV secolo il riso si diffonde in Italia grazie ai dominatori spagnoli. La prima notizia certa sulla coltura del riso riconduce a quella che ancora oggi è la patria risicola d’Italia, la Lomellina. È, infatti, nel feudo di Robbio Lomellina che Ludovico il Moro, Duca di Milano, avvia una coltivazione con la semente ricevuta dal cugino Gonzaga.
Di lì a pochi anni il Ducato di Milano si specchierà in migliaia di ettari d’acqua in cui germoglieranno piantine di riso. Anche Gian Galeazzo Sforza, secondo gli storici, contribuì alla diffusione della pianticella, mandando qualche sacco ai Duchi di Ferrara che disponevano di acquitrini. Oggi siamo i maggiori produttori d’Europa.
Perché il riso è coltivato in nord Italia? La ricchezza di acqua delle regioni Piemonte e Lombardia, in particolare Vercelli, Novara e Milano, fa vantare all’Italia il primato di produzione tra i paesi dell’Unione Europea, anche, per la primissima qualità e varietà.
In riferimento poi alle tradizioni il riso è diventato anche motivo di culto. Dalla Thailandia a Giava, dalla Corea al Giappone, senza dimenticare la Cina, l’oriente è ricco di miti, storie e racconti, ricchi di fascino che rivelano il rispetto e la gratitudine verso questa pianta. Vi sono credenze che ritengono il riso possieda un’anima, per cui si organizzano feste e riti propiziatori per rendere benevolo il destino e ottenere raccolti abbondanti.
In Italia, invece, diventato molto più tardi di uso comune, ha lasciato tracce importanti nel costume. Non a caso si usa lanciarlo nei matrimoni per augurare prosperità e ricchezza agli sposi nonché giorni felici di fecondità e di buona salute. Il riso ha inciso anche sulle abitudini di vita di molte generazioni, dando vita a figure popolari, come quelle delle mondine, che nel corso dei mesi di coltivazione, dalla primavera ai mesi invernali, si recavano nelle zone di raccolta affrontando grandi difficoltà e sacrifici.
Per le caratteristiche organolettiche e la sua versatilità il riso è usato moltissimo in campo alimentare. In Giappone, ad esempio, è possibile anche bere vino di riso, si chiama Sakè e rappresenta una bevanda tradizionale che in precedenza veniva usata come bibita propiziatoria nelle cerimonie religiose.
Ed ora qualche curiosità.
Per i musulmani il riso è una goccia di sudore di Maometto caduta dal cielo, per cui è considerato cibo divino simbolo di vita, fertilità, abbondanza. Da qui l’abitudine di lanciare sugli sposi una pioggia di riso come simbolo beneaugurante.
Una mania simile viene seguita in India nelle cerimonie nuziali. Il riso viene messo a piccole manciate nel palmo delle mani della sposa mentre gira intorno all’altare, poi lo si versa sul capo degli sposi. Sempre in India, quando nasce un bimbo, si introduce nella sua bocca un pizzico di polvere di riso. L’estremo saluto ai defunti invece è rappresentato da una manciata di chicchi. In Cina per molto tempo il riso è stato utilizzato come moneta di scambio.
L'acqua in cui si è bollito il riso è un ottimo “inamidante”, usato per secoli per camicie e colletti: non inquina, non macchia e non costa nulla.
Ora parliamo del risotto, che non è un piatto, ma un tipo di cottura, che secondo un manoscritto conservato nella Biblioteca Trivulziana di Milano, sarebbe nato nel 1574, e pare ebbe origine per scherzo, in occasione delle nozze della figlia di Mastro Valerio di Fiandra, pittore fiammingo. Il pittore aveva un assistente di nome Zafferano, il quale aveva l’abitudine di mescolare l’omonima spezia ai suoi colori poiché li ravvivava. L’assistente, forse per gioco, si accordò con il cuoco per aggiungere un po’ di zafferano nel risotto ed il risultato fu sorprendente, sapore squisito e colore dell’oro, simbolo di ricchezza e prosperità. Da quel giorno il “risotto alla milanese” divenne uno dei piatti più alla moda non solo di quel momento, ma ancora oggi.
E non manca neanche la poesia di autore ignoto sul risotto.
Del riso a noi c’importa poco e niente.
Sappiamo che proviene dall’Oriente,
ma il risotto, che tutto il mondo ammalia,
è nato qui da noi, proprio in Italia.
Cucinalo per bene, il tuo risotto.
Giralo, che se no si attacca sotto,
Abbi cura che sia compatto e sodo,
altrimenti – che orrore! – è riso in brodo.
Controlla. La forchetta non sta in piedi?
Allora non è denso quanto credi!
Carnaroli, Vialone, Arboreo, Baldo
ti daranno un risotto bello saldo
Assaggia: non è crudo, ti par cotto?
Se c’avevi un problema, è già risotto!
E i proverbi che dicono?
Il riso nasce nell’acqua e muore nel vino. Il vino si accompagna bene a una pietanza a base di riso, cereale che com’è noto, è coltivato in campi allagati.
Riso e rosario, vita da seminario. Mangiare riso e dedicarsi alla preghiera è fare vita grama di penitenza, mangiare frugalmente e darsi alle pratiche devote, come gli alunni del seminario che aspirano al sacerdozio. Il riso, in passato, è stato uno degli alimenti più usato nelle comunità religiose e nei collegi: per il basso costo e per la facilità di conservazione. Nei monasteri era considerato cibo naturale e frugale che teneva a freno le esuberanze delle energie.
Rise e bisi. È un piatto appetitoso e tradizionale della cucina veneta universalmente conosciuto. Riso con i piselli e una ragazza di circa 17 anni pare non ci sia di meglio che augurarsi.
Il riso caccia la fame per tre ore. Gustoso e nutriente, toglie la fame e sazia, ma è anche facilmente digeribile, per cui dopo poco averlo mangiato torna l’appetito.
Il risotto si mangia appena cotto. Il riso, una volta cotto, va mangiato subito, altrimenti si ammorbidisce.
Dopo il risotto ci vole un bel gotto. Cioè un bel bicchiere vino."
20261003051536,Scenari Economici,https://scenarieconomici.it/mercato-del-lavoro-usa-stipendi-battuti-dallinflazione-lo-stato-licenzia-e-i-settori-chiave-arretrano/,,,,,,srclc:ita,"Analisi e studiEconomiaUSA
Mercato del lavoro Usa: stipendi battuti dall’inflazione, lo Stato licenzia e i settori chiave arretrano
I dati sull’occupazione Usa mostrano una crepa profonda: l’aumento dei posti frena al minimo, finanza e tech licenziano e l’inflazione al 3,4% divora i salari reali degli americani.
C’è qualcosa che stona clamorosamente nei festeggiamenti di facciata oltreoceano. A una prima lettura superficiale dei bollettini federali di settembre, l’occupazione negli Stati Uniti tocca l’ennesimo record nominale. Dietro le statistiche patinate, tuttavia, si nasconde una realtà ben più amara: la creazione di nuovi posti è ormai ridotta a un filo d’acqua, i comparti più qualificati tagliano il personale e i salari reali scivolano all’indietro per il sesto mese consecutivo.
La busta paga media non regge più la corsa dei prezzi al consumo. Con un’inflazione che viaggia ostinatamente al 3,4% e stipendi cresciuti soltanto del 3,0% su base annua, per milioni di famiglie americane la perdita di potere d’acquisto è una certezza quotidiana. Questa erosione silenziosa colpisce al cuore il pilastro su cui poggia l’intera impalcatura economica statunitense: la spesa dei consumatori, responsabile di circa il 70% del prodotto interno lordo.
Il dato netto di settembre segnala un incremento di appena 29.000 nuovi occupati nei settori non agricoli. Per una superpotenza da oltre 159 milioni di lavoratori, si tratta di una cifra vicina allo zero statistico. Come se non bastasse, le consuete revisioni a posteriori hanno cancellato con un tratto di penna 60.000 impieghi che erano stati annunciati con squilli di tromba nei due mesi precedenti: agosto è stato decurtato di 29.000 posti e luglio di altri 31.000. Ecco un grafico con i dati :
A impedire il segno meno complessivo è rimasta solo la tenuta del settore privato, come nota anche Wolfstreet, che ha aggiunto 46.000 lavoratori. Dall’altro lato della barricata, la pubblica amministrazione ha espulso 17.000 dipendenti in appena trenta giorni, registrando uscite concentrate soprattutto nei governi locali e statali.
La cura dimagrante imposta al settore pubblico non è casuale. Da gennaio 2025 l’amministrazione Trump ha avviato una decisa riorganizzazione degli uffici federali, tagliando qualcosa come 328.000 burocrati. Nello stesso periodo, gli Stati federati hanno soppresso altri 53.000 impieghi, complice la crisi del sistema universitario pubblico, svuotato dal crollo delle immatricolazioni degli studenti stranieri che garantivano rette milionarie. Snellire gli apparati può piacere ai contribuenti, ma sul piano della domanda aggregata significa sottrarre all’istante centinaia di migliaia di stipendi sicuri dal commercio e dai servizi locali.
Scavando nei numeri del settore privato, emerge una spaccatura netta tra l’economia dei beni primari e quella dei servizi avanzati. La finanza, l’immobiliare e il polo tecnologico registrano una battuta d’arresto senza precedenti, mentre le assunzioni resistono quasi solo dove i servizi non possono essere rimandati.
Ecco la sintesi delle variazioni per comparto registrate a settembre:
Il quadro settoriale parla chiaro. L’occupazione aumenta nella sanità e nei cantieri, dove servono braccia e infermieri, ma collassa nei settori a più alta redditività. Chi lavorava nelle banche o nei grandi studi di consulenza si ritrova con meno offerte, mentre il mercato immobiliare, congelato da tassi sui mutui che superano il 7%, continua a bruciare posti nelle agenzie e negli istituti di credito.
A rendere fosco lo scenario è la dinamica retributiva. Il compenso orario medio è salito dello 0,13% a settembre, attestandosi a 37,81 dollari l’ora. Un incremento del 3,0% annuo che, parametrato a un’inflazione al 3,4%, certifica una perdita secca di salario reale. I lavoratori americani non perdevano potere d’acquisto da oltre tre anni, ma da aprile la tendenza si è invertita in modo preoccupante. Senza buste paga capaci di assorbire i rincari, il ricorso al debito per comprare beni essenziali diventa una scelta obbligata. Questo rende l’inflazione un tema prioritario della poltica di Trump.
Come si concilia questa debolezza con un tasso di disoccupazione fermo al 4,18%, storicamente molto basso? Il trucco non sta nella vitalità economica, ma nella demografia e nelle frontiere.
Tra la fine del 2025 e i primi mesi del 2026, la forza lavoro americana ha perso oltre due milioni di persone. Da un lato agisce l’uscita massiccia dei “baby boomer” che raggiungono l’età pensionabile e abbandonano definitivamente il mercato. Dall’altro, la linea dura contro l’immigrazione clandestina ha chiuso i canali d’ingresso irregolari, prosciugando la riserva di manodopera a basso costo.
La risalita di settembre (+485.000 persone rientrate a cercare impiego) rappresenta solo un parziale rimbalzo dopo mesi di contrazione. Meno persone disponibili a lavorare significa un tasso di disoccupazione che resta basso non perché le aziende assumano a piene mani, ma perché manca l’offerta. Non a caso, il tasso di partecipazione nella fascia 25-54 anni ha toccato l’83,7%, un record ventennale: chi è in età da lavoro è già spremuto al massimo.
La Federal Reserve si trova incastrata: tagliare i tassi per sostenere le imprese rischierebbe di alimentare l’inflazione, ma mantenerli alti soffoca i consumi delle famiglie indebitate. La locomotiva americana continua a muoversi sui binari, ma i motori stanno visibilmente perdendo colpi. La Borsa ieri è rimbalzata proprio sulla minore probabilità di incremento dei tassi."
20261003050041,Quifinanza,https://quifinanza.it/lavoro/smart-working-bonus-impatto-stipendi-occupazione-donne/1017579/,,,,,,srclc:ita,"Secondo i nuovi dati del rapporto annuale Inps sul lavoro agile, le neo mamme che lavorano in settori e territori nei quali il lavoro da remoto è maggiormente diffuso arrivano ad avere stipendi più alti.
Nell’analizzare l’impatto della flessibilità nell’organizzazione del lavoro l’Istituto ha anche approfondito la correlazione tra le misure di sostegno alle famiglie e la partecipazione delle madri al mercato del lavoro. Concentrandosi in particolare sul bonus nido, quello che è emerso è che effettivamente garantire un aiuto per sostenere il costo dei servizi per l’infanzia ha aiutato le lavoratrici con figli appena nati a trovare un lavoro.
Indice
Smart working e maternità, come il lavoro da remoto può fare la differenza
Secondo il rapporto Inps, oggi lo smart working interessa circa il 9-11% dei lavoratori del settore privato. La possibilità di lavorare almeno in parte da remoto, tuttavia, non è distribuita allo stesso modo sul territorio e tra i diversi settori economici. È proprio a partire da questa differenza che è stato possibile osservare gli effetti che una maggiore flessibilità al lavoro può avere sulla vita professionale delle madri.
Infatti, nei settori e nelle aree in cui il lavoro da remoto è più facilmente accessibile, la nascita di un figlio sembra avere conseguenze meno pesanti sulla situazione economica delle lavoratrici. Nell’anno successivo alla nascita, le madri che possono contare maggiormente sulla possibilità di lavorare da remoto registrano infatti un reddito superiore di circa 1.100 – 1.300 euro rispetto alle lavoratrici che non dispongono della stessa opportunità.
Inoltre, maggiore disponibilità di strumenti di flessibilità può contribuire a ridurre almeno in parte il gender pay gap. Soprattutto se si considera che l’impatto sulla situazione reddituale dopo la nascita di un figlio riguarda soprattutto le donne, mentre i redditi dei padri rimangono sostanzialmente invariati.
Gli effetti del bonus nido sull’occupazione femminile
L’Inps ha anche approfondito come le misure di sostegno economico alle famiglie possano contribuire alla partecipazione delle madri al mercato del lavoro. Analizzando i dati, tra le lavoratrici che hanno ricevuto il bonus nido la probabilità di avere un lavoro nell’anno successivo alla nascita di un figlio è risultata superiore di circa il 17%.
Quello che i numeri confermano, quindi, è che la possibilità di mantenere un’occupazione dipende anche dalla disponibilità di servizi, oltre che dai costi che le famiglie devono sostenere e dall’organizzazione concreta del lavoro.
Le differenze territoriali pesano sul lavoro delle donne
L’accesso allo smart working come la disponibilità di asili nido non è però garantita allo stesso modo a tutte le lavoratrici, e può variare in funzione del settore di attività e della zona nella quale si lavora. Di conseguenza, nei territori dove il lavoro flessibile non è diffuso e i servizi per la cura dei bambini sono difficili da utilizzare, la nascita di un figlio può avere conseguenze più significative sulla continuità professionale, soprattutto delle donne, che sono quelle su cui i carichi e le responsabilità familiari gravano maggiormente.
Per questo motivo, durante il suo intervento a Lecce, il presidente dell’Inps Gabriele Fava ha sottolineato che le sole misure economiche non sono sufficienti a sostenere la natalità. Secondo Fava, come il report sottolinea, per una coppia contano anche la stabilità del lavoro, la possibilità di conciliare la vita professionale con quella familiare e la presenza di servizi accessibili vicino casa."
20261003045452,Tutte Le Ultime Notizie,https://www.ilrestodelcarlino.it/ascoli/cronaca/gli-affitti-a-canone-calmierato-54fe566b,,,,,,srclc:ita,"Affitti a canone calmierato per provare a rilanciare la popolazione e riportare nuovi residenti in città. Prende forma la strategia dell’Arengo per affrontare la sfida del ripopolamento attraverso 139 appartamenti di proprietà comunale, recuperati nell’ambito del progetto di housing sociale finanziato con i fondi Pinqua.
Il grande bando unico è atteso per novembre e consentirà agli interessati di indicare l’edificio nel quale vorrebbero andare ad abitare, tra centro storico, quartieri e frazioni. L’iniziativa nasce dalla necessità di contrastare il progressivo calo demografico di Ascoli, che a giugno contava 45.077 residenti. Un fenomeno legato soprattutto al divario tra nascite e decessi e che riguarda più in generale il territorio Piceno.
L’amministrazione punta quindi anche sull’offerta abitativa per rendere la città più attrattiva per famiglie, lavoratori e cittadini con redditi che non consentono di accedere all’edilizia residenziale pubblica, ma che possono incontrare difficoltà nel sostenere i normali canoni di mercato. Gli alloggi disponibili avranno canoni indicativamente compresi tra 400 e 700 euro al mese, in base alla zona, alla superficie e all’eventuale presenza degli arredi.
Si tratta anche di immobili di pregio, come quelli all’interno di Palazzo Saladini Pilastri, accanto ad altri appartamenti distribuiti sul territorio comunale. Per presentare la domanda sarà necessario rientrare nella fascia Isee prevista dal progetto: da 14.044 euro annui, soglia individuata per chi non può accedere all’edilizia economica popolare, fino a un massimo di 39.701,19 euro.
L’obiettivo dell’Arengo è assegnare tutti gli appartamenti, evitando che rimangano vuoti con conseguenti problemi di manutenzione o possibili utilizzi impropri. Dopo la pubblicazione dell’avviso, la procedura prevede un massimo di 180 giorni per la graduatoria provvisoria, ai quali si aggiungeranno 60 giorni per le eventuali osservazioni e la successiva graduatoria definitiva.
I tempi massimi porterebbero alla consegna degli appartamenti entro circa otto mesi dalla pubblicazione del bando, quindi indicativamente entro giugno. L’amministrazione punta però a velocizzare l’iter per consentire i primi ingressi già nella prossima primavera. Il procedimento sarà gestito dalla società comunale Multiservizi Piceni.
Matteo Porfiri"
20261003044300,Leccotoday,https://www.leccotoday.it/economia/cgil-lecco-lavoro-manifattura-bollette-pnrr.html,,,,,,srclc:ita,"Bollette fino a 800 euro in più: l'allarme dei sindacati
In Lombardia gli occupati crescono, ma l'industria perde quasi 55mila addetti in un anno. Il sindacato stima per le famiglie lecchesi rincari fino a 800 euro su luce e gas e chiede un nuovo patto per il territorio
Più occupati, ma meno fabbrica. È la fotografia di una Lombardia a due velocità quella che la Cgil di Lecco scatta incrociando gli ultimi dati sul lavoro, sulla cassa integrazione e sul Pnrr. E per un territorio come quello lecchese, cresciuto attorno alla manifattura e alle filiere dell'export, la velocità che rallenta è proprio quella che conta di più. Il sindacato parla di un ""progressivo ridimensionamento del cuore manifatturiero"" e di un ""pesante impoverimento delle famiglie"", che si preparano a un inverno con bollette fino a 800 euro più care.
In Lombardia crescono i servizi, cala l'industria
Il punto di partenza è la rilevazione di PoliS-Lombardia sul secondo trimestre 2026. In regione gli occupati sono 4,614 milioni, 62mila in più rispetto a un anno prima (+1,4%); il tasso di occupazione sale al 70% e quello di disoccupazione scende al 2,9%. Numeri in salute, a una prima lettura.
Scomponendoli, però, il quadro cambia. La crescita arriva tutta dai servizi (+82.400 occupati, +2,7%) e dalle costruzioni (+36.100, +13,9%), mentre l'industria manifatturiera in senso stretto perde 54.800 addetti, pari al 4,6%. Aumenta il lavoro indipendente (+10,7%), cala quello dipendente (-0,9%).
È qui che, secondo la Cgil, Lecco paga più di altri. Nelle grandi aree metropolitane il terziario riesce ad assorbire i posti persi nell'industria; nel Lecchese, per la sua vocazione manifatturiera, la contrazione ""crea un immediato allarme occupazionale e salariale"". Va precisato che i dati citati dal sindacato sono regionali: la nota non riporta numeri provinciali su occupati e cassa integrazione. Un indizio era arrivato a fine luglio dal rapporto della Uil Lombardia sul primo semestre, che collocava Lecco tra le sole tre province lombarde con le ore complessive di cassa integrazione in crescita, a +23,6%.
Cassa straordinaria in aumento
Il secondo indicatore sono gli ammortizzatori sociali, su dati della Cgil Lombardia. Nel primo semestre 2026 le ore autorizzate di cassa integrazione straordinaria in Lombardia sono state 18.525.472, il 14,94% in più dello stesso periodo del 2025. A giugno i fondi di solidarietà sono saliti del 32,35% su base annua, a 145.174 ore, mentre la cassa ordinaria è scesa del 20,5%. Per il sindacato è il segno che la contrazione industriale non è un rallentamento temporaneo, ma un ridimensionamento strutturale. La Cgil regionale aggiunge che molte aziende in difficoltà evitano perfino la cassa straordinaria per cessazione, per non sostenerne i costi, scaricando sui lavoratori il peso di licenziamenti ed esuberi.
Resta poi il divario di genere. In Lombardia il tasso di occupazione maschile è al 77,6%, quello femminile al 62,1%: 15,5 punti di distanza. Nel Lecchese, secondo il sindacato, la rigidità degli orari e la carenza di servizi per la cura familiare frenano ancora di più la partecipazione delle donne al lavoro.
Bollette e inflazione, il conto per le famiglie
Su questo scenario si innesta il costo della vita, con l'inflazione al 3,4% ad agosto. Le rilevazioni della Camera del lavoro di Lecco indicano per l'inverno rincari fino a 800 euro all'anno per famiglia sulle utenze domestiche, con aumenti del 13% sul gas e del 10% sull'energia elettrica. Cassa integrazione, salari fermi, spesa e carburanti più cari: un insieme che, scrive la Cgil, erode ""drammaticamente"" il potere d'acquisto di lavoratori e lavoratrici del territorio.
Pnrr, le opere sociali ancora indietro
L'ultimo capitolo riguarda il Pnrr e le opere per il welfare e i servizi. A cinque anni dal lancio del Piano, secondo i dati elaborati dalla Cgil, in Lombardia è completato il 34,7% dei progetti per asili nido e scuole dell'infanzia (contro il 20,1% nazionale) e appena il 9,9% degli alloggi universitari. Sul sostegno alle persone vulnerabili si è al 5,4%, sull'Housing First al 9,1%, sui Piani urbani integrati al 47,6%. Per la sanità, le Case della comunità completate sono il 43,4% (34,4% in Italia) e gli Ospedali di comunità il 28,1% (24,7%).
In un territorio dall'orografia complessa, con spostamenti faticosi verso il lavoro e zone di montagna come la Valsassina segnate da calo delle nascite e spopolamento, questi ritardi secondo il sindacato pesano due volte: indeboliscono la rete sanitaria e assistenziale di prossimità e scaricano il carico della cura sulle donne.
Il nuovo patto chiesto dal sindacato
Da qui la proposta di ""un nuovo patto per il territorio"". La priorità indicata dalla Cgil è un'occupazione stabile, qualificata e ben retribuita, l'unica in grado di trattenere i giovani e arginare lo spopolamento. Anche nel turismo: la stagionalità, si legge, è una risorsa ""ma non può in alcun modo trasformarsi nella giustificazione per un mercato del lavoro strutturalmente precario"".
Le richieste vanno dalla conciliazione tra vita e lavoro, da trattare come tema collettivo e non come problema individuale delle donne, a più risorse per servizi all'infanzia, non autosufficienza, trasporti locali e natalità. Sul fronte produttivo il sindacato chiede una politica industriale guidata dal pubblico, in stretto collegamento con il Politecnico, per governare le transizioni ecologica e digitale, oltre a un ammortizzatore sociale universale esteso anche ad appalti, logistica e terziario.
L'obiettivo dichiarato è ""anticipare i processi di crisi industriale e sociale anziché rincorrerli""."
20261003043024,Tutte Le Ultime Notizie,https://www.ilrestodelcarlino.it/modena/cronaca/natalita-una-legge-per-frenare-a16ea21b,,,,,,srclc:ita,"Una legge organica, strutturale e adeguatamente finanziata per sostenere le famiglie e contrastare il crollo delle nascite in Emilia-Romagna. È l’intento della campagna ’Natalità Bene Comune’, promossa dal Forum delle Associazioni Familiari, che ha fatto tappa a Modena al Centro culturale Ferrari. L’iniziativa viaggia di pari passo con la petizione popolare che punta a raccogliere 10mila firme entro il 15 ottobre (già superata quota 7.000).
Significativo l’appoggio delle istituzioni religiose. Il vescovo di Modena-Nonantola, monsignor Erio Castellucci, ha inviato un messaggio d’adesione: ""La proposta mira a rafforzare il tessuto spesso sfilacciato della nostra società, specialmente di quella comunità primaria e generativa che è la famiglia. Il sostegno concreto a chi accoglie il dono della vita è un servizio inestimabile per tutti"".
Elena Ugolini ha richiamato i dati: se nel 2009 in regione i nati erano stati 42.300, nel 2025 sono scesi a quota 26.999. L’obiettivo dell’Intergruppo regionale è creare opportunità concrete su casa, lavoro e servizi educativi. ""Non è premendo e dicendo ’fate figli’ che risolveremo il problema"", ha spiegato la consigliera regionale Ludovica Carla Ferrari. ""La chiave è una trasformazione complessiva, capace di sostenere le persone nelle diverse fasi della loro vita"". È intervenuta anche la consigliera regionale Annalisa Arletti, componente dell’Intergruppo, a testimonianza del carattere trasversale della campagna. ""Questa è una vera e propria emergenza e abbiamo deciso di non affrontarla come un’emergenza, ma con una legge: significa affrontarla in modo strutturale"""
20261003040334,Tutte Le Ultime Notizie,https://www.ilrestodelcarlino.it/bologna/cronaca/cinque-anni-di-materne-la-aa1206fd,,,,,,srclc:ita,"Niente bimbi, niente sezioni di materna. Anzi: stop alle sezioni che, a causa del calo demografico, vengono chiuse. Sono ben 19 le sezioni di materna comunale chiuse, dal 2022-2023 al 2026-2027, ad opera dell’assessorato alla Scuola, guidato da Daniele Ara. Il picco di serrate si è registrato nel 2025-2026, con ben 8 sezioni. A chiedere, all’assessorato di via Ca’ Selvatica, le cessazioni è la consigliera di FdI, Manuela Zuntini.
Il debutto è nel 2022-2023: meno una sezione alle Testi Rasponi (Bacino Murri). La motivazione, messa nero su bianco, da Anna Giordano, direttrice settore Sistema Integrato di Educazione e Istruzione 0-6, è ""calo degli utenti potenziali"" e conseguente riorganizzazione degli ambienti. Si prosegue con il 2023-2024: sbaraccata una sezione dell’Ada Gobetti (Bacino Collina) e una alla Gida Rossi (Bacino 3 via della Pietra Casteldebole). Fa eccezione il motivo della chiusura di una sezione alla Dall’Olio (Bacino Saffi): ""Liberare gli spazi dell’edificio adiacenti al cantiere del Polo Marzabotto"".
Nel 2024-2025: cancellate una sezione alle Irma Pedrielli (Bacino Santa Viola) e una alla Giardino Pozzati (ex Seragnoli - Bacino Barca) dove è stata inaugurata un nido. Debacle per 2025-2026: meno otto sezioni tra Attilia Neri (Bacino Corticella), Giuseppe Dozza (Bacino Saffi); Progetto 1-6 (a gestione indiretta - Bacino Marconi); Jole Baroncini (Bacino Magazzari); Baraccano (Bacino Colli-Galvani); Molino Tamburi (Bacino Murri) e Abba (gestione indiretta - Bacino C al Savena). Qui si è potenziato il nido.
Particolare il caso della materna Carducci che da comunale è diventata statale. Infine, il 2026-2027 con meno cinque sezioni; una ciascuno alla Giorgio Morandi (Bacino Barca), alla Maria Manzini (Bacino Lame, Quartiere Navile), all’Elefantino Blu (a gestione indiretta Bacino Lame), alle M. Rocca (Bacino Fiera) e all’Anna Serra (Bacino Malpighi). Qui c’è stata la rivoluzione: ""Accorpamento"" delle Anna Serra plesso 1 con il plesso 2, calo degli utenti e apertura di un nido.
""Il numero di sezioni di materne chiuse, sotto il mandato Lepore, è impressionante – accusa la consigliera di FdI –: 19 sezioni per circa 440 alunni"". Il dato, osserva Zuntini, ""è grave e dimostra come la Giunta abbia preso la denatalità come un’opportunità per ridurre le sezioni di materna, risparmiare in qualche caso sugli affitti e spingere a più non posso sulla trasformazione in sezioni di nido per poter affermare di avere raggiunto, almeno sulla carta, l’azzeramento delle liste"".
Al contrario, accusa la consigliera di FdI, ""la Giunta non ha mai ascoltato chi lavora nei servizi 0-6 e da anni segnala l’esigenza di alleggerire i carichi di lavoro, potenziare l’organico per svolgere un lavoro così delicato e faticoso in condizioni migliori. La strada intrapresa è quella del depauperamento dei servizi 3-6, con zone della città che rimarranno meno servite e personale che perderà la sede di lavoro e gruppi di lavoro smembrati"". Ancora una volta, ""s’indeboliscono i servizi 0-6 e non si dà soluzione a problemi annosi. Anche su questo l’avanzo di bilancio poteva essere in parte investito, ma il sindaco ha scelto la propaganda elettorale""."
20261003040000,Huffpost Italia,https://www.huffingtonpost.it/salute/dossier/festival-salute-2026/2026/10/03/news/medicina_di_precisione_quando_l_innovazione_arriva_davvero_al_paziente-425622185/,,,,,,srclc:ita,"La medicina di precisione non comincia necessariamente dal DNA. Per chi convive con una malattia cronica può significare qualcosa di molto più concreto: arrivare prima alla diagnosi, evitare esami inutili o troppo invasivi, capire rapidamente se una terapia sta funzionando e ridurre il peso dei controlli sulla vita quotidiana. È un cambio di prospettiva particolarmente evidente nelle malattie infiammatorie croniche intestinali (Mici), soprattutto malattia di Crohn e colite ulcerosa, che in Italia interessano circa 250 mila persone. Patologie che possono comparire anche in giovane età e avere un andamento molto diverso da una persona all’altra.
Il tempo perso prima della diagnosi
Uno dei problemi resta il ritardo diagnostico. Una metanalisi che ha raccolto i dati di oltre 112 mila pazienti ha stimato un tempo mediano di circa 8 mesi per la malattia di Crohn e 3,7 mesi per la colite ulcerosa. Nel Crohn, inoltre, una diagnosi più tardiva è stata associata a una maggiore probabilità di sviluppare forme penetranti e di dover ricorrere alla chirurgia.
Scopri il programma e iscriviti
L’impatto sulla quotidianità
Ma il peso della malattia non si misura soltanto negli esami clinici. Un’indagine dell’Associazione nazionale per le Malattie Infiammatorie Croniche dell’Intestino (Amici Italia Onlus) su 362 ragazzi tra i 7 e i 20 anni ha rilevato che circa il 40% aveva paura di utilizzare il bagno a scuola, mentre circa uno su quattro aveva subito episodi di derisione o bullismo legati alla patologia. Solo il 17% riferiva di avere accesso a un Piano didattico personalizzato o a un insegnante di sostegno. “Per un paziente la precisione non significa soltanto ricevere il farmaco più adatto”, sottolinea Salvo Leone, direttore generale di Amici Italia Onlus. “Significa anche avere una diagnosi tempestiva, controlli commisurati al proprio rischio, meno esami invasivi e un percorso che interferisca il meno possibile con scuola, lavoro, famiglia e relazioni. L’innovazione ha valore quando migliora concretamente la qualità della vita”.
Non fare più esami, ma quelli giusti
La medicina di precisione viene spesso associata a genomica, intelligenza artificiale e terapie personalizzate. In realtà comprende anche strumenti già entrati nella pratica clinica, come i biomarcatori. Il principio è semplice: non aumentare indiscriminatamente il numero degli esami, ma scegliere quello capace di rispondere alla domanda clinica giusta nel momento giusto. Perché un test ha valore soltanto se il risultato può orientare una decisione: approfondire una diagnosi, monitorare l’attività della malattia oppure modificare un trattamento. “La diagnostica sta cambiando ruolo: non serve più soltanto a dare un nome a una malattia, ma sempre più spesso aiuta a capire quale paziente abbia bisogno di un approfondimento, come monitorarlo e quando intervenire”, spiega Gabriele Allegri, presidente Divisione Immunodiagnostica di Diasorin. “La vera sfida della medicina di precisione è trasformare un dato biologico affidabile in una decisione clinica utile, evitando sia il sottoutilizzo sia l’eccesso di test”.
La calprotectina, un esempio di monitoraggio meno invasivo
Nelle Mici un esempio già consolidato è rappresentato dalla calprotectina fecale, una proteina che può essere misurata attraverso un campione di feci e che fornisce informazioni sulla presenza di infiammazione a livello intestinale. Può contribuire a distinguere, in contesti appropriati, una malattia infiammatoria intestinale da disturbi funzionali come la sindrome dell’intestino irritabile e viene utilizzata anche nel monitoraggio della malattia. Rispetto a indici generali di infiammazione misurati nel sangue, ha il vantaggio di fornire un segnale più direttamente collegato all’intestino. Non sostituisce da sola gli altri strumenti diagnostici, ma mostra come un biomarcatore possa rendere alcuni passaggi del percorso più mirati e meno invasivi. “Il valore di un biomarcatore non sta semplicemente nella possibilità di produrre un risultato in laboratorio”, aggiunge Allegri. “Conta soprattutto il modo in cui quell’informazione viene integrata con gli altri dati clinici e utilizzata per prendere decisioni più tempestive e appropriate”.
La precisione deve riguardare anche l’organizzazione
Ma essere più precisi dal punto di vista diagnostico non basta. Un test utile disponibile soltanto in alcuni centri, oppure difficile da inserire nei percorsi regionali, può aumentare anziché ridurre le differenze tra i pazienti. Servono, quindi, reti tra centri specialistici e territorio, professionisti formati, tempi di accesso adeguati e un riferimento chiaro lungo il percorso. L’obiettivo è evitare che siano le persone con una malattia cronica a dover individuare da sole il centro appropriato o coordinare tra loro specialisti, esami e servizi. “Non possiamo chiedere al paziente di diventare il case manager di se stesso”, osserva Leone. “Una persona dovrebbe poter ricevere la stessa qualità di assistenza indipendentemente dal luogo in cui vive o dalle proprie possibilità economiche. E quando parliamo di equità non intendiamo dare a tutti la stessa risposta, ma riconoscere che bisogni diversi richiedono risposte diverse”.
Età, genere e vita quotidiana
Personalizzare significa, infatti, considerare non soltanto la biologia della malattia ma anche la persona che ci convive. Un giovane può avere bisogno di conciliare visite e controlli con scuola, università, lavoro, relazioni e progetti futuri. Una persona anziana può avere altre patologie, assumere numerosi farmaci, incontrare maggiori difficoltà negli spostamenti o vivere sola. Anche genere, fertilità, sessualità e progetto genitoriale possono incidere sui bisogni di cura, così come lingua e cultura in una società sempre più multiculturale.
La possibilità di continuare a vivere pienamente
E cambia anche l’intensità dell’assistenza necessaria: una persona con una forma aggressiva di Crohn o colite ulcerosa necessita di accesso rapido agli specialisti e controlli più ravvicinati, mentre chi attraversa una fase stabile può essere monitorato con modalità meno gravose. “La medicina di precisione deve riuscire a conoscere la malattia, ma anche la persona che ci vive”, conclude Leone. “Il risultato non dovrebbe essere soltanto un parametro clinico migliore, ma la possibilità di continuare a studiare, lavorare, avere relazioni e costruire il proprio futuro senza che tutta la vita venga organizzata intorno alla malattia”.
Quando l’innovazione diventa davvero innovazione
L’Italia dispone anche di competenze industriali e di ricerca nella diagnostica di precisione. Ma il passaggio decisivo resta quello tra innovazione tecnologica e innovazione sanitaria. “Un nuovo test diventa davvero innovativo quando non resta confinato al laboratorio, ma entra in un percorso clinico, viene utilizzato con criteri appropriati e contribuisce a migliorare le decisioni per il paziente”, sintetizza Allegri. La sfida della medicina di precisione, quindi, non è soltanto sviluppare strumenti sempre più sofisticati. È fare in modo che diagnosi e monitoraggio diventino più tempestivi, meno invasivi e accessibili, così che la precisione non riguardi soltanto la malattia, ma anche la vita di chi deve conviverci.
Appuntamento con il Talk “Medicina di precisione: quando l’innovazione è made in Italy” al Festival della Salute il prossimo 15 ottobre alle ore 9.40 presso l’Aula Magna dell’Università di Padova con Giuseppe Coppolino, past president dell’Associazione nazionale per le Malattie Infiammatorie Croniche dell’Intestino (Amici Onlus), e con Gabriele Allegri, presidente Divisione Immunodiagnostica di Diasorin."
20261003040000,Ntr 24,https://www.ntr24.tv/2026/10/03/territori-in-bilico-clima-il-sud-rischia-di-diventare-piu-fragile/,,,,,,srclc:ita,"ECONOMIA
Territori in bilico – Clima, il Sud rischia di diventare più fragile
Ascolta la lettura dell'articolo
C’è un pezzo di Mezzogiorno che rischia di pagare il prezzo più alto del cambiamento climatico. È quello dei territori interni, che da anni fanno i conti con lo spopolamento, l’invecchiamento della popolazione, la riduzione dei servizi, le difficoltà nei collegamenti e una progressiva perdita di peso economico e demografico.
La Svimez, in una recente pubblicazione, la definisce “disuguaglianza climatica”. Il cambiamento climatico, si legge nell’analisi, rischia di agire come un moltiplicatore delle fragilità territoriali e di trasformarsi in un fattore strutturale di emarginazione. Nel Mezzogiorno l’impatto economico potrebbe essere particolarmente pesante: la contrazione del PIL viene stimata tra l’1 e il 3%, con punte superiori al 4% in Campania e Sicilia. Per la Campania il costo potrebbe aggirarsi intorno al mezzo miliardo di euro, senza considerare gli effetti indiretti.
Numeri che rischiano di sembrare lontani dalla vita quotidiana. Ma basta guardare a quello che abbiamo vissuto quest’anno per capire che il problema non appartiene soltanto alle statistiche. L’aumento delle temperature incide negativamente sulla resa agricola, sulla salute della popolazione, con maggiori costi per il sistema sanitario e sulla produttività del lavoro. E, influenzando la produttività, può avere un impatto negativo sull’industria e sui servizi.
Il cambiamento climatico, insomma, rischia di trasformare problemi già conosciuti in problemi ancora più grandi. È questo il passaggio che non possiamo permetterci di ignorare.
Un territorio che perde abitanti ha meno risorse e meno capacità amministrativa. Un territorio che ha meno capacità amministrativa può incontrare maggiori difficoltà nel programmare interventi di prevenzione. E un territorio più fragile diventa inevitabilmente più vulnerabile quando arrivano eventi estremi.
È un circolo vizioso. Secondo Svimez, la capacità di adattarsi non è uguale dappertutto e la crisi climatica può quindi accentuare divari territoriali già esistenti. Per la Campania vengono indicati livelli di esposizione alla desertificazione compresi, a seconda delle aree, tra il 30 e il 50 per cento del territorio.
E dentro questa trasformazione c’è anche il tema dell’energia. La transizione energetica rappresenta uno degli ambiti attraverso cui il Mezzogiorno dovrà affrontare gli effetti del cambiamento climatico. Non riguarda soltanto la riduzione delle emissioni, ma anche la capacità dei territori di rendere più efficienti gli edifici, sviluppare le fonti rinnovabili e utilizzare strumenti come le Comunità energetiche.
Perché il vero rischio non è soltanto avere estati più calde o precipitazioni più violente. Il rischio è che il cambiamento climatico diventi l’ennesimo motivo per cui vivere lontano dai grandi centri diventa più difficile.
E allora la sfida climatica diventa anche una sfida contro lo spopolamento. Difendere questi territori dal clima che cambia significa, in fondo, difendere la possibilità stessa di continuare ad abitarli."
20261003032356,Il Giorno,https://www.ilgiorno.it/lecco/cronaca/aiuti-alle-famiglie-spese-scolastiche-66390021,,,,,,srclc:ita,"Istruzione veramente gratuita contro i disastri dell’overturism sul lago di Como. Per contrastare il caro-vita, la denatalità e lo spopolamento della Piccola perla per Lario, a Varenna sono garantiti contributi e rette pagate per i bimbi dell’asilo, libri e scuolabus gratis per tutti gli alunni di elementari e medie e una mancia di 400 euro ogni studente delle superiori.
""Siamo consapevoli che un contributo economico, da solo, non basta a invertire una tendenza demografica che ha radici profonde e comuni a moltissimi paesi turistici come il nostro – spiega il sindaco Mauro Manzoni, 46 anni, al suo secondo mandato in fasci tricolore, che di professione tra l’altro è un insegnante – Il vero ostacolo infatti non è la scuola, ma la casa. A Varenna trovare un affitto a prezzi sostenibili è quasi impossibile, e anche l’acquisto di un’abitazione è un traguardo fuori portata per tanti"".
La maggior parte degli appartamenti sono stati trasformati in B&B per ricchi stranieri, bar e ristoranti hanno sostituito quasi tutti i negozi di vicinato, tutto costa di più, e chi può vende, incassa e scappa. I residenti che nel 2019 erano 750, sono crollati a 650 e in centro paese si contano appena una trentina di persone. Gli scolari che frequentano le primarie sono 18, le secondarie di primo grado 11, costretti tutti a migrare quotidianamente a Bellano, Lierna o altrove perché nel borgo non ci sono né elementari né medie.
Per le nuove misure con il Piano per il diritto allo studio sono stati stanziati più di 130mila euro, il doppio del 2025, mentre il contributo di nemmeno 6mila euro che veniva chiesto ai genitori è stato completamente azzerato. Sono tanti soldi per una realtà piccola come Varenna e non arrivano dalla tassa di soggiorno. ""Sottolineo con chiarezza che queste risorse non provengono dall’imposta di soggiorno"", conferma il sindaco di quello che è diventato suo malgrado un villaggio turistico. Lo vieta la legge.
""I fondi provengono dal bilancio comunale ordinario, frutto di un’attenta e rigorosa gestione delle risorse pubbliche che ha permesso di liberare margini da destinare al sostegno delle famiglie e dei più giovani, nonostante il costante taglio dei trasferimenti statali agli enti locali - sottolinea il primo cittadino -. Chi ha già un figlio piccolo a Varenna, o deciderà di averlo, non si deve sentire mai solo. Siamo convinti che investire sui giovani cittadini di Varenna, dal primo giorno di nido fino all’università, sia il modo migliore per investire sul futuro del nostro paese""."
20261002212406,Napoli Da Vivere,https://www.napolidavivere.it/2026/10/02/weekend-napoli-ottobre-2026/,,,,,,srclc:ita,"Cosa fare in città dall’1 al 4 ottobre luglio 2026? concerti, teatro, visite guidate, mostre, cinema e non solo
Anche dall’1 al 4 ottobre 2026 sempre tanti eventi a Napoli nel weekend: spettacoli teatrali, concerti, visite guidate, mostre, cinema, iniziative gratuite e appuntamenti per famiglie.
Eventi a Napoli nel weekend dall’1 al 4 ottobre 2026: cosa fare in città
Spettacoli e concerti a Napoli nel weekend
Napoli città d’arte: visite guidate ed eventi per scoprire la città
Altri eventi, sagre e feste e idee all’aperto a Napoli
Mostre a Napoli da vedere nel weekend
Cosa vedere a Napoli nel weekend
Altre guide per il weekend a Napoli e in Campania
- Sagre e feste in Campania dall’1 al 4 ottobre 2026
- Weekend vicino a Napoli e in Campania dall’1 al 4 ottobre 2026
- Cosa fare a Napoli durante la settimana dall’1 al 4 ottobre 2026
- Le mostre a Napoli in questo periodo
© Napoli da Vivere 2026 – riproduzione riservata – Questo post è un contenuto originale di Napoli da Vivere e pertanto protetto da copyright. La sua copia è vietata e la sua riproduzione anche parziale deve essere autorizzata."
