date_str,source,url,themes,locations,persons,organizations,tone,translation_info,full_text
20260703191758,La Gazzetta Del Mezzogiorno,https://www.lagazzettadelmezzogiorno.it/news/ultima-ora/2039905/italia-uzbekistan-farci-canale-trasparente-per-collegare-imprese-e-manodopera.html,,,,,,srclc:ita,"Venerdì 03 Luglio 2026, 20:24
ROMA (ITALPRESS) – “L’Uzbekistan in questo momento attraversa un boom demografico”, nel Paese ci sono “40 milioni di abitanti, il 60% sotto i 30 anni” e la crescita è di “un milione di abitanti l’anno. C’è una disponibilità importante di manodopera” e “c’è stato un accordo sul decreto flussi firmato dal nostro presidente del Consiglio, Giorgia Meloni, che ha aperto un canale di comunicazione nell’ambito del lavoro e nella migrazione tra l’Italia e l’Uzbekistan. Il mio ruolo è fare in modo che venga instaurato un canale semplice, trasparente e diretto con le autorità uzbeke, per fare in modo che questa manodopera possa entrare in contatto con i giusti partner in Italia, e che i partner italiani possano identificare il partner corretto in Uzbekistan, che è sicuramente l’Agenzia per la Migrazione dello Stato dell’Uzbekistan”. Così Marco Farci, vicepresidente della Camera di Commercio Italia-Uzbekistan, intervistato dall’agenzia Italpress. “E’ estremamente importante che questi canali siano gestiti nel modo corretto, perchè dietro alla migrazione regolare di manodopera c’è anche del lavoro amministrativo e burocratico importante che deve essere espletato con le autorità competenti, sia uzbeke che italiane”, spiega. Gli uzbeki “in questo momento offrono manodopera sia qualificata – ad esempio in ambito sanitario”, un settore “che da noi attraversa una carenza di personale importante -, sia generica: si stanno sviluppando diversi progetti nell’ambito dell’agricoltura, della logistica, per esempio delle costruzioni. Sicuramente l’Uzbekistan non è di primo pelo nell’esportazione di manodopera: lo stanno già facendo molto bene con i tedeschi, con i francesi, con anche paesi più lontani come il Giappone”. In generale “la figura dell’operatore uzbeko è stata già riconosciuta come affidabile e impiegabile all’interno di un contesto europeo”, sottolinea Farci. “Noi ci stiamo inserendo in un quadro di impiego di manodopera già consolidato con altri Paesi europei. L’Uzbekistan si sta ponendo nel mondo come un fornitore di personale, anche realizzando dei centri di formazione pre-partenza e di formazione tecnica per il personale che deve andare all’estero, in base all’esigenza che può venire da un ente pubblico, da un’associazione di categoria o dalle imprese. Sono stati anche fatti degli accordi per fornire l’insegnamento della lingua italiana certificato sul posto, tramite diversi strumenti”. Le prospettive sono quelle di arrivare quantomeno a un ingresso di manodopera come gli altri paesi: l’Italia affronta un tema di carenza come tutto il quadro europeo, ma in questo momento sicuramente ci sono paesi che stanno dando una risposta molto più forte rispetto a noi. Abbiamo la fortuna che questo governo ha sottoscritto questi accordi”, dobbiamo “sfruttarli al meglio. Questo è un canale sicuro, che dà la certezza di chi viene e di che preparazione ha. Il messaggio che voglio lanciare è che siamo a disposizione” di imprese e istituzioni “per sviluppare questi progetti, per renderli veri. Molti uzbeki studiano già in Italia – tre università italiane hanno aperto delle sedi congiunte in Uzbekistan – e molti di loro sognano di venire in questo paese. E’ una bellissima situazione win-win per entrambe le parti: noi abbiamo bisogno di lavoratori, loro sono felici di dare un contributo al nostro Paese”, conclude Farci. Per informazioni si può contattare Marco Farci alla mail Marco.farci@ciuz.info -foto Italpress- (ITALPRESS)"
20260703185346,Agenzia Giornalistica Italia,https://www.agi.it/estero/news/2026-07-03/peste-preistorica-crollo-demografico-37854953/,,,,,,srclc:ita,"AGI - Una grande epidemia di peste potrebbe aver scatenato un crollo prolungato della popolazione in Europa nel tardo Neolitico, circa tra i 5.600 e i 4.000 anni fa. Questa è la conclusione a cui sono arrivati gli studiosi Ruairidh Macleod, ricercatore post-dottorato all'Università di Oxford, e Stephen Shennan, docente di Archeologia teoretica all'UCL di Londra, nello studio intitolato ""Prehistoric plague could have caused population collapse in stone age Europe"" e pubblicato sulla rivista scientifica The Conversation.
Quello che non era chiaro finora al mondo scientifico e archeologico è se i primi ceppi del batterio della peste fossero anche letali, ma ora nuove prove dimostrano che lo erano, anche se ci sono altri fattori che non combaciano per sostenere appieno la tesi di un’epidemia tardo-neolitica. Il DNA della peste trovato nei resti umani di oltre 4.000 anni fa è geneticamente abbastanza diverso dai ceppi di peste che causarono la Peste Nera in Europa perché quelli preistorici della peste mancano di un gene che permette ai batteri di sfruttare efficacemente le pulci, trasformandole in sistemi di trasmissione della peste bubbonica. Le rilevazioni di casi di peste preistorica erano anche piuttosto sparse nei contesti archeologici, senza prove di mortalità di massa durante i focolai, almeno fino a tempi molto recenti.
La diffusione della peste
Ciò ha fatto sì che i ricercatori dibattessero sul fatto che queste infezioni causate dal batterio della peste Yersinia pestis fossero una condanna a morte durante la preistoria, o qualcosa di più simile a un mal di stomaco che solo occasionalmente provoca complicazioni gravi, come il parente della peste, Yersinia pseudotuberculosis. Tuttavia, la scoperta di molti casi di peste in Europa più o meno nello stesso periodo di un importante calo demografico nel tardo Neolitico ha portato alcuni a considerare queste epidemie di peste come la causa di circa 500 anni di prolungato calo della popolazione.
Nuovi risultati pubblicati sulla rivista scientifica Nature mostrano vaste epidemie di peste tra i cacciatori-raccoglitori preistorici a 5.000 chilometri a est dell’Europa, precisamente sul Lago Bajkal nella Siberia meridionale. I dati mostrano chiaramente che i ceppi di peste antichi potevano davvero causare morti di massa. I due focolai al Lago Bajkal si sono verificati rispettivamente 5.500 e 5.000 anni fa. In quel contesto, gli archeologi hanno notato (grazie alla datazione al radiocarbonio) che le morti erano avvenute nello stesso periodo e che c'era una proporzione insolitamente alta di bambini e adolescenti deceduti.
Tuttavia non c'erano indicazioni chiare sulla causa delle morti. Almeno finché gli scienziati non hanno recuperato il DNA della peste dagli scheletri e hanno eseguito analisi genetiche degli individui sepolti nei cimiteri: quest'ultima analisi ha rivelato che erano coinvolti piccoli gruppi familiari, il che indica una trasmissione della malattia da persona a persona. Più precisamente, è emerso che giovani fratelli siano morti per infezione da peste e siano stati sepolti in tombe condivise, con i genitori sepolti a loro volta vicino ai bambini. Un'interpretazione data dagli scienziati è quella secondo cui la peste sia stata trasmessa dagli animali selvatici sia in Europa che nell'area del Lago Bajkal.
Gli scettici
Il calo della popolazione di 5.600 anni fa non è l'unico che gli archeologi hanno riscontrato: esempi precedenti dall'Europa centrale e sud-orientale suggeriscono che questi potrebbero essere stati parte di un modello ciclico di sviluppo e crisi durante il Neolitico. Tuttavia, l'ipotesi secondo cui la peste preistorica possa aver causato il calo demografico durante il Neolitico non ha convinto tutti gli studiosi. C'è chi attribuisce un'altra spiegazione al declino demografico, come suggerisce l’archeologa canadese Amy Bogaard, docente di Archeologia del Neolitico e dell'Età del Bronzo all'Università di Oxford: potrebbe trattarsi di una dispersione prolungata della popolazione, piuttosto che di un vero e proprio calo dei numeri, costretta a spostarsi verso aree con densità di popolazione più basse, a causa di un eccessivo sfruttamento delle risorse."
20260703163220,Cremonaoggi It,https://www.cremonaoggi.it/2026/07/03/carenza-di-manodopera-in-italia-un-canale-diretto-con-luzbekistan/,,,,,,srclc:ita,"Video Pillole
                
              
              
              
            
              Carenza di manodopera in Italia, un canale diretto con l’Uzbekistan
            
            
                      
 ROMA (ITALPRESS) – La popolazione dell’Uzbekistan si sta avvicinando ai 40 milioni di abitanti e aumenta al ritmo di un milione di nascite all’anno. Un boom demografico che è risorsa importante per il paese e non solo, ma che comporta anche sfide significative, come la necessità di creare nuovi posti di lavoro. Marco Farci, vicepresidente della Camera di Commercio Italia-Uzbekistan, in un’intervista all’Italpress spiega perché è importante che la manodopera uzbeka possa avvalersi di un canale semplice, trasparente e diretto con le autorità locali per entrare in contatto con i giusti partner in Italia, uno dei paesi europei che affrontano carenze importanti di manodopera in alcuni settori.
azn/col4/abr/red
              azn/col4/abr/red
                © Riproduzione riservata"
20260703161307,Udinetoday,https://www.udinetoday.it/salute/cgil-fvg-sanita-territoriale-case-comunita-vuote.html,,,,,,srclc:ita,"Sanità in Fvg, Cgil: ""200mila senza medico, le case di comunità restano vuote""
Il sindacato lancia l'allarme: case di comunità vuote e distretti smantellati
La sanità del Friuli Venezia Giulia rischia di perdere la sua vocazione pubblica e universale. È l'allarme lanciato dalla Cgil regionale nel corso di un'iniziativa svoltasi al Cinema Ariston di Trieste, dove il segretario generale Michele Piga ha denunciato il progressivo smantellamento della sanità territoriale e la deriva verso un modello basato sulla sola erogazione di prestazioni, spesso affidate ai privati.
Quasi 200mila cittadini senza medico di base
L'appuntamento si inserisce nel percorso avviato dal sindacato con il documento ‘L'importante è la salute’ già al centro della manifestazione regionale del 4 aprile 2025, promossa insieme al coordinamento salute Fvg e di un confronto tuttora aperto con comitati, associazioni, organizzazioni sociali e forze politiche impegnate nella difesa del servizio sanitario pubblico.
I dati portati da Piga sono allarmanti: quasi 200mila cittadini del Friuli Venezia Giulia sono privi di medico di medicina generale, soprattutto nelle aree interne e nei piccoli centri. Al tempo stesso cresce il numero di persone che rinunciano alle cure per le lunghe liste d'attesa o per l'impossibilità di sostenere i costi della sanità privata: un fenomeno che colpisce il 10 per cento dei cittadini, con punte superiori al 20 per cento tra gli anziani.
“La domanda da cui partire – ha affermato Piga – è se il nostro sistema sanitario sia ancora davvero equo, accessibile e universale. I numeri dicono di no”.
Il peso del declino demografico
La Cgil mette in guardia anche sul contesto demografico. Entro il 2050 la regione perderà quasi 100mila residenti in età lavorativa (15-64 anni), mentre la quota di over 65 salirà dall'attuale 28 per cento al 35 per cento. Un quadro che, secondo il sindacato, rende ancora più urgente un cambio di rotta, proprio mentre i servizi territoriali vengono progressivamente indeboliti.
“Abbiamo assistito – ha proseguito Piga – alla sostanziale cancellazione del ruolo dei distretti, al ridimensionamento dei servizi di salute mentale e dei consultori, alla rottura dell'integrazione tra sanità e servizi sociali e alla progressiva sostituzione della presa in carico con un modello basato sulla sola erogazione di prestazioni, spesso affidate al privato. È venuta meno la continuità assistenziale tra territorio e ospedale, con il risultato di penalizzare soprattutto le persone più fragili”.
Le case di comunità rischiano di restare vuote
Particolarmente critica, per la Cgil, anche l'attuazione del Pnrr sul territorio: “Abbiamo visto soprattutto investimenti edilizi, cambi di denominazione e inaugurazioni, ma le case di comunità rischiano di restare contenitori vuoti, privi di personale e di una reale integrazione con il sistema territoriale”.
Il sindacato chiede alla giunta regionale un'inversione di rotta netta. Nelle parole di Piga: “Chiediamo con forza che si intenda il servizio sanitario come un vero e proprio sistema composto da realtà ospedaliere e territoriali e dai servizi sociali, che agiscano in sinergia per obiettivi di salute comuni. Non condividiamo la scelta della parcellizzazione dei servizi, della creazione di mille strutture impermeabili tra loro, della moltiplicazione dei riferimenti, della separazione tra sanità e sociale, addirittura della contrapposizione tra presidi ospedalieri messi uno contro l'altro. Bisogna ritrovare nel distretto la regia di questo sistema sociosanitario, ridare dignità ai servizi della salute mentale, delle dipendenze, della prevenzione, ripensare al ruolo del personale che è una risorsa culturale e professionale e non solo mano d'opera, valorizzare la partecipazione delle comunità nelle scelte a partire dal ruolo dei sindaci, troppo spesso chiamati solo ad avvallare supinamente scelte imposte dall'alto, non a rappresentare i bisogni della loro popolazione. Chiediamo che ci sia trasparenza e confronto sia sulla valutazione delle attività sia sulle scelte di programmazione, cosa finora sempre negata”.
La Cgil nazionale: leggi popolari in arrivo
A concludere l'iniziativa è stato Cristiano Zagatti, responsabile integrazione politiche socio-sanitarie e contrattazione territoriale della Cgil nazionale. “Un forte rilancio dell'intervento pubblico e della partecipazione democratica al governo del sistema – ha detto Zagatti – sono il requisito indispensabile per fermare il declino della sanità pubblica e per garantire nei fatti il diritto universale alla salute. Per questo la Cgil è impegnata nelle iniziative di legge popolare sulla sanità e sugli appalti, che saranno presentate nei prossimi mesi, forti di un obiettivo minimo di firme già largamente superato nei primissimi giorni di campagna, a maggio, e di una straordinaria mobilitazione popolare che sta proseguendo su tutto il territorio nazionale sia con iniziative sul territorio che nei luoghi di lavoro”.
UdineToday è anche su Mobile! Scarica l’App per rimanere sempre aggiornato."
20260703161307,Triesteprima,https://www.triesteprima.it/salute/cgil-fvg-sanita-territoriale-case-comunita-vuote.html,,,,,,srclc:ita,"Sanità in Fvg, Cgil: ""200mila senza medico, le case di comunità restano vuote""
Il sindacato lancia l'allarme: case di comunità vuote e distretti smantellati
La sanità del Friuli Venezia Giulia rischia di perdere la sua vocazione pubblica e universale. È l'allarme lanciato dalla Cgil regionale nel corso di un'iniziativa svoltasi al Cinema Ariston di Trieste, dove il segretario generale Michele Piga ha denunciato il progressivo smantellamento della sanità territoriale e la deriva verso un modello basato sulla sola erogazione di prestazioni, spesso affidate ai privati.
Quasi 200mila cittadini senza medico di base
L'appuntamento si inserisce nel percorso avviato dal sindacato con il documento ‘L'importante è la salute’ già al centro della manifestazione regionale del 4 aprile 2025, promossa insieme al coordinamento salute Fvg e di un confronto tuttora aperto con comitati, associazioni, organizzazioni sociali e forze politiche impegnate nella difesa del servizio sanitario pubblico.
I dati portati da Piga sono allarmanti: quasi 200mila cittadini del Friuli Venezia Giulia sono privi di medico di medicina generale, soprattutto nelle aree interne e nei piccoli centri. Al tempo stesso cresce il numero di persone che rinunciano alle cure per le lunghe liste d'attesa o per l'impossibilità di sostenere i costi della sanità privata: un fenomeno che colpisce il 10 per cento dei cittadini, con punte superiori al 20 per cento tra gli anziani.
“La domanda da cui partire – ha affermato Piga – è se il nostro sistema sanitario sia ancora davvero equo, accessibile e universale. I numeri dicono di no”.
Il peso del declino demografico
La Cgil mette in guardia anche sul contesto demografico. Entro il 2050 la regione perderà quasi 100mila residenti in età lavorativa (15-64 anni), mentre la quota di over 65 salirà dall'attuale 28 per cento al 35 per cento. Un quadro che, secondo il sindacato, rende ancora più urgente un cambio di rotta, proprio mentre i servizi territoriali vengono progressivamente indeboliti.
“Abbiamo assistito – ha proseguito Piga – alla sostanziale cancellazione del ruolo dei distretti, al ridimensionamento dei servizi di salute mentale e dei consultori, alla rottura dell'integrazione tra sanità e servizi sociali e alla progressiva sostituzione della presa in carico con un modello basato sulla sola erogazione di prestazioni, spesso affidate al privato. È venuta meno la continuità assistenziale tra territorio e ospedale, con il risultato di penalizzare soprattutto le persone più fragili”.
Le case di comunità rischiano di restare vuote
Particolarmente critica, per la Cgil, anche l'attuazione del Pnrr sul territorio: “Abbiamo visto soprattutto investimenti edilizi, cambi di denominazione e inaugurazioni, ma le case di comunità rischiano di restare contenitori vuoti, privi di personale e di una reale integrazione con il sistema territoriale”.
Il sindacato chiede alla giunta regionale un'inversione di rotta netta. Nelle parole di Piga: “Chiediamo con forza che si intenda il servizio sanitario come un vero e proprio sistema composto da realtà ospedaliere e territoriali e dai servizi sociali, che agiscano in sinergia per obiettivi di salute comuni. Non condividiamo la scelta della parcellizzazione dei servizi, della creazione di mille strutture impermeabili tra loro, della moltiplicazione dei riferimenti, della separazione tra sanità e sociale, addirittura della contrapposizione tra presidi ospedalieri messi uno contro l'altro. Bisogna ritrovare nel distretto la regia di questo sistema sociosanitario, ridare dignità ai servizi della salute mentale, delle dipendenze, della prevenzione, ripensare al ruolo del personale che è una risorsa culturale e professionale e non solo mano d'opera, valorizzare la partecipazione delle comunità nelle scelte a partire dal ruolo dei sindaci, troppo spesso chiamati solo ad avvallare supinamente scelte imposte dall'alto, non a rappresentare i bisogni della loro popolazione. Chiediamo che ci sia trasparenza e confronto sia sulla valutazione delle attività sia sulle scelte di programmazione, cosa finora sempre negata”.
La Cgil nazionale: leggi popolari in arrivo
A concludere l'iniziativa è stato Cristiano Zagatti, responsabile integrazione politiche socio-sanitarie e contrattazione territoriale della Cgil nazionale. “Un forte rilancio dell'intervento pubblico e della partecipazione democratica al governo del sistema – ha detto Zagatti – sono il requisito indispensabile per fermare il declino della sanità pubblica e per garantire nei fatti il diritto universale alla salute. Per questo la Cgil è impegnata nelle iniziative di legge popolare sulla sanità e sugli appalti, che saranno presentate nei prossimi mesi, forti di un obiettivo minimo di firme già largamente superato nei primissimi giorni di campagna, a maggio, e di una straordinaria mobilitazione popolare che sta proseguendo su tutto il territorio nazionale sia con iniziative sul territorio che nei luoghi di lavoro”.
TriestePrima è anche su Mobile! Scarica l’App per rimanere sempre aggiornato."
20260703154150,Cronachemaceratesi,https://www.cronachemaceratesi.it/2026/07/03/la-scuola-dellinfanzia-perde-una-sezione-il-comune-riferisca-in-consiglio-la-giunta-partita-ancora-aperta/2082455/,,,,,,srclc:ita,"«La scuola dell’infanzia perde una sezione 
 il Comune riferisca in Consiglio» 
 La Giunta: «Partita ancora aperta»
				
				PETRIOLO - Il consigliere comunale di minoranza Domenico Luciani: «Notizia preoccupante. Così si rischia di ridurre la capacità di accoglienza della scuola». L'amministrazione: «Qualcuno, spinto da rancori personali, ha preferito trasformare un procedimento in corso in una notizia definitiva»
«La scuola dell’infanzia di Petriolo perde una sezione. Una notizia preoccupante per la nostra comunità che rischia di ridurre la capacità di accoglienza della scuola. Porteremo la questione all’attenzione del consiglio comunale». A lanciare l’allarme è il consigliere comunale di minoranza di Petriolo Domenico Luciani. Sotto i riflettori la diminuzione di una classe alla scuola dell’infanzia Savini di Petriolo. Una riduzione disposta con il decreto del direttore generale dell’ufficio scolastico regionale per le Marche numero 768 del 5 maggio, con il quale sono stati definiti l’organico e le sezioni delle scuole dell’infanzia per il prossimo anno scolastico. L’amministrazione chiede calma perchè «il procedimento è ancora aperto. Il dirigente dell’istituto ha chiesto il personale necessario».
Per Luciani «si tratta di una notizia preoccupante per la nostra comunità, che rischia di produrre conseguenze negative sia nell’immediato sia in prospettiva futura. La soppressione di una sezione rischia infatti di ridurre la capacità di accoglienza della scuola, incidendo sull’organizzazione didattica, sui servizi offerti e, più in generale, sull’attrattività del nostro istituto scolastico. In un comune che da anni si confronta con lo spopolamento e con il calo demografico, ogni arretramento dei servizi essenziali rappresenta un ulteriore elemento di indebolimento della comunità.
La decisione appare ancora più grave se si considera che Petriolo è ricompreso nel cratere del sisma 2016, per il quale la normativa prevede specifiche deroghe finalizzate proprio a salvaguardare i servizi scolastici nei territori maggiormente colpiti dalle conseguenze del terremoto e dallo spopolamento. A rendere la vicenda ancora più incomprensibile è il fatto che il plesso della scuola dell’infanzia è attualmente interessato da un importante intervento di ampliamento, adeguamento sismico, riorganizzazione funzionale ed efficientamento energetico finanziato con risorse del Pnrr».
Una scelta che secondo il consigliere di minoranza «appare quindi profondamente contraddittoria. Da un lato si investono ingenti risorse pubbliche per realizzare una scuola più ampia, moderna, sicura ed efficiente e, nello stesso momento, si riduce l’offerta educativa attraverso la soppressione di una sezione. Si rischia così di depotenziare proprio il servizio che tali investimenti avrebbero dovuto rafforzare e valorizzare.
La riduzione da tre a due sezioni può incidere negativamente sulla qualità dell’offerta educativa e sull’organizzazione scolastica. Il mantenimento delle tre sezioni è infatti fondamentale per garantire una distribuzione più equilibrata degli alunni e una didattica maggiormente rispondente alle esigenze dei bambini. In particolare, i bambini di tre anni necessitano di tempi, spazi e attenzioni specifiche durante il delicato percorso di inserimento nella scuola dell’infanzia. Una maggiore disponibilità di sezioni consente un’accoglienza più serena, una migliore gestione dei gruppi e la possibilità, per il personale educativo, di dedicare la necessaria attenzione ai più piccoli, contribuendo così alla qualità complessiva del percorso formativo».
«Siamo a conoscenza del fatto che l’istituzione scolastica sta facendo tutto il possibile per richiedere comunque all’Usr l’assegnazione di un organico adeguato a tre sezioni – prosegue Luciani -, così da mantenere lo stesso livello di servizio che fino a oggi ha contraddistinto la nostra scuola. Ci auguriamo che almeno tale richiesta venga accolta.
Riteniamo tuttavia che debba essere ripristinata la terza sezione e che la questione debba assumere il massimo rilievo politico, istituzionale e mediatico».
Il consigliere tira per la giacchetta il Comune che «deve mettere in campo tempestivamente tutte le iniziative possibili per sostenere il ripristino della terza sezione. Chiediamo inoltre a tutti i cittadini che hanno a cuore il destino delle nostre scuole di attivarsi, per quanto possibile, affinché venga scongiurata questa riduzione. Porteremo la questione all’attenzione del consiglio comunale, chiedendo all’amministrazione di riferire pubblicamente sulle iniziative intraprese nei confronti dell’ufficio scolastico regionale e sulle azioni che intende intraprendere per ripristinare e mantenere la terza sezione della scuola dell’infanzia. Chiederemo inoltre di conoscere lo stato dei lavori delle scuole e quali misure concrete il comune intenda adottare per incrementare il numero degli iscritti non solo alla scuola dell’infanzia, ma a tutti gli ordini scolastici presenti a Petriolo».
Intanto l’amministrazione fa sapere che da un lato «il Comune non decide né l’organizzazione delle sezioni né l’assegnazione del personale docente». Però promettono che non resteranno a guardare. «Già il 17 aprile il sindaco Matteo Santinelli ha scritto all’Ufficio scolastico regionale, all’Ambito territoriale di Macerata, al commissario straordinario per la ricostruzione, senatore Guido Castelli, e ad alcuni parlamentari, chiedendo il ripristino della sezione attraverso le deroghe previste per i Comuni del cratere sismico.
Il 23 aprile il dirigente dell’Ambito territoriale ha comunicato che la richiesta avrebbe potuto essere ripresentata con l’“organico sisma”. Nello stesso giorno abbiamo incontrato il dirigente scolastico, le insegnanti e i rappresentanti dei genitori per informarli della situazione e delle concrete possibilità di ottenere il mantenimento della sezione.
Nel frattempo il commissario Castelli ha confermato pubblicamente l’avvenuto finanziamento delle classi in deroga. Il 30 giugno è stata pubblicata la circolare ministeriale per i posti aggiuntivi e il primo luglio il dirigente del nostro istituto comprensivo ha formalmente richiesto il personale necessario. Oggi il Comune ha inviato una nuova lettera all’Ufficio scolastico regionale, sostenendo con forza tale richiesta.
Questi sono i fatti».
«Dispiace constatare che, ancora una volta – prosegue l’amministrazione -, qualcuno, spinto da rancori personali, abbia preferito trasformare una fase ancora aperta del procedimento in una presunta verità definitiva, diffondendo soltanto le notizie utili ad alimentare la polemica e omettendo quelle che raccontavano il lavoro svolto per risolvere il problema.
Un’informazione incompleta può generare soltanto confusione e preoccupazione tra i genitori. Ed è ancora più grave quando riguarda la scuola e il futuro dei nostri bambini.
In questi anni Petriolo ha già conosciuto campagne di allarmismo su altre questioni che il tempo ha poi puntualmente smentito. Anche questa volta preferiamo non inseguire le polemiche.
Noi continueremo a fare ciò che abbiamo sempre fatto: lavorare con discrezione, collaborando con la dirigenza scolastica e con tutte le istituzioni competenti, seguendo ogni passaggio della procedura fino alla sua conclusione».
L’amministrazione comunale fa sapere che continuerà a fare «tutto quanto è nelle proprie competenze affinché la sezione venga confermata, mettendo al primo posto, come sempre, l’interesse dei bambini e della comunità»."
20260703151003,Targatocn.it,https://www.targatocn.it/2026/07/03/leggi-notizia/articolo/italia-uzbekistan-farci-canale-trasparente-per-collegare-imprese-e-manodopera.html,,,,,,srclc:ita,"ROMA (ITALPRESS) - ""L'Uzbekistan in questo momento attraversa un boom demografico"", nel Paese ci sono ""40 milioni di abitanti, il 60% sotto i 30 anni"" e la crescita è di ""un milione di abitanti l'anno. C'è una disponibilità importante di manodopera"" e ""c'è stato un accordo sul decreto flussi firmato dal nostro presidente del Consiglio, Giorgia Meloni, che ha aperto un canale di comunicazione nell'ambito del lavoro e nella migrazione tra l'Italia e l'Uzbekistan. Il mio ruolo è fare in modo che venga instaurato un canale semplice, trasparente e diretto con le autorità uzbeke, per fare in modo che questa manodopera possa entrare in contatto con i giusti partner in Italia, e che i partner italiani possano identificare il partner corretto in Uzbekistan, che è sicuramente l'Agenzia per la Migrazione dello Stato dell'Uzbekistan"". Così Marco Farci, vicepresidente della Camera di Commercio Italia-Uzbekistan, intervistato dall'agenzia Italpress. ""E' estremamente importante che questi canali siano gestiti nel modo corretto, perchè dietro alla migrazione regolare di manodopera c'è anche del lavoro amministrativo e burocratico importante che deve essere espletato con le autorità competenti, sia uzbeke che italiane"", spiega. Gli uzbeki ""in questo momento offrono manodopera sia qualificata - ad esempio in ambito sanitario"", un settore ""che da noi attraversa una carenza di personale importante -, sia generica: si stanno sviluppando diversi progetti nell'ambito dell'agricoltura, della logistica, per esempio delle costruzioni. Sicuramente l'Uzbekistan non è di primo pelo nell'esportazione di manodopera: lo stanno già facendo molto bene con i tedeschi, con i francesi, con anche paesi più lontani come il Giappone"". In generale ""la figura dell'operatore uzbeko è stata già riconosciuta come affidabile e impiegabile all'interno di un contesto europeo"", sottolinea Farci. ""Noi ci stiamo inserendo in un quadro di impiego di manodopera già consolidato con altri Paesi europei. L'Uzbekistan si sta ponendo nel mondo come un fornitore di personale, anche realizzando dei centri di formazione pre-partenza e di formazione tecnica per il personale che deve andare all'estero, in base all'esigenza che può venire da un ente pubblico, da un'associazione di categoria o dalle imprese. Sono stati anche fatti degli accordi per fornire l'insegnamento della lingua italiana certificato sul posto, tramite diversi strumenti"". Le prospettive sono quelle di arrivare quantomeno a un ingresso di manodopera come gli altri paesi: l'Italia affronta un tema di carenza come tutto il quadro europeo, ma in questo momento sicuramente ci sono paesi che stanno dando una risposta molto più forte rispetto a noi. Abbiamo la fortuna che questo governo ha sottoscritto questi accordi"", dobbiamo ""sfruttarli al meglio. Questo è un canale sicuro, che dà la certezza di chi viene e di che preparazione ha. Il messaggio che voglio lanciare è che siamo a disposizione"" di imprese e istituzioni ""per sviluppare questi progetti, per renderli veri. Molti uzbeki studiano già in Italia - tre università italiane hanno aperto delle sedi congiunte in Uzbekistan - e molti di loro sognano di venire in questo paese. E' una bellissima situazione win-win per entrambe le parti: noi abbiamo bisogno di lavoratori, loro sono felici di dare un contributo al nostro Paese"", conclude Farci. Per informazioni si può contattare Marco Farci alla mail Marco.farci@ciuz.info-foto Italpress-(ITALPRESS)
In Breve
Accadeva un anno fa
					Cronaca
				
				
			  
					Curiosità
				
				
			  
					Attualità"
20260703151003,Il Tempo,https://www.iltempo.it/italpress/2026/07/03/news/italia-uzbekistan-farci-canale-trasparente-per-collegare-imprese-e-manodopera--48417615/,,,,,,srclc:ita,"Italia-Uzbekistan, Farci “Canale trasparente per collegare imprese e manodopera”
ROMA (ITALPRESS) – “L’Uzbekistan in questo momento attraversa un boom demografico”, nel Paese ci sono “40 milioni di abitanti, il 60% sotto i 30 anni” e la crescita è di “un milione di abitanti l’anno. C’è una disponibilità importante di manodopera” e “c’è stato un accordo sul decreto flussi firmato dal nostro presidente del Consiglio, Giorgia Meloni, che ha aperto un canale di comunicazione nell’ambito del lavoro e nella migrazione tra l’Italia e l’Uzbekistan. Il mio ruolo è fare in modo che venga instaurato un canale semplice, trasparente e diretto con le autorità uzbeke, per fare in modo che questa manodopera possa entrare in contatto con i giusti partner in Italia, e che i partner italiani possano identificare il partner corretto in Uzbekistan, che è sicuramente l’Agenzia per la Migrazione dello Stato dell’Uzbekistan”. Così Marco Farci, vicepresidente della Camera di Commercio Italia-Uzbekistan, intervistato dall’agenzia Italpress. “E’ estremamente importante che questi canali siano gestiti nel modo corretto, perchè dietro alla migrazione regolare di manodopera c’è anche del lavoro amministrativo e burocratico importante che deve essere espletato con le autorità competenti, sia uzbeke che italiane”, spiega. Gli uzbeki “in questo momento offrono manodopera sia qualificata – ad esempio in ambito sanitario”, un settore “che da noi attraversa una carenza di personale importante -, sia generica: si stanno sviluppando diversi progetti nell’ambito dell’agricoltura, della logistica, per esempio delle costruzioni. Sicuramente l’Uzbekistan non è di primo pelo nell’esportazione di manodopera: lo stanno già facendo molto bene con i tedeschi, con i francesi, con anche paesi più lontani come il Giappone”. In generale “la figura dell’operatore uzbeko è stata già riconosciuta come affidabile e impiegabile all’interno di un contesto europeo”, sottolinea Farci. “Noi ci stiamo inserendo in un quadro di impiego di manodopera già consolidato con altri Paesi europei. L’Uzbekistan si sta ponendo nel mondo come un fornitore di personale, anche realizzando dei centri di formazione pre-partenza e di formazione tecnica per il personale che deve andare all’estero, in base all’esigenza che può venire da un ente pubblico, da un’associazione di categoria o dalle imprese. Sono stati anche fatti degli accordi per fornire l’insegnamento della lingua italiana certificato sul posto, tramite diversi strumenti”. Le prospettive sono quelle di arrivare quantomeno a un ingresso di manodopera come gli altri paesi: l’Italia affronta un tema di carenza come tutto il quadro europeo, ma in questo momento sicuramente ci sono paesi che stanno dando una risposta molto più forte rispetto a noi. Abbiamo la fortuna che questo governo ha sottoscritto questi accordi”, dobbiamo “sfruttarli al meglio. Questo è un canale sicuro, che dà la certezza di chi viene e di che preparazione ha. Il messaggio che voglio lanciare è che siamo a disposizione” di imprese e istituzioni “per sviluppare questi progetti, per renderli veri. Molti uzbeki studiano già in Italia – tre università italiane hanno aperto delle sedi congiunte in Uzbekistan – e molti di loro sognano di venire in questo paese. E’ una bellissima situazione win-win per entrambe le parti: noi abbiamo bisogno di lavoratori, loro sono felici di dare un contributo al nostro Paese”, conclude Farci. 
Per informazioni si può contattare Marco Farci alla mail [email protected]
-foto Italpress-
(ITALPRESS)"
20260703134900,Il Tempo,https://www.iltempo.it/general/2026/07/03/news/mezzogiorno-barone-eutalia-serve-una-zes-rafforzata-per-le-aree-interne-per-contrastare-spopolamento-e-rilanciare-lo-sv-48414496/,,,,,,srclc:ita,"Mezzogiorno, Barone (Eutalia): “Serve una ZES rafforzata per le Aree Interne per contrastare spopolamento e rilanciare lo sviluppo”
“Per anni il dibattito sul Mezzogiorno si è concentrato sul divario tra Nord e Sud, una chiave di lettura ancora valida ma oggi non più sufficiente. La vera frattura del Paese attraversa ormai i territori: da un lato le aree capaci di attrarre persone, imprese e investimenti, dall’altro quelle che continuano a perdere popolazione, servizi e opportunità. Le Aree Interne rappresentano il volto più evidente di questa trasformazione. Nonostante le ingenti risorse messe in campo negli ultimi anni, il declino demografico non si arresta. La Strategia Nazionale per le Aree Interne, il PNRR, il Fondo per lo Sviluppo e la Coesione e la ZES Unica hanno segnato un cambio di passo nelle politiche di sviluppo del Mezzogiorno, ma i risultati raggiunti impongono oggi un ulteriore salto di qualità”. Lo ha dichiarato *Luigi Barone*, Presidente di Eutalia S.p.A., società in house del MEF, in merito alle politiche di sviluppo delle Aree Interne.
“Ritengo sia arrivato il momento di istituire una ZES rafforzata per le Aree Interne, destinata ai territori maggiormente colpiti dallo spopolamento. L’obiettivo - ha sottolineato Barone - non è moltiplicare gli incentivi, ma renderli più efficaci: abbassare la soglia minima degli investimenti per consentire anche alle micro e piccole imprese di accedere ai benefici, premiare chi mantiene investimenti e occupazione nel tempo e favorire la localizzazione nelle Aree Interne di funzioni amministrative, digitali e di back office delle grandi aziende, anche di Stato, creando occupazione qualificata e contrastando l’emigrazione dei giovani”.
Per Barone: “Accanto agli incentivi economici serve una nuova politica della formazione. Università, ITS Academy e imprese devono costruire insieme percorsi coerenti con le vocazioni produttive dei territori, affinché i giovani possano trovare opportunità senza essere costretti a lasciare la propria terra. L’esperienza di Eutalia, attraverso il supporto ai Comuni e ai Centri di Servizio Territoriale, dimostra inoltre che le risorse da sole non bastano: va rafforzata la capacità amministrativa degli enti locali, accompagnandoli nella progettazione e attuazione degli interventi. Aiutare i Comuni a spendere bene e nei tempi giusti significa trasformare gli investimenti in sviluppo concreto”.
In conclusione, Barone ha ribadito che “le Aree Interne non chiedono privilegi, ma di competere ad armi pari. È una sfida che riguarda l’intero Paese e che chiama in causa tutte le istituzioni impegnate nelle politiche di sviluppo. Rilanciare le Aree Interne significa rafforzare la competitività, la coesione e il futuro della Nazione”."
20260703133100,Mix Vale,https://www.mixvale.com.br/2026/07/03/la-decisione-del-sindaco-giapponese-di-prendere-il-congedo-di-maternita-accende-il-dibattito-nazionale-e-ridefinisce-il-precedente-politico-it/,,,,,,srclc:ita,"Shoko Kawata, sindaco di Yawata, una piccola città a sud di Kyoto, nel Giappone occidentale, ha preso una decisione che ha avuto eco in tutto il Paese. Annunciando il suo congedo di maternità, la manager 35enne non solo è entrata nella storia come primo sindaco giapponese a compiere questo passo, ma ha anche innescato un [...]"
20260703132825,Mix Vale,https://www.mixvale.com.br/2026/07/03/comprendere-gli-zillennial-come-la-generazione-nata-tra-il-1992-e-il-1999-collega-lera-digitale-e-quella-analogica-it/,,,,,,srclc:ita,"Una segmentazione new age ha catturato l’attenzione di sociologi e ricercatori di tendenze, identificando i nati tra il 1992 e il 1999. Riconosciuto come “Zillennials”, questo gruppo demografico unico funge da ponte cruciale tra Millennials e Generazione Z, portando con sé un repertorio di esperienze che abbraccia sia l’universo analogico che quello digitale nella loro [...]"
20260703131131,Varese News,https://www.varesenews.it/2026/07/lospedale-di-desio-investe-su-pronto-soccorso-dialisi-e-radiologia-al-via-un-intervento-da-30-milioni-di-euro/2625373/,,,,,,srclc:ita,"L’Ospedale di Desio investe su Pronto soccorso, Dialisi e Radiologia: al via un intervento da 30 milioni di euro
I cantieri prenderanno il via a fine luglio e dureranno circa due anni: il progetto prevede l'ampliamento del Pronto Soccorso e nuovi spazi dedicati alla diagnostica e alla dialisi
Prenderanno il via alla fine di luglio i lavori per il potenziamento del Pronto Soccorso dell’Ospedale Pio XI di Desio, il principale intervento previsto nel piano di sviluppo del presidio ospedaliero brianzolo. Il progetto, presentato oggi, prevede investimenti complessivi per circa 30 milioni di euro e comprende anche la realizzazione di una nuova Area Dialisi e di una nuova Radiologia.
I cantieri avranno una durata di circa due anni e puntano a modernizzare una struttura considerata strategica per l’assistenza sanitaria della Brianza.
Un Pronto Soccorso più grande e con percorsi dedicati
L’intervento più significativo riguarda il Pronto Soccorso, che sarà ampliato dagli attuali spazi fino a raggiungere una superficie complessiva di 2.500 metri quadrati, con un incremento di circa 1.500 metri quadrati.
Il progetto prevede la realizzazione di una nuova strada di accesso e la separazione dei percorsi di accettazione: uno dedicato ai pazienti trasportati in ambulanza, uno per chi si presenta autonomamente e un terzo riservato ai pazienti con patologie infettive.
Saranno inoltre realizzati un accesso pediatrico, una nuova area diagnostica, una camera calda per l’arrivo delle ambulanze, il nuovo triage e una shock room, destinata alla gestione dei pazienti in condizioni più gravi.
L’investimento per il nuovo Pronto Soccorso ammonta a 18,7 milioni di euro, di cui 15,2 milioni finanziati dallo Stato e 3,5 milioni da Regione Lombardia.
Nuova Dialisi e Radiologia
Il piano di sviluppo comprende anche la realizzazione di una nuova Area Dialisi, che metterà a disposizione 32 postazioni per i reparti di nefrologia e dialisi.
Prevista inoltre una nuova Radiologia da 1.300 metri quadrati, progettata per migliorare la capacità diagnostica dell’ospedale e rendere più efficiente la gestione degli accessi.
Interventi già completati
Negli ultimi mesi sono già stati conclusi diversi lavori di riqualificazione, tra cui la nuova sede di AREU, i nuovi percorsi assistenziali del triage e della Medicina d’Urgenza, il consolidamento della passerella tra i corpi A e B dell’ospedale, l’adeguamento degli impianti elettrici e la riqualificazione di sette ascensori.
Alla presentazione del piano è intervenuto anche il presidente del Consiglio regionale della Lombardia, Federico Romani.
«L’Ospedale Pio XI di Desio rappresenta da sempre un punto di riferimento fondamentale per la sanità del territorio brianzolo e un presidio strategico all’interno della rete del sistema sanitario lombardo. Investire nel suo potenziamento, nell’ampliamento degli spazi e nella manutenzione delle strutture significa investire nella qualità delle cure, nella sicurezza dei pazienti e nelle condizioni di lavoro dei professionisti che ogni giorno vi operano con competenza e cuore», ha detto Romani che ha sottolineato come gli interventi rappresentino «un tassello concreto di una visione che punta a rendere la sanità lombarda sempre più moderna, efficiente e capace di rispondere alle esigenze di un quadro demografico in continua evoluzione».
Alla presentazione hanno preso parte anche i consiglieri regionali Alessandro Corbetta e Gigi Ponti, oltre al direttore generale dell’ASST Brianza Carlo Tersalvi e al direttore sociosanitario Antonino Zagari.
Accedi o registrati per commentare questo articolo.
L'email è richiesta ma non verrà mostrata ai visitatori. Il contenuto di questo commento esprime il pensiero dell'autore e non rappresenta la linea editoriale di VareseNews.it, che rimane autonoma e indipendente. I messaggi inclusi nei commenti non sono testi giornalistici, ma post inviati dai singoli lettori che possono essere automaticamente pubblicati senza filtro preventivo. I commenti che includano uno o più link a siti esterni verranno rimossi in automatico dal sistema.
La community di VareseNews
Loro ne fanno già parte
Ultimi commenti
- Felice su È pronta la prima scuola realizzata con il Pnrr in provincia di Varese. E le altre? Ecco a che punto siamo
- principe.rosso su È pronta la prima scuola realizzata con il Pnrr in provincia di Varese. E le altre? Ecco a che punto siamo
- axelzzz85 su Frontalieri e ristorni, l'assessore regionale Sertori: “Nessun effetto immediato dal blocco del Ticino”
- principe.rosso su Giorgetti chiude il weekend di festa della Lega ad Oggiona: ""Si apre una stagione di elezioni, le nostre persone più valide si facciano avanti""
- Polinice su «La morte non è la fine»: Piero Calvi Parisetti e le prove scientifiche sulla sopravvivenza della coscienza
- principe.rosso su Giorgetti chiude il weekend di festa della Lega ad Oggiona: ""Si apre una stagione di elezioni, le nostre persone più valide si facciano avanti"""
20260703130950,Ilgiornale Il,https://www.ilgiornale.it/news/aziende/mezzogiorno-barone-eutalia-serve-zes-rafforzata-aree-interne-2688465.html,,,,,,srclc:ita,"“Per anni il dibattito sul Mezzogiorno si è concentrato sul divario tra Nord e Sud, una chiave di lettura ancora valida ma oggi non più sufficiente. La vera frattura del Paese attraversa ormai i territori: da un lato le aree capaci di attrarre persone, imprese e investimenti, dall’altro quelle che continuano a perdere popolazione, servizi e opportunità. Le Aree Interne rappresentano il volto più evidente di questa trasformazione. Nonostante le ingenti risorse messe in campo negli ultimi anni, il declino demografico non si arresta. La Strategia Nazionale per le Aree Interne, il PNRR, il Fondo per lo Sviluppo e la Coesione e la ZES Unica hanno segnato un cambio di passo nelle politiche di sviluppo del Mezzogiorno, ma i risultati raggiunti impongono oggi un ulteriore salto di qualità”. Lo ha dichiarato Luigi Barone, Presidente di Eutalia S.p.A., società in house del MEF, in merito alle politiche di sviluppo delle Aree Interne.
“Ritengo sia arrivato il momento di istituire una ZES rafforzata per le Aree Interne, destinata ai territori maggiormente colpiti dallo spopolamento. L’obiettivo - ha sottolineato Barone - non è moltiplicare gli incentivi, ma renderli più efficaci: abbassare la soglia minima degli investimenti per consentire anche alle micro e piccole imprese di accedere ai benefici, premiare chi mantiene investimenti e occupazione nel tempo e favorire la localizzazione nelle Aree Interne di funzioni amministrative, digitali e di back office delle grandi aziende, anche di Stato, creando occupazione qualificata e contrastando l’emigrazione dei giovani”.
Per Barone: “Accanto agli incentivi economici serve una nuova politica della formazione. Università, ITS Academy e imprese devono costruire insieme percorsi coerenti con le vocazioni produttive dei territori, affinché i giovani possano trovare opportunità senza essere costretti a lasciare la propria terra. L’esperienza di Eutalia, attraverso il supporto ai Comuni e ai Centri di Servizio Territoriale, dimostra inoltre che le risorse da sole non bastano: va rafforzata la capacità amministrativa degli enti locali, accompagnandoli nella progettazione e attuazione degli interventi. Aiutare i Comuni a spendere bene e nei tempi giusti significa trasformare gli investimenti in sviluppo concreto”.
In conclusione, Barone ha ribadito che “le Aree Interne non chiedono privilegi, ma di competere ad armi pari. È una sfida che riguarda l’intero Paese e che chiama in causa tutte le istituzioni impegnate nelle politiche di sviluppo. Rilanciare le Aree Interne significa rafforzare la competitività, la coesione e il futuro della Nazione”.
			
		
					Commenti
				
				Pubblica un commento
	
		Non sono consentiti commenti che contengano termini violenti, discriminatori o che contravvengano alle elementari regole di netiquette. Qui le norme di comportamento per esteso."
20260703125600,Libero Quotidiano,https://www.liberoquotidiano.it/news/general/48413809/mezzogiorno_barone_eutalia_serve_una_zes_rafforzata_per_le_aree_interne_per_contrastare_spopolamento_e_rilanciare_lo_sv/,,,,,,srclc:ita,"“Per anni il dibattito sul Mezzogiorno si è concentrato sul divario tra Nord e Sud, una chiave di lettura ancora valida ma oggi non più sufficiente. La vera frattura del Paese attraversa ormai i territori: da un lato le aree capaci di attrarre persone, imprese e investimenti, dall’altro quelle che continuano a perdere popolazione, servizi e opportunità. Le Aree Interne rappresentano il volto più evidente di questa trasformazione. Nonostante le ingenti risorse messe in campo negli ultimi anni, il declino demografico non si arresta. La Strategia Nazionale per le Aree Interne, il PNRR, il Fondo per lo Sviluppo e la Coesione e la ZES Unica hanno segnato un cambio di passo nelle politiche di sviluppo del Mezzogiorno, ma i risultati raggiunti impongono oggi un ulteriore salto di qualità”. Lo ha dichiarato Luigi Barone, Presidente di Eutalia S.p.A., società in house del MEF, in merito alle politiche di sviluppo delle Aree Interne.
“Ritengo sia arrivato il momento di istituire una ZES rafforzata per le Aree Interne, destinata ai territori maggiormente colpiti dallo spopolamento. L’obiettivo - ha sottolineato Barone - non è moltiplicare gli incentivi, ma renderli più efficaci: abbassare la soglia minima degli investimenti per consentire anche alle micro e piccole imprese di accedere ai benefici, premiare chi mantiene investimenti e occupazione nel tempo e favorire la localizzazione nelle Aree Interne di funzioni amministrative, digitali e di back office delle grandi aziende, anche di Stato, creando occupazione qualificata e contrastando l’emigrazione dei giovani”.
Per Barone: “Accanto agli incentivi economici serve una nuova politica della formazione. Università, ITS Academy e imprese devono costruire insieme percorsi coerenti con le vocazioni produttive dei territori, affinché i giovani possano trovare opportunità senza essere costretti a lasciare la propria terra. L’esperienza di Eutalia, attraverso il supporto ai Comuni e ai Centri di Servizio Territoriale, dimostra inoltre che le risorse da sole non bastano: va rafforzata la capacità amministrativa degli enti locali, accompagnandoli nella progettazione e attuazione degli interventi. Aiutare i Comuni a spendere bene e nei tempi giusti significa trasformare gli investimenti in sviluppo concreto”.
In conclusione, Barone ha ribadito che “le Aree Interne non chiedono privilegi, ma di competere ad armi pari. È una sfida che riguarda l’intero Paese e che chiama in causa tutte le istituzioni impegnate nelle politiche di sviluppo. Rilanciare le Aree Interne significa rafforzare la competitività, la coesione e il futuro della Nazione”."
20260703122104,Unione,https://www.unionesarda.it/news-sardegna/nuoro-provincia/nuoro-fecondita-sopra-la-media-sarda-ma-linverno-demografico-continua-vnfn1z0w,,,,,,srclc:ita,"Nuoro, fecondità sopra la media sarda ma l’inverno demografico continua
Nel 2025 il numero medio di figli per donna sale a 1,00, in lieve recupero rispetto allo 0,98 del 2024. Ma resta il nodo dei residentiPer restare aggiornato entra nel nostro canale Whatsapp
Maggior tasso di nascite dell’isola, ma di contro uno spopolamento inarrestabile e una popolazione sempre più anziana. È questa la fotografia che emerge per la provincia di Nuoro dal nuovo aggiornamento del Barometro dell’Economia Territoriale dedicato alla demografia, realizzato dal Centro Studi delle Camere di commercio Guglielmo Tagliacarne in collaborazione con Unioncamere. A delineare questo scenario è Maria Luisa Ariu, responsabile dell’Osservatorio Economico della Camera di Commercio di Nuoro, commentando i dati dello studio che analizza l’andamento demografico nel 2025 e propone le proiezioni fino al 2050. Il quadro che emerge è fatto di luci e ombre: se da un lato il Nuorese continua a distinguersi rispetto al resto della Sardegna per il tasso di fecondità, dall’altro non riesce a invertire la tendenza al calo della popolazione e al progressivo invecchiamento dei residenti. Nel 2025 il numero medio di figli per donna sale a 1,00, in lieve recupero rispetto allo 0,98 del 2024.
Un dato che colloca la provincia al 100° posto nella classifica nazionale e che, pur restando lontano dalla media italiana, conferma Nuoro al di sopra della media regionale, ferma a circa 0,85 figli per donna. Ben più preoccupanti sono invece i dati relativi alla popolazione residente. Tra il 2002 e il 2026 la provincia ha perso il 12,1% degli abitanti e, secondo le proiezioni elaborate su base Istat, entro il 2050 il calo potrebbe raggiungere un ulteriore 25,4%. Contestualmente cresce anche l’indice di vecchiaia, passato da 272,3 nel 2024 a 288,4 nel 2026, con una previsione che supera quota 446 entro il 2050. Tra gli aspetti più positivi emerge invece il basso tasso medio annuo di migratorietà verso l’estero dei cittadini italiani nel periodo 2017-2025. Con 1,62 emigrati ogni mille abitanti, Nuoro occupa il 12° posto a livello nazionale, segnale di una buona capacità del territorio di trattenere i propri residenti entro i confini del Paese. Un dato che conferma come lo spopolamento sia determinato soprattutto dal saldo naturale negativo, cioè dal numero dei decessi superiore a quello delle nascite, e dagli spostamenti verso altre aree d’Italia, più che dall’emigrazione all’estero. «I dati confermano come la demografia sia oggi uno dei principali indicatori della tenuta futura del territorio – sottolinea Maria Luisa Ariu, responsabile dell’Osservatorio Economico della Camera di Commercio di Nuoro –.
Il Nuorese mostra un tasso di fecondità superiore alla media regionale e una minore propensione alla migrazione verso l’estero, ma questi elementi non sono sufficienti a compensare il calo della popolazione e il progressivo invecchiamento. Per questo diventa essenziale rafforzare le condizioni di attrattività del territorio: lavoro, servizi, opportunità per le imprese e capacità di accogliere nuove competenze saranno determinanti per contrastare lo spopolamento nei prossimi decenni». L’analisi conferma dunque come il riequilibrio demografico rappresenti una delle principali sfide per il futuro della provincia. Investire sulla crescita economica, sulle opportunità occupazionali e sulla qualità della vita nelle aree interne sarà decisivo per invertire una tendenza che, senza interventi strutturali, rischia di compromettere lo sviluppo del territorio nel medio e lungo periodo."
20260703104357,Bergamonews,https://www.bergamonews.it/2026/07/03/il-partito-liberal-democratico-sostiene-la-battaglia-di-milesi-servono-infrastrutture-la-t2-fino-a-piazza-brembana/906611/,,,,,,srclc:ita,"Il Partito Liberal Democratico sostiene la battaglia di Milesi: “Servono infrastrutture, la T2 fino a Piazza Brembana”
L’appello alle istituzioni: investire in collegamenti, servizi e sviluppo per garantire nuove opportunità alle comunità
Il Partito Liberal Democratico di Bergamo interviene sul futuro della Val Brembana, esprimendo sostegno al vicesindaco di San Pellegrino Terme, Vittorio Milesi, e rilanciando il tema delle infrastrutture come elemento chiave per lo sviluppo del territorio. In una nota, la segreteria provinciale del partito manifesta vicinanza alle comunità della valle, che da anni devono fare i conti con criticità legate alla viabilità, allo spopolamento e alla necessità di rilanciare il tessuto economico e sociale.
Secondo il Partito Liberal Democratico, Milesi sta portando avanti “con coerenza e determinazione” una battaglia importante per richiamare l’attenzione delle istituzioni sulla necessità di realizzare infrastrutture viarie moderne, efficienti e sostenibili. Per il partito, una rete di collegamenti adeguata rappresenta non solo una risposta ai disagi quotidiani di cittadini, lavoratori e imprese, ma anche una condizione indispensabile per favorire lo sviluppo economico, turistico, industriale, agroalimentare e dei servizi dell’intera Valle Brembana.
Nel comunicato viene inoltre evidenziata la particolare conformazione geografica del territorio, che rende ancora più urgente il potenziamento delle infrastrutture per evitare un progressivo isolamento delle comunità locali.
Un altro tema posto al centro dell’intervento riguarda il calo demografico. Il partito sottolinea come molte persone, soprattutto giovani, siano costrette a lasciare la valle per cercare opportunità lavorative, formative e sociali altrove. Per contrastare questo fenomeno, sostiene la necessità di investire non solo nelle infrastrutture, ma anche nei servizi e nei presìdi territoriali.
Tra le proposte avanzate figura anche il progetto della T2 Teb. Pur accogliendo favorevolmente l’iniziativa, il partito ritiene che il collegamento non dovrebbe limitarsi a Villa d’Almè, ma che debba essere sviluppato con l’obiettivo di ripristinare, ove possibile, il percorso storico fino a Piazza Brembana. Parallelamente viene indicata come prioritaria la risoluzione delle criticità della viabilità stradale, in particolare lungo il tratto compreso tra Zogno e Villa d’Almè, da anni interessato da forti congestionamenti del traffico.
Nel documento vengono inoltre individuati alcuni interventi ritenuti strategici per il futuro della valle: il rafforzamento dei servizi sanitari, anche attraverso la realizzazione di un presidio ospedaliero nell’alta Val Brembana, il rilancio del turismo, la valorizzazione delle produzioni agroalimentari locali e lo sviluppo del turismo sportivo e ambientale.
Infine, il Partito Liberal Democratico rivolge un appello al presidente della Provincia di Bergamo affinché si faccia promotore delle istanze del territorio presso le istituzioni regionali e nazionali, chiedendo che le problematiche della Valle Brembana vengano affrontate con maggiore attenzione politica e amministrativa. La segreteria provinciale conclude confermando la disponibilità ad aprire un confronto con amministratori, istituzioni, associazioni, imprese e cittadini, ribadendo che “il futuro della valle deve venire prima delle appartenenze politiche”."
20260703102742,Il Gazzettino,https://www.ilgazzettino.it/nordest/pordenone/rifiuti_comuni_ricicloni_classifica-9629192.html,,,,,,srclc:ita,"PORDENONE - Pordenone si conferma anche per il 2026 tra i Comuni italiani più virtuosi nella gestione dei rifiuti. Lo ha fatto salendo sul gradino più alto del podio dedicato ai capoluoghi italiani per la combinazione tra raccolta differenziata e ridotta produzione di rifiuto secco residuo pro capite, rientrando per altro a pieno titolo tra i comuni ""Rifiuti free"", ossia quei comuni che riescono a mantenere la produzione pro capite di rifiuto indifferenziato avviato a smaltimento al di sotto dei 75 chilogrammi per abitante all'anno: la soglia considerata da Legambiente quale parametro di eccellenza nella gestione dei rifiuti urbani. Un traguardo che, su scala nazionale, è stato raggiunto da ben 675 comuni su un totale di 7.894, registrando un aumento di ben 12 comuni in più rispetto ai 663 del 2025. Il dato è emerso dalla 33ª edizione del rapporto ""Comuni Ricicloni"" di Legambiente, presentato ieri a Roma nell'ambito dell'Ecoforum nazionale dell'economia circolare, organizzato dal sodalizio ambientalista insieme a Kyoto Club e La Nuova Ecologia, con la collaborazione di Conou e il patrocinio del Ministero dell'Ambiente e della Sicurezza energetica.
IL CONTESTO
Nella classifica, subito dopo Pordenone che si è guadagnata la medaglia d'oro grazie a una raccolta differenziata pari all'85,1% e una produzione di rifiuto secco residuo di 68,4 chili per abitante all'anno troviamo Belluno, Nuoro, Trento e Treviso su un totale di 54 capoluoghi presi in esame. A livello geografico, il Nord si conferma l'area con la maggiore concentrazione di comuni virtuosi, con il 60,3% del totale. Il Veneto guida la classifica regionale con 165 comuni ""Rifiuti free"", davanti a Lombardia (104) e Campania (73). Sul piano demografico, il numero complessivo di cittadini residenti in comuni ""Rifiuti free"" è salito da poco più di 3,7 milioni del 2025 agli attuali 4 milioni e 86mila: un incremento significativo è stato commentato a fronte di un aumento contenuto nel numero dei comuni interessati.
IL COMMENTO
«Questo grande risultato così l'assessore Mattia Tirelli presente ieri a Roma per l'occasione è frutto della stretta collaborazione tra istituzioni, il personale di Gea ed i cittadini, il cui alto senso civico a favore dell'ambiente è stato ulteriormente confermato dai dati emersi». «Dati prosegue Tirelli che confermano inoltre l'alta attenzione della giunta Basso verso le politiche ambientali, l'ottimo lavoro svolto dal presidente uscente Gea Gianfranco Marino che ringraziamo per il lavoro svolto». Il riconoscimento è stato aggiunto conferirebbe pure un certo merito al nuovo sistema di raccolta rifiuti introdotto tre anni fa, mentre altri obiettivi sono all'orizzonte per continuare a migliorarsi. Primi tra tutti il potenziamento dell'impiantistica (compresa la realizzazione del nuovo ecocentro) e la messa a punto di più performanti economie di scala. «Parallelamente continueremo con le attività educative nelle scuole, con le campagne sui rifiuti e con il supporto ai volontari che rappresentato un'importante aiuto nella raccolta dei rifiuti abbandonati».
Ieri Pordenone è stata presente a Roma a poca distanza da un altro appuntamento romano che l'aveva già vista protagonista sul tema della sostenibilità ambientale: il primo incontro dell'Osservatorio sulla transizione ecologica delle città italiane, promosso dalla Fondazione per lo sviluppo sostenibile, il 23 giugno scorso."
20260703100038,Gds,https://gazzettadelsud.it/articoli/economia/2026/07/03/ania-la-missione-sociale-delle-assicurazioni-in-unitalia-poco-protetta-contro-le-catastrofi-e-con-9-milioni-di-veicoli-scoperti-3c9dce96-8d6f-42f7-9afa-570476e57c8c/,,,,,,srclc:ita,"“Dodici mesi fa, da questo stesso palco, avevo lanciato una sfida comune: un “Patto per un’Italia protetta e quindi più forte e competitiva”. Oggi, lo scenario globale non ci concede il lusso di rallentare, tutt’altro. Viviamo in un’epoca di frammentazione geopolitica, di spinte neo-protezionistiche e di tensioni commerciali internazionali, di guerre, che generano inflazione, recessione, volatilità sui mercati finanziari, effetti economico-finanziari ma anche rischi materiali mai visti prima. Ci sono eventi avversi dai quali è urgente proteggerci con gli strumenti opportuni e fenomeni strutturali che generano necessità di investimento per le quali vanno trovate le risorse. In questo contesto geopolitico e macroeconomico complesso, l’Italia sta dimostrando una tenacia straordinaria e lo dico a tutti gli esponenti delle Istituzioni. Ma la tenacia da sola non basta se non è sostenuta da un’infrastruttura di protezione che consenta a famiglie e imprese di guardare al domani con serenità e ottimismo e che garantisca al sistema socioeconomico le risorse necessarie da investire con coraggio. È esattamente in questo spazio che si inserisce la missione sociale ed economica del settore assicurativo”.
Il presidente di Ania Giovanni Liverani ha tracciato ieri a Roma il bilancio e le strategie nel corso dell’assemblea annuale dell’Associazione nazionale fra le imprese assicuratrici, che raggruppa oltre il 90% delle aziende del comparto. L’assise, come ogni anno, ha registrato un’importante condivisione istituzionale, con i messaggi augurali del Capo dello Stato Sergio Mattarella e della presidente del Consiglio Giorgia Meloni, e gli interventi dei vicepremier Antonio Tajani e Matteo Salvini e dei ministri Adolfo Urso e Giancarlo Giorgetti. Presente anche Paolo Angelini, presidente dell’Ivass, l’istituto di vigilanza sulle assicurazioni.
L’Italia, esposta a gravi rischi catastrofali, rimane un Pese ancora sottoassicurato. Infatti tra i passaggi più importanti, Liverani ha evidenziato la necessità di una più ampia condivisione sul valore della copertura dai rischi per famiglie e imprese anche attraverso una maggiore diffusione della cultura assicurativa, un obiettivo che l’associazione cerca di raggiungere ad esempio in ambito sportivo, dialogando con atlete e atleti, e scolastico, grazie all’intesa con il Ministero dell’Istruzione. E tra le proposte in tema di previdenza integrativa una riguarda proprio i giovani, con l’idea di un “bonus di ingresso”: “Una somma, anche simbolica, che lo Stato erogherebbe a tutte le ragazze ed i ragazzi che compiono i diciotto anni, con il vincolo di investirla in un fondo pensione o in una polizza previdenziale”.
Proprio i temi del calo demografico e dell’invecchiamento, con i conseguenti scenari previdenziali, sono stati esaminati da Liverani, assieme alle prospettive riguardanti il progresso tecnologico e l’andamento dei diversi comparti (protezione dalle catastrofi naturali, responsabilità civile auto, vita), evidenziando il ruolo del settore come maggior investitore privato del Paese.
“La metrica che descrive meglio la nostra missione – ha sottolineato - è l’impatto reale sulla vita delle persone. Milioni di cittadine e cittadini e milioni di imprenditrici e imprenditori sono garantiti e tutelati da un contratto di assicurazione o di risparmio assicurativo e previdenziale. Nell’ultimo anno, il settore ha erogato 42 miliardi di euro di cui 27 per risarcire gli oltre 18 milioni di clienti danneggiati e 15 miliardi per polizze di rischio legate alla vita umana, nonché ha trasferito circa 93 miliardi ai suoi clienti sotto forma di rendite, riscatti e prestazioni di altro genere nell’ambito delle gestioni finanziarie Vita. Significa che ogni giorno, ogni ora, migliaia di volte al minuto, una polizza assicurativa è intervenuta concretamente”.
I dati consolidati emersi dalla relazione
La raccolta premi complessiva ha raggiunto i 182 miliardi di euro, segnando una crescita solida del 7,8%. Un incremento simmetrico che vede il comparto Danni crescere del 6,5% e il comparto Vita confermare la sua traiettoria di sviluppo oltre l’8%. La solidità patrimoniale complessiva, misurata da un Solvency Ratio medio settoriale saldamente al 274%, si posiziona ai vertici europei “confermando le nostre compagnie come una roccia di stabilità per l’intero sistema macroeconomico italiano” ha affermato il presidente.
“Siamo il primo investitore istituzionale privato dell’Italia: con oltre 1.000 miliardi di euro di investimenti attivi, dei quali circa un quarto allocati nel nostro debito sovrano, finanziamo direttamente lo sviluppo della nazione, le sue infrastrutture e la sua economia reale. Contribuiamo – e lo dico con un certo orgoglio – con circa 14 miliardi di euro alle entrate fiscali dello Stato, tra imposte dirette ed indirette, e offriamo a circa 300 mila famiglie che operano nella nostra filiera, posti di lavoro caratterizzati da qualità e stabilità seconde a nessun altro comparto produttivo”.
Gli interventi dei ministri
“Abbiamo bisogno della vostra partecipazione”, ha affermato il vicepremier e ministro degli affari esteri e della cooperazione internazionale Tajani, sottolineando l’importanza del comparto assicurativo e la sfida per il Governo di coinvolgerlo nelle grandi operazioni strategiche, ma anche di proteggerlo dalla concorrenza sleale. Ha delineato in particolare gli scenari che si aprono anche sulle grandi rotte internazionali, ringraziando il settore per il contributo dato in occasione dell’ultima finanziaria a seguito di intese e trattative.
Il vicepremier e ministro delle Infrastrutture e dei Trasporti Salvini ha fornito dati preoccupanti sull’evasione dell’obbligo assicurativo (su 47 milioni di veicoli circolanti ben 9 milioni sono scoperti e in alcune province il tasso supera il 40%) auspicando la riduzione dei costi della RC Auto. Ha poi delineato gli scenari legati di sviluppo delle infrastrutture ferroviarie, ribadendo come “con 1300 cantieri aperti, una media di 10.000 treni e 500.000 passeggeri qualche ritardo o disservizio ci può essere”.
Il ministro delle Imprese e del Made in Italy Urso ha rimarcato la necessità di costruire un sistema produttivo resiliente, capace di affrontare rischi contemporanei, anche quelli legati all’interdipendenza tra le nazioni. E in questo senso ha delineato tre grandi direttrici di sviluppo industriale, come l’energia (con un fermo auspicio al potenziamento del nucleare civile e delle rinnovabili), le infrastrutture (necessarie anche per ridurre la dipendenza sull’approvvigionamento delle materie critiche) e le nuove tecnologie (in particolare la robotica da applicare ai processi aziendali senza però compromettere la sostenibilità sociale del sistema produttivo).
Il ministro dell’Economia Giorgetti ha evidenziato il ruolo del governo nel diffondere l’importanza della protezione anche alle famiglie e ha auspicato un incremento degli investimenti da parte delle assicurazioni nei titoli di Stato, che sono scesi nel 2025 a fronte di un interesse crescente del mercato retail e degli investitori esteri. “Abbiamo dato al Paese stabilità – ha affermato – è ora tempo di tornare a correre anche assieme al comparto assicurativo”.
Una collaborazione che è già negli indirizzi strategici di Liverani, che ha voluto sottolineare anche l’unità interna del settore nell’ambito di ANIA, con la collaborazione delle strutture parallele come Ania SAFE, Fondazione Ania e Fondazione Ania-Consumatori : “Non siamo più una sommatoria frammentata di sigle o di interessi di mercato. Grazie al nuovo slancio che deriva dall’approvazione delle riforme statutarie, abbiamo sviluppato una visione strategica coraggiosa e di lungo periodo: ANIA parla oggi alle Istituzioni ed al Paese con una voce sola, forte, unita, coesa e autorevole facendo non delle rivendicazioni ma delle proposte concrete”."
20260703090633,Quotidiano Nazionale,https://www.quotidiano.net/economia/previdenza-e-protezione-dai-rischi-a833c1ad,,,,,,srclc:ita,"Il comparto assicurativo italiano si consolida come un pilastro macroeconomico del Paese, registrando una raccolta premi complessiva di 182 miliardi di euro, in crescita del 7,8%. Con un Solvency Ratio medio settoriale al 274% e oltre 1.000 miliardi di investimenti attivi, l’industria rappresenta il primo investitore istituzionale privato nazionale. Un quadro ampiamente positivo quello delineato ieri all’Auditorium Parco della Musica di Roma da Giovanni Liverani presidente di ANIA, Associazione Nazionale fra le Imprese Assicuratrici, in occasione dell’Assemblea annuale 2026. Non solo numeri, ma anche proposte concrete quelle avanzate dal presidente di fronte a una platea di esponenti del mondo finanziario, accademico, delle istituzioni el Presidente del Senato Ignazio La Russa, i Vicepresidenti del Consiglio Antonio Tajani e Matteo Salvini, i Ministri Adolfo Urso e Giancarlo Giorgetti e il Presidente dell’IVASS Paolo Angelini.
""Sovente il settore assicurativo è prigioniero di un cliché obsoleto, polveroso e profondamente ingeneroso - ha spiegato - L’assicurazione non è un costo forzoso o una tassa sulla paura. L’assicurazione è l’esatto contrario: è uno scudo di protezione contro le avversità ma anche una leva di sviluppo"". La prima proposta riguarda la gestione delle catastrofi naturali in un territorio strutturalmente esposto ai rischi climatici e sismici. ANIA propone di rivedere il perimetro dei rischi obbligatori per le imprese e di prolungare la copertura riassicurativa pubblica fornita da SACE. La novità più rilevante è però la proposta di estendere l’obbligatorietà di copertura alle residenze private, partendo da quelle che hanno usufruito di incentivi fiscali per la ristrutturazione. Per il rimanente patrimonio abitativo, si suggerisce l’introduzione dell’obbligo di polizza con il criterio utilizzato per l’attestazione di prestazione energetica (APE).
""Trasformiamo l’incertezza che paralizza consumi e investimenti in un rischio calcolato e gestibile - ha suggerito il presidente Liverani -. Convertiamo il risparmio di lungo termine in linfa per il settore produttivo ed è questo che genera stabilità finanziaria, coesione sociale e fiducia nel futuro"". Sul fronte del rischio povertà legato all’inverno demografico, l’associazione avanza proposte per favorire la diffusione della previdenza integrativa. Tra queste spicca un “bonus di ingresso” economico erogato dallo Stato ai diciottenni da investire in fondi pensione o polizze previdenziali. Si richiede inoltre di potenziare gli incentivi fiscali, innalzando il limite di deducibilità (portato a 5.300 euro dall’ultima legge di bilancio) e introducendo una fiscalità che favorisca maggiormente la rendita rispetto al capitale. Per la sanità, la proposta mira a canalizzare attraverso incentivi fiscali i 42 miliardi che i cittadini pagano oggi di tasca propria.
""La nostra proposta è semplice: incentiviamo l’intermediazione da parte di imprese d’assicurazione e fondi sanitari di questo enorme flusso finanziario che oggi sfugge al settore pubblico, attraverso incentivi fiscali a polizze che prevedano l’annullamento di scoperti e di franchigie per il rimborso delle prestazioni effettuate nelle strutture pubbliche in regime di libera professione intramuraria"". Infine, sul versante normativo, ANIA raccomanda grande prudenza sul recepimento della direttiva comunitaria sui fondi di risoluzione (IRRD). Il presidente ha lanciato un chiaro messaggio alle istituzioni per scongiurare interventi retroattivi o prelievi forzosi nella prossima legge di bilancio.
""La solidità che vi ho appena descritto non deve essere considerata un dato scontato o, peggio, un giacimento di risorse a cui attingere regolarmente nei momenti di complessità della finanza pubblica. Farlo significherebbe nei fatti penalizzare le scelte di risparmio previdenziale di milioni di famiglie italiane"". Al contrario ANIA invita apuntare sulla collaborazione strategica a lungo termine tra il comparto assicurativo e lo Stato.
""Se vogliamo che le assicurazioni giochino un ruolo da protagonisti in grandi operazioni di sistema a sostegno delle transizioni industriali, delle infrastrutture e della crescita del Paese, usateci per quello che siamo: una leva potentissima per rafforzare l’Italia attraverso la protezione dai rischi di ogni tipo ed il risparmio previdenziale""."
20260703063704,Il Gazzettino,https://www.ilgazzettino.it/nordest/treviso/liste_d_attesa_sanita_usl_2_bilancio-9629203.html,,,,,,srclc:ita,"TREVISO - Diminuiscono i ricoveri in ospedale e aumentano gli accessi al servizio di assistenza a domicilio, che registrano impennate anche fino al 12%. Parallelamente, poi, non si ferma il boom delle persone che ricorrono al pronto soccorso: l'anno scorso è stata superata quota 300mila, per una media di 830 al giorno. Mentre le liste d'attesa si riducono: i pazienti che aspettano ancora di vedersi fissare un appuntamento sono scesi in un anno da 3.061 a 2.717.
 La relazione dell'Usl sulle attività dell'anno scorso, la prima firmata dal nuovo direttore generale Giancarlo Bizzarri, restituisce uno spaccato dell'evoluzione della sanità nella Marca. Il tutto in attesa del definitivo decollo delle 16 nuove Case della comunità targate Pnrr. Alcune hanno già accolto i primi servizi. E proprio domani l'Usl presenterà il percorso che le porterà a regime. L'organizzazione verrà definita nel corso dell'estate. E continueranno gli incontri pubblici per spiegare come funzionano i nuovi presidi. Dopo aver tirato su gli ambulatori, ora si punta a riempirli per settembre.
Ricoveri
L'anno scorso ce ne sono stati 84.301. Cioè 1.365 in meno rispetto al 2024. Per un calo del 2%. Il balzo all'indietro più netto è stato fatto dall'ospedale di Oderzo (da 5.305 a 5.083). Ma l'andamento è simile in tutti gli ospedali. Con l'unica eccezione di Castelfranco, dove i ricoveri sono aumentati (da 7.159 a 7.284) in particolare grazie a un massiccio incremento dei day hospital (+21%).
Assistenza domiciliare
Ormai funziona come un vero e proprio ospedale diffuso. Gli accessi hanno registrato un boom nel giro di un anno: da 310mila a oltre 334mila (+8%). Con un balzo nel distretto di Treviso addirittura del 12%. Anche a fronte dell'invecchiamento della popolazione, si tende a gestire le cure, quando possibile, direttamente a casa. A proposito di età, il distretto più anziano è quello di Pieve di Soligo: qui un cittadino su 4 ha più di 65 anni.
Pronto soccorso
Qui i numeri confermano che c'è ancora della strada da fare sui servizi nel territorio. Solo al Ca' Foncello, sono state quasi 110mila le persone che l'anno scorso si sono rivolte all'area dell'emergenza urgenza. E solo un paziente su 7 è stato poi ricoverato.
Liste d'attesa
È stato fatto un lavoro enorme se si pensa che dopo l'emergenza Covid ci si era trovati con 34.607 pazienti che aspettavano di essere chiamati. Oggi le attese per visite ed esami in priorità B (entro 10 giorni) sono state praticamente azzerate. E si è scesi a 2.717 prestazioni ancora in pre-appuntamento tra quelle monitorate in priorità D e P (cioè da erogare rispettivamente entro 30 giorni ed entro 60-120 giorni). Certo, qualcuno si è tolto dalla lista ed è andato nel privato. Ferme restando le difficoltà riguardanti soprattutto alcune specialità, come oculistica e dermatologia, la riduzione dei tempi è netta. E Bizzarri punta a renderla ancora più marcata, in prospettiva, anche grazie allo sviluppo delle tele-medicina per i semplici controlli.
Parti
L'inverno demografico è un dato di fatto. Almeno nel 2025, però, la Marca ha registrato una piccola inversione di tendenza. Negli ospedali del trevigiano ci sono stati 36 parti in più rispetto all'anno precedente: da 4.849 a 4.885 (22% cesarei). Ma non mancano le difficoltà. Nel punto nascite di Castelfranco, che viaggia verso la chiusura, è sceso sotto quota 300 parti. Ci si è fermati a 295. Ottanta in meno rispetto al 2024. Di contro crescono sia Treviso che Montebelluna: il primo ha contato 2.392 parti (+115) e il secondo 919 (+20)."
20260703044044,Corriere,https://bergamo.corriere.it/notizie/cronaca/26_luglio_03/aeroporto-di-orio-cosi-le-guerre-segnano-le-rotte-ma-lo-scalo-guarda-a-est-e-tocca-un-nuovo-picco-di-passeggeri-2e61abc9-296f-42ed-9de8-f3232b716xlk.shtml,,,,,,srclc:ita,"Aeroporto di Orio, così le guerre segnano le rotte. Ma lo scalo guarda a Est e tocca un nuovo picco di passeggeri
Chiusi nel 2022 i collegamenti con la Russia, difficili per mesi quelli con il Golfo. Trovate direttrici alternative per il futuro. Riyad, Tel Aviv, Emirati tra i collegamenti mantenuti. Sanga: «L'Oriente resta per noi un'area di sviluppo»
Barcellona, Lisbona, Budapest, Varsavia, Yerevan: le destinazioni si alternano sui tabelloni luminosi all’interno del terminal, mentre i viaggiatori che hanno già fatto check-in si incamminano verso la nuova (e moderna) area controlli, lasciandosi alle spalle chi resta a guardarli nella zona dedicata al «kiss and fly». Nel pieno dell’estate, la stagione di maggiore traffico, è sempre una mappa ancora molto ricca quella dell’aeroporto di Orio al Serio, con oltre 150 destinazioni in 45 Paesi collegati direttamente.
Anche se si tratta di un’estate che arriva dopo quattro anni nei quali, prima a causa della guerra in Ucraina e poi di quelle in Medio Oriente, qualche rotta è stata tagliata, o rimodulata nella sua frequenza. Ma l’impatto dei conflitti sull’attività dello scalo e sui suoi risultati è stato nel complesso limitato. Già dal 2022, anno in cui l’esercito russo ha invaso il territorio ucraino, erano stati sospesi i voli per Mosca Vnukovo operati da Pobeda (ne decollavano fino a tre al giorno). E non si è più sollevato da terra nemmeno il volo di Wizz Air diretto a San Pietroburgo, visto che in Russia la stagione estiva parte da marzo e il conflitto è scoppiato a febbraio. Sul fronte ucraino, invece, sono rimasti a terra i voli di Ryanair con Kiev, Kharkiv, Odessa e Leopoli.
E così si arriva, in tempi più recenti, al conflitto tra Stati Uniti e Iran e alle tensioni mediorientali. Che, più che cancellazioni, hanno riverberato i propri effetti sulle frequenze dei voli. Tra mercoledì e ieri (2 luglio) sono state inaugurate le nuove rotte di Flyadeal verso Jeddah e Riyad: per ciascun collegamento si tratta di tre voli alla settimana, fino al 26 settembre. Inoltre, ha ripreso a operare il volo giornaliero di Bluebird per Tel Aviv e, fino alla fine di luglio, saranno garantite tre frequenze settimanali verso Dubai (in attesa che tornino i due voli giornalieri dal 1° agosto) operate da Flydubai. Restando negli Emirati Arabi Uniti, Air Arabia è tornata a volare ogni giorno su Sharjah, terza città più popolosa del Paese, distante una ventina di chilometri da Dubai. Il 20 maggio è stato inaugurato anche il nuovo collegamento di Jazeera Airways con Kuwait City: un volo a settimana fino a metà luglio, quando la frequenza tornerà alla programmazione prevista di tre voli a settimana.
Ad oggi, l’unico collegamento sospeso da Orio al Serio è quello di Ryanair per Amman, capitale della Giordania. «Ci sono state delle difficoltà per le zone coinvolte nei conflitti. Sia per quanto riguarda la guerra tra Russia e Ucraina, sia per le tensioni in Medio Oriente», ammette Giovanni Sanga, presidente di Sacbo. Che, tuttavia, evidenzia come «i dati estivi dell’aeroporto sono in linea con le stime. L’aeroporto continua a proporre importanti destinazioni, sia sul territorio nazionale sia verso l’estero». In determinate occasioni, i numeri raggiunti dal «Caravaggio» sono stati addirittura migliori del previsto. Quello appena trascorso, infatti, è stato un mese che ha sorriso all’aeroporto di Orio al Serio anche per un’altra ragione. Domenica 14 giugno il «Caravaggio» ha ritoccato al rialzo il proprio record di passeggeri trasportati in una singola giornata: circa 63 mila persone transitate nello scalo (mentre l’estate scorsa, sempre a giugno, il primato era stato di 61.710 viaggiatori in transito).
«Orio al Serio conferma di essere uno degli scali strategici per il nostro Paese, anche sul piano internazionale — evidenzia ancora Sanga —. E con i dati dello scorso anno ha consolidato il proprio ruolo di terzo aeroporto italiano».
Quanto al futuro e alla mappa delle destinazioni, il presidente di Sacbo proietta la sua analisi in un orizzonte di medio-lungo periodo guardando verso Est: «L’Oriente resta per noi una delle aree di sviluppo a cui guardiamo con interesse. Anche perché gli analisti ci dicono che su quel territorio, nei prossimi dieci anni, ci sono previsioni di crescita costante non soltanto per quel che riguarda il Pil dei vari Paesi, ma anche dal punto di vista demografico. E si prevedono flussi di traffico in aumento anche dai Paesi che un tempo facevano parte dell’Unione Sovietica»."
20260703040331,La Nazione,https://www.lanazione.it/siena/cronaca/poggibonsi-fdi-allattacco-trasporto-pubblico-17502263,,,,,,srclc:ita,"La frazione di San Giorgio contrasto al caro biglietti per il trasporto pubblico locale, difesa del ruolo del Monte dei Paschi di Siena in Valdelsa. Questi gli argomenti discussi a Poggibonsi per effetto delle interrogazioni consiliari presentate da Fratelli d’Italia, gruppo composto da Gianni Martinucci, che è anche vice presidente del Consiglio comunale, e da Federico Gozzi, capogruppo (entrambi nella foto). ""A San Giorgio la strada versa in condizioni critiche, dissestata e inadeguata al traffico per la scarsa ampiezza – spiegano – senza dimenticare i costi elevati delle strutture idriche, che ricadono sui residenti. Un disagio per la cittadinanza, oltre a un grave ostacolo per le imprese turistiche"", secondo Gozzi e Martinucci. ""Il Comune ha risposto di non potersi occupare dell’approvvigionamento idrico a causa della normativa vigente, similmente ad altre zone rurali. Noi, come gruppo, abbiamo ribadito che, vista la presenza di numerose strutture turistiche, non sia possibile accostare San Giorgio ad altri centri meno rilevanti dal profilo demografico. Riguardo alla strada, vigileremo sui lavori che il Comune ha annunciato di avere in programma"". Il gruppo ha presentato una mozione sul contrasto dell’aumento del biglietto del trasporto pubblico locale,. In accordo con le altre forze è stato deciso di convergere su un testo unitario, come è avvenuto anche per Il tema MpS. ""Abbiamo messo da parte le differenze ideologiche per farci portavoce delle esigenze del territorio. Per la nostra mozione sul Tpl abbiamo condiviso un documento con le forze di maggioranza e di opposizione (in cui siamo primi firmatari) per esprimere contrarietà all’aumento del biglietto"".
Ricevi le notizie de La Nazione su Google"
20260703040000,Avvenire,https://www.avvenire.it/rubriche/scriviamoci-tutto/lodioso-delitto-di-reggio-emilia-lallarme-e-il-dovere-di-stare-ai-fatti_110487,,,,,,srclc:ita,"L’odioso delitto di Reggio Emilia, l’allarme, e il dovere di stare ai fatti
Ogni omicidio è di troppo. Ma abbiamo il dovere di fare un esame di realtà e contare fino a dieci prima di gridare al lupo, per costruire una convivenza più serena e meno avvelenata
Caro Avvenire, non ci rendiamo conto che stiamo toccando il fondo come società per la sicurezza pubblica e il pericolo che si manifesta ogni giorno. Sono rimasto scioccato dalla notizia del pizzaiolo di Reggio Emilia ucciso a coltellate. È stato brutalmente aggredito perché aveva detto no all’ennesima richiesta di un asporto a credito. Bisogna interrogarsi veramente di fronte al fatto che le nostre città non sono più sicure, in particolare sono minacciate le persone per bene che ogni giorno nel silenzio lottano per una vita dignitosa.
Massimo Aurioso
Piombino (LI)
Massimo Aurioso
Piombino (LI)
Caro Avvenire, di seguito articolo fonte Ansa: «La polizia ha arrestato nella notte l’uomo che si ritiene essere l’omicida del pizzaiolo Raffaele Stipa, accoltellato a morte nel suo locale di Reggio Emilia ieri sera. Dalle prime ricostruzioni, l’uomo, uno straniero, pare cliente abituale del locale, sarebbe entrato chiedendo una pizza gratis». O sbaglia l’Ansa o sbagliate voi a insistere nei vostri articoli che l’assassino sia italiano.
Germano (via email)
Germano (via email)
Cari lettori, il tragico episodio di Reggio Emilia impressiona e addolora per l’uccisione di un uomo impegnato nel proprio lavoro e ancor più fa indignare per la futilità delle presunte motivazioni alla base dell’aggressione. La vicenda si è tuttavia caricata anche di una valenza politica per le prime approssimative ricostruzioni, che hanno attribuito la responsabilità del delitto a un cittadino straniero. La pur abbastanza tempestiva smentita di tale circostanza, con l’identificazione del presunto assassino come persona di nazionalità italiana, non ha impedito ad alcuni esponenti della Lega di invocare frettolosamente la “remigrazione” di chi delinque e di rinfocolare la campagna di allarmismo sulla sicurezza, salvo poi fare marcia indietro al mutare del quadro. Premettendo che la morte violenta di Raffaele Stipa rappresenta una perdita per tutta la sua comunità e un dolore immenso per i suoi familiari e amici, bisognerebbe provare a proporre una diversa narrazione dei temi di ordine pubblico, per distinguere casi diversi e non avallare un clima diffuso di pericolo e sospetto generalizzato. Le nostre strade sono alla mercé del crimine? C’è, ovviamente, una sensazione soggettiva, ma non si possono ignorare i dati reali. Se prendiamo le cifre dell’Istat, tra il 1891 e il 1895, per fare un paragone con i “bei tempi andati”, si registravano in Italia quasi 2.000 omicidi l’anno; tra il 2020 e il 2024 sono stati poco più di 300 ogni dodici mesi. In rapporto alla popolazione, si è passati da 5,9 omicidi ogni 100mila abitanti a meno di 0,6. Se prendiamo come riferimento l’ultimo decennio, anche i furti denunciati dal 2014 sono calati del 33%. Esiste un ben noto effetto psicologico per il quale, in un ambiente violento, l’ennesimo delitto risulta non sorprendente, mentre in una società fortunatamente tranquilla un grave fatto di sangue fa enorme scalpore. In alcune metropoli ma anche in alcuni piccoli centri (il caso di Caivano è diventato noto per i massicci interventi di prevenzione messi in atto) esistono, certo, zone degradate dove si concentrano spaccio di droga, vandalismi, molestie e furti con destrezza. Ma anche la percezione dichiarata dagli abitanti, se si guardano gli indicatori del Benessere Equo e Sostenibile elaborati dall’Istat, non è così disastrosa come viene raccontata in alcuni talk show o da commentatori sopra le righe e figure pubbliche in cerca di voti. Soprattutto, bisognerebbe precisare correttamente dove la presenza dello Stato può incidere positivamente e dove invece saremo sempre esposti a qualche rischio. Non possiamo mettere un poliziotto in ogni ristorante, mentre presidiare meglio stazioni o aree abbandonate è un obiettivo da perseguire. Non si può evitare che un individuo in stato di alterazione o un estremista lanci all’improvviso la propria auto contro i passanti; è invece praticabile pattugliare maggiormente zone residenziali isolate su cui si concentrano i rapinatori.
In ogni caso, la dinamica che va scongiurata è quella del continuo rincorrersi tra schieramenti sulla presunta emergenza. In genere, il centrodestra denuncia situazioni fuori controllo, invoca (e introduce ora che è al governo nazionale) misure ad hoc e sanzioni più severe. Il centrosinistra, che guida alcune delle città sotto i riflettori per i reati al centro delle cronache, teme di non apparire abbastanza sensibile ai temi della sicurezza e li rilancia seppure con toni spesso meno urlati. Questo meccanismo satura lo spazio mediatico con una rappresentazione deformata. E finisce, inoltre, con l’alimentare l’equazione stranieri-reati. Di nuovo, che gli immigrati siano sovrarappresentati tra le persone denunciate e carcerate è vero. Ma molto dipende dal fatto che tra gli stranieri ci sono proporzionalmente più giovani maschi, cioè il gruppo demografico che in quasi tutte le società commette il maggior numero di reati. Se si confrontano giovani maschi italiani e giovani maschi di origine straniera, la distanza si restringe. Insomma, caro Aurioso e caro signor Germano, ogni omicidio è di troppo. Ma abbiamo il dovere di fare un esame di realtà e contare fino a dieci prima di gridare al lupo, per costruire una convivenza più serena e meno avvelenata.
© RIPRODUZIONE RISERVATA
Seguici anche su Google Discover di Avvenire"
20260703035330,Tutte Le Ultime Notizie,https://www.ilrestodelcarlino.it/bologna/cronaca/nuovo-regolamento-degli-impianti-campetti-6d29c057,,,,,,srclc:ita,"Impianti sportivi ‘liberi’, i classici ‘campetti’, gratuiti e accessibili a tutti senza prenotazione, ma a tempo. Massimo 90 minuti, poi si deve lasciare spazio ad altri. E’ una delle novità che scattano a San Lazzaro, dove il Consiglio comunale ha approvato il primo regolamento per l’assegnazione e l’utilizzo degli impianti sportivi comunali. Una novità che ""mette a sistema le procedure consolidate negli anni e introduce criteri uniformi e verificabili per l’accesso agli impianti e per l’assegnazione degli spazi"". Tra le principali novità del nuovo regolamento c’è appunto la regolamentazione degli impianti a libera fruizione.
Gli spazi ""resteranno gratuiti e accessibili da tutti senza prenotazione, ma potranno essere occupati continuativamente, di norma, per un massimo di 90 minuti, così da garantire la rotazione e consentire a più persone di utilizzarli"", spiega il Comune in una nota. Le attività organizzate o di durata superiore ai 90 minuti ""dovranno essere preventivamente autorizzate dal Settore Sport e Marketing Territoriale e potranno essere comunicate attraverso apposita cartellonistica"". Il nuovo regolamento distingue gli impianti tra strutture a utilizzo stagionale, impianti affidati in concessione pluriennale e aree sportive a libera fruizione. Nelle assegnazioni sarà tutelata innanzitutto la continuità delle società già attive. Per gli spazi restanti saranno considerati la struttura organizzativa dei richiedenti, il radicamento e la durata dell’attività.
Tra gli ulteriori criteri, figurano le proposte rivolte alle persone con disabilità, le discipline non ancora presenti a San Lazzaro e il numero di tesserati nella specifica attività. ""San Lazzaro ha un sistema sportivo molto florido: le società continuano a crescere e a chiedere spazi, nonostante il calo demografico che caratterizza la nostra società – spiega l’assessore allo Sport Luca Melega – è un dato che testimonia la qualità e la competitività degli impianti messi a disposizione dal Comune. Con questo primo regolamento passiamo da una gestione che fino ad oggi è stata estremamente efficace, portata avanti con grande competenza e passione dai nostri uffici, a un sistema più strutturato e adeguato alle esigenze future"". L’offerta sportiva comunale ad oggi a San Lazzaro comprende 13 palestre, delle quali 10 gestite direttamente dal Comune e tre affidate in gestione, oltre a quattro campi da calcio, un centro per tennis e padel, una piscina, un campo da baseball, una sala scherma e un mini autodromo. A questa rete si aggiungono gli impianti a libera fruizione: nove campi da basket, due campi da tennis, due campi da calcio a 5, un campo da calcio, un campo da pallavolo, un campo da beach volley e beach tennis, una pista di pattinaggio, una pista da skateboard e due impianti di calisthenics.
r. p."
20260703025600,San Marino,https://www.sanmarinortv.sm/news/italia-c7/crescono-ansia-disagio-e-depressione-tra-i-ragazzi-i-numeri-che-preoccupano-l-emilia-romagna-a292785,,,,,,srclc:ita,"Negli ultimi 10 anni, gli accessi alla neuropsichiatria infantile sono aumentati del 73%; +192% tra i 13 e i 17 anni. Si consumano oltre 43 confezioni di psicofarmaci ogni mille bambini. Preoccupa il report della Garante regionale minori."
20260703023400,Agenzia Giornalistica Italia,https://www.agi.it/cronaca/news/2026-07-03/salute-mentale-caldo-37860012/,,,,,,srclc:ita,"AGI - Il Ministero della Salute ha incluso per la prima volta la tutela della salute mentale all'interno delle linee guida per la risposta sanitaria alle ondate di calore. La misura, formalizzata nella circolare dello scorso 26 giugno firmata dalla direzione generale della Prevenzione, introduce per il 2026 una sperimentazione pilota volta a monitorare gli accessi ai servizi territoriali di salute mentale durante i picchi termici, avvalendosi di una rete dedicata di strutture sentinella. Tra le 27 città italiane incluse nel sistema nazionale di allerta figura anche Napoli.
«È un primo passo nella direzione giusta, e va accolto con favore. Ma è un inizio, non un traguardo: ora conta come verrà riempito». Con questo commento Vincenzo Barretta, psichiatra e Direttore Scientifico del Centro Noesis di Napoli, accoglie il provvedimento ministeriale, evidenziando come la decisione colmi un prolungato vuoto di attenzione istituzionale. Lo specialista aveva già sollevato la necessità di integrare i rischi del caldo estremo sulla salute emotiva e comportamentale nelle pianificazioni urbanistiche future.
Effetti del caldo sulla mente
«Per anni abbiamo pensato al caldo come a un problema del corpo: disidratazione, colpi di calore, scompensi cardiaci. Ma le alte temperature agiscono anche sulla mente, e lo fanno in modo documentato», precisa Barretta, richiamando la letteratura scientifica che associa la compressione della qualità del sonno e l'aumento degli accessi ospedalieri per disturbi psichici ai periodi di caldo prolungato.
Rischi farmacologici e prevenzione
La criticità assume contorni strettamente clinici anche sul fronte farmacologico. «Diversi farmaci di uso psichiatrico — alcuni antidepressivi, antipsicotici, stabilizzatori dell'umore — possono interferire con la termoregolazione o risultare meno sicuri in caso di disidratazione. È un tema che va gestito con il medico prima dell'estate, non durante un'emergenza», ammonisce il Direttore Scientifico del Centro Noesis.
Isolamento e fattori sociali estivi
Tuttavia, l'analisi clinica si estende oltre i fattori puramente meteorologici. I mesi estivi determinano una convergenza di criticità socio-ambientali che colpiscono le fasce di popolazione più fragili, a causa dello svuotamento dei centri urbani, della rarefazione delle reti di supporto e dell'interruzione delle routine terapeutiche. Si tratta di un fenomeno che si innesta su un quadro demografico strutturale tracciato dall'Istat, secondo cui in Italia i single hanno raggiunto quota dieci milioni, con una prevalenza di solitudine che interessa circa quattro anziani su dieci tra gli over 75.
Impatto dei social e confronto sociale
A questa dinamica si aggiunge la pressione psicologica derivante dalle piattaforme digitali. «D'estate i feed diventano una vetrina di felicità esibita, e per chi è fragile il confronto continuo pesa. Un flusso ininterrotto di vacanze, cene, gruppi, corpi al mare: una rappresentazione selezionata, i moments migliori altrui messi in mostra», osserva lo psichiatra. «Non si tratta di demonizzare i social, ma di riconoscere un meccanismo psicologico noto, il confronto sociale verso l'alto, che nel periodo estivo diventa particolarmente intenso».
Supporto e consapevolezza
L'obiettivo della comunità medica non risiede nell'allarmismo, bensì nell'orientamento e nel supporto dei soggetti a rischio. «Sentirsi soli o in difficoltà proprio quando ""si dovrebbe"" essere felici non è un difetto della persona: è una reazione comprensibile a un contesto che impone il divertimento come norma. La cosa più sana non è sforzarsi di godersi l'estate a tutti i costi, ma dare un nome a ciò che si sente e, se il disagio persiste, chiedere aiuto».
Monitoraggio e interventi locali
La decisione del Ministero della Salute di avviare una mappatura degli accessi e dei dati rappresenta pertanto il presupposto fondamentale per interventi strutturati a livello locale. «Misurare è il primo passo per prevenire. Se cominciamo a raccogliere dati sull'impatto del caldo e dell'isolamento estivo sulla salute mentale, potremo costruire risposte territoriali mirate, che è esattamente il terreno su cui un centro come il nostro lavora ogni giorno», conclude Barretta."
20260703000000,L'opinione Delle Libertà,http://www.opinione.it/politica/2026/07/03/gustavo-micheletti-civilta-democratica-hegel-religione-islam-europa-occidente/,,,,,,srclc:ita,"Quando, quasi due secoli fa, Georg Wilhelm Friedrich Hegel teneva a Berlino le sue lezioni sulla filosofia della storia e della religione, non poteva certo prevedere cosa sarebbe successo nell’Europa del XXI secolo. Non poteva immaginare i quartieri periferici di Parigi, Londra o Bruxelles, né le grandi migrazioni provenienti dall’Africa e dal Medio Oriente. Eppure, se oggi si cercano categorie filosofiche capaci di comprendere ciò che sta accadendo nel continente europeo e in tutto il mondo occidentale, è difficile trovarne di più penetranti delle sue.
Non perché Hegel avesse previsto gli eventi. La filosofia non prevede gli avvenimenti concreti; individua le strutture profonde dalle quali essi possono nascere. Gli avvenimenti dipendono da infinite circostanze contingenti; le strutture, invece, hanno una durata molto più lunga e, proprio per questo, consentono allo storico di formulare ipotesi sul futuro. Come avrebbe osservato molti anni dopo Raymond Aron, non si tratta di profetizzare, ma di prolungare nel futuro le tendenze già presenti nel passato e nel presente, salvo che intervengano fattori nuovi capaci di modificarle.
Se le strutture rimangono immutate, anche le conseguenze tendono a rimanere tali, e per comprendere quelle che sono ancora oggi attive può risultare sorprendentemente attuale la categoria hegeliana di “mediazione” (Vermittlung). Per Hegel, infatti, la storia delle religioni non consiste semplicemente nel succedersi di diverse credenze: ogni grande religione esprime un diverso rapporto tra Dio, l’uomo e la società, e da quel rapporto discendono conseguenze filosofiche, giuridiche e politiche destinate a modellare intere civiltà.
L’Ebraismo rappresenta, ai suoi occhi, la scoperta della trascendenza assoluta di Dio: essendo infinitamente superiore al mondo, l’uomo gli deve obbedienza, ma fra il Creatore e la creatura permane una distanza che nessuna realtà terrena può colmare. L’Islam porta questo stesso principio all’estremo della sua universalità. Hegel ne parla con una certa ammirazione: nessun’altra religione, secondo lui, aveva affermato con tanta forza la sovranità di un riferimento radicale all’assoluto. Di fronte all’unico Dio, tutte le differenze sociali, etniche e politiche sembrano dissolversi. È questa semplicità grandiosa ad aver alimentato l’energia straordinaria delle prime conquiste Islamiche, capaci di travolgere in pochi decenni imperi che apparivano invincibili.
Ma in quest’aspetto Hegel individua anche il limite dell’Islam: se Dio è l’unica realtà assoluta, il mondo tende inevitabilmente a perdere autonomia. La famiglia, lo Stato, il diritto, la società civile e perfino l’individuo finiscono per ricevere il loro significato soltanto dal rapporto diretto con la volontà divina. Tra l’Assoluto e la realtà storica manca quella serie di mediazioni che costituisce, secondo Hegel, il fondamento stesso della libertà moderna.
Il Cristianesimo rappresenta invece una svolta radicale: con l’incarnazione, Dio entra nella storia e l’infinito assume il finito senza annullarlo. La persona umana acquista una dignità che non deriva semplicemente dalla sua sottomissione all’Assoluto, ma dalla partecipazione stessa al divino. È da questa mediazione che, lungo un processo secolare e spesso contraddittorio, nasceranno l’autonomia della coscienza, la distinzione tra sfera religiosa e sfera politica, il diritto, i corpi intermedi e infine lo Stato moderno.
Naturalmente Hegel sa bene che nessuna civiltà realizza perfettamente i propri principi, ma ritiene che la direzione della storia europea sia stata precisamente questa: moltiplicare le mediazioni invece di eliminarle. Ed è qui che la prospettiva filosofica tracciata dal filosofo tedesco si rivela particolarmente utile per comprendere l’attuale circostanza storica: il problema che oggi si pone all’Europa non è, almeno in primo luogo, un problema demografico o economico, ma è un problema filosofico che scaturisce da una sottovalutazione del ruolo decisivo della “mediazione”.
Per molti decenni il dibattito pubblico occidentale ha guardato all’immigrazione Islamica quasi esclusivamente attraverso categorie economiche: forza lavoro, invecchiamento della popolazione, mercato, welfare, integrazione sociale. Tutte questioni importanti, naturalmente, ma Hegel avrebbe probabilmente osservato che esse appartengono soltanto alla superficie del fenomeno. Sotto quella superficie agiscono strutture molto più profonde, destinate a manifestarsi soltanto nel lungo periodo.
Le civiltà non sono semplici aggregati di individui: sono modi diversi di concepire il rapporto fra Dio, uomo, società e potere. Quando civiltà differenti entrano in contatto, non si incontrano soltanto lingue, religioni o costumi: si incontrano concezioni diverse dell’autorità, della legge, della libertà e perfino della natura dell’uomo. Da questo punto di vista, anche grazie ad Hegel è possibile cogliere una differenza essenziale tra Ebraismo e Islam. Entrambi affermano la trascendenza assoluta di Dio e non conoscono quella mediazione rappresentata, nel Cristianesimo, dall’Incarnazione, ma il modo in cui lo fanno è radicalmente diverso.
L’Ebraismo rimane la religione di un popolo. Pur ammettendo la conversione, non sviluppa storicamente una vocazione proselitista comparabile a quella cristiana o Islamica. Per secoli gli ebrei hanno vissuto come minoranze disperse all’interno di altre civiltà, spesso perseguendo la conservazione della propria identità più che la trasformazione delle società ospitanti.
L’Islam nasce invece come religione universale. La sua pretesa non riguarda soltanto una comunità particolare, ma l’intera umanità. Per Hegel questa universalità costituisce la sua forza storica, capace di abbattere in pochi decenni imperi millenari, ma anche un elemento destinato a opporre resistenza a qualsiasi forma di “mediazione” culturale atto a giocare un ruolo decisivo in qualsiasi processo d’integrazione.
Questa differenza tra Ebraismo e Islam, apparentemente soltanto religiosa, possiede invece enormi conseguenze politiche. Una religione universale e proselitista non può rimanere indifferente all’assetto delle società nelle quali si diffonde. Anche quando la sua espansione avviene pacificamente, essa tende inevitabilmente a imporre una propria concezione dell’ordine giuridico, della famiglia, dell’autorità e della vita pubblica.
Naturalmente il mondo Islamico contemporaneo è attraversato da interpretazioni molto diverse. Esistono letture che considerano compatibile la fede Islamica con la democrazia liberale; altre che ritengono invece l’ordine politico debba conformarsi progressivamente alla legge religiosa. Pur essendo importante riconoscere entrambe queste realtà, non si può tuttavia trascurare il problema filosofico più delicato: una democrazia liberale può certamente convivere con entrambe le interpretazioni, perché la sua stessa natura consiste nel garantire libertà religiosa, di associazione, di espressione e di organizzazione, ma la domanda che dovremmo porci è un’altra: può convivere indefinitamente con un’interpretazione religiosa che consideri quelle stesse libertà non come un valore assoluto, ma come uno spazio entro cui operare per trasformare gradualmente la società secondo princìpi differenti e per molti versi opposti?
È a questo punto che la riflessione di Hegel incontra quella di Raymond Aron, il quale spiega le strutture e le dinamiche che possono essere innescate. Se infatti una determinata struttura della coscienza – o più precisamente, usando una terminologia più hegeliana, della vita dello Spirito – produce storicamente certi effetti, è razionale attendersi che continui a produrli finché nessun fattore nuovo intervenga a modificarla. Da questa prospettiva, la questione migratoria non riguarda semplicemente il numero degli immigrati o i loro comportamenti socialmente rilevanti, bensì la natura delle strutture culturali e religiose che accompagnano inevitabilmente ogni grande movimento di popolazioni.
Le migrazioni trasportano uomini, famiglie, tradizioni, lingue, memorie, ma trasportano anche idee, concezioni del diritto, dell’autorità, della libertà e del rapporto tra religione e politica. Ignorare quest’ultimo aspetto significherebbe, probabilmente, proprio ciò che Hegel avrebbe giudicato l’errore più grave: fermarsi agli eventi senza coglierne le ragioni e la struttura. Una democrazia liberale non è semplicemente un sistema di governo: è una civiltà costruita attraverso una lunghissima stratificazione di mediazioni. Fra individuo e Stato esistono i corpi intermedi; fra coscienza e potere esiste il diritto; fra religione e politica c’è una distinzione che non elimina la religione, ma ne limita il potere coercitivo; fra maggioranza e minoranza esiste un insieme di garanzie destinate a impedire che la prima annulli la seconda.
Nulla di tutto questo nasce spontaneamente: è il risultato di un processo durato quasi due millenni, nel quale il Cristianesimo, il diritto romano, il pensiero greco, la Riforma, l’Illuminismo e il costituzionalismo moderno hanno progressivamente costruito quello spazio di autonomia reciproca che Hegel avrebbe definito il regno della mediazione.
Ma proprio questa straordinaria ricchezza contiene anche una fragilità. Ogni società aperta presuppone infatti che coloro che vi partecipano riconoscano almeno implicitamente la legittimità delle sue regole fondamentali. Le libertà di associazione, di culto, di parola e di organizzazione sono pensate come fini, non soltanto come strumenti.
Che cosa accade, allora, quando all’interno di una società di questo tipo operano movimenti che interpretano quelle medesime libertà esclusivamente come mezzi tattici, destinati a essere progressivamente superati una volta modificati i rapporti di forza? È una domanda che non riguarda esclusivamente l’Islam. Il Novecento l’ha già posta di fronte ai totalitarismi politici. Comunismo e fascismo parteciparono entrambi, in misura diversa e in tempi diversi, alle istituzioni liberali utilizzandone spesso gli spazi di libertà contro il sistema stesso.
Oggi quella domanda riemerge in un contesto differente. Se una parte del mondo Islamico interpreta la religione come principio destinato a permeare anche l’ordinamento politico e giuridico, allora il problema non consiste semplicemente nella presenza di cittadini musulmani in Europa. Esso riguarda la possibilità che, all’interno di società fondate sulla distinzione tra sfera religiosa e sfera politica, si sviluppino concezioni che quella distinzione non riconoscono come definitiva.
Naturalmente nessuno può stabilire quale interpretazione dell’Islam finirà per prevalere, ma lo storico deve interrogarsi su un’altra questione: quali sono le strutture che favoriscono l’una o l’altra? Per Raymond Aron la storia non permette dimostrazioni matematiche. Le sue necessità sono sempre relative alle condizioni osservabili in un determinato momento. Ma proprio per questo lo storico non può rinunciare a formulare previsioni. Se osserva un processo strutturale che procede senza incontrare ostacoli adeguati, il suo dovere non consiste nell’attendere passivamente che gli eventi lo confermino: consiste nel chiedersi quali conseguenze esso produrrà qualora le condizioni rimangano invariate.
In questo senso, la previsione non è una profezia: è il prolungamento razionale delle strutture presenti nel futuro. Applicata al rapporto fra immigrazione, Islam e democrazia liberale, questa metodologia conduce a una domanda che l’Europa sembra evitare da molti anni: una società liberale dispone davvero degli strumenti necessari per contrastare movimenti che utilizzano sistematicamente le libertà democratiche perseguendo un modello di società differente? Oppure, per impedirne efficacemente lo sviluppo, dovrebbe restringere proprio quelle libertà che costituiscono la sua identità?
Se fosse vera la seconda ipotesi, il problema assumerebbe una forma tragicamente contraddittoria. Per difendere la propria natura, la democrazia dovrebbe rinunciare, almeno in parte, alla propria natura. Ed è proprio su questo tema che la categoria hegeliana della mediazione torna a mostrare tutta la sua forza: le grandi crisi storiche non nascono soltanto dallo scontro tra interessi economici o militari, ma nascono quando entrano in collisione due differenti concezioni dell’uomo, della libertà e dell’autorità religiosa e politica.
Hegel non poteva prevedere le modalità concrete con cui questa tensione si sarebbe manifestata nel XXI secolo, ma aveva individuato il punto essenziale: le civiltà non si distinguono innanzitutto per ciò che producono, bensì per il modo in cui concepiscono il rapporto tra l’assoluto e il mondo, tra Dio e l’uomo, tra il potere e la libertà.
È su questo terreno che si deciderà una parte importante del futuro europeo, e qui la filosofia della storia incontra il compito dello storico, che non è quello di profetizzare l’avvenire, ma di riconoscere le strutture che lo rendono possibile influenzandone gli esiti. Le necessità della storia non sono assolute: dipendono sempre dalle condizioni osservabili in un determinato momento e possono essere modificate dall’emergere di fattori nuovi. Ma, finché tali fattori non si manifestano, ignorare le conseguenze implicite nelle strutture esistenti non è prudenza: è rinunciare alla funzione stessa della conoscenza storica.
Il fatto che l’Occidente cristiano stia progressivamente svalutando l’origine della propria civiltà della mediazione, che ha consentito ai suoi cittadini prima di sviluppare e poi di conservare fino ad oggi le proprie istituzioni democratiche, lo porta a smarrire la consapevolezza del processo culturale che le ha generate. In questo senso, l’Islam è solo lo specchio impietoso delle contraddizioni che costringono l’Europa e l’Occidente in generale a domandarsi da dove provenga la propria civiltà democratica e a interrogarsi sulla propria volontà di conservarla e difenderla.
Aggiornato il 03 luglio 2026 alle ore 19:18"
20260702184616,Corriere Dell'umbria,https://www.corrieredellumbria.it/news/italia/456357/vaccini-la-prevenzione-per-gli-anziani-diventa-risparmio-per-la-societa-le-proposte-di-happyageing.html,,,,,,srclc:ita,"Vaccinare gli anziani non solo per garantire un invecchiamento migliore ma anche per portare risparmio al Sistema sanitario nazionale. Con questi obiettivi si è svolta oggi a Palazzo Baldassini a Roma l’Assise Nazionale sulla Prevenzione delle Malattie Infettive nell’Anziano. Il dibattito, organizzato su iniziativa di HappyAgeing, Alleanza Italiana per l’Invecchiamento Attivo, si è concentrato, più che su quanto costa prevenire, su quanto costa non farlo. L’Office of Health Economics ha calcolato che per ogni euro investito nella vaccinazione contro l’Herpes Zoster negli anziani può generare fino a 782 euro di beneficio per la società.
L’analisi tecnico-scientifica presentata oggi è stata raccolta nel documento “Le vaccinazioni per proteggere la popolazione anziana in Italia. Quadro epidemiologico, carico di malattia, offerta vaccinale e profili di costo-efficacia”. Analisi elaborata dagli esperti delle Università di Pisa e di Bari sotto la responsabilità scientifica dei Professori Caterina Rizzo e Silvio Tafuri. Il documento è stato presentato da HappyAgeing al Ministero della Salute e al CIP (Coordinamento Interregionale Prevenzione) che, attraverso la Cabina di regia, stanno lavorando alla costruzione del nuovo Piano Nazionale di Prevenzione Vaccinale (PNPV). Un documento con cui, come spiega Caterina Rizzo, Prof. ordinaria di Igiene generale ed applicata all’Università di Pisa “abbiamo cercato di mettere insieme tutte le evidenze della letteratura scientifica internazionale secondo una metodologia standardizzata. Lo abbiamo fatto perché è importante la vaccinazione dei soggetti adulti sopra i 60 anni e le evidenze ci dicono che crea valore”. Un lavoro che parte soprattutto dalla comunicazione dei rischi alla popolazione anziana, come spiega il Presidente del Comitato tecnico-scientifico di HappyAging Michele Conversano: “Gli anziani spesso non percepiscono il rischio e non conoscono l’immunosenescenza, quindi il calo delle difese nell’età anziana, e le complicanze anche molto gravi che possono derivare” e poi le altre proposte di HappyAging secondo cui: “sicuramente serve avere un Piano nazionale sempre aggiornato con le innovazioni che la scienza ci mette a disposizione per aumentare la copertura vaccinale. Serve anche aumentare la rete dei punti in cui si effettuano le vaccinazioni. Al di là dei soliti centri vaccinali anche le case di comunità, gi ospedali, i poliambulatori e le farmacie”. Oggetto dell’analisi presentata oggi cinque vaccini: pneumococco, Herpes Zoster, influenza, difterite-tetano-pertosse, VRS (Virus Respiratorio Sinciziale) e Covid-19. Iniziative come questa sono sempre più importanti in un paese sempre più anziano. “Il cambiamento demografico è una dato di fatto. Uno stravolgimento della società” spiega Anna Odone, Prof. di Sanità Pubblica all’Università di Pavia. “Un cambio demografico che ha implicazioni importanti sui bisogni di salute e sulla capacità di soddisfarli. Quindi intendiamo la vaccinazione dell’anziano non solo come strumento di prevenzione di infezioni e patologie ma come vero e proprio strumento di invecchiamento in salute. Le evidenze si stanno accumulando sul potenziale dei vaccini di prevenire anche malattie croniche e degenerative. Il messaggio forte è di considerare la prevenzione come un asset a supporto della sostenibilità di un servizio sanitario che ne ha davvero bisogno”. L’Assise Nazionale sulla Prevenzione delle Malattie Infettive nell’Anziano è stata realizzata con il contributo non condizionante di CSL Seqirus, GSK GlaxoSmithKline, Moderna, MSD Italia, Pfizer e Sanofi. In conclusione, come dichiarano congiuntamente Tania Scacchetti, Segretaria Generale SPI CGIL, Annamaria Foresi, Segretario Nazionale FNP CISL, e Carmelo Barbagallo, Segretario Generale UIL Pensionati: “In una società in cui l’età anagrafica cresce sempre di più, garantire la longevità, e quindi un invecchiamento in buona salute, è fondamentale”."
20260702180338,Teleborsa,https://www.teleborsa.it/DettaglioNews/241_2026-07-02_TLB/Welfare-e-fisco-Federmanager-sostenibilit-e-riforme-strutturali-per-il-futuro-del-sistema-sociale.html,,,,,,srclc:ita,"Welfare e fisco, Federmanager: sostenibilità e riforme strutturali per il futuro del sistema sociale
                
                
                
		
                    
                
	 
                
                
		
                    (Teleborsa) - Proteggere il welfare pubblico garantendone la sostenibilità con riforme strutturali e trasparenza contabile. È il messaggio lanciato oggi dal Direttore Generale di Federmanager, Mario Cardoni, durante il Forum della Federazione a Roma. Il primo nodo riguarda l'opacità dei conti pubblici tra previdenza e assistenza. ""Si ripete che spendiamo troppo per le pensioni – spiega Cardoni – ma la realtà mostra che la spesa assistenziale è cresciuta del 128% in 16 anni, superando i 180 miliardi senza ridurre la povertà. Chiediamo da anni di separare queste voci, oggi nascoste nelle pieghe dei conti INPS2.
Sul fronte sanitario, con la spesa pubblica al 7,1% del PIL (sotto la media Eurozona), Federmanager spinge per l'evoluzione del SSN tramite una seconda gamba complementare. ""La spesa privata delle famiglie ha raggiunto i 50 miliardi annui, dimostrando che il pubblico non può affrontare da solo l’urto demografico. La sanità integrativa è fondamentale per garantire tempi giusti e prestazioni eccellenti per tutti, superando i blocchi ideologici"".
Anche sulle pensioni Cardoni fa chiarezza: al netto dell'IRPEF, la spesa previdenziale è al 12% del PIL, in linea con l'Europa. ""I privilegi non sono nelle pensioni di chi ha versato i contributi, ma si annidano in quel 40% di prestazioni assistite dallo Stato. I continui tagli alle indicizzazioni creano una perdita secca per i pensionati. Serve stabilità normativa e occorre spingere sul secondo pilastro, adeguando all'inflazione i limiti di deducibilità fermi al 2000"".
Infine, l'allarme sull'equità fiscale, con il 20% della popolazione che sostiene l'80% del carico IRPEF.
""La progressività grava quasi solo su dipendenti e pensionati: chiediamo di ridurre la pressione su di loro ed elevare la soglia dell'aliquota marginale del 43% da 50mila ad almeno 120mila euro"". Guardando al futuro e al rischio di perdere 4 milioni di lavoratori in dieci anni, Cardoni ha concluso che ""la base imponibile non potrà gravare solo sulle persone fisiche: serve una riflessione seria sulla tassazione della rendita da automazione e intelligenza artificiale"".
Il viceministro delle Imprese e del Made in Italy Valentino Valentini dopo aver espresso apprezzamento per il manifesto presentato da Federmanager ha sottolineato quanto la managerialità comporti assunzioni di responsabilità altissime: ""verso la proprietà, verso i lavoratori e l’intera comunità. La managerialità va considerata un'infrastruttura intangibile del Paese e decisiva per la qualità della crescita"".
Il viceministro si è poi soffermato sul ruolo dell’intelligenza artificiale. ""L’Ai - ha spiegato - aumenta la produttività se governata. La tecnologia certamente accelera i processi ma l’esperienza, la competenza e il giudizio devono rimanere al centro delle decisioni che si assumono""
Sul tema della crescita e del supporto a chi investe è intervenuta anche Sandra Savino, sottosegretaria all’Economia e alle Finanze, sottolineando la visione dell'esecutivo: ""Il governo – afferma – sta lavorando lungo una linea molto chiara: rendere il sistema fiscale più equo, più moderno e più favorevole alla crescita. Equità significa ridurre il peso fiscale su chi lavora, su chi produce, su chi investe e su chi crea occupazione"". Secondo la sottosegretaria, un fisco moderno deve saper valorizzare la produttività e la transizione: ""e deve farlo con regole certe, strumenti più semplici, tempi ragionevoli e un contrasto all'evasione che sia rigoroso ma sempre fondato su proporzionalità, dialogo e fiducia"".
Valeria Vittimberga, Direttore Generale Inps parlando del sistema previdenziale ha evidenziato che il ""vero problema è la sostenibilità finanziaria del sistema produttivo"".
""La sostenibilità è una priorità dell'intero sistema economico e dipende dalla produttività dai salari, dalla partecipazione delle donne al mercato del lavoro, dalla capacità delle imprese di innovare e, quindi, dipende dalla classe manageriale. La sostenibilità non dipende dunque solo dalle regole pensionistiche"".
Il Vicepresidente nazionale Federmanager Gherardo Zei è tornato a parlare di intelligenza artificiale: ""la capacità dei manager è capire la struttura del sistema e come potrà svilupparsi nel futuro. L’intelligenza artificiale dovrebbe essere usata da chi è competente della materia per cui si utilizza e invece oggi succede esattamente il contrario. Oggi il mondo va sempre più veloce per questo è necessario un grande coordinamento tra le istituzioni per affrontare questi cambiamenti sempre più rapidi"".
Al forum hanno partecipato inoltre Mario Turco, Vicepresidente Delegato alle politiche economiche e fiscali M5S e Ylenia Lucaselli, Capogruppo Commissione Bilancio FDI.
                
	
                
    
                
                
                
                
                
                
	
                
                
```"
20260702150144,Ilgiornale Il,https://www.ilgiornale.it/news/farmaci-e-terapie/vaccini-prevenzione-anziani-diventa-risparmio-societ-2687887.html,,,,,,srclc:ita,"Vaccinare gli anziani non solo per garantire un invecchiamento migliore ma anche per portare risparmio al Sistema sanitario nazionale. Con questi obiettivi si è svolta oggi a Palazzo Baldassini a Roma l’Assise Nazionale sulla Prevenzione delle Malattie Infettive nell’Anziano. Il dibattito, organizzato su iniziativa di HappyAgeing, Alleanza Italiana per l’Invecchiamento Attivo, si è concentrato, più che su quanto costa prevenire, su quanto costa non farlo. L’Office of Health Economics ha calcolato che per ogni euro investito nella vaccinazione contro l’Herpes Zoster negli anziani può generare fino a 782 euro di beneficio per la società. L’analisi tecnico-scientifica presentata oggi è stata raccolta nel documento “Le vaccinazioni per proteggere la popolazione anziana in Italia. Quadro epidemiologico, carico di malattia, offerta vaccinale e profili di costo-efficacia”. Analisi elaborata dagli esperti delle Università di Pisa e di Bari sotto la responsabilità scientifica dei Professori Caterina Rizzo e Silvio Tafuri. Il documento è stato presentato da HappyAgeing al Ministero della Salute e al CIP (Coordinamento Interregionale Prevenzione) che, attraverso la Cabina di regia, stanno lavorando alla costruzione del nuovo Piano Nazionale di Prevenzione Vaccinale (PNPV). Un documento con cui, come spiega Caterina Rizzo, Prof. ordinaria di Igiene generale ed applicata all’Università di Pisa “abbiamo cercato di mettere insieme tutte le evidenze della letteratura scientifica internazionale secondo una metodologia standardizzata. Lo abbiamo fatto perché è importante la vaccinazione dei soggetti adulti sopra i 60 anni e le evidenze ci dicono che crea valore”. Un lavoro che parte soprattutto dalla comunicazione dei rischi alla popolazione anziana, come spiega il Presidente del Comitato tecnico-scientifico di HappyAging Michele Conversano: “Gli anziani spesso non percepiscono il rischio e non conoscono l’immunosenescenza, quindi il calo delle difese nell’età anziana, e le complicanze anche molto gravi che possono derivare” e poi le altre proposte di HappyAging secondo cui: “sicuramente serve avere un Piano nazionale sempre aggiornato con le innovazioni che la scienza ci mette a disposizione per aumentare la copertura vaccinale. Serve anche aumentare la rete dei punti in cui si effettuano le vaccinazioni. Al di là dei soliti centri vaccinali anche le case di comunità, gi ospedali, i poliambulatori e le farmacie”. Oggetto dell’analisi presentata oggi cinque vaccini: pneumococco, Herpes Zoster, influenza, difterite-tetano-pertosse, VRS (Virus Respiratorio Sinciziale) e Covid-19. Iniziative come questa sono sempre più importanti in un paese sempre più anziano. “Il cambiamento demografico è una dato di fatto. Uno stravolgimento della società” spiega Anna Odone, Prof. di Sanità Pubblica all’Università di Pavia. “Un cambio demografico che ha implicazioni importanti sui bisogni di salute e sulla capacità di soddisfarli. Quindi intendiamo la vaccinazione dell’anziano non solo come strumento di prevenzione di infezioni e patologie ma come vero e proprio strumento di invecchiamento in salute. Le evidenze si stanno accumulando sul potenziale dei vaccini di prevenire anche malattie croniche e degenerative. Il messaggio forte è di considerare la prevenzione come un asset a supporto della sostenibilità di un servizio sanitario che ne ha davvero bisogno”. L’Assise Nazionale sulla Prevenzione delle Malattie Infettive nell’Anziano è stata realizzata con il contributo non condizionante di CSL Seqirus, GSK GlaxoSmithKline, Moderna, MSD Italia, Pfizer e Sanofi.
In conclusione, come dichiarano congiuntamente Tania Scacchetti, Segretaria Generale SPI CGIL, Annamaria Foresi, Segretario Nazionale FNP CISL, e Carmelo Barbagallo, Segretario Generale UIL Pensionati: “In una società in cui l’età anagrafica cresce sempre di più, garantire la longevità, e quindi un invecchiamento in buona salute, è fondamentale”.Vaccini, la prevenzione per gli anziani diventa risparmio per la società: le proposte di HappyAgeing
Vaccinare gli anziani non solo per garantire un invecchiamento migliore ma anche per portare risparmio al Sistema sanitario nazionale. Con questi obiettivi si è svolta oggi a Palazzo Baldassini a Roma l’Assise Nazionale sulla Prevenzione delle Malattie Infettive nell’Anziano
					Commenti
				
				Pubblica un commento
	
		Non sono consentiti commenti che contengano termini violenti, discriminatori o che contravvengano alle elementari regole di netiquette. Qui le norme di comportamento per esteso."
20260702144244,Today,https://www.today.it/partner/adnkronos/rapporto-welfare-index-pmi-2026-il-76-5-delle-aziende-ha-raggiunto-il-livello-medio.html,,,,,,srclc:ita,"Rapporto Welfare Index Pmi 2026: il 76,5% delle aziende ha raggiunto il livello medio
In dieci anni più che triplicate le PMI con livello alto e molto alto di welfare (dal 10,3% al 33,9%)
È stato presentato ieri a Roma il Rapporto Welfare Index Pmi 2026 giunto al suo decimo anno. La fotografia sullo stato del welfare nelle piccole e medie imprese italiane si basa su un modello di analisi organizzato in dieci aree: 1) Previdenza e protezione, 2) Salute e assistenza, 3) Conciliazione vita-lavoro, 4) Sostegno economico ai lavoratori, 5) Sviluppo del capitale umano, 6) Sostegno per educazione e cultura, 7) Diritti, diversità, inclusione, 8) Condizioni lavorative e sicurezza, 9) Responsabilità sociale verso consumatori e fornitori, 10) Welfare di comunità. Oggi il welfare aziendale ha raggiunto la fase della maturità: le Pmi sono consapevoli del proprio ruolo sociale e pronte a generare impatto. Il 76,5% delle aziende italiane di piccole e medie dimensioni ha superato il livello medio di welfare aziendale. Triplicato, inoltre, il numero di Pmi con livello molto alto e alto, passando dal 10,3% del 2016 al 33,9% del 2026. Infine, si riduce progressivamente il peso delle aziende che limitano il welfare al solo adempimento contrattuale, con solo il 18,2% delle Pmi.
L’analisi mette insieme i dati che rappresentano il comportamento di welfare delle aziende: l’estensione delle iniziative adottate, l’entità della spesa, le fonti istitutive (contratti collettivi, integrativi, iniziativa autonoma aziendale), le modalità di gestione e di coinvolgimento dei lavoratori, gli obiettivi sociali dichiarati. L’esito di questo esame è il raggruppamento delle aziende in quattro profili, qui di seguito descritti: Welfare strategico: appartengono a questo gruppo il 19% delle imprese caratterizzate da un welfare evoluto, ai più alti livelli di iniziativa e capacità gestionale, e che considerano centrali gli obiettivi di soddisfazione dei lavoratori e di reputazione (vs. 8,5% rispetto al 2016); Welfare premiante: comprende il 31,1% delle imprese, che gestisce il welfare aziendale come componente del sistema retributivo e premiante, e lo considerano di grande importanza per il conseguimento dei risultati aziendali (vs. 23,9% del 2016); Welfare in evoluzione: è il profilo più numeroso, costituito dal 31,7% delle imprese, in maggioranza al livello medio di sviluppo del welfare aziendale, che non ha un orientamento ancora definito, a metà strada tra un approccio teso a valorizzare il ruolo sociale dell’azienda ed uno più focalizzato sulle politiche retributive e le relazioni industriali (vs 24,9% del 2016); Welfare di conformità: il 18,2% del totale, che muove i primi passi nel welfare aziendale, perlopiù attuando le disposizioni dei contratti collettivi (vs. 42,7% del 2016).
Nel corso dei dieci anni di Welfare Index Pmi è possibile distinguere tre fasi di welfare aziendale. Una prima fase espansiva (2016-2019), caratterizzata da una rapida diffusione delle iniziative e da un progressivo ampliamento delle prestazioni offerte dalle imprese. Una seconda fase di consapevolezza (2020-2024), segnata dal contesto Covid-19, in cui il welfare ha assunto un ruolo più strategico e sociale, rafforzando il supporto a lavoratori e famiglie e contribuendo alla resilienza del sistema produttivo. Oggi si è aperta una terza fase di maturità, in cui la crescita quantitativa rallenta ma evolve la qualità: il welfare si integra sempre più nelle strategie d’impresa, migliora nelle capacità gestionali e aumenta il proprio impatto ed efficacia nel creare valore a beneficio delle imprese stesse, delle famiglie e del sistema Paese. “Il Rapporto Welfare Index Pmi 2026 dice che le aziende con un welfare più evoluto registrano tassi di crescita superiori a quelli delle imprese che investono meno nel benessere dei propri lavoratori. Le imprese più forti, dunque, sono quelle che mettono al centro la persona. Oggi i giovani, ad esempio, non scelgono un'impresa soltanto in base alla retribuzione. - ha dichiarato Maria Elisabetta Casellati, ministro per le Riforme Istituzionali e la Semplificazione Normativa - Guardano alla qualità del lavoro, alle opportunità di crescita, all'equilibrio tra vita e lavoro, ai servizi e ai benefit offerti. In sintesi: guardano al progetto di vita legato a un posto di lavoro. Per attrarre e trattenere i talenti non bastano più gli stipendi. Servono imprese che investano sulla persona prima ancora che sul lavoratore. Imprese capaci di guardare ai bisogni e alle aspirazioni dei propri dipendenti, non soltanto alla loro produttività. Il welfare, dunque, fa bene ai lavoratori, ma fa bene anche alle imprese. Quando una piccola impresa investe nel welfare, non migliora soltanto la qualità della vita dei propri dipendenti. Rafforza il tessuto sociale della comunità in cui opera. E quando l'impatto sociale di un'azienda supera i confini dello stabilimento, sostenendo le comunità locali, promuovendo formazione e salute, valorizzando il capitale umano e i giovani talenti, quell'impresa contribuisce a un obiettivo ancora più grande: creare occupazione, aiutare la coesione sociale e rendere attrattivi anche i territori più periferici, contrastandone lo spopolamento”.
Giancarlo Fancel Country Manager & Ceo Generali Italia, ha affermato che “il Rapporto Welfare Index Pmi 2026 conferma come il welfare aziendale sia oggi parte integrante delle strategie d’impresa e una leva concreta di crescita, capace di generare valore per i dipendenti, le loro famiglie e i territori. In questi dieci anni abbiamo accompagnato un percorso che ha rafforzato la consapevolezza del ruolo sociale delle Pmi, sempre più protagoniste della coesione e dello sviluppo economico. Come Gruppo Generali sosteniamo la crescita del tessuto produttivo italiano con iniziative concrete, interpretando il nostro ruolo di Partner del Paese”. Quest’anno hanno partecipato a Welfare Index Pmi oltre 7.000 imprese, più che triplicate rispetto alla prima edizione, di tutti i settori produttivi, di tutte le dimensioni e provenienti da tutta Italia. L’iniziativa è promossa da Generali Italia con il patrocinio della presidenza del Consiglio dei Ministri, del ministero del Lavoro e delle Politiche Sociali, del Ministero delle Imprese e del Made in Italy e con la partecipazione delle principali Confederazioni italiane: Confindustria, Confagricoltura, Confartigianato, Confprofessioni e Confcommercio.
I risultati di Welfare Index Pmi sono stati illustrati ieri Roma alla presenza di Adolfo Urso, ministro delle Imprese e del Made in Italy; Maria Elisabetta Alberti Casellati, ministro per le Riforme istituzionali e la Semplificazione Normativa; Monica Lucarelli, assessora alle Attività Produttive e alle Pari Opportunità di Roma Capitale; Giancarlo Fancel, Country Manager & Ceo Generali Italia; Massimo Monacelli, General Manager di Generali Italia; Fausto Bianchi, Presidente Piccola Industria e Vicepresidente, Confindustria; Riccardo Giovani, Direttore Politiche Sindacali e del Lavoro, Confartigianato; Luca Brondelli di Brondello, vice-presidente di Confagricoltura; Marco Natali, Presidente di Confprofessioni; Eugenio Miccone, Presidente giovani imprenditori Confcommercio Roma; Barbara Lucini, Responsabile Country Sustainability & Social Responsibility di Generali Italia; Enea Dallaglio, Mbs Consulting – A Cerved Company.
L’impatto sociale è oggi uno degli indicatori chiave della maturità del welfare aziendale: non conta più solo la diffusione delle iniziative, ma la loro capacità di rispondere in modo concreto ai bisogni delle persone e delle comunità. Nel 2026 emerge una forte crescita di consapevolezza: l’87,6% delle imprese riconosce la centralità di salute e sicurezza e il 75,9% ritiene necessario rafforzare il proprio ruolo sociale, mentre il 66,4% si sente chiamato a contribuire allo sviluppo sostenibile di filiera e territorio. Ma il vero elemento distintivo è nell’efficacia: le imprese che integrano il welfare nelle proprie strategie arrivano a livelli elevati di impatto sociale fino al 90% dei casi, grazie a modelli più strutturati, maggiore coinvolgimento dei lavoratori e una migliore capacità di intercettare i bisogni reali. È questa evoluzione – da insieme di misure a leva strategica – che consente al welfare di generare valore condiviso e risultati tangibili nel tempo. Il welfare aziendale si conferma sempre più una leva concreta di competitività e sviluppo per le imprese, superando la dimensione di costo per affermarsi come investimento strategico. I dati evidenziano una correlazione solida tra livelli di welfare e performance economiche: le aziende più evolute registrano una produttività superiore, con un fatturato per addetto che raggiunge i 396 mila euro (+20% rispetto alla media) e una redditività più elevata fino al +40,5%. A questo si affianca una maggiore capacità di crescita e generazione di occupazione: tra il 2021 e il 2024, le imprese con livelli alti di welfare hanno visto aumentare gli addetti fino al 20,4%, il doppio rispetto alle realtà meno strutturate.
La solidità economico-finanziaria emerge anche nel posizionamento delle imprese: quelle con welfare più evoluto si collocano più frequentemente nei segmenti a crescita sostenuta e profittevole, mentre si riduce la presenza nei profili più fragili o sotto pressione. Queste realtà si distinguono non solo per i risultati economici, ma anche per la qualità della gestione e il posizionamento competitivo: la quota di imprese a crescita sostenuta e profittevole passa infatti dal 21,3% tra quelle con welfare iniziale al 39% tra quelle con welfare molto alto, confermando l’esistenza di un circolo virtuoso tra benessere delle persone e performance dell’impresa. A questi risultati si aggiunge anche una maggiore capacità di attrazione: nel 2025 il 61,5% delle Pmi ha effettuato nuove assunzioni, dato che sale al 78% tra le aziende con welfare molto alto. In un mercato del lavoro sempre più competitivo e selettivo, il welfare si afferma come fattore distintivo di attrattività, in particolare per i giovani: nelle imprese più evolute cresce la presenza di under 30 e la capacità di inserirli stabilmente. Questo è possibile anche grazie a un welfare più efficace e riconosciuto: oltre il 45% delle imprese rileva un elevato utilizzo e apprezzamento dei servizi. Ne deriva anche una maggiore capacità di fidelizzazione, con oltre il 60% delle imprese più strutturate che evidenzia un miglioramento della retention, confermando il welfare come leva decisiva per attrarre e trattenere talenti.
In un contesto caratterizzato dall’aumento dei bisogni legati alla salute, all’assistenza, alla conciliazione vita‑lavoro, all’educazione e alla previdenza, il welfare aziendale contribuisce a rafforzare le reti territoriali di protezione sociale. Grazie alla loro diffusione sul territorio e alla vicinanza alle famiglie, le PMI rappresentano una vera e propria infrastruttura sociale, capace di integrare l’azione pubblica, favorire la collaborazione tra attori diversi e promuovere nuove forme di welfare di comunità. In un quadro segnato dal calo demografico e dal progressivo invecchiamento della popolazione, il welfare aziendale si configura sempre più come complemento al sistema pubblico, in particolare nei servizi di salute e assistenza. Si consolidano le soluzioni di sanità integrativa (11% adotta una polizza sanitaria) e cresce il ricorso a servizi di assistenza, come i consulti medici a distanza (2,5%); ma il dato più significativo è l’espansione delle iniziative di prevenzione, con check‑up (13,4%) e programmi di screening, come i controlli annuali per la prevenzione oncologica (6,9%), che segnalano un cambio di prospettiva sempre più orientato al lungo periodo.
Nelle realtà più avanzate il welfare converge verso una visione Esg più ampia: cresce la quota di aziende che si dota di figure dedicate alla sostenibilità e definisce obiettivi sociali e ambientali verificabili. Le PMI più evolute rafforzano le relazioni con il territorio, ricorrendo a fornitori locali (61,7%), sostenendo iniziative sociali (37,3%) e costruendo reti con il terzo settore, che contribuisce all’erogazione di servizi sia alle persone sia alle imprese. Si consolida così un modello di welfare più maturo, che supera i confini aziendali e genera valore diffuso per la comunità. In questo scenario di evoluzione, le politiche di conciliazione vita‑lavoro registrano una lieve flessione, fisiologica dopo la forte espansione della fase post‑pandemica: la flessibilità oraria scende dal 41,3% al 38,6% e lo smart working dal 21,4% al 17,0%. Il dato non riguarda però le imprese più attente alle esigenze familiari, che continuano a registrare risultati significativamente migliori: livelli più elevati di soddisfazione dei lavoratori (65,0% contro il 32,3%) e maggiore produttività (62,3% contro il 27,9%), a conferma del legame tra qualità del welfare e performance aziendale.
Fausto Bianchi, presidente della Piccola Industria di Confindustria e vice presidente di Confindustria ha dichiarato che “nelle Pmi c'è una forte consapevolezza che i figli dei dipendenti rappresentino il futuro del Paese. È una sensibilità che nasce naturalmente, perché nelle piccole imprese, che spesso sono a conduzione familiare, il rapporto tra imprenditore e collaboratori è diretto, quotidiano: si condividono responsabilità, fiducia e i momenti più importanti della vita delle persone. Ora questa sensibilità deve trasformarsi in strategia: le imprese che integrano il welfare nella propria cultura aziendale sono più produttive, attraggono talenti e sono più pronte ad affrontare il cambiamento. Le PMI possono fare la differenza sul tema dell'ascensore sociale, perché mettono la persona al centro e offrono la possibilità di valorizzare il talento indipendentemente dalla condizione di partenza”. E Luca Brondelli di Brondello, vicepresidente di Confagricoltura ha sottolineato che ""la sostenibilità è un fattore strategico di competitività che genera valore economico, ambientale e sociale. Tuttavia, richiede investimenti importanti che non possono ricadere solo sulle imprese, proprio perché vanno a vantaggio dell’intera collettività. Servono, dunque, politiche adeguate a sostegno, per far sì che sempre più aziende, a tutti i livelli, vadano in questa direzione. Oggi, dopo anni di slogan, possiamo dire con orgoglio che si sta affermando una visione più concreta della sostenibilità, fondata sui risultati, come dimostra il Welfare Index Pmi. Noi di Confagricoltura aderiamo sempre con impegno, perché valorizzare le esperienze virtuose è il modo migliore per dimostrare che sostenibilità e crescita possono e devono procedere insieme"".
Eugenio Miccone, presidente Giovani Imprenditori Roma Confcommercio ha dichiarato che “assistenza sanitaria integrativa e attenzione alla cura e al benessere dei lavoratori sono pilastri della nostra visione di welfare aziendale, integrato e sussidiario a quello pubblico e che supporti il lavoratore. Per questo Confcommercio ha costruito un solido sistema di welfare contrattuale che, attraverso fondi sanitari e bilateralità, raggiunge persino le micro imprese – quelle che più faticano nell'implementazione di servizi di welfare-, con un'attenzione crescente alla prevenzione da una parte e alla non autosufficienza e alla cronicità dell'altra, coscienti delle transizioni demografiche in atto”.
E infine, Marco Natali, presidente di Confprofessioni ha dichiarato: ""Negli studi professionali le donne rappresentano oggi la componente prevalente del lavoro dipendente e questo rende ancora più evidente una realtà: la crescita della partecipazione femminile non coincide automaticamente con il raggiungimento della piena parità. Le differenze che ancora emergono nei percorsi di carriera, nelle opportunità di crescita professionale, nei livelli retributivi e nella capacità di conciliare responsabilità lavorative e familiari dimostrano che il tema delle pari opportunità resta una priorità per il mondo del lavoro. Non si tratta soltanto di garantire accesso all'occupazione, ma di creare condizioni che consentano a ogni persona di esprimere pienamente il proprio talento e le proprie competenze. Per questo Confprofessioni considera strategico investire in welfare, formazione, flessibilità organizzativa e valorizzazione del capitale umano. La vera sfida non è aumentare semplicemente la presenza delle donne nei luoghi di lavoro, ma costruire ambienti professionali in cui il merito, le capacità e l'impegno possano tradursi in concrete opportunità di crescita. Quando non saremo più costretti a parlare di pari opportunità, ma semplicemente di opportunità, significherà che avremo raggiunto il nostro obiettivo""."
20260702142348,Benzinga Italia,https://it.benzinga.com/news/italy/economy/istat-dati-lavoro-maggio-2026-occupati-disoccupazione-inattivi/,,,,,,srclc:ita,Report Istat sul lavoro a maggio 2026: persi 22.000 occupati su base mensile. Il tasso di disoccupazione scende al 5%.
20260702140348,La Gazzetta Del Mezzogiorno,https://www.lagazzettadelmezzogiorno.it/video/foggia/2038335/celle-di-san-vito-il-paese-piu-piccolo-della-puglia-presenta-i-suoi-144-abitanti-dal-muratore-alla-vicesindaca-storie-in-video.html,,,,,,srclc:ita,"La titolare del negozio di alimentari, il muratore tuttofare, l’aiutante ristoratrice, la vicesindaca arrivata dalla città e, ancora, l’utente dell’ufficio postale, le giovani donne e il ragazzo dell’Infopoint, la presidente della squadra di calcio, i bambini che vanno a scuola nel borgo più a valle e tante altre persone in carne e ossa. Celle di San Vito, 144 abitanti, il comune più piccolo della Puglia che si trova in provincia di Foggia, presenta i suoi abitanti. Uno per uno. E lo fa attraverso dei video realizzati per Officineventi dal videomaker e regista Niki Dell’Anno, con il supporto dei giornalisti Ivana Gaeta e Nicola Maggio, in stretta collaborazione con le operatrici dell’Infopoint comunale. Si tratta di una delle azioni ideate nell’ambito del progetto di valorizzazione e rigenerazione culturale riguardante Celle di San Vito e l’intera area della Valle del Celone, finanziato nell’ambito del Pnrr. I video sono visibili e scaricabili sul canale youtube ufficiale: https://www.youtube.com/@ComunediCellediSanVito/shorts.
«Celle di San Vito non è riducibile a un numero, a un dato demografico, perché dietro quei numeri ci sono persone, donne e uomini in carne e ossa, bambini come Sveva e Davide, che ogni giorno vanno a scuola in pulmino nel borgo più vicino, senza lamentarsi di essere pendolari» - dice la sindaca Maria Palma Giannini -. Ci sono la vita vissuta e le testimonianze di Consiglia, presidente della squadra di calcio del borgo e quella di Michele, muratore tuttofare. «Sono venuto a vivere qui 10 anni fa, mi sono innamorato di Celle di San Vito». «Siamo fieri, orgogliosi, non ci arrendiamo mai. Questo è Celle di San Vito - continua la prima cittadina - Noi ci crediamo. Crediamo nel nostro paese. Nella forza della nostra comunità»"
20260702122536,Vita It,https://www.vita.it/sud-vivo-la-sfida-demografica-che-decidera-il-futuro-dellitalia/,,,,,,srclc:ita,"Tra il 2001 e il 2023 il Sud ha perso 730mila residenti, un trend che entro il 2080 potrebbe costare 8 milioni di abitanti. Nasce Sud Vivo, la campagna della Fondazione con il Sud per invertire lo spopolamento attraverso quattro... L'articolo Sud Vivo: la sfida demografica che deciderà il futuro dell’Italia proviene da Vita.it ."
20260702120700,Milano Finanza,https://www.milanofinanza.it/news/giovanni-liverani-ania-le-assicurazioni-siano-usate-come-leva-per-rafforzare-il-paese-202607021242463337,,,,,,srclc:ita,"Le assicurazioni sono uno scudo di protezione per le famiglie e le imprese, non sono una tassa occulta, e sono pronte ad avere un ruolo determinate per rispondere alle sfide del Paese, dalle catastrofi naturali alle conseguenze dell’inverno demografico.
Lo ha sottolineato, giovedì 2 luglio, durante l'assemblea dell'Ania il presidente, Giovanni Liverani, ricordando che nell'ultimo anno, il settore assicurativo ha erogato 42 miliardi di euro di cui 27 per risarcire gli oltre 18 milioni di clienti danneggiati e 15 miliardi per polizze di rischio legate alla vita umana, nonché ha trasferito circa 93 miliardi ai suoi clienti sotto forma di rendite, riscatti e prestazioni di altro genere nell'ambito delle gestioni finanziarie Vita.
«Questa è la nostra identità: siamo uno scudo di protezione e al tempo stesso una leva di equità sociale, per le famiglie e per le imprese che altrimenti dovrebbero disporre di risorse finanziarie liquide per centinaia di volte superiori al premio di assicurazione necessario e che mai come oggi farebbero fatica a reperire», ha detto Liverani aggiungendo che le assicurazioni possono essere utilizzate come leva per rafforzare il Paese.
Tra le proposte del presidente di Ania c’è in particolare quella di estendere al più presto l’obbligatorietà di coperture contro le catastrofi naturali alle residenze private, oltre che alle imprese, «quantomeno a quelle che hanno usufruito negli ultimi anni dei generosi e pesanti incentivi fiscali o contributi per la diverse forme di ristrutturazione edilizia», ha aggiunto Liverani.
Il suggerimento che arriva dall’associazione delle assicurazioni è in particolare di utilizzare per la polizze delle abitazioni «lo stesso criterio già utilizzato per l’attestazione di prestazione energetica delle abitazioni che deve essere dimostrata in ogni atto amministrativo relativo all’immobile».
Liverani ha lanciato al governo anche proposte in tema di previdenza e sanità, per affrontare la sfida demografica. Nella previdenza integrativa zabbiamo le idee molto chiare: bisogna far conoscere cos'è, soprattutto ai giovani», ha detto il presidente proponendo l’idea di «bonus di ingresso: una somma, anche simbolica, che lo Stato erogherebbe a tutte le ragazze ed i ragazzi che compiono i diciotto anni, con il vincolo di investirla in un fondo pensione o in una polizza previdenziale».
I diciottenni che la riceveranno si renderanno conto, all'ingresso nel mondo del lavoro, che quei 100 euro saranno diventati 130, 140 o anche 160 e capiranno immediatamente il valore della previdenza integrativa, ha proseguito Liverani.
In ambito sanitario, dove oggi gli italiani pagano di tasca propria 42 miliardi di euro per cure private il suggerimento di Ania è di incentivare l’intermediazione da parte di assicurazioni e fondi sanitari. La strada potrebbe essere quella di prevedere «incentivi fiscali a polizze che prevedono l’annullamento di scoperture e franchigie per il rimborso delle prestazioni effettuate nelle strutture pubbliche in regime di prestazione intramuraria.
Si tratterebbe di «una sorta di super convenzione con le assicurazioni, che consentirebbe agli ospedali pubblici di eccellenza di intercettare risorse che già oggi i cittadini spendono comunque», ha spiegato Liverani.
(riproduzione riservata)"
20260702111826,La Gazzetta Del Mezzogiorno,https://www.lagazzettadelmezzogiorno.it/news/ultima-ora/2038126/rapporto-welfare-index-pmi-2026-il-76-5-delle-aziende-ha-raggiunto-il-livello-medio.html,,,,,,srclc:ita,"Roma, 2 lug. - (Adnkronos) - È stato presentato ieri a Roma il Rapporto Welfare Index Pmi 2026 giunto al suo decimo anno. La fotografia sullo stato del welfare nelle piccole e medie imprese italiane si basa su un modello di analisi organizzato in dieci aree: 1) Previdenza e protezione, 2) Salute e assistenza, 3) Conciliazione vita-lavoro, 4) Sostegno economico ai lavoratori, 5) Sviluppo del capitale umano, 6) Sostegno per educazione e cultura, 7) Diritti, diversità, inclusione, 8) Condizioni lavorative e sicurezza, 9) Responsabilità sociale verso consumatori e fornitori, 10) Welfare di comunità. Oggi il welfare aziendale ha raggiunto la fase della maturità: le Pmi sono consapevoli del proprio ruolo sociale e pronte a generare impatto. Il 76,5% delle aziende italiane di piccole e medie dimensioni ha superato il livello medio di welfare aziendale. Triplicato, inoltre, il numero di Pmi con livello molto alto e alto, passando dal 10,3% del 2016 al 33,9% del 2026. Infine, si riduce progressivamente il peso delle aziende che limitano il welfare al solo adempimento contrattuale, con solo il 18,2% delle Pmi.
L’analisi mette insieme i dati che rappresentano il comportamento di welfare delle aziende: l’estensione delle iniziative adottate, l’entità della spesa, le fonti istitutive (contratti collettivi, integrativi, iniziativa autonoma aziendale), le modalità di gestione e di coinvolgimento dei lavoratori, gli obiettivi sociali dichiarati. L’esito di questo esame è il raggruppamento delle aziende in quattro profili, qui di seguito descritti: Welfare strategico: appartengono a questo gruppo il 19% delle imprese caratterizzate da un welfare evoluto, ai più alti livelli di iniziativa e capacità gestionale, e che considerano centrali gli obiettivi di soddisfazione dei lavoratori e di reputazione (vs. 8,5% rispetto al 2016); Welfare premiante: comprende il 31,1% delle imprese, che gestisce il welfare aziendale come componente del sistema retributivo e premiante, e lo considerano di grande importanza per il conseguimento dei risultati aziendali (vs. 23,9% del 2016); Welfare in evoluzione: è il profilo più numeroso, costituito dal 31,7% delle imprese, in maggioranza al livello medio di sviluppo del welfare aziendale, che non ha un orientamento ancora definito, a metà strada tra un approccio teso a valorizzare il ruolo sociale dell’azienda ed uno più focalizzato sulle politiche retributive e le relazioni industriali (vs 24,9% del 2016); Welfare di conformità: il 18,2% del totale, che muove i primi passi nel welfare aziendale, perlopiù attuando le disposizioni dei contratti collettivi (vs. 42,7% del 2016).
Nel corso dei dieci anni di Welfare Index Pmi è possibile distinguere tre fasi di welfare aziendale. Una prima fase espansiva (2016-2019), caratterizzata da una rapida diffusione delle iniziative e da un progressivo ampliamento delle prestazioni offerte dalle imprese. Una seconda fase di consapevolezza (2020-2024), segnata dal contesto Covid-19, in cui il welfare ha assunto un ruolo più strategico e sociale, rafforzando il supporto a lavoratori e famiglie e contribuendo alla resilienza del sistema produttivo. Oggi si è aperta una terza fase di maturità, in cui la crescita quantitativa rallenta ma evolve la qualità: il welfare si integra sempre più nelle strategie d’impresa, migliora nelle capacità gestionali e aumenta il proprio impatto ed efficacia nel creare valore a beneficio delle imprese stesse, delle famiglie e del sistema Paese. “Il Rapporto Welfare Index Pmi 2026 dice che le aziende con un welfare più evoluto registrano tassi di crescita superiori a quelli delle imprese che investono meno nel benessere dei propri lavoratori. Le imprese più forti, dunque, sono quelle che mettono al centro la persona. Oggi i giovani, ad esempio, non scelgono un'impresa soltanto in base alla retribuzione. - ha dichiarato Maria Elisabetta Casellati, ministro per le Riforme Istituzionali e la Semplificazione Normativa - Guardano alla qualità del lavoro, alle opportunità di crescita, all'equilibrio tra vita e lavoro, ai servizi e ai benefit offerti. In sintesi: guardano al progetto di vita legato a un posto di lavoro. Per attrarre e trattenere i talenti non bastano più gli stipendi. Servono imprese che investano sulla persona prima ancora che sul lavoratore. Imprese capaci di guardare ai bisogni e alle aspirazioni dei propri dipendenti, non soltanto alla loro produttività. Il welfare, dunque, fa bene ai lavoratori, ma fa bene anche alle imprese. Quando una piccola impresa investe nel welfare, non migliora soltanto la qualità della vita dei propri dipendenti. Rafforza il tessuto sociale della comunità in cui opera. E quando l'impatto sociale di un'azienda supera i confini dello stabilimento, sostenendo le comunità locali, promuovendo formazione e salute, valorizzando il capitale umano e i giovani talenti, quell'impresa contribuisce a un obiettivo ancora più grande: creare occupazione, aiutare la coesione sociale e rendere attrattivi anche i territori più periferici, contrastandone lo spopolamento”.
Giancarlo Fancel Country Manager & Ceo Generali Italia, ha affermato che “il Rapporto Welfare Index Pmi 2026 conferma come il welfare aziendale sia oggi parte integrante delle strategie d’impresa e una leva concreta di crescita, capace di generare valore per i dipendenti, le loro famiglie e i territori. In questi dieci anni abbiamo accompagnato un percorso che ha rafforzato la consapevolezza del ruolo sociale delle Pmi, sempre più protagoniste della coesione e dello sviluppo economico. Come Gruppo Generali sosteniamo la crescita del tessuto produttivo italiano con iniziative concrete, interpretando il nostro ruolo di Partner del Paese”. Quest’anno hanno partecipato a Welfare Index Pmi oltre 7.000 imprese, più che triplicate rispetto alla prima edizione, di tutti i settori produttivi, di tutte le dimensioni e provenienti da tutta Italia. L’iniziativa è promossa da Generali Italia con il patrocinio della presidenza del Consiglio dei Ministri, del ministero del Lavoro e delle Politiche Sociali, del Ministero delle Imprese e del Made in Italy e con la partecipazione delle principali Confederazioni italiane: Confindustria, Confagricoltura, Confartigianato, Confprofessioni e Confcommercio.
I risultati di Welfare Index Pmi sono stati illustrati ieri Roma alla presenza di Adolfo Urso, ministro delle Imprese e del Made in Italy; Maria Elisabetta Alberti Casellati, ministro per le Riforme istituzionali e la Semplificazione Normativa; Monica Lucarelli, assessora alle Attività Produttive e alle Pari Opportunità di Roma Capitale; Giancarlo Fancel, Country Manager & Ceo Generali Italia; Massimo Monacelli, General Manager di Generali Italia; Fausto Bianchi, Presidente Piccola Industria e Vicepresidente, Confindustria; Riccardo Giovani, Direttore Politiche Sindacali e del Lavoro, Confartigianato; Luca Brondelli di Brondello, vice-presidente di Confagricoltura; Marco Natali, Presidente di Confprofessioni; Eugenio Miccone, Presidente giovani imprenditori Confcommercio Roma; Barbara Lucini, Responsabile Country Sustainability & Social Responsibility di Generali Italia; Enea Dallaglio, Mbs Consulting – A Cerved Company.
L’impatto sociale è oggi uno degli indicatori chiave della maturità del welfare aziendale: non conta più solo la diffusione delle iniziative, ma la loro capacità di rispondere in modo concreto ai bisogni delle persone e delle comunità. Nel 2026 emerge una forte crescita di consapevolezza: l’87,6% delle imprese riconosce la centralità di salute e sicurezza e il 75,9% ritiene necessario rafforzare il proprio ruolo sociale, mentre il 66,4% si sente chiamato a contribuire allo sviluppo sostenibile di filiera e territorio. Ma il vero elemento distintivo è nell’efficacia: le imprese che integrano il welfare nelle proprie strategie arrivano a livelli elevati di impatto sociale fino al 90% dei casi, grazie a modelli più strutturati, maggiore coinvolgimento dei lavoratori e una migliore capacità di intercettare i bisogni reali. È questa evoluzione – da insieme di misure a leva strategica – che consente al welfare di generare valore condiviso e risultati tangibili nel tempo. Il welfare aziendale si conferma sempre più una leva concreta di competitività e sviluppo per le imprese, superando la dimensione di costo per affermarsi come investimento strategico. I dati evidenziano una correlazione solida tra livelli di welfare e performance economiche: le aziende più evolute registrano una produttività superiore, con un fatturato per addetto che raggiunge i 396 mila euro (+20% rispetto alla media) e una redditività più elevata fino al +40,5%. A questo si affianca una maggiore capacità di crescita e generazione di occupazione: tra il 2021 e il 2024, le imprese con livelli alti di welfare hanno visto aumentare gli addetti fino al 20,4%, il doppio rispetto alle realtà meno strutturate.
La solidità economico-finanziaria emerge anche nel posizionamento delle imprese: quelle con welfare più evoluto si collocano più frequentemente nei segmenti a crescita sostenuta e profittevole, mentre si riduce la presenza nei profili più fragili o sotto pressione. Queste realtà si distinguono non solo per i risultati economici, ma anche per la qualità della gestione e il posizionamento competitivo: la quota di imprese a crescita sostenuta e profittevole passa infatti dal 21,3% tra quelle con welfare iniziale al 39% tra quelle con welfare molto alto, confermando l’esistenza di un circolo virtuoso tra benessere delle persone e performance dell’impresa. A questi risultati si aggiunge anche una maggiore capacità di attrazione: nel 2025 il 61,5% delle Pmi ha effettuato nuove assunzioni, dato che sale al 78% tra le aziende con welfare molto alto. In un mercato del lavoro sempre più competitivo e selettivo, il welfare si afferma come fattore distintivo di attrattività, in particolare per i giovani: nelle imprese più evolute cresce la presenza di under 30 e la capacità di inserirli stabilmente. Questo è possibile anche grazie a un welfare più efficace e riconosciuto: oltre il 45% delle imprese rileva un elevato utilizzo e apprezzamento dei servizi. Ne deriva anche una maggiore capacità di fidelizzazione, con oltre il 60% delle imprese più strutturate che evidenzia un miglioramento della retention, confermando il welfare come leva decisiva per attrarre e trattenere talenti.
In un contesto caratterizzato dall’aumento dei bisogni legati alla salute, all’assistenza, alla conciliazione vita‑lavoro, all’educazione e alla previdenza, il welfare aziendale contribuisce a rafforzare le reti territoriali di protezione sociale. Grazie alla loro diffusione sul territorio e alla vicinanza alle famiglie, le PMI rappresentano una vera e propria infrastruttura sociale, capace di integrare l’azione pubblica, favorire la collaborazione tra attori diversi e promuovere nuove forme di welfare di comunità. In un quadro segnato dal calo demografico e dal progressivo invecchiamento della popolazione, il welfare aziendale si configura sempre più come complemento al sistema pubblico, in particolare nei servizi di salute e assistenza. Si consolidano le soluzioni di sanità integrativa (11% adotta una polizza sanitaria) e cresce il ricorso a servizi di assistenza, come i consulti medici a distanza (2,5%); ma il dato più significativo è l’espansione delle iniziative di prevenzione, con check‑up (13,4%) e programmi di screening, come i controlli annuali per la prevenzione oncologica (6,9%), che segnalano un cambio di prospettiva sempre più orientato al lungo periodo.
Nelle realtà più avanzate il welfare converge verso una visione Esg più ampia: cresce la quota di aziende che si dota di figure dedicate alla sostenibilità e definisce obiettivi sociali e ambientali verificabili. Le PMI più evolute rafforzano le relazioni con il territorio, ricorrendo a fornitori locali (61,7%), sostenendo iniziative sociali (37,3%) e costruendo reti con il terzo settore, che contribuisce all’erogazione di servizi sia alle persone sia alle imprese. Si consolida così un modello di welfare più maturo, che supera i confini aziendali e genera valore diffuso per la comunità. In questo scenario di evoluzione, le politiche di conciliazione vita‑lavoro registrano una lieve flessione, fisiologica dopo la forte espansione della fase post‑pandemica: la flessibilità oraria scende dal 41,3% al 38,6% e lo smart working dal 21,4% al 17,0%. Il dato non riguarda però le imprese più attente alle esigenze familiari, che continuano a registrare risultati significativamente migliori: livelli più elevati di soddisfazione dei lavoratori (65,0% contro il 32,3%) e maggiore produttività (62,3% contro il 27,9%), a conferma del legame tra qualità del welfare e performance aziendale.
Fausto Bianchi, presidente della Piccola Industria di Confindustria e vice presidente di Confindustria ha dichiarato che “nelle Pmi c'è una forte consapevolezza che i figli dei dipendenti rappresentino il futuro del Paese. È una sensibilità che nasce naturalmente, perché nelle piccole imprese, che spesso sono a conduzione familiare, il rapporto tra imprenditore e collaboratori è diretto, quotidiano: si condividono responsabilità, fiducia e i momenti più importanti della vita delle persone. Ora questa sensibilità deve trasformarsi in strategia: le imprese che integrano il welfare nella propria cultura aziendale sono più produttive, attraggono talenti e sono più pronte ad affrontare il cambiamento. Le PMI possono fare la differenza sul tema dell'ascensore sociale, perché mettono la persona al centro e offrono la possibilità di valorizzare il talento indipendentemente dalla condizione di partenza”. E Luca Brondelli di Brondello, vicepresidente di Confagricoltura ha sottolineato che ""la sostenibilità è un fattore strategico di competitività che genera valore economico, ambientale e sociale. Tuttavia, richiede investimenti importanti che non possono ricadere solo sulle imprese, proprio perché vanno a vantaggio dell’intera collettività. Servono, dunque, politiche adeguate a sostegno, per far sì che sempre più aziende, a tutti i livelli, vadano in questa direzione. Oggi, dopo anni di slogan, possiamo dire con orgoglio che si sta affermando una visione più concreta della sostenibilità, fondata sui risultati, come dimostra il Welfare Index Pmi. Noi di Confagricoltura aderiamo sempre con impegno, perché valorizzare le esperienze virtuose è il modo migliore per dimostrare che sostenibilità e crescita possono e devono procedere insieme"".
Eugenio Miccone, presidente Giovani Imprenditori Roma Confcommercio ha dichiarato che “assistenza sanitaria integrativa e attenzione alla cura e al benessere dei lavoratori sono pilastri della nostra visione di welfare aziendale, integrato e sussidiario a quello pubblico e che supporti il lavoratore. Per questo Confcommercio ha costruito un solido sistema di welfare contrattuale che, attraverso fondi sanitari e bilateralità, raggiunge persino le micro imprese – quelle che più faticano nell'implementazione di servizi di welfare-, con un'attenzione crescente alla prevenzione da una parte e alla non autosufficienza e alla cronicità dell'altra, coscienti delle transizioni demografiche in atto”.
E infine, Marco Natali, presidente di Confprofessioni ha dichiarato: ""Negli studi professionali le donne rappresentano oggi la componente prevalente del lavoro dipendente e questo rende ancora più evidente una realtà: la crescita della partecipazione femminile non coincide automaticamente con il raggiungimento della piena parità. Le differenze che ancora emergono nei percorsi di carriera, nelle opportunità di crescita professionale, nei livelli retributivi e nella capacità di conciliare responsabilità lavorative e familiari dimostrano che il tema delle pari opportunità resta una priorità per il mondo del lavoro. Non si tratta soltanto di garantire accesso all'occupazione, ma di creare condizioni che consentano a ogni persona di esprimere pienamente il proprio talento e le proprie competenze. Per questo Confprofessioni considera strategico investire in welfare, formazione, flessibilità organizzativa e valorizzazione del capitale umano. La vera sfida non è aumentare semplicemente la presenza delle donne nei luoghi di lavoro, ma costruire ambienti professionali in cui il merito, le capacità e l'impegno possano tradursi in concrete opportunità di crescita. Quando non saremo più costretti a parlare di pari opportunità, ma semplicemente di opportunità, significherà che avremo raggiunto il nostro obiettivo""."
20260702100059,Ilgiornale Il,https://www.ilgiornale.it/news/politica-economica/sicilia-ultima-classe-nuovo-modello-efficienza-2687538.html,,,,,,srclc:ita,"Per troppo tempo la Sicilia è stata raccontata esclusivamente attraverso le sue criticità: infrastrutture insufficienti, fuga dei giovani, ritardi amministrativi e difficoltà nell'attrarre investimenti. Negli ultimi anni, però, qualcosa è cambiato. E i numeri certificano una trasformazione che sta modificando la percezione dell'Isola a livello nazionale e internazionale. A guidare la lettura di questo cambiamento è il report elaborato da TEHA Group (The European House-Ambrosetti) e illustrato a Palermo da Valerio De Molli, managing partner e CEO del gruppo, che ha accompagnato istituzioni, imprese e stakeholder nell'analisi di una Sicilia diversa da quella spesso raccontata negli stereotipi: una Regione che sta recuperando competitività e che punta a diventare una piattaforma strategica nel Mediterraneo.
I numeri presentati da De Molli raccontano una traiettoria di sviluppo significativa. Tra il 2019 e il 2024 il Pil regionale è cresciuto del 9,3%, secondo miglior risultato in Italia, mentre il valore aggiunto è aumentato del 10,2%, superando sia la media nazionale sia quella del Mezzogiorno. Anche il mercato del lavoro registra performance rilevanti: il tasso di occupazione è cresciuto di 5,6 punti percentuali, il dato più elevato del Paese. Crescono inoltre l'occupazione femminile e quella giovanile, segnali che, secondo l'analisi di TEHA, testimoniano una maggiore capacità del sistema economico regionale di creare opportunità e generare fiducia.
«La Sicilia sta vivendo una fase di sviluppo economico particolarmente significativa, che la colloca oggi tra le realtà più dinamiche del Paese», osserva De Molli. «In un contesto in cui l'intero Mezzogiorno cresce più della media nazionale, la Regione si distingue per la capacità di combinare crescita economica, occupazionale e produttiva».
Tra gli indicatori evidenziati dal report c'è anche il miglioramento della finanza regionale. Dopo oltre un decennio caratterizzato da pesanti disavanzi, nel 2024 la Regione Siciliana ha registrato un avanzo di amministrazione di 2,15 miliardi di euro. Per De Molli si tratta di un elemento che contribuisce ad accrescere la credibilità dell'istituzione regionale e la capacità di programmare interventi di lungo periodo, rafforzando la fiducia degli investitori.
Uno dei passaggi centrali dell'analisi riguarda la capacità della Sicilia di attrarre nuovi investimenti. Dal 2021, anno di avvio dell'iniziativa Verso Sud, il gruppo di lavoro TEHA ha censito nell'Isola investimenti nuovi o incrementali per oltre 126 miliardi di euro entro il 2030, con un impatto occupazionale stimato in oltre 460mila nuovi posti di lavoro. «È una massa di risorse particolarmente rilevante, che testimonia la crescente attrattività della Regione e la sua capacità di intercettare progettualità strategiche di lungo periodo», sottolinea De Molli. Dalla microelettronica all'energia, dalla logistica all'agroalimentare, numerosi gruppi nazionali e internazionali hanno rafforzato o programmato la propria presenza in Sicilia. Tra i principali investimenti figurano quelli di STMicroelectronics, Enel, Edison, Eni, ERG, Greenit, Amazon, Ryanair, Fincantieri e MSC. Uno dei fattori che ha contribuito a rafforzare questa attrattività è stato anche il processo di semplificazione amministrativa avviato dal governo regionale. In particolare, la riforma della Commissione tecnico-specialistica (Cts), l'organismo chiamato a esprimere i pareri sulle autorizzazioni ambientali, ha consentito di accelerare significativamente i processi decisionali, riducendo i tempi delle procedure e offrendo maggiori certezze agli investitori. Nel solo 2025 la Cts ha rilasciato 865 pareri positivi, consentendo l'avvio di interventi per oltre 7 miliardi di euro di investimenti. Un risultato che testimonia come la tutela dell'ambiente e lo sviluppo economico possano procedere insieme, favorendo nuovi insediamenti produttivi e il rafforzamento della competitività del territorio.
Nel corso della presentazione del report, De Molli ha evidenziato anche le principali sfide che attendono l'Isola, a partire dal tema demografico. «La Sicilia si trova oggi davanti a un quadro per certi versi paradossale: le principali sfide che ne condizionano lo sviluppo coincidono anche con alcune delle sue maggiori leve di crescita», spiega. «La vera ricchezza del territorio risiede nei giovani, nella loro propensione all'imprenditorialità innovativa, nella rete infrastrutturale e nelle forti vocazioni strategiche del tessuto produttivo regionale».
In questa prospettiva si inseriscono le nuove politiche regionali dedicate alla formazione, all'innovazione e al South Working, finalizzate ad attrarre e trattenere capitale umano qualificato.
La lettura proposta da TEHA individua nell'energia e nelle infrastrutture due degli asset strategici destinati a ridefinire il ruolo della Sicilia nel Mediterraneo. L'Isola è oggi tra le aree italiane con il maggiore potenziale nelle energie rinnovabili e può assumere una funzione centrale nelle future reti energetiche euro-mediterranee. A ciò si affianca una stagione di investimenti infrastrutturali senza precedenti, che riguarda ferrovie, strade, porti e grandi opere strategiche.
La conclusione alla quale conduce l'analisi illustrata da De Molli è che il cambiamento in atto non riguarda soltanto i dati economici, ma la reputazione stessa della Sicilia. «Il Mezzogiorno non deve più essere considerato una periferia economica, ma il baricentro delle strategie di sviluppo del Mediterraneo», afferma il CEO di TEHA. «E la Sicilia rappresenta uno dei territori con il maggiore potenziale di crescita all'interno di questa nuova visione». Una valutazione che trova conferma nell'azione del governo regionale guidato da Renato Schifani che dice: «La Sicilia è passata dall'essere l'ultima della classe a una regione che dà lezioni di efficienza e si trasforma in modello. Oggi siamo primi in Italia per aumento dell'occupazione, secondi per crescita del Pil, con un trend superiore alla media nazionale e una dinamica positiva degli investimenti che favorisce il rafforzamento della presenza di gruppi industriali nazionali e internazionali. La Sicilia troppo spesso è stata raccontata attraverso i suoi problemi. Ora bisogna osservare i progressi e riportare ciò che sta davvero cambiando. Il lavoro svolto in questi anni ha consentito di raggiungere parametri economici mai sfiorati in passato. Ma il risultato più importante non riguarda i singoli indicatori: riguarda la nuova immagine di una Sicilia forte, credibile e affidabile.
Oggi l'Isola è sempre più attrattiva per le imprese e rappresenta una delle aree più dinamiche del Mediterraneo. Un percorso che intendiamo consolidare e rafforzare nei prossimi anni, continuando a fare della Sicilia una terra di opportunità, crescita e fiducia»."
20260702095408,Quotidiano Di Puglia,https://www.quotidianodipuglia.it/foggia/celle_di_san_vito_borgo_piu_piccolo_della_puglia_video_ritratti_144_abitanti-9627659.html,,,,,,srclc:ita,"La titolare del negozio di alimentari, il muratore tuttofare, l'aiutante ristoratrice, la vicesindaca arrivata dalla città e, ancora, l'utente dell'ufficio postale, le giovani donne e il ragazzo dell'Infopoint, la presidente della squadra di calcio, i bambini che vanno a scuola nel borgo più a valle e tante altre persone in carne e ossa. Celle di San Vito, 144 abitanti, il comune più piccolo della Puglia che si trova in provincia di Foggia, presenta i suoi abitanti. Uno per uno. E lo fa attraverso dei video realizzati per Officineventi dal videomaker e regista Niki Dell'Anno, con il supporto dei giornalisti Ivana Gaeta e Nicola Maggio, in stretta collaborazione con le operatrici dell'Infopoint comunale. Si tratta di una delle azioni ideate nell'ambito del progetto di valorizzazione e rigenerazione culturale riguardante Celle di San Vito e l'intera area della Valle del Celone, finanziato nell'ambito del Pnrr.
I video sono visibili e scaricabili sul canale youtube ufficiale: https://www.youtube.com/@ComunediCellediSanVito/shorts. «Celle di San Vito non è riducibile a un numero, a un dato demografico, perché dietro quei numeri ci sono persone, donne e uomini in carne e ossa, bambini come Sveva e Davide, che ogni giorno vanno a scuola in pulmino nel borgo più vicino, senza lamentarsi di essere pendolari» - dice la sindaca Maria Palma Giannini -."
20260702094627,Notizie.it,https://www.notizie.it/rapporto-welfare-index-pmi-2026-il-765-delle-aziende-ha-raggiunto-il-livello-medio/,,,,,,srclc:ita,"(Adnkronos) – È stato presentato ieri a Roma il Rapporto Welfare Index Pmi 2026 giunto al suo decimo anno. La fotografia sullo stato del welfare nelle piccole e medie imprese italiane si basa su un modello di analisi organizzato in dieci aree: 1) Previdenza e protezione, 2) Salute e assistenza, 3) Conciliazione vita-lavoro, 4) Sostegno economico ai lavoratori, 5) Sviluppo del capitale umano, 6) Sostegno per educazione e cultura, 7) Diritti, diversità, inclusione, 8) Condizioni lavorative e sicurezza, 9) Responsabilità sociale verso consumatori e fornitori, 10) Welfare di comunità.
Oggi il welfare aziendale ha raggiunto la fase della maturità: le Pmi sono consapevoli del proprio ruolo sociale e pronte a generare impatto. Il 76,5% delle aziende italiane di piccole e medie dimensioni ha superato il livello medio di welfare aziendale. Triplicato, inoltre, il numero di Pmi con livello molto alto e alto, passando dal 10,3% del 2016 al 33,9% del 2026.
Infine, si riduce progressivamente il peso delle aziende che limitano il welfare al solo adempimento contrattuale, con solo il 18,2% delle Pmi.
L’analisi mette insieme i dati che rappresentano il comportamento di welfare delle aziende: l’estensione delle iniziative adottate, l’entità della spesa, le fonti istitutive (contratti collettivi, integrativi, iniziativa autonoma aziendale), le modalità di gestione e di coinvolgimento dei lavoratori, gli obiettivi sociali dichiarati.
L’esito di questo esame è il raggruppamento delle aziende in quattro profili, qui di seguito descritti: Welfare strategico: appartengono a questo gruppo il 19% delle imprese caratterizzate da un welfare evoluto, ai più alti livelli di iniziativa e capacità gestionale, e che considerano centrali gli obiettivi di soddisfazione dei lavoratori e di reputazione (vs. 8,5% rispetto al 2016); Welfare premiante: comprende il 31,1% delle imprese, che gestisce il welfare aziendale come componente del sistema retributivo e premiante, e lo considerano di grande importanza per il conseguimento dei risultati aziendali (vs. 23,9% del 2016); Welfare in evoluzione: è il profilo più numeroso, costituito dal 31,7% delle imprese, in maggioranza al livello medio di sviluppo del welfare aziendale, che non ha un orientamento ancora definito, a metà strada tra un approccio teso a valorizzare il ruolo sociale dell’azienda ed uno più focalizzato sulle politiche retributive e le relazioni industriali (vs 24,9% del 2016); Welfare di conformità: il 18,2% del totale, che muove i primi passi nel welfare aziendale, perlopiù attuando le disposizioni dei contratti collettivi (vs. 42,7% del 2016).
Nel corso dei dieci anni di Welfare Index Pmi è possibile distinguere tre fasi di welfare aziendale. Una prima fase espansiva (2016-2019), caratterizzata da una rapida diffusione delle iniziative e da un progressivo ampliamento delle prestazioni offerte dalle imprese. Una seconda fase di consapevolezza (2020-2024), segnata dal contesto Covid-19, in cui il welfare ha assunto un ruolo più strategico e sociale, rafforzando il supporto a lavoratori e famiglie e contribuendo alla resilienza del sistema produttivo. Oggi si è aperta una terza fase di maturità, in cui la crescita quantitativa rallenta ma evolve la qualità: il welfare si integra sempre più nelle strategie d’impresa, migliora nelle capacità gestionali e aumenta il proprio impatto ed efficacia nel creare valore a beneficio delle imprese stesse, delle famiglie e del sistema Paese. “Il Rapporto Welfare Index Pmi 2026 dice che le aziende con un welfare più evoluto registrano tassi di crescita superiori a quelli delle imprese che investono meno nel benessere dei propri lavoratori. Le imprese più forti, dunque, sono quelle che mettono al centro la persona. Oggi i giovani, ad esempio, non scelgono un’impresa soltanto in base alla retribuzione. – ha dichiarato Maria Elisabetta Casellati, ministro per le Riforme Istituzionali e la Semplificazione Normativa – Guardano alla qualità del lavoro, alle opportunità di crescita, all’equilibrio tra vita e lavoro, ai servizi e ai benefit offerti. In sintesi: guardano al progetto di vita legato a un posto di lavoro. Per attrarre e trattenere i talenti non bastano più gli stipendi. Servono imprese che investano sulla persona prima ancora che sul lavoratore. Imprese capaci di guardare ai bisogni e alle aspirazioni dei propri dipendenti, non soltanto alla loro produttività. Il welfare, dunque, fa bene ai lavoratori, ma fa bene anche alle imprese. Quando una piccola impresa investe nel welfare, non migliora soltanto la qualità della vita dei propri dipendenti. Rafforza il tessuto sociale della comunità in cui opera. E quando l’impatto sociale di un’azienda supera i confini dello stabilimento, sostenendo le comunità locali, promuovendo formazione e salute, valorizzando il capitale umano e i giovani talenti, quell’impresa contribuisce a un obiettivo ancora più grande: creare occupazione, aiutare la coesione sociale e rendere attrattivi anche i territori più periferici, contrastandone lo spopolamento”.
Giancarlo Fancel Country Manager & Ceo Generali Italia, ha affermato che “il Rapporto Welfare Index Pmi 2026 conferma come il welfare aziendale sia oggi parte integrante delle strategie d’impresa e una leva concreta di crescita, capace di generare valore per i dipendenti, le loro famiglie e i territori. In questi dieci anni abbiamo accompagnato un percorso che ha rafforzato la consapevolezza del ruolo sociale delle Pmi, sempre più protagoniste della coesione e dello sviluppo economico. Come Gruppo Generali sosteniamo la crescita del tessuto produttivo italiano con iniziative concrete, interpretando il nostro ruolo di Partner del Paese”. Quest’anno hanno partecipato a Welfare Index Pmi oltre 7.000 imprese, più che triplicate rispetto alla prima edizione, di tutti i settori produttivi, di tutte le dimensioni e provenienti da tutta Italia. L’iniziativa è promossa da Generali Italia con il patrocinio della presidenza del Consiglio dei Ministri, del ministero del Lavoro e delle Politiche Sociali, del Ministero delle Imprese e del Made in Italy e con la partecipazione delle principali Confederazioni italiane: Confindustria, Confagricoltura, Confartigianato, Confprofessioni e Confcommercio.
I risultati di Welfare Index Pmi sono stati illustrati ieri Roma alla presenza di Adolfo Urso, ministro delle Imprese e del Made in Italy; Maria Elisabetta Alberti Casellati, ministro per le Riforme istituzionali e la Semplificazione Normativa; Monica Lucarelli, assessora alle Attività Produttive e alle Pari Opportunità di Roma Capitale; Giancarlo Fancel, Country Manager & Ceo Generali Italia; Massimo Monacelli, General Manager di Generali Italia; Fausto Bianchi, Presidente Piccola Industria e Vicepresidente, Confindustria; Riccardo Giovani, Direttore Politiche Sindacali e del Lavoro, Confartigianato; Luca Brondelli di Brondello, vice-presidente di Confagricoltura; Marco Natali, Presidente di Confprofessioni; Eugenio Miccone, Presidente giovani imprenditori Confcommercio Roma; Barbara Lucini, Responsabile Country Sustainability & Social Responsibility di Generali Italia; Enea Dallaglio, Mbs Consulting – A Cerved Company.
L’impatto sociale è oggi uno degli indicatori chiave della maturità del welfare aziendale: non conta più solo la diffusione delle iniziative, ma la loro capacità di rispondere in modo concreto ai bisogni delle persone e delle comunità. Nel 2026 emerge una forte crescita di consapevolezza: l’87,6% delle imprese riconosce la centralità di salute e sicurezza e il 75,9% ritiene necessario rafforzare il proprio ruolo sociale, mentre il 66,4% si sente chiamato a contribuire allo sviluppo sostenibile di filiera e territorio. Ma il vero elemento distintivo è nell’efficacia: le imprese che integrano il welfare nelle proprie strategie arrivano a livelli elevati di impatto sociale fino al 90% dei casi, grazie a modelli più strutturati, maggiore coinvolgimento dei lavoratori e una migliore capacità di intercettare i bisogni reali. È questa evoluzione – da insieme di misure a leva strategica – che consente al welfare di generare valore condiviso e risultati tangibili nel tempo. Il welfare aziendale si conferma sempre più una leva concreta di competitività e sviluppo per le imprese, superando la dimensione di costo per affermarsi come investimento strategico. I dati evidenziano una correlazione solida tra livelli di welfare e performance economiche: le aziende più evolute registrano una produttività superiore, con un fatturato per addetto che raggiunge i 396 mila euro (+20% rispetto alla media) e una redditività più elevata fino al +40,5%. A questo si affianca una maggiore capacità di crescita e generazione di occupazione: tra il 2021 e il 2024, le imprese con livelli alti di welfare hanno visto aumentare gli addetti fino al 20,4%, il doppio rispetto alle realtà meno strutturate.
La solidità economico-finanziaria emerge anche nel posizionamento delle imprese: quelle con welfare più evoluto si collocano più frequentemente nei segmenti a crescita sostenuta e profittevole, mentre si riduce la presenza nei profili più fragili o sotto pressione. Queste realtà si distinguono non solo per i risultati economici, ma anche per la qualità della gestione e il posizionamento competitivo: la quota di imprese a crescita sostenuta e profittevole passa infatti dal 21,3% tra quelle con welfare iniziale al 39% tra quelle con welfare molto alto, confermando l’esistenza di un circolo virtuoso tra benessere delle persone e performance dell’impresa. A questi risultati si aggiunge anche una maggiore capacità di attrazione: nel 2025 il 61,5% delle Pmi ha effettuato nuove assunzioni, dato che sale al 78% tra le aziende con welfare molto alto. In un mercato del lavoro sempre più competitivo e selettivo, il welfare si afferma come fattore distintivo di attrattività, in particolare per i giovani: nelle imprese più evolute cresce la presenza di under 30 e la capacità di inserirli stabilmente. Questo è possibile anche grazie a un welfare più efficace e riconosciuto: oltre il 45% delle imprese rileva un elevato utilizzo e apprezzamento dei servizi. Ne deriva anche una maggiore capacità di fidelizzazione, con oltre il 60% delle imprese più strutturate che evidenzia un miglioramento della retention, confermando il welfare come leva decisiva per attrarre e trattenere talenti.
In un contesto caratterizzato dall’aumento dei bisogni legati alla salute, all’assistenza, alla conciliazione vita‑lavoro, all’educazione e alla previdenza, il welfare aziendale contribuisce a rafforzare le reti territoriali di protezione sociale. Grazie alla loro diffusione sul territorio e alla vicinanza alle famiglie, le PMI rappresentano una vera e propria infrastruttura sociale, capace di integrare l’azione pubblica, favorire la collaborazione tra attori diversi e promuovere nuove forme di welfare di comunità. In un quadro segnato dal calo demografico e dal progressivo invecchiamento della popolazione, il welfare aziendale si configura sempre più come complemento al sistema pubblico, in particolare nei servizi di salute e assistenza. Si consolidano le soluzioni di sanità integrativa (11% adotta una polizza sanitaria) e cresce il ricorso a servizi di assistenza, come i consulti medici a distanza (2,5%); ma il dato più significativo è l’espansione delle iniziative di prevenzione, con check‑up (13,4%) e programmi di screening, come i controlli annuali per la prevenzione oncologica (6,9%), che segnalano un cambio di prospettiva sempre più orientato al lungo periodo.
Nelle realtà più avanzate il welfare converge verso una visione Esg più ampia: cresce la quota di aziende che si dota di figure dedicate alla sostenibilità e definisce obiettivi sociali e ambientali verificabili. Le PMI più evolute rafforzano le relazioni con il territorio, ricorrendo a fornitori locali (61,7%), sostenendo iniziative sociali (37,3%) e costruendo reti con il terzo settore, che contribuisce all’erogazione di servizi sia alle persone sia alle imprese. Si consolida così un modello di welfare più maturo, che supera i confini aziendali e genera valore diffuso per la comunità. In questo scenario di evoluzione, le politiche di conciliazione vita‑lavoro registrano una lieve flessione, fisiologica dopo la forte espansione della fase post‑pandemica: la flessibilità oraria scende dal 41,3% al 38,6% e lo smart working dal 21,4% al 17,0%. Il dato non riguarda però le imprese più attente alle esigenze familiari, che continuano a registrare risultati significativamente migliori: livelli più elevati di soddisfazione dei lavoratori (65,0% contro il 32,3%) e maggiore produttività (62,3% contro il 27,9%), a conferma del legame tra qualità del welfare e performance aziendale.
Fausto Bianchi, presidente della Piccola Industria di Confindustria e vice presidente di Confindustria ha dichiarato che “nelle Pmi c’è una forte consapevolezza che i figli dei dipendenti rappresentino il futuro del Paese. È una sensibilità che nasce naturalmente, perché nelle piccole imprese, che spesso sono a conduzione familiare, il rapporto tra imprenditore e collaboratori è diretto, quotidiano: si condividono responsabilità, fiducia e i momenti più importanti della vita delle persone. Ora questa sensibilità deve trasformarsi in strategia: le imprese che integrano il welfare nella propria cultura aziendale sono più produttive, attraggono talenti e sono più pronte ad affrontare il cambiamento. Le PMI possono fare la differenza sul tema dell’ascensore sociale, perché mettono la persona al centro e offrono la possibilità di valorizzare il talento indipendentemente dalla condizione di partenza”. E Luca Brondelli di Brondello, vicepresidente di Confagricoltura ha sottolineato che “la sostenibilità è un fattore strategico di competitività che genera valore economico, ambientale e sociale. Tuttavia, richiede investimenti importanti che non possono ricadere solo sulle imprese, proprio perché vanno a vantaggio dell’intera collettività. Servono, dunque, politiche adeguate a sostegno, per far sì che sempre più aziende, a tutti i livelli, vadano in questa direzione. Oggi, dopo anni di slogan, possiamo dire con orgoglio che si sta affermando una visione più concreta della sostenibilità, fondata sui risultati, come dimostra il Welfare Index Pmi. Noi di Confagricoltura aderiamo sempre con impegno, perché valorizzare le esperienze virtuose è il modo migliore per dimostrare che sostenibilità e crescita possono e devono procedere insieme”.
Eugenio Miccone, presidente Giovani Imprenditori Roma Confcommercio ha dichiarato che “assistenza sanitaria integrativa e attenzione alla cura e al benessere dei lavoratori sono pilastri della nostra visione di welfare aziendale, integrato e sussidiario a quello pubblico e che supporti il lavoratore. Per questo Confcommercio ha costruito un solido sistema di welfare contrattuale che, attraverso fondi sanitari e bilateralità, raggiunge persino le micro imprese – quelle che più faticano nell’implementazione di servizi di welfare-, con un’attenzione crescente alla prevenzione da una parte e alla non autosufficienza e alla cronicità dell’altra, coscienti delle transizioni demografiche in atto”.
E infine, Marco Natali, presidente di Confprofessioni ha dichiarato: “Negli studi professionali le donne rappresentano oggi la componente prevalente del lavoro dipendente e questo rende ancora più evidente una realtà: la crescita della partecipazione femminile non coincide automaticamente con il raggiungimento della piena parità. Le differenze che ancora emergono nei percorsi di carriera, nelle opportunità di crescita professionale, nei livelli retributivi e nella capacità di conciliare responsabilità lavorative e familiari dimostrano che il tema delle pari opportunità resta una priorità per il mondo del lavoro. Non si tratta soltanto di garantire accesso all’occupazione, ma di creare condizioni che consentano a ogni persona di esprimere pienamente il proprio talento e le proprie competenze. Per questo Confprofessioni considera strategico investire in welfare, formazione, flessibilità organizzativa e valorizzazione del capitale umano. La vera sfida non è aumentare semplicemente la presenza delle donne nei luoghi di lavoro, ma costruire ambienti professionali in cui il merito, le capacità e l’impegno possano tradursi in concrete opportunità di crescita. Quando non saremo più costretti a parlare di pari opportunità, ma semplicemente di opportunità, significherà che avremo raggiunto il nostro obiettivo”.
—
economia
webinfo@adnkronos.com (Web Info)"
20260702094627,Targatocn.it,https://www.targatocn.it/2026/07/02/leggi-notizia/articolo/rapporto-welfare-index-pmi-2026-il-765-delle-aziende-ha-raggiunto-il-livello-medio.html,,,,,,srclc:ita,"(Adnkronos) - È stato presentato ieri a Roma il Rapporto Welfare Index Pmi 2026 giunto al suo decimo anno. La fotografia sullo stato del welfare nelle piccole e medie imprese italiane si basa su un modello di analisi organizzato in dieci aree: 1) Previdenza e protezione, 2) Salute e assistenza, 3) Conciliazione vita-lavoro, 4) Sostegno economico ai lavoratori, 5) Sviluppo del capitale umano, 6) Sostegno per educazione e cultura, 7) Diritti, diversità, inclusione, 8) Condizioni lavorative e sicurezza, 9) Responsabilità sociale verso consumatori e fornitori, 10) Welfare di comunità. Oggi il welfare aziendale ha raggiunto la fase della maturità: le Pmi sono consapevoli del proprio ruolo sociale e pronte a generare impatto. Il 76,5% delle aziende italiane di piccole e medie dimensioni ha superato il livello medio di welfare aziendale. Triplicato, inoltre, il numero di Pmi con livello molto alto e alto, passando dal 10,3% del 2016 al 33,9% del 2026. Infine, si riduce progressivamente il peso delle aziende che limitano il welfare al solo adempimento contrattuale, con solo il 18,2% delle Pmi.
L’analisi mette insieme i dati che rappresentano il comportamento di welfare delle aziende: l’estensione delle iniziative adottate, l’entità della spesa, le fonti istitutive (contratti collettivi, integrativi, iniziativa autonoma aziendale), le modalità di gestione e di coinvolgimento dei lavoratori, gli obiettivi sociali dichiarati. L’esito di questo esame è il raggruppamento delle aziende in quattro profili, qui di seguito descritti: Welfare strategico: appartengono a questo gruppo il 19% delle imprese caratterizzate da un welfare evoluto, ai più alti livelli di iniziativa e capacità gestionale, e che considerano centrali gli obiettivi di soddisfazione dei lavoratori e di reputazione (vs. 8,5% rispetto al 2016); Welfare premiante: comprende il 31,1% delle imprese, che gestisce il welfare aziendale come componente del sistema retributivo e premiante, e lo considerano di grande importanza per il conseguimento dei risultati aziendali (vs. 23,9% del 2016); Welfare in evoluzione: è il profilo più numeroso, costituito dal 31,7% delle imprese, in maggioranza al livello medio di sviluppo del welfare aziendale, che non ha un orientamento ancora definito, a metà strada tra un approccio teso a valorizzare il ruolo sociale dell’azienda ed uno più focalizzato sulle politiche retributive e le relazioni industriali (vs 24,9% del 2016); Welfare di conformità: il 18,2% del totale, che muove i primi passi nel welfare aziendale, perlopiù attuando le disposizioni dei contratti collettivi (vs. 42,7% del 2016).
Nel corso dei dieci anni di Welfare Index Pmi è possibile distinguere tre fasi di welfare aziendale. Una prima fase espansiva (2016-2019), caratterizzata da una rapida diffusione delle iniziative e da un progressivo ampliamento delle prestazioni offerte dalle imprese. Una seconda fase di consapevolezza (2020-2024), segnata dal contesto Covid-19, in cui il welfare ha assunto un ruolo più strategico e sociale, rafforzando il supporto a lavoratori e famiglie e contribuendo alla resilienza del sistema produttivo. Oggi si è aperta una terza fase di maturità, in cui la crescita quantitativa rallenta ma evolve la qualità: il welfare si integra sempre più nelle strategie d’impresa, migliora nelle capacità gestionali e aumenta il proprio impatto ed efficacia nel creare valore a beneficio delle imprese stesse, delle famiglie e del sistema Paese. “Il Rapporto Welfare Index Pmi 2026 dice che le aziende con un welfare più evoluto registrano tassi di crescita superiori a quelli delle imprese che investono meno nel benessere dei propri lavoratori. Le imprese più forti, dunque, sono quelle che mettono al centro la persona. Oggi i giovani, ad esempio, non scelgono un'impresa soltanto in base alla retribuzione. - ha dichiarato Maria Elisabetta Casellati, ministro per le Riforme Istituzionali e la Semplificazione Normativa - Guardano alla qualità del lavoro, alle opportunità di crescita, all'equilibrio tra vita e lavoro, ai servizi e ai benefit offerti. In sintesi: guardano al progetto di vita legato a un posto di lavoro. Per attrarre e trattenere i talenti non bastano più gli stipendi. Servono imprese che investano sulla persona prima ancora che sul lavoratore. Imprese capaci di guardare ai bisogni e alle aspirazioni dei propri dipendenti, non soltanto alla loro produttività. Il welfare, dunque, fa bene ai lavoratori, ma fa bene anche alle imprese. Quando una piccola impresa investe nel welfare, non migliora soltanto la qualità della vita dei propri dipendenti. Rafforza il tessuto sociale della comunità in cui opera. E quando l'impatto sociale di un'azienda supera i confini dello stabilimento, sostenendo le comunità locali, promuovendo formazione e salute, valorizzando il capitale umano e i giovani talenti, quell'impresa contribuisce a un obiettivo ancora più grande: creare occupazione, aiutare la coesione sociale e rendere attrattivi anche i territori più periferici, contrastandone lo spopolamento”.
Giancarlo Fancel Country Manager & Ceo Generali Italia, ha affermato che “il Rapporto Welfare Index Pmi 2026 conferma come il welfare aziendale sia oggi parte integrante delle strategie d’impresa e una leva concreta di crescita, capace di generare valore per i dipendenti, le loro famiglie e i territori. In questi dieci anni abbiamo accompagnato un percorso che ha rafforzato la consapevolezza del ruolo sociale delle Pmi, sempre più protagoniste della coesione e dello sviluppo economico. Come Gruppo Generali sosteniamo la crescita del tessuto produttivo italiano con iniziative concrete, interpretando il nostro ruolo di Partner del Paese”. Quest’anno hanno partecipato a Welfare Index Pmi oltre 7.000 imprese, più che triplicate rispetto alla prima edizione, di tutti i settori produttivi, di tutte le dimensioni e provenienti da tutta Italia. L’iniziativa è promossa da Generali Italia con il patrocinio della presidenza del Consiglio dei Ministri, del ministero del Lavoro e delle Politiche Sociali, del Ministero delle Imprese e del Made in Italy e con la partecipazione delle principali Confederazioni italiane: Confindustria, Confagricoltura, Confartigianato, Confprofessioni e Confcommercio.
I risultati di Welfare Index Pmi sono stati illustrati ieri Roma alla presenza di Adolfo Urso, ministro delle Imprese e del Made in Italy; Maria Elisabetta Alberti Casellati, ministro per le Riforme istituzionali e la Semplificazione Normativa; Monica Lucarelli, assessora alle Attività Produttive e alle Pari Opportunità di Roma Capitale; Giancarlo Fancel, Country Manager & Ceo Generali Italia; Massimo Monacelli, General Manager di Generali Italia; Fausto Bianchi, Presidente Piccola Industria e Vicepresidente, Confindustria; Riccardo Giovani, Direttore Politiche Sindacali e del Lavoro, Confartigianato; Luca Brondelli di Brondello, vice-presidente di Confagricoltura; Marco Natali, Presidente di Confprofessioni; Eugenio Miccone, Presidente giovani imprenditori Confcommercio Roma; Barbara Lucini, Responsabile Country Sustainability & Social Responsibility di Generali Italia; Enea Dallaglio, Mbs Consulting – A Cerved Company.
L’impatto sociale è oggi uno degli indicatori chiave della maturità del welfare aziendale: non conta più solo la diffusione delle iniziative, ma la loro capacità di rispondere in modo concreto ai bisogni delle persone e delle comunità. Nel 2026 emerge una forte crescita di consapevolezza: l’87,6% delle imprese riconosce la centralità di salute e sicurezza e il 75,9% ritiene necessario rafforzare il proprio ruolo sociale, mentre il 66,4% si sente chiamato a contribuire allo sviluppo sostenibile di filiera e territorio. Ma il vero elemento distintivo è nell’efficacia: le imprese che integrano il welfare nelle proprie strategie arrivano a livelli elevati di impatto sociale fino al 90% dei casi, grazie a modelli più strutturati, maggiore coinvolgimento dei lavoratori e una migliore capacità di intercettare i bisogni reali. È questa evoluzione – da insieme di misure a leva strategica – che consente al welfare di generare valore condiviso e risultati tangibili nel tempo. Il welfare aziendale si conferma sempre più una leva concreta di competitività e sviluppo per le imprese, superando la dimensione di costo per affermarsi come investimento strategico. I dati evidenziano una correlazione solida tra livelli di welfare e performance economiche: le aziende più evolute registrano una produttività superiore, con un fatturato per addetto che raggiunge i 396 mila euro (+20% rispetto alla media) e una redditività più elevata fino al +40,5%. A questo si affianca una maggiore capacità di crescita e generazione di occupazione: tra il 2021 e il 2024, le imprese con livelli alti di welfare hanno visto aumentare gli addetti fino al 20,4%, il doppio rispetto alle realtà meno strutturate.
La solidità economico-finanziaria emerge anche nel posizionamento delle imprese: quelle con welfare più evoluto si collocano più frequentemente nei segmenti a crescita sostenuta e profittevole, mentre si riduce la presenza nei profili più fragili o sotto pressione. Queste realtà si distinguono non solo per i risultati economici, ma anche per la qualità della gestione e il posizionamento competitivo: la quota di imprese a crescita sostenuta e profittevole passa infatti dal 21,3% tra quelle con welfare iniziale al 39% tra quelle con welfare molto alto, confermando l’esistenza di un circolo virtuoso tra benessere delle persone e performance dell’impresa. A questi risultati si aggiunge anche una maggiore capacità di attrazione: nel 2025 il 61,5% delle Pmi ha effettuato nuove assunzioni, dato che sale al 78% tra le aziende con welfare molto alto. In un mercato del lavoro sempre più competitivo e selettivo, il welfare si afferma come fattore distintivo di attrattività, in particolare per i giovani: nelle imprese più evolute cresce la presenza di under 30 e la capacità di inserirli stabilmente. Questo è possibile anche grazie a un welfare più efficace e riconosciuto: oltre il 45% delle imprese rileva un elevato utilizzo e apprezzamento dei servizi. Ne deriva anche una maggiore capacità di fidelizzazione, con oltre il 60% delle imprese più strutturate che evidenzia un miglioramento della retention, confermando il welfare come leva decisiva per attrarre e trattenere talenti.
In un contesto caratterizzato dall’aumento dei bisogni legati alla salute, all’assistenza, alla conciliazione vita‑lavoro, all’educazione e alla previdenza, il welfare aziendale contribuisce a rafforzare le reti territoriali di protezione sociale. Grazie alla loro diffusione sul territorio e alla vicinanza alle famiglie, le PMI rappresentano una vera e propria infrastruttura sociale, capace di integrare l’azione pubblica, favorire la collaborazione tra attori diversi e promuovere nuove forme di welfare di comunità. In un quadro segnato dal calo demografico e dal progressivo invecchiamento della popolazione, il welfare aziendale si configura sempre più come complemento al sistema pubblico, in particolare nei servizi di salute e assistenza. Si consolidano le soluzioni di sanità integrativa (11% adotta una polizza sanitaria) e cresce il ricorso a servizi di assistenza, come i consulti medici a distanza (2,5%); ma il dato più significativo è l’espansione delle iniziative di prevenzione, con check‑up (13,4%) e programmi di screening, come i controlli annuali per la prevenzione oncologica (6,9%), che segnalano un cambio di prospettiva sempre più orientato al lungo periodo.
Nelle realtà più avanzate il welfare converge verso una visione Esg più ampia: cresce la quota di aziende che si dota di figure dedicate alla sostenibilità e definisce obiettivi sociali e ambientali verificabili. Le PMI più evolute rafforzano le relazioni con il territorio, ricorrendo a fornitori locali (61,7%), sostenendo iniziative sociali (37,3%) e costruendo reti con il terzo settore, che contribuisce all’erogazione di servizi sia alle persone sia alle imprese. Si consolida così un modello di welfare più maturo, che supera i confini aziendali e genera valore diffuso per la comunità. In questo scenario di evoluzione, le politiche di conciliazione vita‑lavoro registrano una lieve flessione, fisiologica dopo la forte espansione della fase post‑pandemica: la flessibilità oraria scende dal 41,3% al 38,6% e lo smart working dal 21,4% al 17,0%. Il dato non riguarda però le imprese più attente alle esigenze familiari, che continuano a registrare risultati significativamente migliori: livelli più elevati di soddisfazione dei lavoratori (65,0% contro il 32,3%) e maggiore produttività (62,3% contro il 27,9%), a conferma del legame tra qualità del welfare e performance aziendale.
Fausto Bianchi, presidente della Piccola Industria di Confindustria e vice presidente di Confindustria ha dichiarato che “nelle Pmi c'è una forte consapevolezza che i figli dei dipendenti rappresentino il futuro del Paese. È una sensibilità che nasce naturalmente, perché nelle piccole imprese, che spesso sono a conduzione familiare, il rapporto tra imprenditore e collaboratori è diretto, quotidiano: si condividono responsabilità, fiducia e i momenti più importanti della vita delle persone. Ora questa sensibilità deve trasformarsi in strategia: le imprese che integrano il welfare nella propria cultura aziendale sono più produttive, attraggono talenti e sono più pronte ad affrontare il cambiamento. Le PMI possono fare la differenza sul tema dell'ascensore sociale, perché mettono la persona al centro e offrono la possibilità di valorizzare il talento indipendentemente dalla condizione di partenza”. E Luca Brondelli di Brondello, vicepresidente di Confagricoltura ha sottolineato che ""la sostenibilità è un fattore strategico di competitività che genera valore economico, ambientale e sociale. Tuttavia, richiede investimenti importanti che non possono ricadere solo sulle imprese, proprio perché vanno a vantaggio dell’intera collettività. Servono, dunque, politiche adeguate a sostegno, per far sì che sempre più aziende, a tutti i livelli, vadano in questa direzione. Oggi, dopo anni di slogan, possiamo dire con orgoglio che si sta affermando una visione più concreta della sostenibilità, fondata sui risultati, come dimostra il Welfare Index Pmi. Noi di Confagricoltura aderiamo sempre con impegno, perché valorizzare le esperienze virtuose è il modo migliore per dimostrare che sostenibilità e crescita possono e devono procedere insieme"".
Eugenio Miccone, presidente Giovani Imprenditori Roma Confcommercio ha dichiarato che “assistenza sanitaria integrativa e attenzione alla cura e al benessere dei lavoratori sono pilastri della nostra visione di welfare aziendale, integrato e sussidiario a quello pubblico e che supporti il lavoratore. Per questo Confcommercio ha costruito un solido sistema di welfare contrattuale che, attraverso fondi sanitari e bilateralità, raggiunge persino le micro imprese – quelle che più faticano nell'implementazione di servizi di welfare-, con un'attenzione crescente alla prevenzione da una parte e alla non autosufficienza e alla cronicità dell'altra, coscienti delle transizioni demografiche in atto”.
E infine, Marco Natali, presidente di Confprofessioni ha dichiarato: ""Negli studi professionali le donne rappresentano oggi la componente prevalente del lavoro dipendente e questo rende ancora più evidente una realtà: la crescita della partecipazione femminile non coincide automaticamente con il raggiungimento della piena parità. Le differenze che ancora emergono nei percorsi di carriera, nelle opportunità di crescita professionale, nei livelli retributivi e nella capacità di conciliare responsabilità lavorative e familiari dimostrano che il tema delle pari opportunità resta una priorità per il mondo del lavoro. Non si tratta soltanto di garantire accesso all'occupazione, ma di creare condizioni che consentano a ogni persona di esprimere pienamente il proprio talento e le proprie competenze. Per questo Confprofessioni considera strategico investire in welfare, formazione, flessibilità organizzativa e valorizzazione del capitale umano. La vera sfida non è aumentare semplicemente la presenza delle donne nei luoghi di lavoro, ma costruire ambienti professionali in cui il merito, le capacità e l'impegno possano tradursi in concrete opportunità di crescita. Quando non saremo più costretti a parlare di pari opportunità, ma semplicemente di opportunità, significherà che avremo raggiunto il nostro obiettivo""."
20260702094627,Cremonaoggi It,https://www.cremonaoggi.it/2026/07/02/rapporto-welfare-index-pmi-2026-il-765-delle-aziende-ha-raggiunto-il-livello-medio/,,,,,,srclc:ita,"Rapporto Welfare Index Pmi 2026: il 76,5% delle aziende ha raggiunto il livello medio
(Adnkronos) – È stato presentato ieri a Roma il Rapporto Welfare Index Pmi 2026 giunto al suo decimo anno. La fotografia sullo stato del welfare nelle piccole e medie imprese italiane si basa su un modello di analisi organizzato in dieci aree: 1) Previdenza e protezione, 2) Salute e assistenza, 3) Conciliazione vita-lavoro, 4) Sostegno economico ai lavoratori, 5) Sviluppo del capitale umano, 6) Sostegno per educazione e cultura, 7) Diritti, diversità, inclusione, 8) Condizioni lavorative e sicurezza, 9) Responsabilità sociale verso consumatori e fornitori, 10) Welfare di comunità. Oggi il welfare aziendale ha raggiunto la fase della maturità: le Pmi sono consapevoli del proprio ruolo sociale e pronte a generare impatto. Il 76,5% delle aziende italiane di piccole e medie dimensioni ha superato il livello medio di welfare aziendale. Triplicato, inoltre, il numero di Pmi con livello molto alto e alto, passando dal 10,3% del 2016 al 33,9% del 2026. Infine, si riduce progressivamente il peso delle aziende che limitano il welfare al solo adempimento contrattuale, con solo il 18,2% delle Pmi.
L’analisi mette insieme i dati che rappresentano il comportamento di welfare delle aziende: l’estensione delle iniziative adottate, l’entità della spesa, le fonti istitutive (contratti collettivi, integrativi, iniziativa autonoma aziendale), le modalità di gestione e di coinvolgimento dei lavoratori, gli obiettivi sociali dichiarati. L’esito di questo esame è il raggruppamento delle aziende in quattro profili, qui di seguito descritti: Welfare strategico: appartengono a questo gruppo il 19% delle imprese caratterizzate da un welfare evoluto, ai più alti livelli di iniziativa e capacità gestionale, e che considerano centrali gli obiettivi di soddisfazione dei lavoratori e di reputazione (vs. 8,5% rispetto al 2016); Welfare premiante: comprende il 31,1% delle imprese, che gestisce il welfare aziendale come componente del sistema retributivo e premiante, e lo considerano di grande importanza per il conseguimento dei risultati aziendali (vs. 23,9% del 2016); Welfare in evoluzione: è il profilo più numeroso, costituito dal 31,7% delle imprese, in maggioranza al livello medio di sviluppo del welfare aziendale, che non ha un orientamento ancora definito, a metà strada tra un approccio teso a valorizzare il ruolo sociale dell’azienda ed uno più focalizzato sulle politiche retributive e le relazioni industriali (vs 24,9% del 2016); Welfare di conformità: il 18,2% del totale, che muove i primi passi nel welfare aziendale, perlopiù attuando le disposizioni dei contratti collettivi (vs. 42,7% del 2016).
Nel corso dei dieci anni di Welfare Index Pmi è possibile distinguere tre fasi di welfare aziendale. Una prima fase espansiva (2016-2019), caratterizzata da una rapida diffusione delle iniziative e da un progressivo ampliamento delle prestazioni offerte dalle imprese. Una seconda fase di consapevolezza (2020-2024), segnata dal contesto Covid-19, in cui il welfare ha assunto un ruolo più strategico e sociale, rafforzando il supporto a lavoratori e famiglie e contribuendo alla resilienza del sistema produttivo. Oggi si è aperta una terza fase di maturità, in cui la crescita quantitativa rallenta ma evolve la qualità: il welfare si integra sempre più nelle strategie d’impresa, migliora nelle capacità gestionali e aumenta il proprio impatto ed efficacia nel creare valore a beneficio delle imprese stesse, delle famiglie e del sistema Paese. “Il Rapporto Welfare Index Pmi 2026 dice che le aziende con un welfare più evoluto registrano tassi di crescita superiori a quelli delle imprese che investono meno nel benessere dei propri lavoratori. Le imprese più forti, dunque, sono quelle che mettono al centro la persona. Oggi i giovani, ad esempio, non scelgono un’impresa soltanto in base alla retribuzione. – ha dichiarato Maria Elisabetta Casellati, ministro per le Riforme Istituzionali e la Semplificazione Normativa – Guardano alla qualità del lavoro, alle opportunità di crescita, all’equilibrio tra vita e lavoro, ai servizi e ai benefit offerti. In sintesi: guardano al progetto di vita legato a un posto di lavoro. Per attrarre e trattenere i talenti non bastano più gli stipendi. Servono imprese che investano sulla persona prima ancora che sul lavoratore. Imprese capaci di guardare ai bisogni e alle aspirazioni dei propri dipendenti, non soltanto alla loro produttività. Il welfare, dunque, fa bene ai lavoratori, ma fa bene anche alle imprese. Quando una piccola impresa investe nel welfare, non migliora soltanto la qualità della vita dei propri dipendenti. Rafforza il tessuto sociale della comunità in cui opera. E quando l’impatto sociale di un’azienda supera i confini dello stabilimento, sostenendo le comunità locali, promuovendo formazione e salute, valorizzando il capitale umano e i giovani talenti, quell’impresa contribuisce a un obiettivo ancora più grande: creare occupazione, aiutare la coesione sociale e rendere attrattivi anche i territori più periferici, contrastandone lo spopolamento”.
Giancarlo Fancel Country Manager & Ceo Generali Italia, ha affermato che “il Rapporto Welfare Index Pmi 2026 conferma come il welfare aziendale sia oggi parte integrante delle strategie d’impresa e una leva concreta di crescita, capace di generare valore per i dipendenti, le loro famiglie e i territori. In questi dieci anni abbiamo accompagnato un percorso che ha rafforzato la consapevolezza del ruolo sociale delle Pmi, sempre più protagoniste della coesione e dello sviluppo economico. Come Gruppo Generali sosteniamo la crescita del tessuto produttivo italiano con iniziative concrete, interpretando il nostro ruolo di Partner del Paese”. Quest’anno hanno partecipato a Welfare Index Pmi oltre 7.000 imprese, più che triplicate rispetto alla prima edizione, di tutti i settori produttivi, di tutte le dimensioni e provenienti da tutta Italia. L’iniziativa è promossa da Generali Italia con il patrocinio della presidenza del Consiglio dei Ministri, del ministero del Lavoro e delle Politiche Sociali, del Ministero delle Imprese e del Made in Italy e con la partecipazione delle principali Confederazioni italiane: Confindustria, Confagricoltura, Confartigianato, Confprofessioni e Confcommercio.
I risultati di Welfare Index Pmi sono stati illustrati ieri Roma alla presenza di Adolfo Urso, ministro delle Imprese e del Made in Italy; Maria Elisabetta Alberti Casellati, ministro per le Riforme istituzionali e la Semplificazione Normativa; Monica Lucarelli, assessora alle Attività Produttive e alle Pari Opportunità di Roma Capitale; Giancarlo Fancel, Country Manager & Ceo Generali Italia; Massimo Monacelli, General Manager di Generali Italia; Fausto Bianchi, Presidente Piccola Industria e Vicepresidente, Confindustria; Riccardo Giovani, Direttore Politiche Sindacali e del Lavoro, Confartigianato; Luca Brondelli di Brondello, vice-presidente di Confagricoltura; Marco Natali, Presidente di Confprofessioni; Eugenio Miccone, Presidente giovani imprenditori Confcommercio Roma; Barbara Lucini, Responsabile Country Sustainability & Social Responsibility di Generali Italia; Enea Dallaglio, Mbs Consulting – A Cerved Company.
L’impatto sociale è oggi uno degli indicatori chiave della maturità del welfare aziendale: non conta più solo la diffusione delle iniziative, ma la loro capacità di rispondere in modo concreto ai bisogni delle persone e delle comunità. Nel 2026 emerge una forte crescita di consapevolezza: l’87,6% delle imprese riconosce la centralità di salute e sicurezza e il 75,9% ritiene necessario rafforzare il proprio ruolo sociale, mentre il 66,4% si sente chiamato a contribuire allo sviluppo sostenibile di filiera e territorio. Ma il vero elemento distintivo è nell’efficacia: le imprese che integrano il welfare nelle proprie strategie arrivano a livelli elevati di impatto sociale fino al 90% dei casi, grazie a modelli più strutturati, maggiore coinvolgimento dei lavoratori e una migliore capacità di intercettare i bisogni reali. È questa evoluzione – da insieme di misure a leva strategica – che consente al welfare di generare valore condiviso e risultati tangibili nel tempo. Il welfare aziendale si conferma sempre più una leva concreta di competitività e sviluppo per le imprese, superando la dimensione di costo per affermarsi come investimento strategico. I dati evidenziano una correlazione solida tra livelli di welfare e performance economiche: le aziende più evolute registrano una produttività superiore, con un fatturato per addetto che raggiunge i 396 mila euro (+20% rispetto alla media) e una redditività più elevata fino al +40,5%. A questo si affianca una maggiore capacità di crescita e generazione di occupazione: tra il 2021 e il 2024, le imprese con livelli alti di welfare hanno visto aumentare gli addetti fino al 20,4%, il doppio rispetto alle realtà meno strutturate.
La solidità economico-finanziaria emerge anche nel posizionamento delle imprese: quelle con welfare più evoluto si collocano più frequentemente nei segmenti a crescita sostenuta e profittevole, mentre si riduce la presenza nei profili più fragili o sotto pressione. Queste realtà si distinguono non solo per i risultati economici, ma anche per la qualità della gestione e il posizionamento competitivo: la quota di imprese a crescita sostenuta e profittevole passa infatti dal 21,3% tra quelle con welfare iniziale al 39% tra quelle con welfare molto alto, confermando l’esistenza di un circolo virtuoso tra benessere delle persone e performance dell’impresa. A questi risultati si aggiunge anche una maggiore capacità di attrazione: nel 2025 il 61,5% delle Pmi ha effettuato nuove assunzioni, dato che sale al 78% tra le aziende con welfare molto alto. In un mercato del lavoro sempre più competitivo e selettivo, il welfare si afferma come fattore distintivo di attrattività, in particolare per i giovani: nelle imprese più evolute cresce la presenza di under 30 e la capacità di inserirli stabilmente. Questo è possibile anche grazie a un welfare più efficace e riconosciuto: oltre il 45% delle imprese rileva un elevato utilizzo e apprezzamento dei servizi. Ne deriva anche una maggiore capacità di fidelizzazione, con oltre il 60% delle imprese più strutturate che evidenzia un miglioramento della retention, confermando il welfare come leva decisiva per attrarre e trattenere talenti.
In un contesto caratterizzato dall’aumento dei bisogni legati alla salute, all’assistenza, alla conciliazione vita‑lavoro, all’educazione e alla previdenza, il welfare aziendale contribuisce a rafforzare le reti territoriali di protezione sociale. Grazie alla loro diffusione sul territorio e alla vicinanza alle famiglie, le PMI rappresentano una vera e propria infrastruttura sociale, capace di integrare l’azione pubblica, favorire la collaborazione tra attori diversi e promuovere nuove forme di welfare di comunità. In un quadro segnato dal calo demografico e dal progressivo invecchiamento della popolazione, il welfare aziendale si configura sempre più come complemento al sistema pubblico, in particolare nei servizi di salute e assistenza. Si consolidano le soluzioni di sanità integrativa (11% adotta una polizza sanitaria) e cresce il ricorso a servizi di assistenza, come i consulti medici a distanza (2,5%); ma il dato più significativo è l’espansione delle iniziative di prevenzione, con check‑up (13,4%) e programmi di screening, come i controlli annuali per la prevenzione oncologica (6,9%), che segnalano un cambio di prospettiva sempre più orientato al lungo periodo.
Nelle realtà più avanzate il welfare converge verso una visione Esg più ampia: cresce la quota di aziende che si dota di figure dedicate alla sostenibilità e definisce obiettivi sociali e ambientali verificabili. Le PMI più evolute rafforzano le relazioni con il territorio, ricorrendo a fornitori locali (61,7%), sostenendo iniziative sociali (37,3%) e costruendo reti con il terzo settore, che contribuisce all’erogazione di servizi sia alle persone sia alle imprese. Si consolida così un modello di welfare più maturo, che supera i confini aziendali e genera valore diffuso per la comunità. In questo scenario di evoluzione, le politiche di conciliazione vita‑lavoro registrano una lieve flessione, fisiologica dopo la forte espansione della fase post‑pandemica: la flessibilità oraria scende dal 41,3% al 38,6% e lo smart working dal 21,4% al 17,0%. Il dato non riguarda però le imprese più attente alle esigenze familiari, che continuano a registrare risultati significativamente migliori: livelli più elevati di soddisfazione dei lavoratori (65,0% contro il 32,3%) e maggiore produttività (62,3% contro il 27,9%), a conferma del legame tra qualità del welfare e performance aziendale.
Fausto Bianchi, presidente della Piccola Industria di Confindustria e vice presidente di Confindustria ha dichiarato che “nelle Pmi c’è una forte consapevolezza che i figli dei dipendenti rappresentino il futuro del Paese. È una sensibilità che nasce naturalmente, perché nelle piccole imprese, che spesso sono a conduzione familiare, il rapporto tra imprenditore e collaboratori è diretto, quotidiano: si condividono responsabilità, fiducia e i momenti più importanti della vita delle persone. Ora questa sensibilità deve trasformarsi in strategia: le imprese che integrano il welfare nella propria cultura aziendale sono più produttive, attraggono talenti e sono più pronte ad affrontare il cambiamento. Le PMI possono fare la differenza sul tema dell’ascensore sociale, perché mettono la persona al centro e offrono la possibilità di valorizzare il talento indipendentemente dalla condizione di partenza”. E Luca Brondelli di Brondello, vicepresidente di Confagricoltura ha sottolineato che “la sostenibilità è un fattore strategico di competitività che genera valore economico, ambientale e sociale. Tuttavia, richiede investimenti importanti che non possono ricadere solo sulle imprese, proprio perché vanno a vantaggio dell’intera collettività. Servono, dunque, politiche adeguate a sostegno, per far sì che sempre più aziende, a tutti i livelli, vadano in questa direzione. Oggi, dopo anni di slogan, possiamo dire con orgoglio che si sta affermando una visione più concreta della sostenibilità, fondata sui risultati, come dimostra il Welfare Index Pmi. Noi di Confagricoltura aderiamo sempre con impegno, perché valorizzare le esperienze virtuose è il modo migliore per dimostrare che sostenibilità e crescita possono e devono procedere insieme”.
Eugenio Miccone, presidente Giovani Imprenditori Roma Confcommercio ha dichiarato che “assistenza sanitaria integrativa e attenzione alla cura e al benessere dei lavoratori sono pilastri della nostra visione di welfare aziendale, integrato e sussidiario a quello pubblico e che supporti il lavoratore. Per questo Confcommercio ha costruito un solido sistema di welfare contrattuale che, attraverso fondi sanitari e bilateralità, raggiunge persino le micro imprese – quelle che più faticano nell’implementazione di servizi di welfare-, con un’attenzione crescente alla prevenzione da una parte e alla non autosufficienza e alla cronicità dell’altra, coscienti delle transizioni demografiche in atto”.
E infine, Marco Natali, presidente di Confprofessioni ha dichiarato: “Negli studi professionali le donne rappresentano oggi la componente prevalente del lavoro dipendente e questo rende ancora più evidente una realtà: la crescita della partecipazione femminile non coincide automaticamente con il raggiungimento della piena parità. Le differenze che ancora emergono nei percorsi di carriera, nelle opportunità di crescita professionale, nei livelli retributivi e nella capacità di conciliare responsabilità lavorative e familiari dimostrano che il tema delle pari opportunità resta una priorità per il mondo del lavoro. Non si tratta soltanto di garantire accesso all’occupazione, ma di creare condizioni che consentano a ogni persona di esprimere pienamente il proprio talento e le proprie competenze. Per questo Confprofessioni considera strategico investire in welfare, formazione, flessibilità organizzativa e valorizzazione del capitale umano. La vera sfida non è aumentare semplicemente la presenza delle donne nei luoghi di lavoro, ma costruire ambienti professionali in cui il merito, le capacità e l’impegno possano tradursi in concrete opportunità di crescita. Quando non saremo più costretti a parlare di pari opportunità, ma semplicemente di opportunità, significherà che avremo raggiunto il nostro obiettivo”."
20260702094627,Adnkronos,https://www.adnkronos.com/economia/rapporto-welfare-index-pmi-2026-il-76-5-delle-aziende-ha-raggiunto-il-livello-medio_1A54YQrh7uOyG1OSCR2V8D,,,,,,srclc:ita,"In dieci anni più che triplicate le PMI con livello alto e molto alto di welfare (dal 10,3% al 33,9%)
È stato presentato ieri a Roma il Rapporto Welfare Index Pmi 2026 giunto al suo decimo anno. La fotografia sullo stato del welfare nelle piccole e medie imprese italiane si basa su un modello di analisi organizzato in dieci aree: 1) Previdenza e protezione, 2) Salute e assistenza, 3) Conciliazione vita-lavoro, 4) Sostegno economico ai lavoratori, 5) Sviluppo del capitale umano, 6) Sostegno per educazione e cultura, 7) Diritti, diversità, inclusione, 8) Condizioni lavorative e sicurezza, 9) Responsabilità sociale verso consumatori e fornitori, 10) Welfare di comunità. Oggi il welfare aziendale ha raggiunto la fase della maturità: le Pmi sono consapevoli del proprio ruolo sociale e pronte a generare impatto. Il 76,5% delle aziende italiane di piccole e medie dimensioni ha superato il livello medio di welfare aziendale. Triplicato, inoltre, il numero di Pmi con livello molto alto e alto, passando dal 10,3% del 2016 al 33,9% del 2026. Infine, si riduce progressivamente il peso delle aziende che limitano il welfare al solo adempimento contrattuale, con solo il 18,2% delle Pmi.
L’analisi mette insieme i dati che rappresentano il comportamento di welfare delle aziende: l’estensione delle iniziative adottate, l’entità della spesa, le fonti istitutive (contratti collettivi, integrativi, iniziativa autonoma aziendale), le modalità di gestione e di coinvolgimento dei lavoratori, gli obiettivi sociali dichiarati. L’esito di questo esame è il raggruppamento delle aziende in quattro profili, qui di seguito descritti: Welfare strategico: appartengono a questo gruppo il 19% delle imprese caratterizzate da un welfare evoluto, ai più alti livelli di iniziativa e capacità gestionale, e che considerano centrali gli obiettivi di soddisfazione dei lavoratori e di reputazione (vs. 8,5% rispetto al 2016); Welfare premiante: comprende il 31,1% delle imprese, che gestisce il welfare aziendale come componente del sistema retributivo e premiante, e lo considerano di grande importanza per il conseguimento dei risultati aziendali (vs. 23,9% del 2016); Welfare in evoluzione: è il profilo più numeroso, costituito dal 31,7% delle imprese, in maggioranza al livello medio di sviluppo del welfare aziendale, che non ha un orientamento ancora definito, a metà strada tra un approccio teso a valorizzare il ruolo sociale dell’azienda ed uno più focalizzato sulle politiche retributive e le relazioni industriali (vs 24,9% del 2016); Welfare di conformità: il 18,2% del totale, che muove i primi passi nel welfare aziendale, perlopiù attuando le disposizioni dei contratti collettivi (vs. 42,7% del 2016).
Nel corso dei dieci anni di Welfare Index Pmi è possibile distinguere tre fasi di welfare aziendale. Una prima fase espansiva (2016-2019), caratterizzata da una rapida diffusione delle iniziative e da un progressivo ampliamento delle prestazioni offerte dalle imprese. Una seconda fase di consapevolezza (2020-2024), segnata dal contesto Covid-19, in cui il welfare ha assunto un ruolo più strategico e sociale, rafforzando il supporto a lavoratori e famiglie e contribuendo alla resilienza del sistema produttivo. Oggi si è aperta una terza fase di maturità, in cui la crescita quantitativa rallenta ma evolve la qualità: il welfare si integra sempre più nelle strategie d’impresa, migliora nelle capacità gestionali e aumenta il proprio impatto ed efficacia nel creare valore a beneficio delle imprese stesse, delle famiglie e del sistema Paese. “Il Rapporto Welfare Index Pmi 2026 dice che le aziende con un welfare più evoluto registrano tassi di crescita superiori a quelli delle imprese che investono meno nel benessere dei propri lavoratori. Le imprese più forti, dunque, sono quelle che mettono al centro la persona. Oggi i giovani, ad esempio, non scelgono un'impresa soltanto in base alla retribuzione. - ha dichiarato Maria Elisabetta Casellati, ministro per le Riforme Istituzionali e la Semplificazione Normativa - Guardano alla qualità del lavoro, alle opportunità di crescita, all'equilibrio tra vita e lavoro, ai servizi e ai benefit offerti. In sintesi: guardano al progetto di vita legato a un posto di lavoro. Per attrarre e trattenere i talenti non bastano più gli stipendi. Servono imprese che investano sulla persona prima ancora che sul lavoratore. Imprese capaci di guardare ai bisogni e alle aspirazioni dei propri dipendenti, non soltanto alla loro produttività. Il welfare, dunque, fa bene ai lavoratori, ma fa bene anche alle imprese. Quando una piccola impresa investe nel welfare, non migliora soltanto la qualità della vita dei propri dipendenti. Rafforza il tessuto sociale della comunità in cui opera. E quando l'impatto sociale di un'azienda supera i confini dello stabilimento, sostenendo le comunità locali, promuovendo formazione e salute, valorizzando il capitale umano e i giovani talenti, quell'impresa contribuisce a un obiettivo ancora più grande: creare occupazione, aiutare la coesione sociale e rendere attrattivi anche i territori più periferici, contrastandone lo spopolamento”.
Giancarlo Fancel Country Manager & Ceo Generali Italia, ha affermato che “il Rapporto Welfare Index Pmi 2026 conferma come il welfare aziendale sia oggi parte integrante delle strategie d’impresa e una leva concreta di crescita, capace di generare valore per i dipendenti, le loro famiglie e i territori. In questi dieci anni abbiamo accompagnato un percorso che ha rafforzato la consapevolezza del ruolo sociale delle Pmi, sempre più protagoniste della coesione e dello sviluppo economico. Come Gruppo Generali sosteniamo la crescita del tessuto produttivo italiano con iniziative concrete, interpretando il nostro ruolo di Partner del Paese”. Quest’anno hanno partecipato a Welfare Index Pmi oltre 7.000 imprese, più che triplicate rispetto alla prima edizione, di tutti i settori produttivi, di tutte le dimensioni e provenienti da tutta Italia. L’iniziativa è promossa da Generali Italia con il patrocinio della presidenza del Consiglio dei Ministri, del ministero del Lavoro e delle Politiche Sociali, del Ministero delle Imprese e del Made in Italy e con la partecipazione delle principali Confederazioni italiane: Confindustria, Confagricoltura, Confartigianato, Confprofessioni e Confcommercio.
I risultati di Welfare Index Pmi sono stati illustrati ieri Roma alla presenza di Adolfo Urso, ministro delle Imprese e del Made in Italy; Maria Elisabetta Alberti Casellati, ministro per le Riforme istituzionali e la Semplificazione Normativa; Monica Lucarelli, assessora alle Attività Produttive e alle Pari Opportunità di Roma Capitale; Giancarlo Fancel, Country Manager & Ceo Generali Italia; Massimo Monacelli, General Manager di Generali Italia; Fausto Bianchi, Presidente Piccola Industria e Vicepresidente, Confindustria; Riccardo Giovani, Direttore Politiche Sindacali e del Lavoro, Confartigianato; Luca Brondelli di Brondello, vice-presidente di Confagricoltura; Marco Natali, Presidente di Confprofessioni; Eugenio Miccone, Presidente giovani imprenditori Confcommercio Roma; Barbara Lucini, Responsabile Country Sustainability & Social Responsibility di Generali Italia; Enea Dallaglio, Mbs Consulting – A Cerved Company.
L’impatto sociale è oggi uno degli indicatori chiave della maturità del welfare aziendale: non conta più solo la diffusione delle iniziative, ma la loro capacità di rispondere in modo concreto ai bisogni delle persone e delle comunità. Nel 2026 emerge una forte crescita di consapevolezza: l’87,6% delle imprese riconosce la centralità di salute e sicurezza e il 75,9% ritiene necessario rafforzare il proprio ruolo sociale, mentre il 66,4% si sente chiamato a contribuire allo sviluppo sostenibile di filiera e territorio. Ma il vero elemento distintivo è nell’efficacia: le imprese che integrano il welfare nelle proprie strategie arrivano a livelli elevati di impatto sociale fino al 90% dei casi, grazie a modelli più strutturati, maggiore coinvolgimento dei lavoratori e una migliore capacità di intercettare i bisogni reali. È questa evoluzione – da insieme di misure a leva strategica – che consente al welfare di generare valore condiviso e risultati tangibili nel tempo. Il welfare aziendale si conferma sempre più una leva concreta di competitività e sviluppo per le imprese, superando la dimensione di costo per affermarsi come investimento strategico. I dati evidenziano una correlazione solida tra livelli di welfare e performance economiche: le aziende più evolute registrano una produttività superiore, con un fatturato per addetto che raggiunge i 396 mila euro (+20% rispetto alla media) e una redditività più elevata fino al +40,5%. A questo si affianca una maggiore capacità di crescita e generazione di occupazione: tra il 2021 e il 2024, le imprese con livelli alti di welfare hanno visto aumentare gli addetti fino al 20,4%, il doppio rispetto alle realtà meno strutturate.
La solidità economico-finanziaria emerge anche nel posizionamento delle imprese: quelle con welfare più evoluto si collocano più frequentemente nei segmenti a crescita sostenuta e profittevole, mentre si riduce la presenza nei profili più fragili o sotto pressione. Queste realtà si distinguono non solo per i risultati economici, ma anche per la qualità della gestione e il posizionamento competitivo: la quota di imprese a crescita sostenuta e profittevole passa infatti dal 21,3% tra quelle con welfare iniziale al 39% tra quelle con welfare molto alto, confermando l’esistenza di un circolo virtuoso tra benessere delle persone e performance dell’impresa. A questi risultati si aggiunge anche una maggiore capacità di attrazione: nel 2025 il 61,5% delle Pmi ha effettuato nuove assunzioni, dato che sale al 78% tra le aziende con welfare molto alto. In un mercato del lavoro sempre più competitivo e selettivo, il welfare si afferma come fattore distintivo di attrattività, in particolare per i giovani: nelle imprese più evolute cresce la presenza di under 30 e la capacità di inserirli stabilmente. Questo è possibile anche grazie a un welfare più efficace e riconosciuto: oltre il 45% delle imprese rileva un elevato utilizzo e apprezzamento dei servizi. Ne deriva anche una maggiore capacità di fidelizzazione, con oltre il 60% delle imprese più strutturate che evidenzia un miglioramento della retention, confermando il welfare come leva decisiva per attrarre e trattenere talenti.
In un contesto caratterizzato dall’aumento dei bisogni legati alla salute, all’assistenza, alla conciliazione vita‑lavoro, all’educazione e alla previdenza, il welfare aziendale contribuisce a rafforzare le reti territoriali di protezione sociale. Grazie alla loro diffusione sul territorio e alla vicinanza alle famiglie, le PMI rappresentano una vera e propria infrastruttura sociale, capace di integrare l’azione pubblica, favorire la collaborazione tra attori diversi e promuovere nuove forme di welfare di comunità. In un quadro segnato dal calo demografico e dal progressivo invecchiamento della popolazione, il welfare aziendale si configura sempre più come complemento al sistema pubblico, in particolare nei servizi di salute e assistenza. Si consolidano le soluzioni di sanità integrativa (11% adotta una polizza sanitaria) e cresce il ricorso a servizi di assistenza, come i consulti medici a distanza (2,5%); ma il dato più significativo è l’espansione delle iniziative di prevenzione, con check‑up (13,4%) e programmi di screening, come i controlli annuali per la prevenzione oncologica (6,9%), che segnalano un cambio di prospettiva sempre più orientato al lungo periodo.
Nelle realtà più avanzate il welfare converge verso una visione Esg più ampia: cresce la quota di aziende che si dota di figure dedicate alla sostenibilità e definisce obiettivi sociali e ambientali verificabili. Le PMI più evolute rafforzano le relazioni con il territorio, ricorrendo a fornitori locali (61,7%), sostenendo iniziative sociali (37,3%) e costruendo reti con il terzo settore, che contribuisce all’erogazione di servizi sia alle persone sia alle imprese. Si consolida così un modello di welfare più maturo, che supera i confini aziendali e genera valore diffuso per la comunità. In questo scenario di evoluzione, le politiche di conciliazione vita‑lavoro registrano una lieve flessione, fisiologica dopo la forte espansione della fase post‑pandemica: la flessibilità oraria scende dal 41,3% al 38,6% e lo smart working dal 21,4% al 17,0%. Il dato non riguarda però le imprese più attente alle esigenze familiari, che continuano a registrare risultati significativamente migliori: livelli più elevati di soddisfazione dei lavoratori (65,0% contro il 32,3%) e maggiore produttività (62,3% contro il 27,9%), a conferma del legame tra qualità del welfare e performance aziendale.
Fausto Bianchi, presidente della Piccola Industria di Confindustria e vice presidente di Confindustria ha dichiarato che “nelle Pmi c'è una forte consapevolezza che i figli dei dipendenti rappresentino il futuro del Paese. È una sensibilità che nasce naturalmente, perché nelle piccole imprese, che spesso sono a conduzione familiare, il rapporto tra imprenditore e collaboratori è diretto, quotidiano: si condividono responsabilità, fiducia e i momenti più importanti della vita delle persone. Ora questa sensibilità deve trasformarsi in strategia: le imprese che integrano il welfare nella propria cultura aziendale sono più produttive, attraggono talenti e sono più pronte ad affrontare il cambiamento. Le PMI possono fare la differenza sul tema dell'ascensore sociale, perché mettono la persona al centro e offrono la possibilità di valorizzare il talento indipendentemente dalla condizione di partenza”. E Luca Brondelli di Brondello, vicepresidente di Confagricoltura ha sottolineato che ""la sostenibilità è un fattore strategico di competitività che genera valore economico, ambientale e sociale. Tuttavia, richiede investimenti importanti che non possono ricadere solo sulle imprese, proprio perché vanno a vantaggio dell’intera collettività. Servono, dunque, politiche adeguate a sostegno, per far sì che sempre più aziende, a tutti i livelli, vadano in questa direzione. Oggi, dopo anni di slogan, possiamo dire con orgoglio che si sta affermando una visione più concreta della sostenibilità, fondata sui risultati, come dimostra il Welfare Index Pmi. Noi di Confagricoltura aderiamo sempre con impegno, perché valorizzare le esperienze virtuose è il modo migliore per dimostrare che sostenibilità e crescita possono e devono procedere insieme"".
Eugenio Miccone, presidente Giovani Imprenditori Roma Confcommercio ha dichiarato che “assistenza sanitaria integrativa e attenzione alla cura e al benessere dei lavoratori sono pilastri della nostra visione di welfare aziendale, integrato e sussidiario a quello pubblico e che supporti il lavoratore. Per questo Confcommercio ha costruito un solido sistema di welfare contrattuale che, attraverso fondi sanitari e bilateralità, raggiunge persino le micro imprese – quelle che più faticano nell'implementazione di servizi di welfare-, con un'attenzione crescente alla prevenzione da una parte e alla non autosufficienza e alla cronicità dell'altra, coscienti delle transizioni demografiche in atto”.
E infine, Marco Natali, presidente di Confprofessioni ha dichiarato: ""Negli studi professionali le donne rappresentano oggi la componente prevalente del lavoro dipendente e questo rende ancora più evidente una realtà: la crescita della partecipazione femminile non coincide automaticamente con il raggiungimento della piena parità. Le differenze che ancora emergono nei percorsi di carriera, nelle opportunità di crescita professionale, nei livelli retributivi e nella capacità di conciliare responsabilità lavorative e familiari dimostrano che il tema delle pari opportunità resta una priorità per il mondo del lavoro. Non si tratta soltanto di garantire accesso all'occupazione, ma di creare condizioni che consentano a ogni persona di esprimere pienamente il proprio talento e le proprie competenze. Per questo Confprofessioni considera strategico investire in welfare, formazione, flessibilità organizzativa e valorizzazione del capitale umano. La vera sfida non è aumentare semplicemente la presenza delle donne nei luoghi di lavoro, ma costruire ambienti professionali in cui il merito, le capacità e l'impegno possano tradursi in concrete opportunità di crescita. Quando non saremo più costretti a parlare di pari opportunità, ma semplicemente di opportunità, significherà che avremo raggiunto il nostro obiettivo""."
20260702094600,Il Tempo,https://www.iltempo.it/adnkronos/2026/07/02/news/rapporto-welfare-index-pmi-2026-il-76-5-delle-aziende-ha-raggiunto-il-livello-medio-48397715/,,,,,,srclc:ita,"Rapporto Welfare Index Pmi 2026: il 76,5% delle aziende ha raggiunto il livello medio
Roma, 2 lug. - (Adnkronos) - È stato presentato ieri a Roma il Rapporto Welfare Index Pmi 2026 giunto al suo decimo anno. La fotografia sullo stato del welfare nelle piccole e medie imprese italiane si basa su un modello di analisi organizzato in dieci aree: 1) Previdenza e protezione, 2) Salute e assistenza, 3) Conciliazione vita-lavoro, 4) Sostegno economico ai lavoratori, 5) Sviluppo del capitale umano, 6) Sostegno per educazione e cultura, 7) Diritti, diversità, inclusione, 8) Condizioni lavorative e sicurezza, 9) Responsabilità sociale verso consumatori e fornitori, 10) Welfare di comunità. Oggi il welfare aziendale ha raggiunto la fase della maturità: le Pmi sono consapevoli del proprio ruolo sociale e pronte a generare impatto. Il 76,5% delle aziende italiane di piccole e medie dimensioni ha superato il livello medio di welfare aziendale. Triplicato, inoltre, il numero di Pmi con livello molto alto e alto, passando dal 10,3% del 2016 al 33,9% del 2026. Infine, si riduce progressivamente il peso delle aziende che limitano il welfare al solo adempimento contrattuale, con solo il 18,2% delle Pmi.
L'analisi mette insieme i dati che rappresentano il comportamento di welfare delle aziende: l'estensione delle iniziative adottate, l'entità della spesa, le fonti istitutive (contratti collettivi, integrativi, iniziativa autonoma aziendale), le modalità di gestione e di coinvolgimento dei lavoratori, gli obiettivi sociali dichiarati. L'esito di questo esame è il raggruppamento delle aziende in quattro profili, qui di seguito descritti: Welfare strategico: appartengono a questo gruppo il 19% delle imprese caratterizzate da un welfare evoluto, ai più alti livelli di iniziativa e capacità gestionale, e che considerano centrali gli obiettivi di soddisfazione dei lavoratori e di reputazione (vs. 8,5% rispetto al 2016); Welfare premiante: comprende il 31,1% delle imprese, che gestisce il welfare aziendale come componente del sistema retributivo e premiante, e lo considerano di grande importanza per il conseguimento dei risultati aziendali (vs. 23,9% del 2016); Welfare in evoluzione: è il profilo più numeroso, costituito dal 31,7% delle imprese, in maggioranza al livello medio di sviluppo del welfare aziendale, che non ha un orientamento ancora definito, a metà strada tra un approccio teso a valorizzare il ruolo sociale dell'azienda ed uno più focalizzato sulle politiche retributive e le relazioni industriali (vs 24,9% del 2016); Welfare di conformità: il 18,2% del totale, che muove i primi passi nel welfare aziendale, perlopiù attuando le disposizioni dei contratti collettivi (vs. 42,7% del 2016).
Nel corso dei dieci anni di Welfare Index Pmi è possibile distinguere tre fasi di welfare aziendale. Una prima fase espansiva (2016-2019), caratterizzata da una rapida diffusione delle iniziative e da un progressivo ampliamento delle prestazioni offerte dalle imprese. Una seconda fase di consapevolezza (2020-2024), segnata dal contesto Covid-19, in cui il welfare ha assunto un ruolo più strategico e sociale, rafforzando il supporto a lavoratori e famiglie e contribuendo alla resilienza del sistema produttivo. Oggi si è aperta una terza fase di maturità, in cui la crescita quantitativa rallenta ma evolve la qualità: il welfare si integra sempre più nelle strategie d'impresa, migliora nelle capacità gestionali e aumenta il proprio impatto ed efficacia nel creare valore a beneficio delle imprese stesse, delle famiglie e del sistema Paese. “Il Rapporto Welfare Index Pmi 2026 dice che le aziende con un welfare più evoluto registrano tassi di crescita superiori a quelli delle imprese che investono meno nel benessere dei propri lavoratori. Le imprese più forti, dunque, sono quelle che mettono al centro la persona. Oggi i giovani, ad esempio, non scelgono un'impresa soltanto in base alla retribuzione. - ha dichiarato Maria Elisabetta Casellati, ministro per le Riforme Istituzionali e la Semplificazione Normativa - Guardano alla qualità del lavoro, alle opportunità di crescita, all'equilibrio tra vita e lavoro, ai servizi e ai benefit offerti. In sintesi: guardano al progetto di vita legato a un posto di lavoro. Per attrarre e trattenere i talenti non bastano più gli stipendi. Servono imprese che investano sulla persona prima ancora che sul lavoratore. Imprese capaci di guardare ai bisogni e alle aspirazioni dei propri dipendenti, non soltanto alla loro produttività. Il welfare, dunque, fa bene ai lavoratori, ma fa bene anche alle imprese. Quando una piccola impresa investe nel welfare, non migliora soltanto la qualità della vita dei propri dipendenti. Rafforza il tessuto sociale della comunità in cui opera. E quando l'impatto sociale di un'azienda supera i confini dello stabilimento, sostenendo le comunità locali, promuovendo formazione e salute, valorizzando il capitale umano e i giovani talenti, quell'impresa contribuisce a un obiettivo ancora più grande: creare occupazione, aiutare la coesione sociale e rendere attrattivi anche i territori più periferici, contrastandone lo spopolamento”.
Giancarlo Fancel Country Manager & Ceo Generali Italia, ha affermato che “il Rapporto Welfare Index Pmi 2026 conferma come il welfare aziendale sia oggi parte integrante delle strategie d'impresa e una leva concreta di crescita, capace di generare valore per i dipendenti, le loro famiglie e i territori. In questi dieci anni abbiamo accompagnato un percorso che ha rafforzato la consapevolezza del ruolo sociale delle Pmi, sempre più protagoniste della coesione e dello sviluppo economico. Come Gruppo Generali sosteniamo la crescita del tessuto produttivo italiano con iniziative concrete, interpretando il nostro ruolo di Partner del Paese”. Quest'anno hanno partecipato a Welfare Index Pmi oltre 7.000 imprese, più che triplicate rispetto alla prima edizione, di tutti i settori produttivi, di tutte le dimensioni e provenienti da tutta Italia. L'iniziativa è promossa da Generali Italia con il patrocinio della presidenza del Consiglio dei Ministri, del ministero del Lavoro e delle Politiche Sociali, del Ministero delle Imprese e del Made in Italy e con la partecipazione delle principali Confederazioni italiane: Confindustria, Confagricoltura, Confartigianato, Confprofessioni e Confcommercio.
I risultati di Welfare Index Pmi sono stati illustrati ieri Roma alla presenza di Adolfo Urso, ministro delle Imprese e del Made in Italy; Maria Elisabetta Alberti Casellati, ministro per le Riforme istituzionali e la Semplificazione Normativa; Monica Lucarelli, assessora alle Attività Produttive e alle Pari Opportunità di Roma Capitale; Giancarlo Fancel, Country Manager & Ceo Generali Italia; Massimo Monacelli, General Manager di Generali Italia; Fausto Bianchi, Presidente Piccola Industria e Vicepresidente, Confindustria; Riccardo Giovani, Direttore Politiche Sindacali e del Lavoro, Confartigianato; Luca Brondelli di Brondello, vice-presidente di Confagricoltura; Marco Natali, Presidente di Confprofessioni; Eugenio Miccone, Presidente giovani imprenditori Confcommercio Roma; Barbara Lucini, Responsabile Country Sustainability & Social Responsibility di Generali Italia; Enea Dallaglio, Mbs Consulting – A Cerved Company.
L'impatto sociale è oggi uno degli indicatori chiave della maturità del welfare aziendale: non conta più solo la diffusione delle iniziative, ma la loro capacità di rispondere in modo concreto ai bisogni delle persone e delle comunità. Nel 2026 emerge una forte crescita di consapevolezza: l'87,6% delle imprese riconosce la centralità di salute e sicurezza e il 75,9% ritiene necessario rafforzare il proprio ruolo sociale, mentre il 66,4% si sente chiamato a contribuire allo sviluppo sostenibile di filiera e territorio. Ma il vero elemento distintivo è nell'efficacia: le imprese che integrano il welfare nelle proprie strategie arrivano a livelli elevati di impatto sociale fino al 90% dei casi, grazie a modelli più strutturati, maggiore coinvolgimento dei lavoratori e una migliore capacità di intercettare i bisogni reali. È questa evoluzione – da insieme di misure a leva strategica – che consente al welfare di generare valore condiviso e risultati tangibili nel tempo. Il welfare aziendale si conferma sempre più una leva concreta di competitività e sviluppo per le imprese, superando la dimensione di costo per affermarsi come investimento strategico. I dati evidenziano una correlazione solida tra livelli di welfare e performance economiche: le aziende più evolute registrano una produttività superiore, con un fatturato per addetto che raggiunge i 396 mila euro (+20% rispetto alla media) e una redditività più elevata fino al +40,5%. A questo si affianca una maggiore capacità di crescita e generazione di occupazione: tra il 2021 e il 2024, le imprese con livelli alti di welfare hanno visto aumentare gli addetti fino al 20,4%, il doppio rispetto alle realtà meno strutturate.
La solidità economico-finanziaria emerge anche nel posizionamento delle imprese: quelle con welfare più evoluto si collocano più frequentemente nei segmenti a crescita sostenuta e profittevole, mentre si riduce la presenza nei profili più fragili o sotto pressione. Queste realtà si distinguono non solo per i risultati economici, ma anche per la qualità della gestione e il posizionamento competitivo: la quota di imprese a crescita sostenuta e profittevole passa infatti dal 21,3% tra quelle con welfare iniziale al 39% tra quelle con welfare molto alto, confermando l'esistenza di un circolo virtuoso tra benessere delle persone e performance dell'impresa. A questi risultati si aggiunge anche una maggiore capacità di attrazione: nel 2025 il 61,5% delle Pmi ha effettuato nuove assunzioni, dato che sale al 78% tra le aziende con welfare molto alto. In un mercato del lavoro sempre più competitivo e selettivo, il welfare si afferma come fattore distintivo di attrattività, in particolare per i giovani: nelle imprese più evolute cresce la presenza di under 30 e la capacità di inserirli stabilmente. Questo è possibile anche grazie a un welfare più efficace e riconosciuto: oltre il 45% delle imprese rileva un elevato utilizzo e apprezzamento dei servizi. Ne deriva anche una maggiore capacità di fidelizzazione, con oltre il 60% delle imprese più strutturate che evidenzia un miglioramento della retention, confermando il welfare come leva decisiva per attrarre e trattenere talenti.
In un contesto caratterizzato dall'aumento dei bisogni legati alla salute, all'assistenza, alla conciliazione vita‑lavoro, all'educazione e alla previdenza, il welfare aziendale contribuisce a rafforzare le reti territoriali di protezione sociale. Grazie alla loro diffusione sul territorio e alla vicinanza alle famiglie, le PMI rappresentano una vera e propria infrastruttura sociale, capace di integrare l'azione pubblica, favorire la collaborazione tra attori diversi e promuovere nuove forme di welfare di comunità. In un quadro segnato dal calo demografico e dal progressivo invecchiamento della popolazione, il welfare aziendale si configura sempre più come complemento al sistema pubblico, in particolare nei servizi di salute e assistenza. Si consolidano le soluzioni di sanità integrativa (11% adotta una polizza sanitaria) e cresce il ricorso a servizi di assistenza, come i consulti medici a distanza (2,5%); ma il dato più significativo è l'espansione delle iniziative di prevenzione, con check‑up (13,4%) e programmi di screening, come i controlli annuali per la prevenzione oncologica (6,9%), che segnalano un cambio di prospettiva sempre più orientato al lungo periodo.
Nelle realtà più avanzate il welfare converge verso una visione Esg più ampia: cresce la quota di aziende che si dota di figure dedicate alla sostenibilità e definisce obiettivi sociali e ambientali verificabili. Le PMI più evolute rafforzano le relazioni con il territorio, ricorrendo a fornitori locali (61,7%), sostenendo iniziative sociali (37,3%) e costruendo reti con il terzo settore, che contribuisce all'erogazione di servizi sia alle persone sia alle imprese. Si consolida così un modello di welfare più maturo, che supera i confini aziendali e genera valore diffuso per la comunità. In questo scenario di evoluzione, le politiche di conciliazione vita‑lavoro registrano una lieve flessione, fisiologica dopo la forte espansione della fase post‑pandemica: la flessibilità oraria scende dal 41,3% al 38,6% e lo smart working dal 21,4% al 17,0%. Il dato non riguarda però le imprese più attente alle esigenze familiari, che continuano a registrare risultati significativamente migliori: livelli più elevati di soddisfazione dei lavoratori (65,0% contro il 32,3%) e maggiore produttività (62,3% contro il 27,9%), a conferma del legame tra qualità del welfare e performance aziendale.
Fausto Bianchi, presidente della Piccola Industria di Confindustria e vice presidente di Confindustria ha dichiarato che “nelle Pmi c'è una forte consapevolezza che i figli dei dipendenti rappresentino il futuro del Paese. È una sensibilità che nasce naturalmente, perché nelle piccole imprese, che spesso sono a conduzione familiare, il rapporto tra imprenditore e collaboratori è diretto, quotidiano: si condividono responsabilità, fiducia e i momenti più importanti della vita delle persone. Ora questa sensibilità deve trasformarsi in strategia: le imprese che integrano il welfare nella propria cultura aziendale sono più produttive, attraggono talenti e sono più pronte ad affrontare il cambiamento. Le PMI possono fare la differenza sul tema dell'ascensore sociale, perché mettono la persona al centro e offrono la possibilità di valorizzare il talento indipendentemente dalla condizione di partenza”. E Luca Brondelli di Brondello, vicepresidente di Confagricoltura ha sottolineato che ""la sostenibilità è un fattore strategico di competitività che genera valore economico, ambientale e sociale. Tuttavia, richiede investimenti importanti che non possono ricadere solo sulle imprese, proprio perché vanno a vantaggio dell'intera collettività. Servono, dunque, politiche adeguate a sostegno, per far sì che sempre più aziende, a tutti i livelli, vadano in questa direzione. Oggi, dopo anni di slogan, possiamo dire con orgoglio che si sta affermando una visione più concreta della sostenibilità, fondata sui risultati, come dimostra il Welfare Index Pmi. Noi di Confagricoltura aderiamo sempre con impegno, perché valorizzare le esperienze virtuose è il modo migliore per dimostrare che sostenibilità e crescita possono e devono procedere insieme"".
Eugenio Miccone, presidente Giovani Imprenditori Roma Confcommercio ha dichiarato che “assistenza sanitaria integrativa e attenzione alla cura e al benessere dei lavoratori sono pilastri della nostra visione di welfare aziendale, integrato e sussidiario a quello pubblico e che supporti il lavoratore. Per questo Confcommercio ha costruito un solido sistema di welfare contrattuale che, attraverso fondi sanitari e bilateralità, raggiunge persino le micro imprese – quelle che più faticano nell'implementazione di servizi di welfare-, con un'attenzione crescente alla prevenzione da una parte e alla non autosufficienza e alla cronicità dell'altra, coscienti delle transizioni demografiche in atto”.
E infine, Marco Natali, presidente di Confprofessioni ha dichiarato: ""Negli studi professionali le donne rappresentano oggi la componente prevalente del lavoro dipendente e questo rende ancora più evidente una realtà: la crescita della partecipazione femminile non coincide automaticamente con il raggiungimento della piena parità. Le differenze che ancora emergono nei percorsi di carriera, nelle opportunità di crescita professionale, nei livelli retributivi e nella capacità di conciliare responsabilità lavorative e familiari dimostrano che il tema delle pari opportunità resta una priorità per il mondo del lavoro. Non si tratta soltanto di garantire accesso all'occupazione, ma di creare condizioni che consentano a ogni persona di esprimere pienamente il proprio talento e le proprie competenze. Per questo Confprofessioni considera strategico investire in welfare, formazione, flessibilità organizzativa e valorizzazione del capitale umano. La vera sfida non è aumentare semplicemente la presenza delle donne nei luoghi di lavoro, ma costruire ambienti professionali in cui il merito, le capacità e l'impegno possano tradursi in concrete opportunità di crescita. Quando non saremo più costretti a parlare di pari opportunità, ma semplicemente di opportunità, significherà che avremo raggiunto il nostro obiettivo""."
20260702090000,La Provincia Unica Tv,https://www.laprovinciadicomo.it/stories/premium/como-citta/sindaci-paesi-svuotati-dal-caro-turismo-casa-e-lavoro-aiuti-alle-coppie-giov-o_3900696_11/,,,,,,srclc:ita,"Sindaci, paesi svuotati dal caro turismo. «Casa e lavoro: aiuti alle coppie giovani»
Il dibattito Proseguono le reazioni dopo il richiamo di don Mazzoni, le analisi di 3 primi cittadini. Ortelli: «Tra le opzioni ristrutturare bilocali ex Aler e destinarli a neosposi e conviventi»
Lettura 1 min.Tremezzina
Servono case e soprattutto servono prospettive per i giovani. E se è vero - come rimarcato dal presidente dell’Associazione albergatori di Confcommercio Luca Leoni - che la bolla delle “Case vacanza” si sta sgonfiando, allora per i Comuni è questo il momento per invertire la tendenza, pur senza snaturare la vocazione turistica del lago. Ma per fare ciò serve l’aiuto della politica.
La critica
Sullo sfondo ci sono le parole pronunciate domenica sull’isola Comacina dal parroco don Italo Mazzoni e dal sindaco Mauro Guerra sul tema sensibile dell’overtourism. «Le responsabilità in primis sono delle persone che vivono sul territorio - rimarca il sindaco di Moltrasio, Giuseppe Carrano -. Parlo di chi affitta case come “b&b” o “Case vacanza”, ma anche delle persone che affittano monolocali o bilocali a cifre incredibili. Serve il giusto compromesso tra il turismo - da cui in tanti traggono benefici - e le legittime necessità dei residenti. Perché poi rifiuti e parcheggi sono temi che non possono passare in secondo piano. Gli amministratori hanno la responsabilità di governare, a fronte però di leggi che permettono di governare. Sembra un gioco di parole, ma è così. Ciascuno di noi ha responsabilità ben precise cui ottemperare. Il tema della vivibilità dei nostri paesi è sicuramente importante e sentito».
Le proposte
«Parole sante, mi verrebbe da dire, leggendo parte dei contenuti dell’omelia di don Italo Mazzoni - fa eco il sindaco di Torno, Rino Malacrida -. I nostri paesi hanno affrontato negli ultimi dieci anni grandi cambiamenti. Se prima erano il manufatturiero e le piccole attività produttive - la nautica su tutte - ad andare per la maggiore ora il turismo è diventata la più importante fonte economica. I “b&b” in questo contesto nascono come funghi. Vero però che la Regione o lo Stato o chi ha le competenze dirette non ci sta aiutando a limitare questo fenomeno. Mi piacerebbe che per aprire un “b&b” o una “Casa vacanza” fosse necessario avere un posto auto abbinato all’immobile. Il futuro resta dei giovani, ma è anche vero che con il calo demografico del 30% le giovani coppia che cercano casa non sono molte. Ed è vero che se vogliamo attrarre nuovi residenti oltre che dare loro la possibilità di avere una casa dobbiamo anche garantirgli un lavoro. Il turismo va gestito bene, non criticandolo, ma collaborando tutti insieme per farlo crescere in modo corretto».
Il sindaco di Griante - Comune con un alto numero di posti letto turistici - Pietro Ortelli infine fa notare che «stiamo ragionando su come ammodernare le unità abitative un tempo dell’Aler e che l’allora sindaco Paolo Mondelli aveva ripreso in capo al Comune. L’obiettivo una volta ristrutturati è far sì che possano essere abitate anzitutto da giovani coppie. Si tratta per lo più di bilocali, ma per noi si tratta di un segnale importante. Se vogliano che i nostri paesi continuino a vivere, i giovani devono essere in cima alle priorità delle Amministrazioni».
© RIPRODUZIONE RISERVATA"
20260702080725,Telebari,https://www.telebari.it/attualita/258396-il-borgo-piu-piccolo-della-puglia-presenta-i-suoi-144-abitanti-residenti-diventano-testimonial-della-citta.html,,,,,,srclc:ita,"La titolare del negozio di alimentari, il muratore tuttofare, l’aiutante ristoratrice, la vicesindaca arrivata dalla città e, ancora, l’utente dell’ufficio postale, le giovani donne e il ragazzo dell’Infopoint, la presidente della squadra di calcio, i bambini che vanno a scuola nel borgo più a valle e tante altre persone in carne e ossa. Celle di [...] L'articolo Il borgo più piccolo della Puglia presenta i suoi 144 abitanti: residenti diventano testimonial della città proviene da Telebari - News in tempo reale di Bari attualità, cronaca, sport ."
