date_str,source,url,themes,locations,persons,organizations,tone,translation_info,full_text
20260803164618,Notizie.it,https://www.notizie.it/ceuta-e-limmigrazione-lo-specchio-delle-sfide-demografiche-europee/,,,,,,srclc:ita,"La crisi di Ceuta ha portato alla luce tensioni che vanno ben oltre i confini dell’enclave spagnola. Questo evento ha messo in evidenza le sfide demografiche che l’Europa sta affrontando, con un declino delle nascite che risale a oltre un secolo fa e un invecchiamento della popolazione che sta mettendo a dura prova i sistemi socio-economici.
L’immigrazione, necessaria per contrastare il declino demografico, è diventata un catalizzatore di malcontento e reazioni identitarie. Questo fenomeno non può essere ignorato, ma deve essere affrontato culturalmente, psicologicamente e politicamente, poiché è in grado di spostare voti e influenzare il dibattito politico.
Le radici del declino demografico
Il calo delle nascite non è un fenomeno recente.
Già nel XIX secolo, la Francia e altri paesi europei iniziarono a registrare un declino demografico. Questo fenomeno è stato complicato dalla fine del mondo contadino e dal boom del lavoro dipendente, che ha separato il problema della scarsa fecondità dalla sopravvivenza personale senza cambiarne l’essenza.
In Italia, i 4,93 figli per donna del 1862 erano scesi a 1,14 nel 2026.
Questo declino ha avuto un impatto significativo sulla società, influenzando politiche e decisioni governative. La crescita della speranza di vita ha ulteriormente complicato la situazione, creando un divario tra interesse individuale e collettivo.
L’immigrazione come risorsa e problema
L’immigrazione è diventata una risorsa indispensabile per contrastare il declino demografico. Tuttavia, è anche un tema controverso che divide l’Europa. Alcuni paesi, come la Spagna e la Francia, hanno adottato politiche di regolarizzazione per integrare gli immigrati nel tessuto socio-economico, mentre altri vedono queste misure come una minaccia ai confini.
La Spagna, in particolare, è stata criticata per le sue politiche di regolarizzazione, che alcuni vedono come un modo per rendere l’immigrazione una risorsa fiscale. Tuttavia, la Spagna sostiene che queste misure sono necessarie per affrontare le sfide demografiche e socio-economiche.
Le sfide future
Il problema demografico non si limiterà a Ceuta. Con un indice di fertilità a 1,1 e una speranza di vita in aumento, la forza lavoro si contrae e il carico degli anziani cresce. Questo crea una bassa sostenibilità economica delle pensioni e richiede soluzioni complementari, come l’aumento della produttività del lavoro e l’inclusione nel mondo del lavoro di soggetti tipicamente esclusi.
La crisi di Ceuta ha messo in luce le tensioni demografiche e politiche che l’Europa deve affrontare. È necessario un approccio culturale, psicologico e politico per gestire l’immigrazione e trovare soluzioni sostenibili per il futuro."
20260803163412,Il Fatto Quotidiano,https://www.ilfattoquotidiano.it/2026/08/03/crisi-demografica-italia-immigrazione-regolarizzazioni-notizie/8468797/,,,,,,srclc:ita,"Roma, 3 ago. (Adnkronos) - Negli ultimi anni il turismo sportivo ha smesso di essere una nicchia per diventare uno dei fenomeni più dinamici dell’industria dei viaggi. Oggi, in pieno periodo di vacanze, lo sport è considerato il terzo fattore nella scelta di una destinazione, dopo arte e cultura, e sempre più viaggiatori costruiscono le proprie esperienze partendo da una passione: un torneo da seguire, un campo su cui giocare, una disciplina da praticare o una community da vivere. Non si sceglie più una meta e poi un’attività sportiva, ma si sceglie la meta proprio perché consente di vivere quella passione.
In questo scenario, destinato a raggiungere un valore globale stimato di 1,7 trilioni di euro entro il 2032, stanno emergendo nuovi modelli capaci di reinterpretare il rapporto tra viaggio e sport. Tra questi c’è Weebora, startup che ha individuato nel padel il terreno ideale per validare una nuova visione del turismo esperienziale. Da quella validazione è nato Terrarossa - il nuovo brand dedicato al tennis travel che affianca Weebora e trasforma quella visione in un primo ecosistema concreto in cui è la passione a indicare la destinazione. Un’unica idea che dà accesso a esperienze di viaggio sportivo in ogni angolo del mondo, e che in futuro si aprirà a nuove passioni. È un cambiamento che tocca insieme il comportamento dei viaggiatori, le opportunità offerte dal turismo sportivo e la strategia con cui si sta sviluppando un modello multi-verticale capace di mettere al centro persone, community e passioni. Dietro c’è l’intuizione di Fabio Zecchini (Ceo e Founder) e Attilio Ruffo (General Director e Co-founder) che ne parlano con l'Adnkronos su come si è voluto riunire in un unico marketplace digitale tutte le esperienze di viaggio sportivo possibili, organizzate in tre verticali -Academies, Holidays, Tournaments- con una prenotazione semplice e senza stress.
Quando avete capito che la passione sportiva stava diventando il motore della scelta di viaggio, e non più un'aggiunta? Come descrivereste il viaggiatore sportivo di oggi rispetto a cinque anni fa?
""L’abbiamo capito unendo due sguardi diversi sullo stesso fenomeno. La mia storia unisce due mondi, la tecnologia e il travel digitale: da ingegnere informatico esperto in analisi dati, marketing digitale e AI ho fondato Musement, un marketplace che, intercettando la domanda mondiale di esperienze culturali a destinazione, è diventato un player internazionale poi acquisito da TUI. In questo periodo ho capito che la stessa logica -mettere l’esperienza al centro del viaggio- stava iniziando a manifestarsi anche nello sport, con una forza nuova. Da questa intuizione nasce Weebora, e con lei l’incontro con Attilio, che porta vent’anni nel mondo della comunicazione e del marketing al fianco di grandi brand come Ferrari ed è testimone diretto di come una passione possa trasformarsi in identità e appartenenza"", ha spiegato Fabio Zecchini. ""Insieme abbiamo iniziato a sviluppare il progetto partendo da come è cambiato il viaggiatore sportivo: non cerca più una destinazione a cui aggiungere, magari, un po’ di sport, ma parte dalla passione e costruisce intorno a quella l’intera esperienza di viaggio. È più competente ed esigente, conosce il suo sport, sa cosa vuole ed è disposto a spostarsi proprio per viverlo ai massimi livelli. Non compra un pacchetto: cerca un’esperienza che lo faccia crescere, connettere con una community e tornare a casa con un ricordo che vale il viaggio"".
Com’è nata l’idea? C’è stato un momento specifico che ha acceso la scintilla? Come funziona concretamente la personalizzazione dell’esperienza sulla piattaforma?
""La scintilla è stata un’esperienza personale. Nel 2003 mi trovavo a Mallorca e volevo prenotare un’esperienza in una prestigiosa academy di padel: un desiderio semplice che si è rivelato sorprendentemente complicato nel processo di prenotazione con alloggio incluso. Da lì è nato l’approfondimento sul mercato, e il quadro era chiaro: offerta frammentata tra academy, club, resort ed eventi, pianificazione faticosa e assenza di un marketplace globale, specializzato e affidabile. Il padel cresceva a grande velocità e nessuno lo stava servendo bene dal lato viaggio; questa è stata la scintilla"", ha proseguito Fabio Zecchini. ""Da quel momento tutto è stato molto veloce: Weebora è nata in pochi mesi come primo marketplace al mondo dedicato al padel travel, e dopo un primo anno di piccoli market test nel 2024 è stata lanciata ufficialmente nei primi mesi del 2025. Terrarossa è stata presentata tre mesi fa. Due piattaforme pensate per superare lo stress della prenotazione turistica tradizionale, costruite sulla tecnologia di dynamic packaging e sulla semplicità del modello “one-checkout”. Bastano pochi clic per scegliere tra soluzioni curate che uniscono allenamento, competizione e scoperta autentica del territorio. Il risultato è un viaggio sportivo integrato: dai trasferimenti al gioco, dal soggiorno alle attività locali, progettato per coltivare la tua passione"".
Parliamo di padel: partner della Fip nelle principali tappe del circuito Premier Padel lo scorso anno, due top players come ambassador, rapporti costanti con le più famose academies di padel. Cosa ha significato e cosa significa tutto questo?
""Nel 2024 e 2025, essere Official Travel Partner in molte tappe del circuito Premier Padel è stato un passaggio decisivo che ci ha permesso di posizionare Weebora nel cuore dell’ecosistema internazionale del padel e di costruire rapidamente riconoscibilità, credibilità e autorevolezza. La scelta di affiancarsi a due campioni come Gemma Triay e Franco “Stupa” Stupaczuk va nella stessa direzione. Non sono semplicemente testimonial: sono interpreti credibili di questo mondo e parlano agli appassionati con il linguaggio e l’autorevolezza di chi vive il padel ai massimi livelli"", ha aggiunto Attilio Ruffo. ""Ma partnership e ambassador creano un’aspettativa che deve essere mantenuta attraverso il prodotto. Per questo abbiamo costruito un’offerta che copre i tre modi principali di vivere questa passione: migliorare il proprio gioco nelle accademie più prestigiose, come quelle di Rafa Nadal, Gustavo Pratto e Paquito Navarro; partire per una vacanza in cui il padel è parte centrale dell’esperienza; oppure assistere dal vivo ai grandi tornei internazionali. Il nostro obiettivo non è semplicemente vendere viaggi legati al padel. Vogliamo diventare il punto di accesso più affidabile per chi desidera vivere il mondo del padel viaggiando"".
Qual è il profilo del vostro viaggiatore tipo nel padel?
""Il nostro viaggiatore tipo nel padel è internazionale: abbiamo servito clienti da 25 Paesi diversi in poco più di dieci mesi. I principali mercati di origine sono Italia, Spagna, Regno Unito e Francia, ma raccogliamo già segnali significativi da mercati emergenti come i Paesi nordici, la Germania e gli Stati Uniti, e riceviamo richieste persino da Middle East e Far East. Grazie ai nostri partner siamo arrivati a proporre destinazioni sorprendenti: accanto ai grandi classici come Spagna e Italia, mete come Kenya, Mauritius, Maldive ed Egitto, e a capodanno andremo in Argentina con Gustavo Spector. È un viaggiatore più adulto di quanto si immagini: la fascia più rappresentata è quella dei 51-60 anni, seguita dai 41-45, con una prevalenza maschile (60% circa) ma una componente femminile in crescita"", ha sottolineato Fabio Zecchini. ""È un viaggiatore profondamente fedele: oltre un cliente su quattro prenota più di una volta e una quota importante acquista in più categorie, combinando gioco, eventi e vacanza. E soprattutto è un viaggiatore che ama condividere: famiglie e gruppi spendono da due a tre volte più di chi viaggia da solo, un dato che dice molto sulla natura sociale del padel e sul perché stiamo investendo sui viaggi di gruppo. Non cerca lo sconto, ma l’esperienza giusta"".
Passiamo al tennis: a maggio avete lanciato Terrarossa. Perché il tennis come secondo sport, e in cosa il cliente tennis è diverso da quello del padel?
""Il tennis è stato il secondo verticale naturale, non soltanto perché oggi sta vivendo un momento straordinario in Italia. Abbiamo scelto il tennis perché ha una community globale, una forte cultura del viaggio e una filiera esperienziale completa: academy iconiche, destinazioni con una grande tradizione tennistica e tornei capaci di attrarre pubblico da tutto il mondo. Con Terrarossa abbiamo portato in questo mercato lo stesso principio validato da Weebora: partire dalla passione e costruire intorno a essa l’intero viaggio"", ha risposto Attilio Ruffo. ""Il cliente tennis, però, ha motivazioni in parte diverse. Il tennis ha una storia, dei luoghi e dei rituali molto radicati. Wimbledon, Roland Garros, gli Us Open o le Atp Finals sono eventi che molti appassionati desiderano vivere almeno una volta, quasi come grandi appuntamenti culturali. Il cliente arriva spesso con una conoscenza molto profonda del proprio sport, cerca accesso, autenticità e qualità ed è disposto a investire per un’esperienza realmente distintiva. Nel padel, invece, il motore principale del viaggio è ancora soprattutto la partecipazione: giocare, migliorare, incontrare altre persone e condividere l’esperienza. Nel tennis la componente “watch” ha già una forza globale; nel padel prevale ancora il “play”. Non è tanto una differenza anagrafica quanto una diversa motivazione di viaggio. Per questo abbiamo creato due brand distinti. Weebora e Terrarossa hanno identità, linguaggi e community differenti, ma condividono lo stesso motore operativo: tecnologia, prodotto, pagamenti, dati e assistenza. La nostra strategia è applicare lo stesso modello rispettando la cultura e l’immaginario specifico di ogni passione"".
Come scegliete il prossimo sport o passione su cui lanciare un verticale? Dove volete essere tra tre anni? Quanti sport, quanti mercati?
""Weebora si sta trasformando da operatore specializzato in sport travel a piattaforma di passion-led brands, pensata per essere replicata su altri mondi: running, golf, sci, vela, basket, motorsport e altre passioni, anche non sportive, capaci di generare esperienze, appartenenza e desiderabilità. Il prossimo passo, su cui stiamo già facendo dei test, è il running: una community enorme, globale e abituata a viaggiare per correre, dalle grandi maratone agli eventi trail. Ma non scegliamo il prossimo verticale a caso. I criteri sono chiari: la dimensione e la crescita della passione, la forza di una community con cui partire, la disponibilità di partner, il prezzo medio del pacchetto viaggio e un accesso credibile agli eventi. Padel e tennis ci hanno insegnato che il modello funziona proprio quando questi elementi si combinano. Tra tre anni vogliamo essere il riferimento internazionale del turismo esperienziale legato alle passioni: non un operatore di sport travel, ma la casa in cui ogni passione ha il suo brand dedicato e il suo pubblico. Più verticali attive, una presenza solida sui mercati europei e lo sguardo già rivolto agli Stati Uniti e ai mercati emergenti dove queste discipline stanno esplodendo"", ha concluso Fabio Zecchini."
20260803160023,Fanpage News,https://www.fanpage.it/attualita/loroscopo-di-martedi-4-agosto-2026/,,,,,,srclc:ita,"La Luna in Ariete e Marte che si oppone a Lilith nell'oroscopo di martedì 4 agosto 2026 ci ricordano la forza e la libertà che dona l'indipendenza. Ne godono soprattutto i segni di fuoco: Ariete, Leone e Sagittario. Continua a leggere"
20260803140514,Unione,https://www.unionesarda.it/news-sardegna/provincia-cagliari/da-ex-asilo-a-polo-intergenerazionale-in-via-fermi-apre-il-centro-per-anziani-e-bambini-xvbese29,,,,,,srclc:ita,"Cagliari, da ex asilo a polo intergenerazionale: in via Fermi apre il centro per anziani e bambini
Nel quartiere Amsicora una vecchia scuola dell’infanzia in disuso diventa uno spazio aperto alle associazioni e all’incontro dei cittadini
Per restare aggiornato entra nel nostro canale Whatsapp
Da ex scuola dell’infanzia in disuso a spazio di prossimità aperto all’incontro, alle associazioni, alle consulte. In via Fermi nel quartiere Amsicora, a Cagliari, nasce un nuovo centro per la socialità e la salute.
Uno spazio polifunzionale intergenerazionale, dedicato ad attività socio-educative, ricreative e di promozione del benessere dei residenti con particolare attenzione agli anziani autosufficienti e ai bambini tra i 3 e i 5 anni.
«Con questa nuova apertura», sottolinea il sindaco Massimo Zedda, «proseguiamo nel lavoro di riqualificazione di spazi di proprietà comunale e di valorizzazione del patrimonio pubblico: dopo il centro di quartiere di Sant’Elia che ospita anche l’ambulatorio che nel quartiere mancava, dopo il recupero di diversi immobili destinati a finalità sociali come lo spazio in via Friuli, per fare due esempi, andiamo avanti con l’insediamento di servizi innovativi a disposizione delle cittadine e dei cittadini. Lo scopo è quello di favorire momenti di incontro, socializzazione, benessere e salute per tutti».
«L’obiettivo principale di questo nuovo centro», spiega l'assessora alla Salute e benessere delle cittadine e dei cittadini Anna Puddu, «è quello di promuovere la coesione e l’incontro tra generazioni diverse: riteniamo questo approccio uno strumento utile ed efficace, soprattutto se guardiamo all’andamento demografico cittadino, per rafforzare l’unione della comunità, promuovere benessere diffuso e contrastare l’isolamento sociale».
Dotato di un giardino ombreggiato e attrezzato con giochi e sedute, completamente accessibile e con diversi locali all’interno, lo spazio ospiterà infatti un centro socio-educativo diurno per la terza età, per il contrasto dell'isolamento sociale degli anziani autosufficienti attraverso attività ricreative e di benessere e un centro di quartiere, spazio gioco e crescita per bambini tra i 3 e i 5 anni, concepito come spazio socio-educativo e utile per favorire la conciliazione dei tempi di vita e lavoro delle famiglie. Sono inoltre a disposizione spazi per le Consulte comunali: locali attrezzati e ad uso condiviso per garantire una sede idonea per le riunioni, supporto logistico visibilità alle iniziative. Spazio anche ai comitati e alle associazioni no profit: hanno già trovato sede il comitato di quartiere Amsicora – tra i promotori della richiesta dei locali - e la Consulta delle associazioni delle persone con disabilità.
(Unioneonline/En.Ne.)"
20260803135420,Cronachemaceratesi,https://www.cronachemaceratesi.it/2026/08/03/alloggi-in-sostituzione-delle-sae-una-quota-anche-per-i-carabinieri/2092469/,,,,,,srclc:ita,"«Alloggi in sostituzione delle Sae, 
 una quota anche per i carabinieri»
				
				
TOLENTINO - L'ex assessora alla ricostruzione interviene dopo la nota del Sim Marche sulle abitazioni Erp riservate alle forze dell'ordine: «Non si tratta di togliere a qualcuno per darli ad altri, ma di programmare con intelligenza il futuro delle strutture realizzate in sostituzione alle Sae».
di Francesca Marsili
«Nell’ultimo Consiglio comunale, l’assessore al Patrimonio Franco Ferri ha parlato della volontà di destinare gli appartamenti realizzati in sostituzione delle Sae all’edilizia sociale. Se stiamo ragionando sul futuro del patrimonio abitativo pubblico di Tolentino, perché non affrontare anche il tema degli alloggi destinati a carabinieri e vigili del fuoco?». È la riflessione dell’ex assessora alla ricostruzione Flavia Giombetti.
Il sindacato dei carabinieri, Sim, ha scritto ai Comuni della regione, Tolentino compreso, per verificare come viene applicata la normativa regionale sugli alloggi di Edilizia residenziale pubblica riservati a carabinieri. E per Giombetti quella richiesta si incrocia con un dibattito già aperto in città: quello sulla destinazione degli appartamenti realizzati in sostituzione delle Sae, le strutture abitative d’emergenza nate dopo il terremoto. «Non parliamo di un tema lontano o teorico – evidenzia Giombetti – ma di uomini e donne che ogni giorno operano nella nostra comunità, che garantiscono sicurezza ai cittadini e che devono essere messi nelle condizioni di vivere stabilmente nel territorio che servono».
Un punto, quest’ultimo, che secondo l’ex assessore ha un peso specifico crescente: «La presenza della Compagnia carabinieri a Tolentino è aumentata negli ultimi anni, e con essa il numero di militari in servizio che avrebbero bisogno di una sistemazione stabile – sottolinea – avere queste famiglie radicate sul territorio non è un dettaglio logistico, ma una scelta che rafforza il legame tra le istituzioni e la comunità e rende più continuo il servizio di sicurezza». Giombetti tiene a chiarire che la sua non è una posizione contro l’edilizia sociale, definita anzi «una risposta necessaria». Il punto, per lei, è che il patrimonio abitativo nato dall’emergenza post-sisma può e deve tenere insieme esigenze diverse, senza che l’una escluda l’altra. «Non si tratta di togliere diritti a qualcuno per darli ad altri – aggiunge – si tratta di programmare con intelligenza, tenendo insieme esigenze sociali diverse ma ugualmente importanti». Da qui l’invito a un confronto che chiarisca come applicare gli strumenti previsti dalla normativa regionale sugli alloggi Erp e quale sarà, nel concreto, la destinazione finale degli immobili realizzati in sostituzione delle Sae.
L’ex assessora si aggancia al tema toccato in Consiglio comunale da Ferri: la possibilità che l’edilizia sociale contribuisca a recuperare i residenti persi dalla città dopo il terremoto. Un obiettivo legittimo – secondo Giombetti – ma che rischia di sovrapporre due questioni distinte. «L’edilizia sociale risponde a un bisogno abitativo – dice – invertire il calo demografico richiede una strategia molto più ampia», sottolinea, ricordando che per riportare persone a Tolentino servono lavoro, servizi e opportunità per i giovani, non soltanto nuovi appartamenti.
Il Comune ha già dato seguito alla richiesta del Sim carabinieri Marche? Qual è l’orientamento dell’amministrazione sull’applicazione della normativa regionale relativa agli alloggi Erp riservati alle Forze dell’Ordine? Quale sarà, nel concreto, la destinazione finale degli alloggi realizzati in sostituzione delle Sae? Sono domande che, secondo l’ex assessore, l’amministrazione comunale dovrebbe affrontare apertamente, perché riguardano «il futuro di un patrimonio nato dall’emergenza e il modello di città che vogliamo costruire». E chiudono la riflessione con un’affermazione di principio: «Una buona amministrazione non sceglie tra sicurezza e coesione sociale. Ha il dovere di costruire entrambe».
Tolentino guarda oltre l’emergenza: gli alloggi sisma alle giovani coppie"
20260803120000,La Provincia Unica Tv,https://www.laprovinciadicomo.it/stories/premium/como-citta/il-centro-si-spopola-meno-residenti-e-piu-turisti-o_3922424_11/,,,,,,srclc:ita,"Il centro si spopola. Meno residenti e sempre più turisti
Anagrafe. Calo generalizzato nei quartieri più esclusivi. Crescono invece gli abitanti a Camerlata e a Rebbio. Anche la popolazione totale scende: sotto gli 85mila
Lettura 2 min.
Il centro città continua a perdere residenti, dal 2019 a oggi i quartieri più esclusivi passano da 11.636 abitanti a 10.881.
Poco prima della pandemia il capoluogo comasco contava 85.915, nell’ultimo aggiornamento che si legge nei documenti pubblicati dal Comune siamo scesi a 84.287. In totale la perdita di residenti in questo lasso di tempo non arriva ai due punti percentuali, mentre nella zona del lago e della città murata, ovvero l’ex circoscrizione numero cinque, il calo è vicino ai sette punti. Ed è costante, 11.575 residenti nel 2021, 11.101 nel 2023, i numeri forniti di anno in anno dall’ufficio anagrafe raccontano una diminuzione della popolazione nel cuore di Como marcata se comparata con gli anni ottanta, oltre 14mila residenti, per poi passare negli anni novanta progressivamente ad un bacino più ridotto.
L’andamento
Da dopo la pandemia questo andamento si è consolidato, del resto in parallelo diverse abitazioni hanno lasciato il posto alle case vacanza per i turisti. I comuni cittadini e le famiglie del ceto medio non hanno più accesso non tanto agli affitti, di fatto spariti, quanto al prezzo di vendita al metro quadrato, troppo caro. Gli immobili vengono ceduti prima ancora di essere messi in evidenza sui normali canali di vendita.
Allargando il cerchio agli altri quartieri della città, fatto il confronto sempre con il 2019, Como est, altra parte pregiata della città che risale il lago sopra a viale Geno e comprende gli abitati sopra al Valduce, da 12.369 abitanti passa a 11.924, meno tre punti percentuali e mezzo. Le altre zone che registrano una diminuzione sono i quartieri di Lora che passa da 2.793 cittadini a 2.701, Camnago Volta da 1.511 a 1.475, la somma di Albate e di Muggiò contava 8.684 abitanti e ora ne ha 8.474. Segni in negativo dunque non troppo vistosi. Como Borghi contava 13.772 residenti e ora è a quota 13.590, Garzola e Civiglio insieme calano da 1.489 a 1.478. Le dinamiche dei singoli più piccoli quartieri seguono logiche di tipo anche demografico, legate all’invecchiamento della popolazione, alla mancanza di un ricambio. A Monte Olimpino, Ponte Chiasso, Sagnino e Tavernola abitavano prima della pandemia 14.957 cittadini e adesso ne restano 14.804. Aumenta invece la popolosa e più economica area di Rebbio e Camerlata, che nelle statistiche di Palazzo Cernezzi raggruppa anche Prestino e Breccia, qui il segno è positivo: da 18.704 abitanti a 18.960.
Crescono gli stranieri
In ultimo il capitolo stranieri, che compensano in parte la fuoriuscita di comaschi, anche in relazione al calo delle nascite. Dal 14,8% della popolazione complessiva registrato nel 2019, 12.723 cittadini, siamo arrivati a 13.401 residenti al 31 dicembre del 2025, il 16% del totale. I più presenti sono i romeni (1.117), i filippini (1.056), la nazionalità srilankese (873), quindi gli ucraini (787) e i salvadoregni (806), seguono gli albanesi (570), i turchi (496) e i cinesi (554).
Più in generale occorre dire che dai grandi centri urbani italiani, con vocazione turistica, negli ultimi anni sono usciti molti storici residenti, che hanno preso casa nell’hinterland dove i costi delle abitazioni sono in genere più bassi. Anche Como come altre città ha da qualche anno osservato questa tendenza.
© RIPRODUZIONE RISERVATA"
20260803104945,La Gazzetta Del Mezzogiorno,https://www.lagazzettadelmezzogiorno.it/news/matera/2078601/a-27-anni-rocco-asprella-guida-una-pro-loco-nel-materano-anche-cosi-si-combatte-lo-spopolamento.html,,,,,,srclc:ita,"A 27 anni è il più giovane presidente lucano di una Pro Loco. Ma per Rocco Asprella, nato nel 1999, tecnico commerciale e alla guida della Pro Loco Giovani di Miglionico, il record è soprattutto un’occasione per lanciare un messaggio ai suoi coetanei: i piccoli comuni possono tornare a essere luoghi in cui costruire il proprio futuro, se i giovani scelgono di mettersi in gioco. 
 «L'associazionismo è una passione che mi porto dentro fin da piccolo - racconta all’ANSA -. Ho sempre amato stare in mezzo alla gente, confrontarmi e mettermi in gioco». Due anni fa la proposta del presidente della Pro Loco di Miglionico, Francesco Martulano. «Non ci ho pensato due volte - aggiunge - e ho detto subito sì, sapendo di poter contare sulla fiducia e sul sostegno dei soci più esperti». Una scelta maturata in un territorio che, come tanti borghi dell’entroterra lucano, deve fare i conti con il calo demografico e con la partenza di molti ragazzi per studio o lavoro. Per Asprella, però, il rischio maggiore non è legato solo allo spopolamento, ma alla perdita di energie, idee e partecipazione. «Partire è un diritto e un’esperienza importante - spiega -, ma restare o tornare deve diventare una scelta di coraggio e di futuro. I nostri piccoli comuni non sono luoghi da cui scappare, ma laboratori di opportunità da costruire. Turismo, cultura e innovazione possono creare nuove opportunità, ma servono giovani pronti a investire tempo e competenze». 
Da questa idea è nata Malconsiglio Next-Gen, manifestazione ideata dalla Pro Loco Giovani di Miglionico che unisce sport, cultura e musica. Il successo della prima edizione ha già spinto l'associazione a lavorare alla seconda, con l’obiettivo di farne un appuntamento fisso dell’estate miglionichese. «La soddisfazione più grande - sottolinea - è stata vedere tanti giovani del paese mettersi a disposizione. È questo il cambiamento: trasformare chi partecipa a un evento in una persona che contribuisce a costruirlo. Se li fai sentire protagonisti, rispondono con entusiasmo». 
 Secondo Asprella, Miglionico ha tutte le caratteristiche per attrarre visitatori durante l’anno, grazie alla Rievocazione storica della Congiura dei Baroni, alle feste patronali e agli eventi organizzati dalla Pro Loco. «L'obiettivo - dice - è fare in modo che chi arriva qui non trovi soltanto un borgo da fotografare, ma una comunità viva da conoscere e un’esperienza autentica da portare con sé».
L’invito ai giovani è netto. ""Entrare in una Pro Loco - evidenzia - significa prendersi cura del proprio territorio, fare rete e diventare protagonisti del cambiamento. Non si tratta di organizzare feste. È una palestra di cittadinanza attiva che insegna a lavorare insieme e ad assumersi responsabilità». Il sogno guarda oltre i confini del suo paese. Asprella immagina una rete stabile tra i borghi della Basilicata, capace di condividere progetti, eventi e competenze. ""Vorrei creare un collegamento tra i giovani delle nostre comunità. Se riusciremo a costruire - conclude - una generazione che crede nei propri paesi e sceglie di impegnarsi per farli crescere, avremo raggiunto il risultato più importante»."
20260803102300,Il Sole 24 Ore,https://www.ilsole24ore.com/art/migranti-l-istat-popolazione-italiana-tiene-solo-grazie-stranieri-boom-marocco-AJl7wTd,,,,,,srclc:ita,"ServizioContenuto basato su fatti, osservati e verificati dal reporter in modo diretto o riportati da fonti verificate e attendibili.Scopri di più
La fotografia
Migranti, l’Istat: la popolazione italiana tiene solo grazie agli stranieri. Boom dal Marocco
Saldo con l’estero a +296mila unità: compensa quasi alla virgola il deficit di nascite. Mezzogiorno: persi 150mila giovani laureati. Mobilità interna in ripresa, ma il motore sono gli stranieri
Il pareggio demografico dell’Italia è un travaso. Nel 2025 il saldo migratorio con l’estero (sia regolari sia successivamente regolarizzati) sale a +296mila unità – dai +263mila dell’anno precedente – e compensa quasi alla virgola il deficit naturale certificato dagli indicatori demografici Istat: 355mila nascite contro 652mila decessi, circa -296mila. Risultato: popolazione inchiodata a 58,9 milioni di residenti, appena 636 in meno in un anno.
Chiedilo al Sole
Domande di approfondimento generate da 24Ore AI
Le domande sono suggerite automaticamente da 24Ore AI sulla base del contenuto visualizzato.
La fotografa il rapporto Istat sulle migrazioni interne e internazionali. Il messaggio è netto: il Paese sta in piedi solo per l’immigrazione. Il saldo estero degli stranieri vale +348mila unità; quello degli italiani resta negativo di 53mila. Il documento viene pubblicato a pochi giorni dal caso Ceuta.
Loading...
Bangladesh e Marocco: i primi paesi per provenienza
Il primo Paese di provenienza è il Bangladesh, con 37mila ingressi (+22%). Il Marocco – in questi giorni travolto dalle polemiche per il caso di Ceuta – balza al secondo posto con 36mila arrivi e una crescita del 48,4% in un solo anno.
Corre tutta la direttrice asiatica (+18,6%), con Pakistan a +20%, India a +22,7% e Perù a +15,7%, mentre si sgonfiano i canali storici europei: -33,9% dall’Ucraina, con il progressivo ridimensionamento dei flussi straordinari legati al conflitto, e -18,8% dalla Romania.
La mappa dei flussi verso l’Italia, dunque, si sta ridisegnando.
Loading...
Il calo dall’America-latina
l calo dall’America latina (-15,7%) porta la prima firma normativa misurabile: la stretta sullo Ius sanguinis (Dl 36/2025, convertito nella legge 74/2025) ha ridotto l’automatismo del riconoscimento della cittadinanza per discendenza, soprattutto per gli italo-discendenti di Brasile e Argentina.
Espatri in calo
Il capitolo uscite consegna il dato più vistoso e più insidioso: gli espatri degli italiani crollano a 109mila, il 22,7% in meno rispetto al picco di 141mila del 2024. Ma quel picco era figlio delle nuove sanzioni sulla mancata iscrizione all’Aire - da 200 a mille euro per ogni anno di ritardo, introdotte dalla legge 213/2023 - che avevano spinto migliaia di connazionali già all’estero a regolarizzare la propria posizione anagrafica. Il ritorno a quota 109mila non è un’inversione: riporta le uscite nel corridoio degli ultimi dieci anni, tra 94mila e 122mila l’anno. La bolla statistica si è sgonfiata; l’emorragia no.
La serie storica misura la perdita vera. Tra il 2015 e il 2025 sono emigrati 1 milione 249mila cittadini italiani e ne sono rientrati 607mila: un passivo netto di 642mila persone, l’equivalente di una città come Palermo. Nello stesso periodo il saldo degli stranieri è positivo per 2,78 milioni. Non un anno storto, ma un ricambio lento e strutturale, certificato registro anagrafico dopo registro anagrafico.
Il 33,9% degli espatri - 37mila su 109mila - riguarda cittadini italiani nati fuori dai confini. I flussi verso Brasile e Argentina sono composti quasi per intero da nati all’estero (95,2% e 96%): mobilità legata all’acquisizione della cittadinanza e alla riattivazione dei legami con il Paese d’origine. Ma c’è anche il fenomeno inverso: i naturalizzati che usano il passaporto italiano come piattaforma di mobilità europea. Tra gli espatriati nati in Africa, il 43,9% sceglie la Francia; tra i nati in Asia, il 59,9% va nel Regno Unito.
Anche la classifica delle destinazioni cambia, ma per sottrazione. La Spagna diventa la prima meta degli espatri italiani (12,2%) non perché attragga di più - i flussi verso Madrid e dintorni calano del 22,3% - ma perché crollano Regno Unito (-38,5%) e Germania (-36,8%).
Loading...
Mezzogiorno, persi 150mila giovani laureati
Tra il 2019 e il 2025 il Sud ha perso 150mila laureati italiani tra i 25 e i 34 anni. La voce più pesante non è l’estero (-28mila) ma il resto d’Italia: -122mila verso il Centro-Nord, oltre quattro volte tanto. La rotta del capitale umano meridionale porta a Milano prima che a Londra.
Il Nord fa il percorso opposto: perde 49mila laureati verso l’estero ma ne incassa 108mila dal Mezzogiorno e chiude a +59mila. La Lombardia guida con +40mila; all’estremo opposto la Campania, che lascia sul terreno 42mila giovani laureati tra deflusso interno (-34mila) ed estero (-8mila). Una regione forma, l’altra impiega.
A livello nazionale il bilancio dei laureati 2019-2024 resta positivo per un soffio - poco meno di 10mila unità - solo grazie ai +88mila giovani laureati stranieri che compensano i -78mila italiani. Con un’avvertenza che l’Istat mette nero su bianco: dei titoli di studio degli stranieri non si conoscono l’indirizzo, il Paese di conseguimento, né la coerenza con l’occupazione poi svolta in Italia.
Il conto corrente tra Sud e Centro-Nord resta in rosso anche sui numeri complessivi: 112mila trasferimenti in uscita contro 67mila in entrata, 45mila residenti persi in un anno. La Calabria guida la classifica dell’emigratorietà con quasi otto partenze ogni mille abitanti; Crotone, con il 9,5 per mille, è la provincia da cui si parte di più.
Mobilità interna in ripresa, ma il motore sono gli stranieri
I trasferimenti di residenza tra Comuni tornano a crescere: 1 milione 455mila nel 2025, +5,1% sull’anno precedente. La spinta però non è distribuita: gli spostamenti degli stranieri aumentano del 14,8%, quelli degli italiani del 3%. Risultato: gli stranieri firmano il 19,5% della mobilità interna pur rappresentando il 9,4% della popolazione residente (una propensione doppia, che li conferma come la componente territorialmente più flessibile del mercato del lavoro).
Le direttrici non cambiano: l’Emilia-Romagna resta la regione più attrattiva (+2,1 per mille), Pavia la provincia record (+5,3). All’opposto Basilicata (-5,5) e Calabria (-3,8), con Matera maglia nera provinciale (-6,3).
I dati 2025 sono provvisori: il consolidamento definitivo arriverà con il riallineamento al Censimento permanente. Ma la fotografia è già nitida. L’Italia che si muove è sempre più straniera; e quella che parte, sempre più spesso, l’italiano ce l’ha nel passaporto prima che nella biografia."
20260803085900,Today,https://www.today.it/europa/cohesion-net/case-popolari-e-affitti-calmierati-cosi-l-europa-puo-fermare-lo-spopolamento-dei-territori.html,,,,,,srclc:ita,"Case popolari e affitti calmierati: così l'Europa può fermare lo spopolamento dei territori
La crisi abitativa sta diventando una sfida che coinvolge città, aree rurali e regioni in trasformazione. Garantire soluzioni adeguate è fondamentale per sostenere sviluppo locale, inclusione e stabilità demografica
Poter rimanere nel luogo in cui si è cresciuti e in cui si è costruita la propria vita non dovrebbe essere una possibilità riservata solo a chi dispone di maggiori risorse economiche. Eppure, in molte aree dell'Unione europea il diritto di restare è sempre più sotto pressione a causa dell'aumento dei costi delle case, della scarsità di alloggi disponibili e dell'ampliamento delle disuguaglianze economiche e sociali tra territori.
Il concetto di ""diritto di restare"" nasce proprio da questa consapevolezza. I cittadini devono avere la libertà e gli strumenti per continuare a vivere nei territori di appartenenza, senza essere costretti a spostarsi perché non riescono più ad accedere a un'abitazione dignitosa.
È una questione che riguarda direttamente la politica di coesione europea, perché un territorio non può essere forte se perde abitanti, competenze e reti sociali a causa della difficoltà di trovare opportunità e alloggi a prezzi accessibili.
Transizioni verdi e digitali: la coesione europea rilancia sulla formazione
Quando la casa diventa la condizione per restare
Come spiega Alice Pittini di Housing Europe – la federazione europea dell'edilizia sociale, pubblica e cooperativa – ""il diritto di restare riflette l'idea che le persone dovrebbero avere la libertà e i mezzi per restare nei luoghi in cui vivono, invece di essere costrette ad andarsene perché non possono più permettersi una casa dignitosa"".
Il tema abitativo diventa quindi parte integrante della capacità dei territori di rimanere inclusivi e competitivi. In altre parole, questo diritto ""inizia a casa"". L'accesso a un'abitazione sostenibile, di qualità e a un costo sostenibile rappresenta una condizione essenziale per garantire inclusione sociale, benessere e partecipazione alla vita delle comunità.
Quando il mercato immobiliare diventa troppo costoso, però, non sono solo le singole persone a essere penalizzate: intere aree rischiano di perdere popolazione e capacità di sviluppo.
La crisi abitativa europea non riguarda più soltanto le grandi città, ma anche le aree rurali, le regioni di confine, i territori in declino demografico e le località turistiche dove la pressione immobiliare rende sempre più difficile per i residenti trovare soluzioni abitative adeguate.
Sono i dati di un progetto di ricerca europeo – Espon ""House for All"", concepito per mappare e affrontare la crescente crisi abitativa e i problemi di accessibilità economica nel continente – a mostrare la portata del fenomeno.
Tra il 2015 e il 2023, i prezzi delle abitazioni nell'Unione europea sono cresciuti mediamente del 48 per cento. Dietro questo dato medio, però, si nascondono profonde differenze territoriali, con aree rurali, città e zone turistiche che si spopolano in modi diversi secondo il particolare contesto.
Per questo la politica di coesione, che da sempre punta a ridurre gli squilibri tra regioni europee, deve considerare sempre più la questione abitativa come una componente essenziale dello sviluppo locale.
Una crisi territoriale, non solo urbana
La casa è diventata uno degli elementi che più influenzano la capacità dei territori di attrarre e trattenere popolazione.
Per questo motivo la crisi abitativa non può essere letta soltanto come un problema delle grandi città. È una questione più ampia che richiede risposte calibrate sulle caratteristiche dei diversi luoghi.
""Il problema per noi era capire cosa ci fosse dietro quei numeri"", racconta Franziska Sielker dell'Università tecnica di Vienna, coordinatrice del progetto Espon ""House for All"".
Andando oltre le statistiche nazionali e analizzando le differenze locali, la ricerca ha realizzato una mappatura dell'accessibilità abitativa attraverso la raccolta di dati sui prezzi delle abitazioni disponibili sul mercato.
L'obiettivo era comprendere dove la casa fosse diventata realmente inaccessibile e quali territori fossero maggiormente esposti al rischio di esclusione.
""Ciò che è accessibile è sempre relativo e deve tenere conto di diversi fattori che contribuiscono in misura uguale allo stesso fenomeno"".
Per esempio, le aree urbane presentano generalmente i prezzi più elevati, così come molte zone costiere e turistiche. Tuttavia, il quadro cambia quando si considera il rapporto tra costo della casa e reddito disponibile: in un territorio rurale un'abitazione meno costosa può comunque diventare economicamente proibitiva.
La ricerca mostra anche che il mercato degli affitti rappresenta una delle aree più critiche.
In molte zone urbane e ad alta domanda, le famiglie possono arrivare a destinare una quota molto elevata del proprio reddito alla casa, fino a due terzi delle entrate. Una situazione che limita la possibilità di sostenere altre spese essenziali.
Questa dinamica produce effetti diretti sui territori.
Giovani, lavoratori e famiglie possono ritrovarsi costretti a trasferirsi altrove, indebolendo proprio quelle comunità già in difficoltà.
La perdita di residenti non è soltanto una questione demografica, ma anche economica e sociale.
Come si legge nella ricerca Espon ""House for All"", il dibattito non riguarda più esclusivamente i territori rurali o periferici. Anche le aree economicamente dinamiche possono generare esclusione abitativa, se la crescita economica non si traduce in accessibilità abitativa per chi vive in quei territori.
Cervelli in fuga, una sfida urgente per la coesione europea
Non esiste una soluzione uguale per tutti
Se la crisi abitativa ha dimensioni europee, le risposte devono necessariamente partire dai territori.
La politica di coesione può creare un quadro comune e sostenere gli investimenti, ma non può applicare un unico modello.
I sistemi abitativi europei sono profondamente diversi e richiedono strategie adattate ai contesti locali.
Secondo Pittini di Housing Europe, ""non esistono concetti armonizzati per definire l'edilizia sociale, l'abitazione accessibile o adeguata"".
Questa diversità rende più complesso confrontare politiche e risultati, ma allo stesso tempo dimostra la necessità di approcci flessibili.
In Europa la proprietà privata rimane la forma abitativa più diffusa, ma esistono importanti differenze.
Paesi come la Germania hanno mercati dell'affitto consolidati, mentre molti Paesi dell'Europa centrale, orientale e meridionale – Italia inclusa – hanno storicamente favorito la proprietà della casa.
Negli ultimi anni, però, il quadro sta cambiando.
L'aumento dei prezzi e la difficoltà di accesso alla proprietà stanno spingendo sempre più giovani e gruppi a basso reddito verso il mercato degli affitti, aumentando la necessità di soluzioni abitative accessibili.
Dalla Toscana all'Estremadura: come le province possono salvare l'Europa rurale
Un elemento centrale emerso dal progetto Espon ""House for All"" riguarda il ruolo dell'edilizia sociale.
I casi studiati in Paesi come Paesi Bassi, Austria e Danimarca mostrano come una presenza forte di alloggi sociali possa contribuire alla stabilità complessiva del mercato abitativo. Questi sistemi dimostrano che l'edilizia sociale può essere una componente strategica della politica territoriale.
Un'offerta adeguata di queste soluzioni riduce la pressione sul mercato privato e permette ai territori di mantenere una maggiore diversità sociale.
Ma, in ogni caso, queste esperienze non possono essere semplicemente replicate altrove. ""Dobbiamo concentrarci sul trasferimento dei principi, non dei modelli interi"", avverte Pittini.
La crescente centralità della questione abitativa ha portato la casa ai vertici dell'agenda europea.
Il Piano per l'edilizia a prezzi accessibili presentato dalla Commissione nel dicembre 2025 ha proprio l'obiettivo di coordinare risorse, investimenti e strumenti politici.
Si tratta di un passaggio importante anche per la politica di coesione, perché la casa è sempre più riconosciuta come un fattore decisivo per la competitività e l’equilibrio dei territori.
Senza abitazioni accessibili, anche gli investimenti destinati allo sviluppo locale rischiano di produrre benefici limitati o di aumentare ulteriormente le disparità."
20260803083345,Varese News,https://www.varesenews.it/2026/08/troppe-case-poche-abitazioni/2649844/,,,,,,srclc:ita,"Troppe case, poche abitazioni
La questione abitativa italiana è un problema di riallocazione, non di quantità. E la riconversione verso il riuso, che sulla carta è già cominciata, in cantiere procede più lenta di quanto il dibattito lasci intendere. Di Mauro Colombo
L’Italia ha più di 35 milioni di abitazioni, e quasi tre quarti sono occupate da chi ci risiede (ISTAT, 2021-2023). Non è un paese a corto di case. È un paese in cui quelle case, costruite per una popolazione che non esiste più, faticano a diventare abitazioni per chi le cerca oggi. Il patrimonio c’è; la sua capacità di tradursi in accesso reale all’abitare no.
Lo scarto è prima di tutto demografico. La popolazione invecchia, le famiglie si accorciano, le persone sole aumentano, e la domanda si concentra dove ci sono lavoro e servizi, mentre lo stock resta dov’era. Da una parte case grandi, ereditate, sottoutilizzate in territori a domanda debole; dall’altra, nelle città attrattive, redditi da lavoro che non reggono più il costo dell’abitare. Le previsioni ISTAT danno le persone sole in crescita fino a 11 milioni nel 2050 e la dimensione media familiare in calo sotto i 2,1 componenti. Uno stock pensato per nuclei numerosi e stanziali deve ora servire una popolazione più anziana e più sola.
Da qui il concetto che tiene insieme il quadro: illiquidità immobiliare, intesa non come difficoltà di vendere, ma come difficoltà di trasformare lo stock in abitazioni socialmente accessibili. Una casa può essere liquida per l’investitore, affittabile a breve o rivendibile, e illiquida per la società, sottratta alla residenza stabile o offerta a canoni fuori misura rispetto ai redditi locali. Non è dunque una crisi di quantità, ma una condizione intermedia e fragile: il patrimonio esiste e fatica a muoversi.
Se questa lettura è giusta, la conseguenza è netta: il futuro non è costruire nuovo, è riattivare l’esistente. E qui la diagnosi smette di essere una tesi da convegno, perché la riconversione è già scritta nelle regole e nei fondi del 2026. I nuovi Criteri Ambientali Minimi per l’edilizia, in vigore da febbraio, impongono la decostruzione selettiva e il recupero di almeno il 70% in peso dei materiali: chi prezza una demolizione tradizionale sta già sbagliando il preventivo. Il Piano Casa nazionale (legge 116/2026) destina 970 mln € non a nuove costruzioni ma al recupero del patrimonio di edilizia residenziale pubblica. Le misure regionali, in Lombardia già operative, finanziano manutenzione diffusa e recupero di alloggi sfitti. Il verso è coerente con la diagnosi: recuperare, non edificare.
È qui che la realtà complica la tesi. La grande riallocazione dello spazio urbano, quella dei paper e delle esposizioni, si scontra con ciò che arriva davvero in cantiere, ed è meno e più lento. Una parte della dotazione nazionale non è denaro nuovo, ma spostamento di fondi già esistenti. Gli appalti del canale statale si apriranno tardi, con ogni probabilità non prima del 2027, e concentrati sulle città maggiori. Nel breve, il lavoro alla portata delle imprese minori è quello regionale, di taglio contenuto: un intervento medio di manutenzione su alloggi pubblici vale attorno ai 32.000 € (stima su dati Regione Lombardia e ALER, 2026). Anche recuperare costa di più, con l’indice del costo di costruzione salito del 3,3% su base annua ad aprile 2026 (ISTAT, ripreso da ANCE). Da un lato la riconversione dello stock come questione di economia politica; dall’altro la manutenzione di un alloggio sfitto, commessa per commessa. I due piani non si toccano quasi mai.
Per le imprese, inquadrare questa distanza conta più di quanto sembri: nel breve i cantieri a portata sono quelli regionali, di taglio contenuto, e questo cambia come ci si qualifica e su cosa si punta. È per aiutare a leggere questo passaggio che Confartigianato Imprese Varese pubblica a breve una linea guida operativa su appalti, cantieri e fondi 2026 rivolta alle imprese associate.
Il punto non è quale dei due sia vero. Sono veri entrambi, e restano separati finché non si verifica una cosa sola: se le risorse annunciate sono nuove o soltanto rietichettate, e se scendono a una scala che le imprese diffuse sul territorio possano davvero eseguire. Da questo dipende se la riconversione verso il riuso sarà una politica o una diagnosi elegante e ferma. Una società che invecchia, perde giovani e concentra le opportunità in poche città avrà comunque bisogno di rimettere in movimento il proprio patrimonio abitativo. La domanda non è se serva, ma se il modo in cui la stiamo finanziando lo renda possibile.
Mauro Colombo
Amministratore delegato Artser
Fonti
– Confartigianato Imprese Varese, Appalti, cantieri e fondi. Linea guida operativa 2026 (di prossima pubblicazione).
– DL 7 maggio 2026 n. 66, convertito in legge 2 luglio 2026 n. 116 (Piano Casa).
– DM MASE 24 novembre 2025 (Criteri Ambientali Minimi per l’edilizia), in vigore dal 2 febbraio 2026.
– ISTAT, Abitazioni occupate e non occupate (2021-2023), 2026; Previsioni della popolazione residente e delle famiglie, 2025; Indice del costo di costruzione di un fabbricato residenziale, 2026.
– Regione Lombardia, misure abitative 2026; dati ALER."
20260803074040,Avanti,https://avantionline.it/allarme-cgia-di-mestre-con-calo-demografico-pensioni-a-rischio/,,,,,,srclc:ita,"Previdenza complementare e Tfr
NOVITA’ PER CITTADINI E AZIENDE
L’Istituto fornisce ulteriori indicazioni operative in materia di previdenza complementare e introduce nuove funzionalità digitali per il Trattamento di fine rapporto (Tfr).
Con il messaggio Inps del 10 luglio scorso, n. 2325, l’Istituto di previdenza fornisce le istruzioni sulla regolarizzazione delle quote arretrate di Tfr per i lavoratori assunti per la prima volta nel settore privato dal 1° luglio 2026, iscritti automaticamente a una forma di previdenza complementare, come previsto dalla legge di bilancio 2026.
Poiché il lavoratore dispone di 60 giorni dall’assunzione per confermare l’adesione, scegliere un altro fondo pensione o destinare il Tfr all’azienda secondo le regole ordinarie, l’Istituto chiarisce le modalità di regolarizzazione delle quote di Trattamento di fine rapporto nel periodo compreso tra la data di assunzione e la comunicazione della scelta definitiva.
Inoltre, con il successivo messaggio Inps del 10 luglio 2026, n. 2331, l’Ente previdenziale comunica il rilascio del nuovo “Portale Tfr Esattoriali”, che ospita il servizio telematico per la presentazione delle domande di liquidazione del Trattamento di fine rapporto (Tfr) e delle anticipazioni del Tfr a carico del Fondo di previdenza per gli impiegati dipendenti dai concessionari del servizio di riscossione dei tributi e delle altre entrate dello Stato.
Il servizio è disponibile dalla pagina “Prestazioni di capitale del Fondo Esattoriali” e affiancherà quello attualmente in uso, fino al 31 luglio 2026, per consentire una graduale transizione al nuovo sistema.
Allarme Cgia di Mestre
CON CALO DEMOGRAFICO PENSIONI A RISCHIO
Il calo della popolazione giovanile rischia di diventare uno dei principali fattori di criticità per il futuro economico e sociale dell’Italia. Secondo l’Ufficio studi della Cgia, la flessione dei giovani registrata nell’ultimo decennio si interseca con l’uscita a breve dal mercato del lavoro di milioni di persone, aprendo interrogativi sulla capacità del Paese di garantire il ricambio occupazionale e di sostenere nel tempo il sistema previdenziale. Il rischio concreto è che i giovani di oggi arrivino ad avere pensioni “difficilmente sufficienti a garantire una vita dignitosa”.
Meno giovani
Negli ultimi dieci anni gli italiani tra i 15 e i 34 anni sono scesi di quasi 550mila unità, una contrazione che la Cgia collega direttamente alla crisi demografica in corso. Un fenomeno che, secondo l’associazione, non riguarda soltanto l’andamento della popolazione, ma produce effetti che si riverbono anche sul mondo del lavoro e sulle prospettive di crescita del Paese.
Esodo lavoratori
Tra il 2025 e il 2029 quasi 3 milioni di lavoratori usciranno dal mercato del lavoro per raggiunti limiti di età o di anzianità contributiva. La previsione, riportata dalla Cgia sulla base del Sistema Informativo Excelsior di Unioncamere-Anpal, riguarda soprattutto la generazione dei baby boomer destinata al pensionamento.
L’associazione evidenzia come questa dinamica ponga una questione destinata a diventare centrale nei prossimi anni: chi sostituirà le persone che lasceranno fabbriche, uffici e attività autonome?
Imprese e personale
La difficoltà nel reperire lavoratori rappresenta, secondo la Cgia, una criticità già evidente per molte aziende italiane. Le realtà di piccole dimensioni risultano particolarmente esposte perché dispongono di una minore capacità di attrarre giovani rispetto alle imprese più grandi.
Tra le uscite stimate entro il 2029 figurano oltre 1,6 milioni di dipendenti del settore privato, 768.200 dipendenti pubblici e 665.500 lavoratori autonomi.
Le aree più colpite
L’analisi individua alcune aree del Paese dove il ricambio generazionale potrebbe essere più complesso. Le maggiori difficoltà sono attese in Lombardia, dove l’incidenza delle uscite dei dipendenti privati raggiunge il 64,6%, seguita da Emilia-Romagna (58,6%) e Veneto (56,5%).
Il ruolo dell’immigrazione
Sul tema dell’immigrazione, secondo la Cgia “chi sostiene che gli immigrati possano, nel tempo, colmare i vuoti occupazionali che si creeranno nel nostro Paese si sbaglia clamorosamente”.
L’associazione precisa però che, nel breve periodo, l’ingresso di nuovi lavoratori extracomunitari può costituire uno strumento utile ad affrontare le esigenze del mercato del lavoro, purché sia accompagnato da percorsi di formazione nei Paesi d’origine, dalla conoscenza della lingua italiana e dal possesso delle competenze richieste dalle imprese. Viene inoltre richiamata la necessità di accelerare le corsie preferenziali previste dal Piano Mattei e di favorire occupazioni stabili insieme a un supporto nella ricerca di alloggi dignitosi e accessibili.
Gli effetti sulle pensioni
L’invecchiamento della popolazione, secondo la Cgia, pone interrogativi anche sul sistema previdenziale. Le proiezioni di Istat e del ministero dell’Economia e delle Finanze richiamate dalla Cgia indicano che l’incidenza della spesa pensionistica sul Pil potrebbe aumentare dall’attuale 15,4% fino a circa il 17% intorno al 2040, per poi diminuire progressivamente sotto il 14% entro il 2070.
La Cgia sottolinea comunque che si tratta di stime di lungo periodo, soggette a possibili margini di errore.
Il tema degli assegni futuri
A parere dell’associazione, il tema più delicato attiene l’importo delle future prestazioni pensionistiche. Le carriere lavorative discontinue e le retribuzioni contenute di molti giovani potrebbero tradursi in trattamenti pensionistici insufficienti ad assicurare condizioni economiche adeguate.
Per questo la Cgia richiama l’attenzione sulla previdenza complementare, evidenziando come l’adesione dei lavoratori dipendenti sia ancora limitata e indicando la possibilità di introdurre, su base volontaria, forme di risparmio previdenziale nominativo presso l’Inps.
Il nodo della sanità
Nel documento viene rimarcato pure il possibile impatto dell’invecchiamento sulla spesa sanitaria. Secondo la Cgia “non si può escludere che, nei prossimi decenni, limitare la spesa sanitaria risulti più complesso che contenere quella previdenziale”. Attualmente, infatti, “la popolazione over 65 rappresenta circa il 25 per cento del totale in Italia e, secondo le stime degli esperti, assorbe circa il 60 per cento della spesa sanitaria nazionale”.
Per l’associazione, l’incremento della quota di popolazione anziana potrebbe determinare un’ascesa della spesa sanitaria, sociale e destinata alla non autosufficienza. Un’evoluzione che potrebbe essere almeno in parte contenuta attraverso un aumento dell’aspettativa di vita in buona salute, oggi indicata in media in 58,1 anni.
Pagamento pensioni in Venezuela
PROROGA AL 19 SETTEMBRE 2026
L’Inps proroga al 19 settembre 2026 il termine per la trasmissione della prova dell’esistenza in vita da parte dei pensionati che riscuotono il pagamento in Venezuela. La nuova scadenza, posticipata di due mesi rispetto al termine inizialmente previsto del 18 luglio 2026, tiene conto delle gravi difficoltà causate dal recente sisma che ha colpito il Paese.
Le principali novità:
i pensionati interessati potranno regolarizzare la propria posizione entro il 19 settembre 2026;
entro tale data dovrà essere prodotta l’attestazione richiesta per il mantenimento dei pagamenti pensionistici;
per chi non trasmetterà la documentazione nei termini, la sospensione dei pagamenti decorrerà dalla rata di ottobre 2026.
Restano confermate le modalità già previste per la trasmissione della prova dell’esistenza in vita, secondo le indicazioni contenute nel messaggio Inps del 19 dicembre 2025, n. 3863.
Libretto di Famiglia
ONLINE LE FUNZIONI DEDICATE AGLI EREDI
L’Inps ha reso disponibile, all’interno della piattaforma telematica dedicata alle Prestazioni di carattere occasionale, una nuova sezione del Libretto famiglia destinata alla gestione delle pratiche relative agli utilizzatori deceduti.
È quanto ha di recente comunicato l’Istituto previdenziale con l messaggio Inps del 9 luglio scorso, n. 2320.
La novità consente agli eredi di operare direttamente per:
richiedere il rimborso delle somme versate dal dante causa e non utilizzate per il pagamento delle prestazioni occasionali;
inserire le prestazioni lavorative svolte prima del decesso ma non registrate dall’utilizzatore, permettendo così all’Istituto di erogare il compenso al lavoratore e accreditare la relativa contribuzione previdenziale.
Per accedere al servizio è necessario autenticarsi con la propria identità digitale (Spid almeno di livello 2, Cie di livello 3, Cns o eIDas).
Da ricordare che i dati anagrafici e di contatto devono essere aggiornati tramite l’area riservata My-Inps prima dell’accesso al servizio, per garantire il corretto svolgimento delle procedure.
Fondo Casalinghe
CHIUSURA CONTO CORRENTE PER VERSAMENTO CONTRIBUTI
Con il messaggio Inps del 24 luglio scorso, n. 2482, l’Istituto di previdenza comunica che, a partire dal 1° ottobre 2026, sarà chiuso il conto corrente postale specifico, intestato all’Istituto Nazionale della Previdenza Sociale, ancora oggi limitatamente utilizzato per il pagamento, tramite bollettini postali, dei contributi al Fondo di previdenza per le persone che svolgono lavori di cura non retribuiti derivanti da responsabilità familiari.
L’Inps ricorda che è possibile stampare l’avviso pagoPA accedendo all’area tematica “Portale dei Pagamenti” e selezionando “Fondo Casalinghe e Casalinghi”.
Per accedere al servizio è possibile:
utilizzare la propria identità digitale;
inserire codice fiscale e “Codice Fondo” nella pagina dedicata.
Carlo Pareto"
20260803072900,La Prealpina,https://www.prealpina.it/news/varese/528974/varese-in-piena-crisi-di-culle.html,,,,,,srclc:ita,"FIOCCHI ROSA E AZZURRI
03 Agosto 2026
È la grande crisi delle culle. Sempre meno figli, Paese sempre più vecchio. E i dati sono allarmanti. La media nazionale di natalità è 6, cioè sei nati ogni mille abitanti. La provincia di Varese è addirittura sotto questa mafia: 5,8, che vale il 38simo posto nella classifica nazionale insieme alla confinante Como. Le province più prolifiche sono Bolzano (8,4), Caserta e Napoli (7,7) mentre Oristano (4,4) e Cagliari (4,3) sono in fondo alla classifica.
Guardando alla Lombardia, solo Pavia ha un dato più basso della provincia di Varese. Nel 2002, il dato per Varese era 6,2. Evidente la flessione rispetto alla rilevazione attuale che è a consuntivo del 2025. I dati sono Istat.
I più letti
Dati societari - © Copyright La Prealpina Srl - Tutti i diritti riservati - C.F. e P.IVA 01620270122 - Testata registrata preso il Tribunale di Varese n.6"
20260803070212,Huffpost Italia,https://www.huffingtonpost.it/blog/2026/08/03/news/violenza_anti-lgbt_in_europa_perche_servono_dati_non_narrazioni_comode-22477909/,,,,,,srclc:ita,"Violenza anti-LGBT+ in Europa: perché servono dati, non narrazioni comode
di Yuri Guaiana
Il 25 luglio 2026 il Christopher Street Day di Berlino si è concluso in tragedia. Un furgone ha investito la folla nel Tiergarten, vicino a Potsdamer Platz; l'uomo alla guida è poi sceso e ha colpito chi fuggiva con un'arma da taglio. Bilancio confermato dalla polizia berlinese: una donna uccisa e 29 feriti, diversi in condizioni critiche. La vittima è una cittadina polacca, madre, che festeggiava con la figlia. L'attentatore, Abdul Ballout, 21 anni, tedesco di origini libanesi, è stato ucciso dalla polizia il giorno dopo a Spandau, dopo essersi lanciato contro gli agenti con un'arma da taglio. Il ministro dell'Interno Alexander Dobrindt ha parlato di un attacco di matrice islamista; il cancelliere Friedrich Merz lo ha definito un attacco non solo alla comunità queer ma alla libertà della società tedesca nel suo insieme. Il pensiero va innanzitutto alla vittima, ai feriti e alle centinaia di migliaia di persone scese in piazza per rivendicare il diritto a esistere.
Resta una domanda scomoda, come ha giustamente rilevato Giuliano Federico su Gay.it: come ha potuto agire un ragazzo già schedato? Ballout era seguito dall'intelligence tedesca dal 2022, dopo una condanna minorile per aggressione e rapina. Nel 2024 aveva condiviso propaganda dello Stato islamico online; nel 2025 aveva tentato di raggiungere la Siria per arruolarsi. Il 12 maggio 2026 il tribunale minorile di Berlino lo aveva condannato a un anno e dieci mesi per atti preparatori a un reato contro la sicurezza dello Stato, ma aveva rinviato di sei mesi la decisione sulla condizionale, revocando la custodia cautelare. Era stato inserito in un programma di deradicalizzazione: secondo una ricostruzione di Süddeutsche Zeitung, un responsabile del programma aveva giudicato il suo presunto allontanamento dall'estremismo ""fake"". Il sospetto, dentro il sistema che avrebbe dovuto controllarlo, esisteva già. Il sindaco reggente Kai Wegner si è detto ""senza parole"" di fronte alla sentenza che lo aveva rimesso in libertà. Resta aperta anche un'altra domanda: come mai, al momento della cattura, i corpi speciali della polizia — armati fino ai denti — abbiano dovuto uccidere un uomo dotato soltanto di un'arma da taglio? Su questo, insieme alle responsabilità sull'intera vicenda, indagano ora la Procura generale di Berlino e l'Ufficio investigativo criminale (LKA).
Il consiglio federale di LiSL, la rete delle persone LGBTI liberali in Germania, ha condannato l'attentato come un colpo alla comunità queer e alla società aperta nel suo complesso, chiedendo che la matrice islamista venga nominata con chiarezza: per l'organizzazione è una questione di onestà, oltre che la base per una possibile prevenzione. Chi rinuncia a nominare l'islamismo, bollando ogni critica come razzismo anti-musulmano, mette a rischio la sicurezza della comunità LGBTI. L'organizzazione chiede una svolta a quella parte della sinistra che, in nome dell'anticapitalismo, dell'antirazzismo e della decolonizzazione, ha talvolta offerto sponda alle forze islamiste, e si interroga se non sia stata a lungo cieca di fronte al fenomeno. Respinge però con pari fermezza sia l'equazione tra musulmani e islamisti sia la strumentalizzazione dell'attentato per un'agenda anti-migratoria indifferenziata, ricordando che l'attentatore era un cittadino tedesco nato e cresciuto nel Paese.
Berlino non è un episodio isolato. È l'ultimo capitolo di una sequenza che comincia trentasei anni prima, nella notte del 28 aprile 1990, quando una bomba esplode nell'Uncle Charlie's, un bar gay del Greenwich Village di New York. L'autore, El Sayyid Nosair, agisce per motivi religiosi contro l'omosessualità, stabilisce il processo del 1995. È il primo attentato islamista documentato contro un luogo LGBT+.
Da allora, un'analisi di Têtu, documenta 11 attentati anti-LGBT+ tra il 1990 e il 2026, con 64 morti e 237 feriti. Gli Stati Uniti restano il paese più colpito, con quattro attacchi e 54 morti, incluso il più letale della serie: la strage del Pulse di Orlando, 49 morti nel 2016, rivendicata da Omar Mateen in nome dello Stato islamico.
I dati smontano entrambe le narrazioni comode. Cinque degli 11 attacchi sono riconducibili a islamismo jihadista (Nosair a New York, Lakdim a Carcassonne nel 2018, Matapour a Oslo nel 2022, Mateen a Orlando, Ballout a Berlino). Due nascono da suprematismo bianco e neonazismo: David Copeland, che nel 1999 fa esplodere l'Admiral Duncan di Soho uccidendo tre persone, e Juraj Krajčík, che nel 2022 uccide due clienti del bar Tepláreň di Bratislava rivendicando l'eredità di Brenton Tarrant. Altri tre casi derivano da fondamentalismo religioso non islamista, incluso l'ultra-ortodosso Yishai Schlissel, che colpisce due volte la Pride di Gerusalemme, nel 2005 e nel 2015. Aggregando le categorie, la radicalizzazione religiosa pesa per otto casi su undici, quella politica di estrema destra per tre.
È esattamente il quadro che Certi Diritti aveva anticipato il 23 maggio 2026, al XIX Congresso di Torino, con una mozione dedicata al rapporto tra migrazione e violenza anti-LGBT+. Il testo respinge sia lo strumento del capro espiatorio contro intere comunità, sia il negazionismo verso dinamiche di discriminazione ben documentate. La destra tende ad attribuire la violenza ai migranti, la sinistra all'estremismo di destra: entrambe le narrazioni sono strumentalizzazioni ideologiche, si legge nella mozione.
La mozione cita l'avvertimento lanciato nel novembre 2024 dalla capo della polizia di Berlino Barbara Slowik, che invitava le persone LGBTI a maggiore cautela in alcuni quartieri; e il terzo sondaggio FRA sulle persone LGBTI nell'UE (2023), secondo cui una persona LGBTI su dieci ha subito violenza nei cinque anni precedenti.
La posizione di Certi Diritti non è equidistanza di comodo: è la richiesta di dati, non narrazioni. La mozione chiede tracciamento demografico sistematico dei crimini d'odio, ricerche mirate come quella condotta ad Amsterdam, programmi educativi per giovani tra 12 e 20 anni, valorizzazione della leadership LGBTI biculturale, formazione per le forze dell'ordine, dialogo interculturale e — insieme — il rifiuto netto sia del capro espiatorio contro intere comunità sia della negazione di dinamiche già documentate.
Dopo l’attentato al Tiergarten, questa lettura non è più derogabile. Non serve scegliere tra denunciare l'estremismo islamista e denunciare il neonazismo: servono entrambe le denunce, sostenute da dati verificabili, non da narrazioni precostituite di comodo per l'una o l'altra parte politica."
20260803070008,Notizie Geopolitiche,https://www.notiziegeopolitiche.net/cina-da-105-anni-fiamma-continua-a-essere-tramandata-ora-apre-nuovo-cammino-verso-futuro/,,,,,,srclc:ita,"di Li Xiaoyong * –
Negli ultimi anni, la modernizzazione cinese ha ottenuto continuamente nuovi risultati. Il PIL cinese ha superato i 140 mila miliardi di yuan, confermandosi al secondo posto nell’economia mondiale e contribuendo costantemente per circa il 30% alla crescita globale.
 In particolare, la Cina sta accelerando lo sviluppo delle “nuove forze produttive di qualità” e rafforzando la capacità di innovazione autonoma. Settori come la robotica industriale, l’intelligenza artificiale e i veicoli a nuova energia continuano a sfornare innovazioni, aumentando la produttività e spingendo l’economia verso una transizione intelligente e verde.
 Molti amici italiani mi hanno chiesto in diverse occasioni: qual è il codice del successo della Cina? Credo che derivi certamente dalla eredità dei cinquemila anni di civiltà cinese e dal sforzo di 1,4 miliardi di cittadini, ma la ragione fondamentale risiede nella guida del Partito Comunista Cinese (PCC).
 Quest’anno ricorre il 105° anniversario della fondazione del PCC. Da piccolo gruppo di decine persone nel 1921, è diventato il più grande partito al governo nel mondo con oltre 100 milioni membri, legando il suo destino con il futuro della Cina Di recente, durante le celebrazioni per questo traguardo, il Segretario Generale del PCC e Presidente della Repubblica Xi Jinping ha riassunto lo straordinario percorso del partito, illustrandone le esperienze nel tempo.
 Il PCC mette sempre il popolo al centro. La sua storia è quella di una lotta per la felicità del popolo. Il Presidente Xi ha sottolineato: “Il nostro partito nasce per il popolo e prospera grazie al popolo; tutto il nostro lavoro serve a rendere felici le persone”.
 Nel 2021 la Cina ha completato la costruzione di una società moderatamente prospera. Tra il 2012 e il 2020, quasi 100 milioni di abitanti delle aree rurali sono usciti dalla povertà, eliminando la povertà assoluta che affliggeva il paese da millenni. In questo percorso, milioni di membri del partito si sono spesi in prima persona nei campi per sconfiggere la povertà.
 Al contempo, la Cina ha costruito la rete di protezione sociale più grande al mondo: la copertura pensionistica di base supera 1,07 miliardi di persone e l’assicurazione medica di base copre oltre 1,33 miliardi di cittadini. Con azioni concrete, il partito ha migliorato la vita quotidiana, garantito l’equità sociale e ricambiato la fiducia dei cittadini.
 Il PCC porta avanti una visione a lungo termine. La Cina ha compiuto in pochi decenni un processo di industrializzazione che ai paesi sviluppati ha richiesto secoli, realizzando due grandi miracoli: una rapida crescita economica e una duratura stabilità sociale. Il segreto è la capacità di definire una direzione chiara e coordinare le forze attraverso una pianificazione a lungo termine. In oltre 70 anni dal 1953, la Cina ha completato 14 “Piani Quinquennali”.
 Dal primo satellite cinese “Dongfanghong-1” nel 1970 fino alla Stazione Spaziale “Tiangong”; dal “regno delle biciclette” degli anni ’80 a una rete ferroviaria ad alta velocità di oltre 50.000 chilometri; da un’aspettativa di vita media di 35 anni nel 1949 agli attuali 79,25 anni: ogni Piano Quinquennale rappresenta un passo avanti concreto.
 Nei prossimi 5 anni, settori come il calcolo quantistico, le interfacce cervello-computer, l’economia a bassa quota e l’aerospazio commerciale usciranno dai laboratori per diventare realtà. Oggi molti studiosi stranieri analizzano questi piani per comprendere le dinamiche di governo della Cina.
 Il PCC promuove con determinazione l’autonomia scientifica e tecnologica. Negli anni Ottanta, la leadership cinese ha affermato che «la scienza e la tecnologia costituiscono la prima forza produttiva».
 Secondo il Global Innovation Index 2025 dell’Organizzazione Mondiale della Proprietà Intellettuale, la Cina è entrata per la prima volta tra le prime dieci economie più innovative al mondo e, con 24 poli presenti tra i primi cento a livello globale, è diventata l’economia con il maggior numero di cluster d’innovazione di eccellenza. Importanti risultati sono stati raggiunti nei settori del volo spaziale umano, dell’energia nucleare civile, del supercalcolo e della biomedicina.
 Ogni anno, numerosi giovani ingegneri cinesi terminano gli studi e partecipano allo sviluppo del Paese. L’età media del personale impegnato nel programma spaziale umano cinese è inferiore ai 35 anni, mentre quella del gruppo principale del progetto della Stazione Spaziale è addirittura al di sotto dei 30. Come disse Archimede, «datemi un punto d’appoggio e solleverò la Terra».
 Grazie all’impegno di generazioni di ricercatori e tecnici, l’innovazione scientifica e tecnologica è diventata una leva fondamentale dello sviluppo cinese e ha reso possibili risultati capaci di sorprendere il mondo.
 Il PCC sostiene la convivenza armoniosa tra l’uomo e la natura. Come ha sottolineato il presidente Xi Jinping, «le acque limpide e le montagne verdi sono montagne d’oro e d’argento».
 La Cina attribuisce grande importanza alla costruzione di una civiltà ecologica e rifiuta il vecchio modello basato sull’idea di «inquinare prima e risanare poi».
 Nelle regioni remote, per oltre quarant’anni le popolazioni locali hanno affrontato le difficili condizioni naturali lungo i margini del Taklamakan, il decimo deserto più grande del mondo. Tecnici e agronomi hanno sperimentato, pianta dopo pianta, specie adatte alla prevenzione e al contenimento della desertificazione. Tamerici, saxaul e pioppi dell’Eufrate hanno formato una cintura verde lunga 3.046 chilometri, mentre le coltivazioni di noci, goji e olivello spinoso hanno restituito vitalità economica a vaste aree desertiche.
 Il cosiddetto «mare della morte» si è così trasformato in una fonte di vita e di sviluppo. Anche nelle grandi città la lotta all’inquinamento atmosferico ha prodotto risultati significativi. Nel 2025, Pechino ha registrato 311 giorni con una qualità dell’aria buona o eccellente e 348 giorni con livelli di PM2,5 buoni o eccellenti. Cieli più azzurri e acque più pulite hanno migliorato concretamente il benessere della popolazione, diventando uno dei tratti distintivi dello sviluppo economico e sociale di alta qualità della Cina.
 Il PCC mantiene una visione aperta sul mondo. Fin dall’antichità, la cultura cinese valorizza l’armonia tra le nazioni, l’ideale della concordia universale e il principio secondo cui «tutti gli esseri umani sono fratelli».
 Sin dalla sua fondazione, il PCC si è impegnato a contribuire al progresso dell’umanità e alla costruzione di un mondo più armonioso. Già nel 1953, la Cina ha proposto i Cinque Principi della Coesistenza Pacifica, che sono poi diventati norme ampiamente riconosciute nelle relazioni tra gli Stati.
 Nel 2013, il presidente Xi Jinping ha lanciato l’iniziativa Belt and Road, fondata sui principi della consultazione, della costruzione congiunta e della condivisione dei benefici. L’obiettivo è rafforzare il coordinamento delle politiche, la connettività infrastrutturale, gli scambi commerciali, l’integrazione finanziaria e i rapporti tra i popoli. Progetti simbolo come i collegamenti ferroviari Cina-Europa, la ferrovia Cina-Laos, la linea ad alta velocità Giacarta-Bandung e la ferrovia Mombasa-Nairobi hanno continuato a produrre benefici concreti e su vasta scala.
 La Cina ha invitato i Paesi del mondo a condividere le opportunità e i risultati dello sviluppo. Lo scorso anno, il presidente Xi Jinping ha presentato l’Iniziativa per la Governance Globale, offrendo proposte e riflessioni cinesi su quale sistema di governance costruire e su come riformarlo e migliorarlo. I fatti dimostrano che le azioni della Cina contribuiscono alla stabilità mondiale e che le sue proposte sono strettamente legate al benessere dell’intera umanità.
 Cina e Italia hanno condizioni nazionali e sistemi politici differenti, ma condividono l’amore per la pace e il valore attribuito all’amicizia. Sincerità e benevolenza rappresentano l’essenza più autentica dello spirito della Via della Seta.
 L’Italia è uno dei principali partner della Cina in Europa. Nei primi cinque mesi del 2026, il commercio bilaterale ha raggiunto i 35 miliardi di dollari, con un aumento del 20,2 per cento su base annua.
 I condizionatori prodotti in Cina portano refrigerio nelle estati italiane, mentre l’olio d’oliva italiano arricchisce le tavole delle famiglie cinesi. I due Paesi possono inoltre scambiarsi esperienze in ambiti di comune interesse, come la rigenerazione urbana, la rivitalizzazione delle aree rurali, la tutela del patrimonio culturale e gestione dell’invecchiamento demografico. In quanto rappresentanti delle civiltà orientale e occidentale, Cina e Italia dovrebbero continuare a valorizzare lo spirito millenario della Via della Seta, avanzare insieme e affrontare con determinazione le sfide del presente.
 Dovrebbero collaborare alla riforma del sistema di governance globale, tutelare i risultati raggiunti dal sistema economico e commerciale internazionale e approfondire la cooperazione concreta in tutti i settori. In questo modo, l’amicizia tra Cina e Italia potrà consolidarsi sulla base della fiducia reciproca, generando nuovi benefici per i due popoli e contribuendo alla prosperità sostenibile e alla pace duratura nel mondo.
* Incaricato d’Affari dell’ambasciata di Cina a Roma.
* Articolo in mediapartnership con Giornale Diplomatico."
20260803070000,Vita It,https://www.vita.it/storie-e-persone/vidas-bendetti-qui-si-costruisce-il-futuro-delle-cure-palliative/,,,,,,srclc:ita,"Per il direttore generale di Vidas, efficienza, innovazione e fiducia sono gli strumenti con cui affrontare la crescente domanda di cure. L'obiettivo è rafforzare il modello di cure palliative esistente e immaginarne uno nuovo per rispondere alla trasformazione demografica del... L'articolo Vidas, Bendetti: «Qui si costruisce il futuro delle cure palliative» proviene da Vita.it ."
20260803062302,San Marino,https://www.sanmarinortv.sm/news/comunicati-c9/usl-l-approvazione-del-pdl-che-modifica-la-legge-sulla-famiglia-non-e-piu-procrastinabile-a294094,,,,,,srclc:ita,"San Marino non sta crescendo. Il numero delle nascite continua a diminuire e il progressivo invecchiamento  della popolazione rischia di compromettere, nel tempo, la sostenibilità economica, sociale e previdenziale  del Paese.
  Di fronte a questo scenario, la politica si è interrogata sulle misure necessarie per contrastare il calo  demografico. Un percorso che si è sviluppato anche grazie al confronto con USL e le altre OOSS, che da tempo  chiedevano interventi concreti per sostenere la genitorialità, ampliare i diritti e rendere più compatibili il  lavoro e le responsabilità familiari.
  Il progetto di legge di modifica della Legge n.129 del 2022, fortemente voluto dal Segretario di Stato Stefano  Canti, introduce miglioramenti significativi rispetto alle tutele già esistenti. In alcuni casi rafforza diritti già  riconosciuti; in altri ne amplia il perimetro, includendo persone e situazioni che fino a oggi ne erano rimaste  escluse.
  Si tratta di innovazioni importanti, alcune delle quali collocano San Marino in una posizione avanzata rispetto  a molti altri Paesi ugualmente colpiti dall’inverno demografico.
  “La denatalità non può più essere considerata una questione privata che riguarda esclusivamente le singole  famiglie, afferma il Segretario Generale USL, Francesca Busignani, è un tema sociale, economico e  collettivo, perché dalla possibilità di conciliare il lavoro con le responsabilità familiari dipendono la qualità  della vita delle persone, la partecipazione al mercato del lavoro e la stessa sostenibilità futura del Paese.  La politica ha mostrato disponibilità all’ascolto e i diversi incontri con le Organizzazioni Sindacali non sono  rimasti privi di conseguenze: il dialogo ha portato a modifiche concrete del testo e all’introduzione di ulteriori  tutele, anche se non tutte le richieste hanno trovato accoglimento e alcuni aspetti dovranno ancora essere affinati.  Ciò detto, questo è il tempo di andare veloci verso l’approvazione di una Legge che in tanti attendono: non è  possibile che ad oggi il PdL non sia ancora stato approvato in via definitiva in Consiglio”.
  “Ogni giorno, prosegue l’SG Busignani, incontriamo persone che ci chiedono quando si concluderà l’iter del  PdL Famiglia. Auspicavamo che fosse approvato già nel Consiglio appena concluso: così non è stato e ora  non sono più accettabili ulteriori rinvii.
  Il provvedimento deve essere messo in cima all’ordine del giorno del prossimo Consiglio e trovare piena  attuazione entro la fine dell’estate. Altrimenti, ancora una volta, purtroppo, la politica dimostrerà di avere  tempi completamente scollegati dalla vita reale e dai bisogni delle famiglie. Meno nascite non significa soltanto  meno bambini: significa meno lavoratori, meno imprese, meno competenze e meno futuro. Ora servono  responsabilità, rapidità e atti conseguenti”.
Comunicato stampa
USL"
20260803053042,Varese News,https://www.varesenews.it/2026/08/a-besnate-lassociazione-la-porta-aperta-chiude-dalla-tua-parte-e-guarda-a-settembre/2649736/,,,,,,srclc:ita,"A Besnate l’associazione La Porta Aperta chiude “Dalla tua parte” e guarda a settembre
L'associazione, finanziata dall'Otto per Mille della Chiesa Valdese, ha aiutato nuclei in difficoltà economica e promosso iniziative contro la solitudine degli anziani. Da settembre riparte anche il servizio ""Pasto amico""
Si è concluso il progetto “Dalla tua parte”, promosso dall‘associazione La Porta Aperta di Besnate con il sostegno dei fondi dell’Otto per Mille della Chiesa Valdese.
Il progetto, della durata di due anni, ha permesso all’associazione di attivare diverse iniziative assistenziali a favore di famiglie besnatesi in difficoltà economica, tra cui il pagamento di utenze e ausili sanitari, oltre al finanziamento di eventi socio-culturali per la popolazione anziana e di trasporti dedicati alle persone più fragili, con l’obiettivo di combattere isolamento e solitudine.
Una popolazione che invecchia
Le iniziative si inseriscono in un contesto demografico in rapida evoluzione: a Besnate la popolazione over 65 è passata, in un quinquennio, dal 16,4% al 24,7%. Di fronte a un invecchiamento sempre più marcato, l’associazione punta a promuovere un modello di invecchiamento attivo, con un programma già avviato negli ultimi mesi e che proseguirà da settembre.
Il calendario prevede laboratori creativi, pensati sia per stimolare la creatività sia come occasione di socialità tra le persone anziane, corsi di stimolazione cognitiva, corsi di cucina naturale con la presenza di una nutrizionista, uscite sul territorio per visite a mostre e musei, oltre a proposte motorie con corsi di nordic walking, ginnastica posturale e Tai Chi.
Riparte il Pasto amico
Da settembre, terminata la pausa estiva, i volontari de La Porta Aperta riprenderanno anche il servizio “Pasto amico”, la distribuzione quotidiana di pasti a domicilio per le persone anziane sole. Il servizio, attivo da alcuni anni nella comunità di Besnate, ha raccolto negli anni l’apprezzamento sia degli utenti che delle rispettive famiglie."
20260803045800,La Verita,https://www.laverita.info/cronache-dellinvasione/sinistra-sanchez-ceuta,,,,,,srclc:ita,"La retorica dei profeti dell’invasione si fa ogni giorno più interessante. Da un punto di vista psichiatrico, ovviamente. Dopo che decine di migliaia di marocchini sono entrati nell’exclave spagnola di Ceuta tutto l’universo progressista si è messo a gridare al complotto sovranista.
Colpa di Donald Trump che manovra l’esecutivo marocchino, colpa dei perfidi Maga, colpa del fascismo eterno che trama nell’ombra. Persino Matteo Renzi, interrogato da Avvenire, ha il fegato di spiegare che a Ceuta c’è stato «l’uso dei migranti come strumento di pressione geopolitica». Lui se ne intende, dopo tutto: fu il suo governo a ottenere più flessibilità sui conti dall’Ue in cambio dell’accoglienza indiscriminata di una marea di stranieri. La tesi del piano oscuro è avallata, su Repubblica, anche dal fondatore della comunità di Sant’Egidio Andrea Riccardi. «Io non sono un complottista, non parlo di trame se non vedo le prove», attacca. Poi aggiunge: «Ma c’è qualcosa che va sottolineato. Innanzitutto, il Marocco se li è ripresi quasi tutti in poco tempo. Questi poveracci sono stati mandati avanti e poi ritirati indietro, con un trauma immenso. La disperazione un’altra volta è stata usata e sfruttata. E poi mi ha colpito anche che pur essendoci in Marocco tanti africani vogliosi di emigrare, non fossero coinvolti».
Riccardi e la teoria del complotto su Ceuta
Insomma Riccardi non vuole fare il dietrologo ma sente puzza di complottone. Repubblica lo incalza: «Però vorrà dire qualcosa se Trump e tutto il mondo Maga che ha molti seguaci anche in Italia non hanno esitato a saltar sopra Ceuta per attaccare i democratici». E Riccardi risponde a tono: «Non c’è dubbio che i Maga l’abbiano cavalcata per dire: vedete cosa saranno gli Usa se vincessero i democratici. E Trump aveva detto che la Spagna non è un buon alleato e sarebbe accaduto qualcosa. Ma il peggio è che l’esodo è stato spiegato con il fenomeno dell’attrazione: questi 60.000 sarebbero venuti in Europa perché c’è stata la regolarizzazione del governo iberico. Sui social i mafiosi hanno scritto che erano state aperte le porte. Mentre è stata una scelta significativa per motivi economici, umanitari e di sicurezza». Complotto o meno, dunque, sul caso Ceuta si allunga l’ombra minacciosa delle destre globali.
La contraddizione della sinistra sui migranti
Tutto molto suggestivo: ora che a finire nei guai è l’amico socialista spagnolo Pedro Sánchez si può parlare di manipolazione dei flussi e di trame segrete. Ma attenti che il meglio deve ancora venire. I progressisti, infatti, hanno una fantastica soluzione al problema. E sapete qual è? Ovvio: l’accoglienza. Sul punto, Andrea Riccardi è chiarissimo: «I nostri Paesi in crisi demografica hanno bisogno dei migranti».
Fenomenale: dopo anni riescono finalmente ad ammettere che gli sbarchi sono uno strumento di destabilizzazione delle nazioni e che l’immigrazione è ignobile sfruttamento di poveri disperati. Poi però spiegano che comunque bisogna aprire le frontiere. In buona sostanza i cari liberal si dichiarano di fatto complici del grande complotto contro l’Europa.
I respingimenti di Sánchez mettono in crisi la narrazione
Solo un particolare non torna in tutto ciò. Come mai, se bisogna aprire le frontiere e accogliere, il caro Sánchez ha respinto quasi 50.000 persone attuando nei fatti la più clamorosa opera di remigrazione vista finora in Occidente? Se come dice Daniel Cohn-Bendit alla Stampa è «assurdo chiudere le frontiere», come mai la Spagna non si è presa tutti i marocchini? Chissà, forse Sánchez non ha capito che quelle migliaia di giovani maschi potevano servire a colmare il vuoto demografico. Bisogna che Andrea Riccardi lo chiami prima di subito e gli spieghi come si deve comportare.
Contenuto riservato agli abbonati
Prosegui con la lettura >
Contenuto riservato agli abbonati
Rinnova il tuo abbonamento per proseguire con la lettura >"
20260802221205,Sempione News,https://www.sempionenews.it/territorio/fuga-da-milano-lhinterland-cresce-ma-i-prezzi-delle-case-volano-del-59/,,,,,,srclc:ita,"Fuga da Milano: l’hinterland cresce, ma i prezzi delle case volano del +5,9%
L’hinterland di Milano cresce di quasi 10mila abitanti in un anno
Legnanese – Rhodense- Sempione News continua a tenere alta l’attenzione sul tema dell’abitare e, dopo il focus sull‘emergenza abitativa nel legnanese, lo sguardo si allarga anche al territorio del rhodense e di Città Metropolitana.
Importante sottolineare, ancora una volta, che secondo i dati Istat relativi agli ultimi due anni, il comune di Milano registra un calo demografico (in diminuzione di 2.835 residenti tra il 2025 e il 2026), mentre i comuni della provincia continuano a crescere, registrando un incremento di 9.491 abitanti nello stesso periodo.
A guidare lo spostamento verso i comuni limitrofi sono il costo della vita e i prezzi elevati degli immobili a Milano, bilanciati nell’hinterland dalla diffusione dello smart working, dal miglioramento dei servizi e dalla disponibilità di abitazioni più ampie ed economiche.
Scappo dalla città: in provincia -57% del prezzo a metro quadro
Osservare i flussi in uscita dalla grande metropoli è necessario per intercettare il futuro abitativo e quindi urbanistico anche dei comuni della cintura metropolitana. L’analisi di Casa.it sul mercato delle vendite immobiliari della Città Metropolitana evidenzia differenze marcate nelle quotazioni, ma anche un ritmo di crescita più sostenuto fuori dal capoluogo:
Al 1° gennaio 2026, i comuni della fascia metropolitana hanno registrato un incremento di 9.491 residenti rispetto all’anno precedente, a fronte di un calo di 2.835 abitanti nel capoluogo, se non un esodo, di certo una fuga ormai consolidata dalla grande metropoli.
Sulla mobilità residenziale incidono l’aumento dei prezzi immobiliari e del costo della vita a Milano, affiancati dalla diffusione dello smart working e da quotazioni più accessibili nei comuni esterni.
Un’analisi condotta da Casa.it a luglio 2026 sugli appartamenti in vendita (da 1 a 5 locali) nei 133 comuni della Città Metropolitana evidenzia le principali differenze del mercato immobiliare: nell’hinterland la media dei prezzi a metro quadro si attesta a 2.521 €/mq, il 57% in meno rispetto ai 5.900 €/mq richiesti a Milano. Il valore medio di un appartamento nei comuni fuori Milano è di 244.050 euro (contro i 503.911 euro del capoluogo), per una superficie media di 97 mq (rispetto agli 85 mq cittadini).
I dati rilevano tuttavia un’accelerazione dei prezzi più marcata nell’area metropolitana rispetto alla città: nei dodici mesi analizzati, il prezzo medio al metro quadro nei comuni dell’hinterland è cresciuto del 5,9%, contro l’1,1% registrato a Milano
Quanto costa un appartamento in provincia?
Ecco il valore medio di un appartamento nei comuni: Buccinasco con 353.378€ (3.296€/mq), San Donato Milanese con 312.448€ (3.218€/mq), Arese con 308.710€ (2.980€/mq), Peschiera Borromeo con 306.465€ (3.059€/mq), Opera con 300.484€ (2.903€/mq), Novate Milanese con 291.769€ (2.800€/mq), Cologno Monzese con 284.637€ (2.841€/mq), Settimo Milanese con 280.268€ (2.957€/mq), Rho con 275.908€ (2.668€/mq), Sesto San Giovanni con 273.640€ (3.076€/mq), Corsico con 273.600€ (2.908€/mq), Pero con 260.271€ (3.038€/mq), Trezzano sul Naviglio con 259.295€ (2.688€/mq), Vimodrone con 257.902€ (2.940€/mq), Cesano Boscone con 242.952€ (2.876€/mq), Bresso con 237.928€ (2.638€/mq), Rozzano con 236.158€ (2.804€/mq). Chiudono la classifica Bollate con 234.709€ (2.486€/mq), Cormano con 202.764€ (2.562€/mq) e Baranzate con 173.463€ (2.144€/mq).
Rispetto a luglio 2025, il prezzo al metro quadro medio degli appartamenti nei comuni dell’hinterland di Milano è salito mediamente del 5,9%: in 7 comuni su 10 i prezzi al metro quadro sono saliti, in 1 comune su 10 sono stabili, solo in 2 comuni su 10 sono scesi.
Le crescite più forti su base annua del prezzo al metro quadro degli appartamenti si sono registrate a Robecchetto con Induno (+36,6%), San Colombano al Lambro (+36,2%), Boffalora sopra Ticino (+35,5%), Arconate (+31%), Castano Primo (+25,7%), Busto Garolfo (+25,6%), Gessate (+23,7%), Magnago (+23,3%), Bubbiano (+22,7%), e Lainate (+20,7%).
I cali più rilevanti su base annua del prezzo al metro quadro degli appartamenti si sono registrati a Basiano (-15,8%), Villa Cortese (-13,6%), Inzago (-11,7%), Pantigliate (-10,7%), Motta Visconti (-10,4%), Grezzago (-7,1%), Vimodrone (-5,3%), Vizzolo Predabissi (-5,1%), Casorezzo (-5,1%) e Tribiano (-4,9%).
Nei 23 comuni della prima cerchia dell’hinterland milanese, in 17 i prezzi al metro quadro degli appartamenti sono saliti (Settimo Milanese +16,6%, Cusago +13%, Arese +12,2%, Assago +11,6%, Rho +9,7%, Trezzano sul Naviglio +8,7%, Corsico +8,5%, Buccinasco +8,5%, Cesano Boscone +7,6%, Opera +7,4%, Rozzano +7,3%, San Donato Milanese +6,9%, Bollate +5,2%, Peschiera Borromeo +4,6%, Cologno Monzese +3,8%, Baranzate +3,2%, Segrate +1,5%), in 1 comune i prezzi al metro quadro sono rimasti stabili (Cormano +0,4%), e in 5 sono scesi (Sesto San Giovanni -0,8%, Novate Milanese -1,5%, Bresso -1,5%, Pero -2,6%, Vimodrone -5,3%).
Laura Defendi
Continua a seguirci sui nostri social, clicca qui!"
20260802153759,Italynews,https://www.italynews.it/notizia-di-copertina/2026/08/02/il-diritto-di-restare-quando-leuropa-mette-al-centro-non-le-isole-ma-le-persone-124330.html,,,,,,srclc:ita,"🇪🇺 EU ISLAND STRATEGY | Reading Europe through its territories
QUADERNI EUROPEI – La Strategia europea per le isole
Capitolo 3
Una domanda per iniziare
Che cosa significa, oggi, avere il diritto di restare?
Per molti potrebbe sembrare una domanda semplice.
In realtà racchiude uno dei cambiamenti più significativi introdotti dalla nuova Strategia europea per le isole.
Per decenni il dibattito sull’insularità si è concentrato soprattutto sulle difficoltà: i collegamenti, i trasporti, il costo dell’insularità, le infrastrutture, i finanziamenti.
Tutti temi essenziali.
Ma la Commissione europea sembra proporre un cambio di prospettiva.
Prima ancora di parlare di territori, parla delle persone che quei territori li abitano.
📖 Leggiamo insieme l’Europa
Verso la conclusione del capitolo dedicato ai pilastri strategici, la Commissione europea scrive:
«Permangono sfide politiche trasversali per consentire ai cittadini di avere una reale possibilità di scelta e di rimanere nei luoghi che considerano casa. La prossima Strategia sul diritto di restare affronterà queste sfide per tutte le aree remote, comprese le isole dell’Unione europea.»
È un passaggio breve.
Potrebbe quasi passare inosservato.
Eppure, probabilmente, è uno dei più importanti dell’intero documento.
🔍 Che cosa significa davvero?
Questa frase introduce un cambiamento culturale.
Per molti anni le politiche dedicate alle isole hanno cercato di compensare gli svantaggi dell’insularità.
La nuova Strategia aggiunge una domanda diversa.
Che cosa serve affinché una persona possa scegliere liberamente di restare?
Non significa impedire alle persone di partire.
La libertà di muoversi rimane uno dei principi fondamentali dell’Unione Europea.
Il punto è un altro.
La scelta di lasciare la propria isola non dovrebbe essere dettata dall’assenza di opportunità.
Quando una giovane famiglia lascia un’isola perché manca una scuola, un presidio sanitario, una connessione digitale affidabile o un’opportunità di lavoro, non esercita pienamente una libertà di scelta.
Sta adattandosi a un limite.
Il “diritto di restare” nasce proprio qui.
Non come diritto a non partire.
Ma come diritto ad avere le condizioni necessarie per poter scegliere.
🌍 Una lettura possibile
Letta in questa prospettiva, la Strategia europea cambia profondamente significato.
Non propone semplicemente nuovi strumenti finanziari.
Propone una diversa idea di sviluppo.
Lo spopolamento non viene interpretato soltanto come un fenomeno demografico.
Diventa un indicatore della qualità della vita.
Se una comunità perde abitanti perché non riesce più a garantire servizi essenziali, accessibilità, lavoro e prospettive per le nuove generazioni, il problema non riguarda soltanto quella comunità.
Riguarda la capacità delle politiche pubbliche di offrire pari opportunità indipendentemente dal luogo in cui si vive.
È un cambio di paradigma.
L’obiettivo non è mantenere in vita territori fragili.
L’obiettivo è renderli luoghi nei quali sia possibile costruire un progetto di vita.
🌍 La nostra osservazione
Forse è questo il messaggio più innovativo della Strategia.
Per la prima volta il futuro delle isole non viene misurato soltanto in chilometri di strade, milioni di euro o nuove infrastrutture.
Viene misurato attraverso una domanda molto più semplice.
Le persone possono scegliere di restare?
Se la risposta è no, significa che qualcosa continua a non funzionare.
Ed è proprio questa domanda che potrebbe diventare uno dei criteri con cui valutare, nei prossimi anni, l’efficacia delle politiche europee dedicate alle isole.
Una riflessione
Ogni volta che una persona lascia un’isola porta con sé competenze, relazioni, memoria e futuro.
Ogni volta che una persona sceglie di restare, investe nella propria comunità.
Forse è proprio qui che la Strategia europea compie il suo passo più importante.
Smette di considerare le isole soltanto come territori da sostenere.
Comincia a considerarle comunità nelle quali garantire una reale libertà di scelta.
È una differenza che può sembrare sottile.
In realtà cambia il modo stesso di interpretare l’insularità.
🐬 La riflessione di Elby
“Il mare ha sempre insegnato che partire è importante. Ma una comunità diventa davvero libera quando chi parte sa di poter tornare e chi resta non si sente dimenticato. Forse il diritto di restare comincia proprio da qui.”
—🐬 Elby, la coscienza silenziosa di ItalyNews.it
Riccardo Cacelli
Una lettura possibile per ItalyNews.it"
20260802094600,News Biella,https://www.newsbiella.it/2026/08/02/leggi-notizia/argomenti/attualita-1/articolo/brusnengo-inaugura-il-primo-asilo-nido-green-del-biellese-un-investimento-sul-futuro-delle-famiglie.html,,,,,,srclc:ita,"Una giornata di festa per Brusnengo, che ieri ha inaugurato ufficialmente il nuovo asilo nido comunale, il primo ""green"" del Biellese. La struttura, realizzata grazie ai fondi del Piano Nazionale di Ripresa e Resilienza (PNRR), rappresenta un importante investimento per il futuro del territorio e delle giovani famiglie. Alla cerimonia hanno preso parte numerosi cittadini, diversi sindaci del territorio, il comandante della locale Stazione dei Carabinieri e il ministro dell'Ambiente e della Sicurezza Energetica, Gilberto Pichetto.
Ad aprire gli interventi è stato il sindaco Fabrizio Bertolino, che ha voluto ringraziare tutti coloro che hanno contribuito alla realizzazione dell'opera. Un riconoscimento particolare è stato rivolto a chi ha seguito il complesso iter amministrativo necessario per accedere ai finanziamenti del PNRR e alla Prefettura, con un sentito ringraziamento alla dottoressa Lanini, il cui supporto è stato determinante per portare a termine con successo la parte burocratica del progetto.
Il primo cittadino ha poi spiegato le motivazioni che hanno spinto l'amministrazione a investire nella realizzazione di un asilo nido in un periodo caratterizzato dal calo demografico. La struttura, infatti, rappresenta un tassello di un progetto più ampio: creare un percorso educativo continuo, dal nido fino alla scuola secondaria di primo grado, all'interno di un unico polo scolastico di qualità, capace di offrire servizi qualificati e di attrarre famiglie anche dai comuni vicini.
A sottolineare il valore dell'iniziativa è stato anche il dirigente scolastico Aldo Ferdani, che ha evidenziato come questo nuovo investimento contribuirà a rafforzare ulteriormente il polo scolastico di Brusnengo, già oggi punto di riferimento per numerosi studenti provenienti anche da altri centri del territorio.
La gestione del nuovo asilo sarà affidata al ""Nido dei Piccoli"", rappresentato durante la cerimonia da Arianna Bonenti, intervenuta per illustrare la filosofia educativa che accompagnerà l'attività della struttura.
Le caratteristiche del nuovo edificio sono state invece illustrate dagli architetti Silvano Sessa, Filippo Chiocchetti e Marco Chiggioni, progettisti dell'opera. Il nuovo asilo è stato concepito secondo criteri di sostenibilità ambientale che lo rendono un caso unico nel Biellese: sistemi costruttivi a basso impatto ambientale, elevata efficienza energetica, utilizzo di materiali ecosostenibili e una gestione attenta delle risorse sono gli elementi distintivi della struttura, che potrà accogliere inizialmente tra i 15 e i 18 bambini.
A prendere la parola è stato quindi il ministro Gilberto Pichetto, che ha espresso soddisfazione per il completamento dell'opera finanziata attraverso il PNRR, complimentandosi con l'amministrazione comunale per aver raggiunto l'obiettivo. Nel suo intervento ha sottolineato come la scelta di investire in un asilo nido rappresenti una risposta concreta alle esigenze dei piccoli comuni.
""La sfida – ha affermato – è mantenere le persone sui nostri territori creando le condizioni migliori in termini di trasporti e servizi. Chi sceglie di vivere nei nostri paesi deve poter contare sugli stessi servizi disponibili nei centri più grandi, così da contrastare lo spopolamento. Mi occupo di ambiente e vedere realizzata una struttura progettata nel rispetto della sostenibilità mi rende doppiamente soddisfatto.""
Uno dei momenti più significativi della cerimonia è stato quello dedicato all'intitolazione dell'asilo nido a Emilia Giuliano in Cerrone, storica maestra molto amata dalla comunità. A ricordarne la figura, con parole cariche di emozione, sono state Anna e Carola Cerrone, che hanno tracciato il ricordo di una donna capace di lasciare un segno profondo nell'educazione di tante generazioni di bambini.
La mattinata è quindi proseguita con il tradizionale taglio del nastro, lo scoprimento della targa commemorativa dedicata a Emilia Giuliano in Cerrone e la benedizione dei nuovi locali impartita da don Jarek. Successivamente i presenti hanno potuto visitare gli spazi del nuovo asilo, apprezzandone gli ambienti moderni e le soluzioni adottate per garantire comfort, sicurezza e sostenibilità.
Con questa inaugurazione Brusnengo compie un passo importante verso il futuro. Il nuovo asilo nido non rappresenta soltanto una moderna struttura educativa, ma un investimento strategico per sostenere le famiglie, rafforzare il polo scolastico del paese e offrire un servizio capace di contribuire alla vitalità del territorio negli anni a venire. La cerimonia si è conclusa in un clima di festa con un ricco buffet, occasione per condividere con la comunità un traguardo destinato a lasciare un segno nel futuro del paese."
20260802083037,Il Riformista,https://www.ilriformista.it/madrid-cresce-il-triplo-di-roma-perche-il-modello-spagnolo-funziona-525009/,,,,,,srclc:ita,"I fattori
Madrid cresce il triplo di Roma: perché il modello Spagnolo funziona
La crisi dell’immigrazione è esplosa proprio nel giorno in cui sono stati pubblicati i dati della crescita del Pil dei principali Paesi europei e contemporaneamente all’arrivo di quasi 50mila migranti nell’exclave di Ceuta, nel nord del Marocco. La Spagna è un caso virtuoso. Basti pensare che nel secondo trimestre del 2026 il Pil spagnolo è cresciuto dello 0,7 per cento rispetto ai tre mesi precedenti e del 2,7 per cento su base annua. Nello stesso periodo l’Italia si è fermata rispettivamente allo 0,2 per cento e all’un percento.
Madrid cresce il triplo di Roma
In termini semplici, oggi l’economia spagnola cresce quasi tre volte quella italiana. Non si tratta di un risultato occasionale. Dal 2022 la Spagna ha mantenuto ritmi di sviluppo costantemente superiori ai nostri. Dietro questa “corsa” non c’è una formula magica, ma un insieme di scelte economiche e condizioni strutturali che hanno prodotto risultati positivi. Il primo motore della crescita spagnola è la domanda interna. Le famiglie consumano di più perché l’occupazione aumenta, i redditi reali hanno recuperato più velocemente e la popolazione continua a crescere. Nel nostro Paese, invece, la lunga perdita di potere d’acquisto ha spinto molte famiglie a difendere il risparmio e a limitare gli acquisti.
La Spagna accoglie lavoratori stranieri
Demografia. Un secondo elemento è la demografia. La Spagna ha accolto una quantità consistente di lavoratori stranieri, provenienti dall’America Latina e dal Nord Africa. Questo ha ampliato la popolazione in età lavorativa, aumentato il numero dei contribuenti e consentito a settori come turismo, ristorazione, edilizia, assistenza e servizi di trovare la manodopera. La struttura produttiva ha avuto un ruolo decisivo. La Spagna ha beneficiato del turismo internazionale, ma sarebbe riduttivo spiegare tutto con alberghi e spiagge. Sono cresciuti i servizi, la finanza, la tecnologia, le attività digitali e le esportazioni ad alto valore aggiunto. Gli investimenti sono aumentati più che in Italia e si sono concentrati sulla digitalizzazione, sulle energie rinnovabili, sulle reti e sulla proprietà intellettuale.
Fondi europei e riforma del lavoro
In questo quadro si inserisce l’utilizzo dei fondi europei. La Spagna ha il suo Pnrr e dispone di 80 miliardi di sovvenzioni. Madrid ha concentrato una parte significativa delle risorse su transizione energetica, mobilità, digitalizzazione della pubblica amministrazione, competenze, innovazione e rafforzamento delle imprese. C’è poi la riforma del lavoro approvata dalla Spagna alla fine del 2021. Il governo, attraverso un accordo con sindacati e imprese, ha limitato l’utilizzo dei contratti a termine, stabilendo che il rapporto a tempo indeterminato diventasse la forma ordinaria di assunzione. La precarietà non è scomparsa e sui contratti discontinui restano questioni aperte, ma la quota del lavoro temporaneo è scesa fino all 15 per cento e gran parte dei nuovi posti viene creata con rapporti più stabili.
Il modello spagnolo conserva una criticità pesante. Nel secondo trimestre 2026 la disoccupazione è scesa al 9,87 per cento, il livello più basso dal 2008, ma resta superiore al 5,7 per cento italiano. Senza contare che quella giovanile è sempre molto alta. La crescita nasce dall’incontro tra consumi, investimenti, lavoro, popolazione, innovazione. L’Italia non è priva di punti di forza, ma continua ad affidarsi alle esportazioni, a settori maturi e alla spinta temporanea del Pnrr. Quando la domanda estera rallenta, emergono i problemi irrisolti: salari deboli, produttività stagnante, declino demografico, energia costosa e investimenti insufficienti. La Spagna non è diventata improvvisamente un Paese senza fragilità. Ha però costruito un’economia capace, in questa fase, di trasformare più velocemente occupazione, consumi e investimenti in crescita. Ed è proprio qui che nasce la distanza con l’Italia.
© Riproduzione riservata"
