date_str,source,url,themes,locations,persons,organizations,tone,translation_info,full_text
20260920232245,San Marino,https://www.sanmarinortv.sm/news/comunicati-c9/l-universita-di-san-marino-verso-un-futuro-fatto-di-continuita-e-nuove-sfide-a296162,,,,,,srclc:ita,"L’Università degli Studi della Repubblica di San Marino sottolinea il proprio apprezzamento per il recente gradimento espresso all’unanimità dal Consiglio Grande e Generale rispetto alla pronuncia con cui il Senato Accademico, il 23 luglio scorso, ha nominato Paolo Pascucci nuovo Rettore dell’Ateneo sammarinese. Il passaggio garantisce continuità alle iniziative già intraprese sul fronte della ricerca, della formazione, dell’internazionalizzazione, dei servizi agli studenti e dei progetti per il territorio. Consolida inoltre il percorso impostato nei precedenti mandati dal Rettore uscente, Corrado Petrocelli, in carica dal 2014 e alla guida dell’Università di San Marino durante passaggi che hanno incluso, fra le altre cose, l’ingresso del Titano nello Spazio Europeo dell’Istruzione Superiore (EHEA) e l’accreditamento dell’organismo indipendente internazionale di valutazione sulla qualità delle istituzioni accademiche “Institutional Evaluation Programme”, oltre a un radicale aumento nel numero degli iscritti e all’espansione di corsi di laurea triennali e magistrali, master, percorsi di alta formazione e dottorati di ricerca, insieme a una sempre maggiore presenza dell’Ateneo sammarinese a supporto di istituzioni, enti e realtà private, per stimolare il progresso culturale e tecnologico del territorio. Messe così le basi per nuovi e costruttivi impulsi, al nuovo Rettore spetterà di garantire continuità con l’operato del suo predecessore e guidare l’Ateneo nelle sfide che si stanno affermando all’orizzonte del sistema universitario: dal calo demografico alla crescente pervasività degli strumenti di intelligenza artificiale, dall’esigenza di aggiornare l’offerta formativa al ruolo sempre più rilevante che l’Ateneo svolgerà sul versante della terza missione incrementando la propria funzione di supporto alla crescita culturale, economica e sociale del Paese, in una fase storica caratterizzata dalla vicina sottoscrizione dell’accordo di associazione con l’Unione Europea. Petrocelli lascerà ufficialmente il posto a Pascucci a partire dal 1° ottobre.
C.s. - L’Università degli Studi della Repubblica di San Marino"
20260920190018,La Verita,https://www.laverita.info/pensiero-unico/enzo-iacchetti-polemiche-politica,,,,,,srclc:ita,"Cognome e nome: Iacchetti Enzo. Il Signor Enzino, un perenne fanciullino di 74 anni.
Dagli esordi al Costanzo Show fino a Striscia la Notizia
Dopo inizi da – ipse dixit – «cabarettaro», è scoperto dal grande pubblico nei primi anni Novanta grazie al Maurizio Costanzo Show, dove si esibisce in poesie e canzoncine «bonsai».
La consacrazione è del 1994.
Antonio Ricci lo chiama a Striscia la Notizia per affiancare Ezio Greggio, di cui è stato per anni «efficace spalla e surreale vittima» (così Aldo Grasso in Enciclopedia della televisione, Garzanti).
Ricci fa parte della sua seconda «trinità personale», insieme a Giobbe Covatta ed Enzo Jannacci.
La prima è costituita dal padre, Giorgio Gaber e Maurizio Costanzo, che portandolo sul palco del teatro Parioli ha cambiato la vita all’allora trentottenne Enzino.
Il percorso politico: dal Pci fino al M5s
Da ultimo, innalzato a furor di popolo agli onori degli altari della Chiesa dei Mantra progressisti, un novello maître-à-penser schierato dalla «parte giusta della Storia», e quindi, ça va sans dire, a sinistra.
A 18 anni, cresciuto come me con il mito di Enrico Berlinguer, era infatti consigliere comunale per il Pci.
Poi però ebbe una crisi di rigetto, «ho smesso perfino di andare a votare», per poi tornare a farlo per il partito fondato da un collega: il M5s.
Contento dei grillonzi? Mica tanto: gli hanno lasciato «l’amaro in bocca. Arrivati al vertice, sono apparsi più impegnati ad accaparrarsi seggiole e poltrone, che a mantenere le promesse».
Qualcuno era comunista, cantava proprio Gaber.
«Sì, ma Gaber stesso alla fine non ne poteva più di etichette e slogan, c’ha fatto addirittura una canzone, Destra-sinistra. Ed era il ’94, l’anno del mio debutto a Striscia», e quindi del suo ingresso nello squadrone dei «rossi» a libro paga di Silvio Berlusconi, si potrebbe opinare, scadendo però nel banal grande.
Il rilancio a Cartabianca e la lite con Mizrahi
Con l’archiviazione del programma-culto, Iacchetti sembrava destinato all’oblio.
Lo salva Bianca Berlinguer, che gli regala una nuova giovinezza ospitandolo a È sempre Cartabianca.
Dove fa il botto nella puntata del 16 settembre 2025, diventata memorabile per una frase, tra l’agghiacciante, il lunare e il balordo, buttata lì da uno dei partecipanti al talk show.
Si parlava della rappresaglia infinita dell’esercito israeliano a Gaza e dintorni, con le sue decine di migliaia di palestinesi uccisi.
Iacchetti non prende bene (è un eufemismo) i primi interventi di Eyal Mizrahi, presidente della Federazione Amici di Israele, che peraltro aveva definito il governo di Bibi Netanyahu «il peggiore nella storia di Israele» (per aver imbarcato i ministri naziultraortodossi).
Ma aveva anche aggiunto che era Hamas a dover rispondere di tutti quei morti.
La frase fa partire la brocca a Iacchetti: «Non si possono ascoltare ’ste stronzate», «sei venuto a fare una figura di merda», per poi evocare la mattanza dei bambini.
Ed è qui che arriva la spiazzante esortazione rivolta a Iacchetti da Mizrahi: «Definisci bambino».
Come se invece che in un’arena televisiva, dove anche solo una smorfia può incendiare il dibattito, si fosse trovato a una tavola rotonda organizzata dall’Unicef sull’inverno demografico italiano. Iacchetti, occhi fuori dalle orbite: «Vergognati!», «Non ti faccio parlare», arrivando a bacchettare financo la conduttrice: «Hai fatto male a invitarlo».
A quel punto Mizrahi gli dà del «fascista», e Iacchetti sbraca: «Cos’hai detto, stronzo? Vengo lì e ti prendo a pugni».
Nota a margine: Naza, il documentario premiato a Venezia, realizzato da israeliani con ufficiali dell’intelligence militare israeliana e soldati (che hanno raccontato le «zone di annientamento», i cecchini che sparano ai civili «come in un videogioco», la macabra contabilità che indica il margine di vittime civili considerato tollerabile in ogni singolo attacco), dimostra che per l’Idf la miglior definizione di «bambino» era «un danno collaterale come un altro», e che «crimini di guerra» non è solo un modo di dire.
Da comico a guru dell’opinione pubblica
In realtà, lo Iacchetti barricadero si era già visto in azione nello stesso talk show il 24 giugno 2025, dove aveva espresso il suo sdegno per la tragedia vissuta dal popolo palestinese: «Io ci sto male, io faccio il comico e non faccio più ridere come prima» – «da mo’», da un bel pezzo, avrà commentato qualche suo detrattore – «non riesco più a fare uno spettacolo, nemmeno a fare il cretino, che è quello che mi serve per guadagnarmi il pane».
Da quel momento, Iacchetti è assurto al ruolo di guru.
Le sue riflessioni, spesso improntate all’ovvio dei popoli, considerate come scolpite sulle Tavole della legge.
Lo si chiama per fargli vestire i panni dell’oracolo illuminato e illuminante su politica e geopolitica.
A rischio esondazione (sua).
Perché si sa: gureggia oggi, gureggia domani, l’applauso facile del «pubblico pagante» è inebriante e porta a far slittare il piede sulla frizione.
Sanremo, la musica e le provocazioni sulla politica
Luglio 2026.
Iacchetti è intervistato nell’ambito della rassegna musicale Naturalmente pianoforte.
In un contesto del genere ti aspetti che il Signor Enzino faccia notizia per aver rievocato, che so, i rapporti con papà Antonio, scomparso a soli 57 anni, che voleva tenerlo lontano dal mondo dello spettacolo, «un ambiente fatto di droga, prostitute e raccomandazioni» (ah, l’infinita saggezza dei genitori).
Oppure per aver spiegato perché fu scartato al colloquio per un posto in banca: «“Iacchetti, lei è un comunista”, mi apostrofarono. Portavo i capelli lunghi, ero tutto peace & love, suonavamo il beat alle feste dell’Unità. Mi intimarono: “I capelli può tirarseli indietro, però basta con la chitarra”. Allora non vengo».
Oppure per aver elencato i tentativi di andare a Sanremo, cercando di bissare l’esperienza, allora innovativa (era il 1994) di Giorgio Faletti e il suo Minchia signor Tenente: «La bocciatura più clamorosa è stata con Migranti, un brano scritto per me da Francesco Guccini. Il direttore artistico Claudio Baglioni la scartò dicendo: “Iacchetti non è un cantante”». Iacchetti offre un’altra chiave di lettura: «Baglioni punì me perché con Francesco erano cane e gatto». E poi: «Se io non sono un cantante, anche lui non è un presentatore, e si vede. E allora?», senza dimenticare che anche Guccini infilzò «quella sua maglietta fina»: «Guarda te, il compagno Baglioni adesso parla di disperati in mezzo al mare, ma la mia canzone l’ha cestinata». Baglioni replicò che non ne sapeva nulla, affermazione peraltro singolare in bocca al direttore artistico del Festival.
Oppure, ancora, per aver svelato le ragioni del dissing con Gianni Morandi e il direttore artistico dell’epoca Gianmarco Mazzi (lo è ancora, dietro le quinte e in penombra, come «puparo» di Stefano De Martino, anche se nel frattempo è diventato ministro del Turismo), lite finita con 40.000 euro di risarcimento pagati da Iacchetti per chiudere la querelle legale innescata dai suoi post sanguigni sulla scarsa trasparenza dei meccanismi di selezione dei debuttanti, tra Sanremo social e Area Sanremo (nella citazione in giudizio Mazzi e Morandi lasciarono altresì intendere che forse l’alzata di scudi non era stata disinteressata, causa esclusione del figlio Martino Iacchetti. Oggi il Signor Enzino è laconico: «Morandi? Non ci parliamo più. Fine»).
Invece rivela di sognare Matteo Salvini «fermo su un Frecciarossa fra Firenze e Bologna, con 40 gradi e senza aria condizionata» e Roberto Vannacci intento ad «asfaltare le strade di notte, a 40 gradi».
Per poi passare a Orazio Schillaci, scandendo testualmente: «Vorrei vedere il ministro della Sanità andare in un ospedale, avere bisogno di una Tac o di una risonanza magnetica, e sentirsi rispondere «ci dispiace, la prima libera è fra otto mesi». E allora «voglio vederlo morire prima, come succede in tanti casi da noi».
Non l’avesse mai detto (infatti poteva dirla meglio).
Le ritrattazioni e l’incertezza sul futuro lavorativo
Iacchetti è costretto a correre ai ripari rivolgendosi a Schillaci con una versione «addomesticata» dell’accaduto: «Io non le ho mai augurato di morire, mi creda. Ho fatto solo un esempio, una gag simpatica (ma mimica, postura e vis polemica nel video fanno intendere ben altro, nda). Ho detto: mettiamo che il ministro della Sanità chieda una Tac e gliela fissino dopo mesi. Può darsi che muoia, come succede a tanta gente deceduta prima di avere gli appuntamenti per gli esami».
E dire che subito dopo lo scontro con Mizrahi, un anno fa, aveva giurato: «Vorrei dire a tutte le testate televisive: non chiamatemi perché ormai il mio pensiero lo conoscono tutti (però il 12 settembre scorso era sul Nove a «vergognarsi» del programma elettorale di Vannacci, nda), non sono un’opinionista, vorrei tornare a fare il mio mestiere che non so perché sta rallentando. Cioè sto perdendo parecchio lavoro. Ho parlato ieri con Morgan che mi ha detto la stessa cosa, “non mi vuole vedere più nessuno”».
Sinceramente non glielo auguro.
Ma è la spietata legge del consenso social-televisivo: tanto è granitico quando ti travolge come un tornado, quanto è friabile ed effimero appena il vento gira.
Contenuto riservato agli abbonati
Prosegui con la lettura >
Contenuto riservato agli abbonati
Rinnova il tuo abbonamento per proseguire con la lettura >"
20260920175138,Tele Radio News,https://www.teleradio-news.it/2026/09/20/caiazzo-ce-curvatura-musicale-dalle-scuole-medie-per-salvare-il-liceo-arguta-proposa-del-prof-ponsillo/,,,,,,srclc:ita,"Caiazzo (CE). ‘Curvatura musicale’ dalle scuole Medie per salvare il Liceo; arguta proposa del prof. Ponsillo
La proposta del prof. Luigi Ponsillo per salvare il liceo Covelli: «Una curvatura musicale per difendere il presidio culturale della valle del volturno».
Contro i rischi del dimensionamento scolastico e l’esodo verso i centri maggiori, l’ex docente lancia la continuità didattica verticale tra le medie a indirizzo musicale e il polo liceale.
La salvaguardia dei presidi scolastici nelle aree interne passa per la capacità di innovare l’offerta formativa prima che i tagli ministeriali ne decretino il declino. Ne è convinto il professor Luigi Ponsillo, cittadino caiatino, ex allievo ed ex docente del Liceo “N. Covelli” di Caiazzo, che lancia una proposta strategica per scongiurare la chiusura della sede distaccata dell’istituto: «La perdita del Liceo rappresenterebbe un danno sociale ed economico incalcolabile per la nostra città. La sede distaccata del Covelli è un presidio culturale fondamentale per l’intera Valle del Volturno, ma oggi rischia di soccombere sotto il peso del calo demografico, della fuga verso i centri maggiori e delle rigide normative sul dimensionamento scolastico».
Il contesto descritto da Ponsillo mette a fuoco una criticità strutturale comune a molti plessi periferici. I parametri regionali e nazionali imposti per il mantenimento dell’autonomia e la formazione delle classi penalizzano le sedi distaccate che faticano a garantire flussi costanti di nuove iscrizioni, esponendole al pendolarismo quotidiano degli studenti verso poli di attrazione come Caserta, Capua e Piedimonte Matese.
A fronte di questo rischio concreto di progressiva chiusura, il territorio di Caiazzo dispone già di un vivaio formativo di rilievo: il consolidato Corso ad Indirizzo Musicale dell’Istituto Comprensivo cittadino, che forma decine di studenti nello studio di chitarra, flauto, pianoforte e violino. Attualmente, al termine del ciclo della scuola secondaria di primo grado, questo patrimonio di competenze viene sistematicamente disperso. I giovani musicisti si trovano davanti a una scelta obbligata: abbandonare lo studio dello strumento oppure iscriversi presso Licei Musicali distanti decine di chilometri, abbandonando il polo scolastico caiatino.
«Per salvare il Liceo di Caiazzo è doveroso renderlo attrattivo, unico e competitivo», argomenta Ponsillo. «La creazione di un canale di continuità verticale tra la scuola media musicale e l’istruzione superiore intercetterebbe la totalità degli allievi del comprensorio e attirerebbe iscritti dall’intero bacino della media valle del Volturno, garantendo i numeri necessari alla stabilità del plesso».
La strada prospettata evita l’ostacolo burocratico dell’istituzione di un nuovo “Liceo Musicale” autonomo da zero, operazione oggi quasi preclusa dai vincoli del dimensionamento. La via maestra indicata è invece l’applicazione del D.P.R. 275/99 sull’Autonomia Scolastica, mediante l’attivazione di una Curvatura Acustico-Musicale innestata sui percorsi già attivi del Liceo Scientifico e del Liceo Linguistico.
Un’articolazione didattica di questo tipo consentirebbe di integrare l’approfondimento strumentale e musicale con lo studio curricolare: collegando la fisica delle onde sonore, la matematica applicata alla composizione, l’informatica e le tecnologie musicali con il programma scientifico e umanistico. Un connubio che fornirebbe agli studenti una preparazione d’avanguardia senza costringerli a viaggiare per non interrompere la pratica artistica.
La proposta si inserisce inoltre in piena coerenza con le linee di sviluppo locale, dialogando con il recente Accordo Quadro per la Cultura sottoscritto dal Comune di Caiazzo.
«Chiedo con urgenza agli Enti e alle istituzioni preposte, ciascuno per le proprie competenze e responsabilità, di attivare al più presto un tavolo tecnico», conclude il prof. Ponsillo. «Dare una casa superiore alla musica rappresenta la chiave di volta per assicurare un futuro al Liceo Covelli e trattenere i nostri giovani talenti sul territorio».
<i>(Fonte & Aggiornamenti: Rinascita Pianese – News archiviata in #TeleradioNews ♥ il tuo sito web © diritti riservati all’autore)</i>"
20260920171503,Il Fatto Nisseno,https://www.ilfattonisseno.it/2026/09/in-italia-930mila-alunni-stranieri-sono-oltre-l11-crescono-rispetto-agli-autoctoni/,,,,,,srclc:ita,"Nelle scuole italiane, dall’asilo alle superiori, sono 930 mila gli alunni non italiani, l’11,6% del totale. Più di un quarto si trova in Lombardia (236mila, ovvero il 26%, con un aumento di 15mila in quattro anni) seguita da Emilia-Romagna (112.839), Veneto (94.669), Lazio (80.051) e Piemonte (78.039). Dal punto di vista delle città, quella con più studenti non italiani è Milano dove sono 79.039 seguita da Roma (63.782), Torino (39.465) e Brescia (32.747). Sono i dati dell’ultimo rapporto Ismu,
Iniziative e Studi sulla Mobilità Umana. Inferiori le presenze al sud, dove però è più alto il numero di minori non accompagnati: se è vero che anche in questo caso il numero maggiore si trova a Milano (oltre mille), al secondo posto si trova Catania con 745. Gli studenti non italiani hanno maggiori difficoltà anche perché si trovano in contesti svantaggiati: è più alto il rischio di dispersione implicita (che è al 22,5% contro l’11,6% degli italiani). Però si registra qualche cambiamento. Ad esempio cresce la presenza di studenti stranieri nei licei, soprattutto fra gli stranieri nati in Italia, anche se ancora resta un divario. Alle medie oltre il 50% degli italiani pensa di iscriversi poi al liceo ma solo il 38,3% degli stranieri.
Per quanto riguarda il risultato scolastico, il Rapporto Invalsi ha mostrato che gli studenti stranieri in terza media hanno punteggi inferiori di 22,6 punti in italiano e di 13,5 in matematica; proseguendo gli studi quello in matematica si cancella e resta in italiano, mentre nelle prove di inglese i non italiani hanno risultati migliori. Secondo un altro studio, quello dell’Idos, negli ultimi 11 anni la presenza di studenti con cittadinanza straniera è cresciuta del 16% a fronte di un calo del 12,5% degli autoctoni, arginando oltretutto l’emorragia, legata al calo demografico, che ha portato il totale di alunni dai quasi 9 milioni del 2014 ai circa 8 milioni di oggi (-9,9%).
Dei circa 931mila studenti stranieri quasi due terzi (65,2%, pari a oltre 607mila unità) sono nati in Italia: 11 anni fa erano poco più della metà (51,7%). La metà degli iscritti stranieri si distribuisce nelle 5 principali cittadinanze: romena, albanese, marocchina, cinese ed egiziana; i restanti si ripartiscono in molte decine di altre nazionalità"
20260920160000,Il Sole 24 Ore,https://www.ilsole24ore.com/art/in-italia-930mila-alunni-stranieri-sono-oltre-l-11percento-AJCsnCJB,,,,,,srclc:ita,"In Italia 930mila alunni stranieri, sono oltre l’11%
Sono i dati dell’ultimo rapporto Ismu, Iniziative e Studi sulla Mobilità Umana
2' di lettura
I punti chiave
2' di lettura
Dal palco della festa di Gioventù Nazionale, Fenix, è giunto l’annuncio della premier Meloni di un «provvedimento in Cdm che introduce il numero massimo di studenti stranieri per classe e il divieto di burqa e niqab a scuola».
Chiedilo al Sole
In Lombardia più di un quarto degli alunni stranieri
Nelle scuole italiane, dall’asilo alle superiori, sono 930 mila gli alunni non italiani, l’11,6% del totale. Più di un quarto si trova in Lombardia (236mila, ovvero il 26%, con un aumento di 15mila in quattro anni) seguita da Emilia-Romagna (112.839), Veneto (94.669), Lazio (80.051) e Piemonte (78.039). Dal punto di vista delle città, quella con più studenti non italiani è Milano dove sono 79.039 seguita da Roma (63.782), Torino (39.465) e Brescia (32.747). Sono i dati dell’ultimo rapporto Ismu, Iniziative e Studi sulla Mobilità Umana.
Al Sud è più alto il numero di minori non accompagnati
Inferiori le presenze al sud, dove però è più alto il numero di minori non accompagnati: se è vero che anche in questo caso il numero maggiore si trova a Milano (oltre mille), al secondo posto si trova Catania con 745. Gli studenti non italiani hanno maggiori difficoltà anche perché si trovano in contesti svantaggiati: è più alto il rischio di dispersione implicita (che è al 22,5% contro l’11,6% degli italiani). Però si registra qualche cambiamento. Ad esempio cresce la presenza di studenti stranieri nei licei, soprattutto fra gli stranieri nati in Italia, anche se ancora resta un divario. Alle medie oltre il 50% degli italiani pensa di iscriversi poi al liceo ma solo il 38,3% degli stranieri.
I risultati scolastici
Per quanto riguarda il risultato scolastico, il Rapporto Invalsi ha mostrato che gli studenti stranieri in terza media hanno punteggi inferiori di 22,6 punti in italiano e di 13,5 in matematica; proseguendo gli studi quello in matematica si cancella e resta in italiano, mentre nelle prove di inglese i non italiani hanno risultati migliori.
Secondo un altro studio, quello dell’Idos, negli ultimi 11 anni la presenza di studenti con cittadinanza straniera è cresciuta del 16% a fronte di un calo del 12,5% degli autoctoni, arginando oltretutto l’emorragia, legata al calo demografico, che ha portato il totale di alunni dai quasi 9 milioni del 2014 ai circa 8 milioni di oggi (-9,9%). Dei circa 931mila studenti stranieri quasi due terzi (65,2%, pari a oltre 607mila unità) sono nati in Italia: 11 anni fa erano poco più della metà (51,7%). La metà degli iscritti stranieri si distribuisce nelle 5 principali cittadinanze: romena, albanese, marocchina, cinese ed egiziana; i restanti si ripartiscono in molte decine di altre nazionalità."
20260920155817,Gds,https://gds.it/articoli/cronaca/2026/09/20/in-italia-gli-alunni-stranieri-sono-930-mila-oltre-l11-2c829101-7324-490a-b5d4-ed3377afadd4/,,,,,,srclc:ita,"Nelle scuole italiane, dall’asilo alle superiori, sono 930 mila gli alunni non italiani, l’11,6% del totale. Più di un quarto si trova in Lombardia (236mila, ovvero il 26%, con un aumento di 15mila in quattro anni) seguita da Emilia-Romagna (112.839), Veneto (94.669), Lazio (80.051) e Piemonte (78.039).
Dal punto di vista delle città, quella con più studenti non italiani è Milano dove sono 79.039 seguita da Roma (63.782), Torino (39.465) e Brescia (32.747). Sono i dati dell’ultimo rapporto Ismu, Iniziative e Studi sulla Mobilità Umana.
Inferiori le presenze al sud, dove però è più alto il numero di minori non accompagnati: se è vero che anche in questo caso il numero maggiore si trova a Milano (oltre mille), al secondo posto si trova Catania con 745. Gli studenti non italiani hanno maggiori difficoltà anche perché si trovano in contesti svantaggiati: è più alto il rischio di dispersione implicita (che è al 22,5% contro l’11,6% degli italiani).
Però si registra qualche cambiamento. Ad esempio cresce la presenza di studenti stranieri nei licei, soprattutto fra gli stranieri nati in Italia, anche se ancora resta un divario. Alle medie oltre il 50% degli italiani pensa di iscriversi poi al liceo ma solo il 38,3% degli stranieri.
Per quanto riguarda il risultato scolastico, il Rapporto Invalsi ha mostrato che gli studenti stranieri in terza media hanno punteggi inferiori di 22,6 punti in italiano e di 13,5 in matematica; proseguendo gli studi quello in matematica si cancella e resta in italiano, mentre nelle prove di inglese i non italiani hanno risultati migliori.
Secondo un altro studio, quello dell’Idos, negli ultimi 11 anni la presenza di studenti con cittadinanza straniera è cresciuta del 16% a fronte di un calo del 12,5% degli autoctoni, arginando oltretutto l’emorragia, legata al calo demografico, che ha portato il totale di alunni dai quasi 9 milioni del 2014 ai circa 8 milioni di oggi (-9,9%). Dei circa 931mila studenti stranieri quasi due terzi (65,2%, pari a oltre 607mila unità) sono nati in Italia: 11 anni fa erano poco più della metà (51,7%).
La metà degli iscritti stranieri si distribuisce nelle 5 principali cittadinanze: romena, albanese, marocchina, cinese ed egiziana; i restanti si ripartiscono in molte decine di altre nazionalità."
20260920153713,Scenari Economici,https://scenarieconomici.it/regno-unito-il-costo-reale-dellimmigrazione-che-i-governi-hanno-nascosto/,,,,,,srclc:ita,"EconomiaPoliticaRegno Unito
Regno Unito: il costo reale dell’immigrazione che i governi hanno nascosto
Uno studio di Stanford pubblicato dal Financial Times smonta i vecchi modelli: per via di un fisco squilibrato e di pensioni piatte, a Londra chi guadagna poco costa allo Stato molto più che a Parigi o Berlino. Senza correttivi immediati, la spesa pubblica britannica rischia il collasso.
Il Regno Unito si trova davanti a un conto salatissimo che rischia di far saltare la tenuta della spesa pubblica. Un’approfondita analisi apparsa sul Financial Times, a firma di John Burn-Murdoch, ha svelato una realtà scomoda: l’attuale assetto del fisco britannico trasforma l’immigrazione a basso reddito in un drenaggio costante e insostenibile di risorse pubbliche, con un impatto ben più pesante rispetto a quanto accade in Germania o in Francia.
Il crollo del dogma ufficiale
Per quasi un ventennio il dibattito occidentale è rimasto incagliato in uno scontro sterile. Da un lato chi temeva la perdita di posti di lavoro per i residenti; dall’altro i sostenitori dei modelli governativi, come quelli del Migration Advisory Committee britannico, convinti che ogni nuovo arrivato producesse automaticamente un beneficio netto per le casse erariali.
Entrambe le posizioni hanno mancato il punto centrale. Il problema odierno non è la sottrazione di impieghi, ma la voragine che si apre quando flussi consistenti di persone percepiscono paghe minime o restano inattivi.
Chi guadagna poco non versa imposte sufficienti a coprire i servizi che riceve. Se a questo si somma un sistema di welfare generoso ma mal congegnato, il deficit dello Stato non può che allargarsi a dismisura.
La trappola fiscale inventata da Londra
Perché un lavoratore a basso salario costa molto di più a Downing Street rispetto a Berlino o a Parigi? La risposta risiede nell’architettura delle imposte e delle pensioni.
Nel Regno Unito le aliquote fiscali e i contributi sociali per i redditi bassi sono ridotti al minimo. Chi guadagna poco non paga quasi nulla di tasca propria, ma ha comunque diritto a una pensione statale fissa (flat rate) e a una rete di aiuti pubblici consistente.
In Germania o in Francia il meccanismo è opposto:
- Chi guadagna cifre modeste versa contributi e tasse percentualmente più pesanti;
- L’assegno pensionistico futuro è calcolato sui contributi effettivamente versati nella vita lavorativa;
- Lo Stato non regala trattamenti di fine carriera a chi ha contribuito in misura marginale.
A Londra, invece, la combinazione di zero tasse e pensione garantita crea un vero e proprio sussidio a vita a carico del contribuente medio.
I numeri dello studio di Stanford
A mettere cifre precise su questa anomalia è un recente studio condotto da Usama Polani, ricercatore dello Stanford Institute for Economic and Policy Research (SIEPR).
Il dato è impressionante: per fare in modo che una coppia immigrata arrivata a 30 anni non rappresenti una perdita netta per lo Stato nel corso della propria vita, il lavoratore principale deve guadagnare una cifra considerevole.
In Germania basta trovarsi nella fascia medio-bassa dei guadagni (il 28° percentile) per ripagare i costi dei servizi pubblici. Nel Regno Unito bisogna superare la metà della classifica nazionale degli stipendi (il 55° percentile).
In parole povere: un immigrato in Gran Bretagna deve guadagnare più dello stipendio mediano del Paese, altrimenti la sua presenza si traduce in una perdita secca per l’erario. Ovviamente questo è un caso
La composizione dei flussi è cambiata
Il quadro si aggrava osservando l’evoluzione dei flussi migratori. Negli anni passati molti arrivi provenivano da economie sviluppate o da contesti con elevata partecipazione al mercato del lavoro. Oggi non è più così.
La convergenza degli standard di vita e il calo demografico globale hanno ridotto gli arrivi dai Paesi ricchi. Sono invece aumentati gli ingressi da aree geografiche con livelli di istruzione più bassi e, soprattutto, con tradizioni che vedono una bassissima occupazione femminile.
Se in una famiglia lavora un solo componente con una paga modesta, mentre il partner non lavora e ci sono figli a carico, il costo per il servizio sanitario, la scuola e il futuro assegno pensionistico diventa insostenibile. I vecchi modelli previsionali, tarati su lavoratori single e altamente qualificati, hanno semplicemente truccato le aspettative di bilancio.
La lezione della Danimarca
Non si tratta di una condanna inevitabile, ma di scelte politiche precise. Il Ministero delle Finanze danese ha certificato che il costo netto degli immigrati non occidentali è sceso da 42 miliardi di corone nel 2015 a 31 miliardi nel 2018 (l’1,4% del PIL danese).
Come ha fatto Copenaghen? Due fattori hanno guidato la svolta:
- Una solida crescita economica generale;
- Regole ferree che impongono un congruo periodo di lavoro retribuito prima di poter accedere ai sussidi statali;
- Il dimezzamento del divario occupazionale per le donne provenienti da Medio Oriente, Nord Africa e Asia meridionale. Non possono restare a casa, ma devono andare a lavorare, perché non ci sono sussidi.
L’integrazione economica non avviene per miracolo o per inerzia. Senza incentivi precisi al lavoro e senza paletti all’assistenzialismo, il sistema scivola nell’inattività retribuita.
Le conseguenze pratiche per l’economia
Per il Regno Unito il tempo delle illusioni contabili è terminato. L’illusione di poter colmare i buchi della manodopera a basso costo senza pagarne il conto sociale è svanita.
Se il governo britannico non interverrà per riformare i criteri di accesso ai sussidi o per attrarre figure a reddito più alto, le opzioni sul tavolo rimarranno due, entrambe disastrose: tagliare la spesa sanitaria e i servizi essenziali per tutti i cittadini, oppure aumentare la pressione fiscale sul ceto medio già provato dall’inflazione. Sarà un bel problema tornare indietro, soprattutto quando le comunità straniere votano in modo compatto e monodirezionalmente."
20260920144851,Il Vibonese,https://www.ilvibonese.it/storia-e-memoria/pizzo-e-santa-venere-unite-in-ununica-citta-il-progetto-borbonico-del-porto-mai-realizzato-che-avrebbe-ridisegnato-la-costa-vibonese-fiibpb78,,,,,,srclc:ita,"La ricerca dello storico Antonio Montesanti riporta alla luce la relazione dell’ingegnere Domenico Cervati redatta nella prima metà dell’800: un grande scalo destinato a diventare «l’emporio del commercio delle Calabrie» e a saldare progressivamente Pizzo e l’attuale Vibo Marina
Tutti gli articoli di Storia e memoria
PHOTO
Nei primi anni dell’800 il governo del Regno di Napoli aveva deciso la costruzione di un porto lungo la costa tra Salerno e Reggio Calabria. Fra le tante proposte, l’economista Giuseppe Maria Galanti, su incarico del re Ferdinando II, indicò la rada di Santa Venere come il luogo sul quale era opportuno concentrare l’attenzione.
Tra le numerose relazioni effettuate allo scopo, lo storico Antonio Montesanti fa emergere quella dell’ingegnere militare Domenico Cervati, tenente colonnello del Genio Reale e membro della commissione regia incaricata da Ferdinando II di studiare la trasformazione dell’ancoraggio di Santa Venere in un vero porto.
Il progetto definitivo, dato alle stampe nel 1840, aveva un titolo che ne dichiarava esplicitamente l’obiettivo: «Relazione per ridurre l’ancoraggio di Santa Venere presso la città di Pizzo in ampio e sicuro porto». La commissione, della quale faceva parte anche il comandante di Marina Salvatore D’Amico, aveva ricevuto l’incarico di esaminare le caratteristiche della rada, verificando se il fondale fosse piano, sufficientemente stabile e adatto all’ancoraggio, e quindi di predisporre un progetto capace di trasformare quella naturale insenatura in un’infrastruttura portuale moderna.
La visione futuristica di Cervati
L’interesse dell’ingegnere Cervati, tuttavia, andava ben oltre le caratteristiche nautiche della rada. Nella sua relazione emerge una vera e propria visione territoriale della costa tra Pizzo e Santa Venere.
«La sua posizione geografica – osserva il ricercatore storico Montesanti – appariva infatti particolarmente favorevole: Cervati calcolava una distanza di circa 71 miglia da Cosenza, 40 da Catanzaro e 61 da Reggio, considerando quindi Santa Venere un punto pressoché centrale rispetto alle tre province calabresi. A ciò si aggiungevano le fertili pianure del Golfo di Sant’Eufemia e un vasto entroterra che, passando per Monteleone, si estendeva verso Rosarno. Il porto avrebbe, inoltre, potuto collegarsi facilmente alla Strada Regia, che passava presso Pizzo. Santa Venere dunque – osserva ancora Montesanti – non veniva pensata semplicemente come riparo per le imbarcazioni, ma come terminale marittimo di un sistema di comunicazioni terrestri destinato a convogliare verso il Tirreno le produzioni dell’interno».
Cervati arriva per questo a formulare una previsione estremamente ambiziosa: il nuovo porto sarebbe potuto diventare «l’emporio del commercio delle Calabrie», attorno al quale sarebbe sorta «una numerosa popolazione di industriosi abitanti».
Ancora più interessante – rimarca Montesanti – la sua previsione urbanistica. Poiché l’imboccatura del futuro porto distava da Pizzo meno di due miglia, Cervati immaginava che lo sviluppo economico e demografico prodotto dall’infrastruttura avrebbe progressivamente saldato i due nuclei, tanto che «in breve vedrebbonsi riuniti quei due luoghi in una sola città».
Il progetto – commenta Montesanti – assumeva dunque una visione ampia, a dimensione regionale. Santa Venere avrebbe dovuto servire i traffici provenienti dalle aree di Nicastro e Gioia, offrendo un’alternativa più sicura agli approdi aperti e pericolosi della costa. Un ruolo decisivo era attribuito anche agli stabilimenti siderurgici della Mongiana e di Ferdinandea. Le ferriere reali producevano quantità crescenti di manufatti, ma mancavano di un porto adeguato dal quale esportarli.
Era già stata realizzata una strada rotabile verso Pizzo ed erano stati costruiti depositi sulla costa; tuttavia il caricamento avveniva ancora, secondo l’efficace espressione di Cervati, «a spilluzzico su piccoli navicelli» lungo la spiaggia pizzitana. Con il porto di Santa Venere, invece, quei prodotti avrebbero potuto essere caricati direttamente su grosse navi, con un evidente guadagno di tempo e risparmio di spesa.
Cervati guardava dunque – conclude Montesanti – questo luogo con gli occhi dell’ingegnere e dell’economista e vi individuava il possibile fulcro di una nuova geografia commerciale calabrese, prefigurando la nascita di un grande centro costiero che unisse Pizzo e Porto Santa Venere. La breve distanza terrestre tra il Tirreno e il Golfo di Squillace consentiva persino di immaginare un collegamento commerciale con il versante ionico e con il Marchesato crotonese, soprattutto in una fase nella quale il porto di Crotone presentava gravi problemi di interrimento.
La stessa relazione osservava l’assenza nelle immediate vicinanze di corsi d’acqua capaci di produrre pericolosi depositi di sabbia e rilevava profondità sufficienti per i bastimenti di alto bordo. Cervati sviluppa scientificamente proprio quella intuizione, in quanto non immagina di creare artificialmente un porto dove non esiste nulla ma, al contrario, ritiene che la natura abbia già costruito la parte essenziale dell’opera, definendo la rada di Santa Venere «uno stupendo e capace porto la natura in quel loco ci offre, a cui poco bisogna che aggiunga la mano dell’uomo».
Ma questo porto naturale assume significato economico proprio perché accanto ad esso c’è Pizzo e lo stesso Cervati osserva che «il Pizzo va di giorno in giorno accrescendo la sua importanza» e spiega che Pizzo «era già divenuto veicolo del commercio di Nicastro e che lo sarebbe diventato anche di Gioia grazie alla costruzione del porto di Santa Venere».
In pratica, Santa Venere non deve sostituire Pizzo, ma dare a Pizzo il porto che Pizzo non possiede e pertanto, secondo la sua previsione, «in breve vedrebbonsi riuniti quei due luoghi in una sola città». Poche parole che spiegano meglio di molte interpretazioni successive il rapporto concepito tra Pizzo e Santa Venere.
Il porto sarebbe stato enorme: ingresso di circa tre gomene e un bacino di «ben di centomila canne quadrate. Le navi vi potranno entrare e uscire con ogni vento, anche bordeggiando entro il porto medesimo».
C’è infine un elemento che non può essere lasciato sullo sfondo – rimarca ancora Montesanti – e cioè che il nuovo porto, pur essendo progettato «presso la città del Pizzo», sarebbe sorto nel territorio del Comune di Monteleone.
È un dato che restituisce alla vicenda tutta la sua complessità: Pizzo rappresentava lo scalo commerciale già affermato, Santa Venere offriva la rada, ma quella costa apparteneva amministrativamente a Monteleone, la città dell’entroterra che da secoli aveva avuto in Bivona il proprio sbocco marittimo. Cervati proponeva di trasformare quella rada nel porto capace di servire Pizzo, Monteleone e, attraverso la Strada Regia, un territorio assai più vasto.
Il progetto – sottolinea Montesanti – nasceva dall’incontro di tre diverse geografie: quella storica e territoriale di Monteleone, quella commerciale e marinara di Pizzo e quella nautica e naturale di Santa Venere: un porto pensato come infrastruttura di dimensione regionale.
La caduta del Regno delle Due Sicilie fa sfumare il progetto di Cervati
Il progetto di Cervati, approvato poi dal governo borbonico, intendeva dunque trasformare quella rada in un grande porto capace di servire l’intera Calabria tirrenica. Ma gli eventi storici precipitarono e, a distanza di qualche decennio, il Regno di Napoli, divenuto Regno delle Due Sicilie, si sarebbe dissolto in seguito all’invasione delle truppe sabaude.
Il governo unitario portò a compimento la costruzione del porto, ritenendo valide le conclusioni a cui erano pervenuti gli studi fatti in epoca borbonica, ma senza dare corso alla visione ambiziosa di Cervati. Nel tempo, il nuovo porto avrebbe perso progressivamente importanza a favore di altri scali successivamente costruiti.
Porto Santa Venere, inoltre, che da piccolo villaggio marittimo si era sviluppato intorno all’infrastruttura, non si sarebbe saldata con Pizzo, divenendo una frazione del Comune di Monteleone, poi Vibo Valentia e, perdendo anche il suo nome, sarebbe stata ridenominata Vibo Marina."
20260920144503,Il Sole 24 Ore,https://www.ilsole24ore.com/art/il-presidente-covip-pepe-fiscalita-vantaggio-i-pensionati-che-rianimano-borghi-AJwiViIB,,,,,,srclc:ita,"Il presidente Covip Pepe: «Fiscalità di vantaggio per i pensionati che rianimano i borghi»
«Con la legge di bilancio rendiamo fiscalmente conveniente scegliere l’Italia e trasferirsi nelle aree interne»
3' di lettura
3' di lettura
«Mille pensionati, ciascuno con una fiscalità di vantaggio importante, per rianimare cento borghi. Bisogna fermare lo svuotamento demografico delle aree interne, l’impoverimento e la marginalizzazione dei piccoli centri. Serve un progetto pilota in grado di contribuire alla loro rinascita. I pensionati italiani possono avere l’esenzione dal pagamento delle tasse quando si trasferiscono all’estero. In molti vanno ad abitare in Portogallo, in Tunisia, in Albania. Il loro netto raddoppia. E beneficiano di un costo della vita in media inferiore a quello italiano. Sono scelte individuali pienamente legittime, ma comportano per il Paese la perdita di residenti, consumi e gettito fiscale. La risposta non è ostacolare la mobilità, ma rendere fiscalmente conveniente scegliere l’Italia. Rendiamo possibile a chi desidera trasferirsi sulle Alpi, sull’Appennino, sulle coste più lontane ed estranee dal turismo, nel centro delle isole».
Chiedilo al Sole
Mario Pepe, classe 1951, è presidente della Covip, la Commissione di vigilanza sui fondi pensione. A 24 anni era il medico condotto di Colonna, in provincia di Roma. Negli anni Ottanta è stato un imprenditore nella prima sanità privata. Pepe propone le sue idee su fondi pensione e sanità integrativa di cui auspica il pieno ingresso nel perimetro di controllo della Covip al governo Meloni: «La sanità integrativa beneficia di rilevanti agevolazioni fiscali ed è rimasta troppo a lungo priva di un sistema organico di vigilanza. Quelle agevolazioni rappresentano un mancato gettito per lo Stato e devono quindi trovare giustificazione in una funzione sociale effettiva, verificabile e trasparente. La sanità integrativa deve integrare il servizio pubblico, non duplicarlo o sostituirlo. Benefici fiscali, funzione effettivamente svolta e controlli devono essere coerenti tra loro».
All’attività professionale Pepe ha affiancato l’esperienza politica: ha avuto un cursus honorum politico nella Prima repubblica nel Partito Liberale e nella Seconda in Forza Italia. Anche per questo unisce la sensibilità politico sociale a quella finanziario-previdenziale: «Nei centri disabitati molti comuni vendono al prezzo simbolico di un euro case vuote e da ristrutturare – torna a ripetere - capita nel mio paese di origine, Bellosguardo, seicento anime in provincia di Salerno. Il combinato disposto delle politiche locali di riurbanizzazione e delle politiche nazionali di defiscalizzazione dei pensionati può essere vivificante. Un progetto simile è in grado di mutare il volto al Paese e può anche modificare gli equilibri previdenziali italiani».
Aggiunge Pepe: «La prossima legge di bilancio offre l’occasione per affrontare alcuni nodi strutturali del nostro welfare con una visione che guardi oltre l’orizzonte annuale dei conti pubblici. Sanità, previdenza, demografia e crescita sono strettamente connesse: denatalità, maggiore longevità, carriere discontinue e spopolamento di ampie aree del Paese impongono di ripensare gli strumenti con cui proteggiamo le persone e utilizziamo le risorse destinate al welfare».
Il progetto pilota dei mille pensionati in cento borghi è un tassello di una serie di mutamenti proposti da Pepe. Ci sono gli anziani e ci sono i giovani: «La previdenza non può cominciare quando la pensione diventa una preoccupazione: occorre costruirla nel tempo. Per questo merita di essere valutata l’introduzione di un vero salvadanaio previdenziale dalla nascita, attraverso una posizione individuale alimentata fino a cento euro al mese, con un meccanismo al quale possano concorrere Stato e famiglia e con particolare attenzione ai nuclei economicamente più fragili. Un orizzonte di accumulazione di sessanta o settant’anni consente alla capitalizzazione dei rendimenti di trasformare contribuzioni sostenibili in un patrimonio significativo. Inoltre, questo permetterebbe di rendere meno fragile l’industria dei fondi pensione. Oggi ci sono dieci milioni e mezzo di iscritti, con una età media di 47 anni. Questa età media va abbassata per rafforzare l’intero settore. Inoltre, per chi ha redditi elevati bisogna aumentare la deducibilità fiscale agganciata ai figli minorenni. Per chi ha redditi più modesti sarebbe più efficace aumentare la detraibilità dei versamenti a favore dei figli sull’Irpef»."
20260920143958,Il Fatto Quotidiano,https://www.ilfattoquotidiano.it/2026/09/20/tetto-agli-stranieri-nelle-scuole-affinati-rischio-paralisi-istituzionale-in-molte-zone-del-paese/8512422/,,,,,,srclc:ita,"Tetto agli stranieri nelle scuole? Affinati: “Rischio paralisi istituzionale in molte zone del Paese”
“Il tema dei migranti neo-arrivati che vengono inseriti nelle classi italiane a mio avviso non si può affrontare con un decreto normativo che imponga limiti di presenze e divieti nei costumi. Dovremmo costruire relazioni umane positive, non ostacolarle. In quale altro luogo farlo se non in aula?”. Eraldo Affinati, professore, scrittore, fondatore delle scuole “Penny Wirton” per l’insegnamento gratuito della lingua italiana ai migranti, è sconcertato dall’idea che possa arrivare in Consiglio dei ministri un provvedimento che introduce per Legge il numero massimo di studenti stranieri per classe. Ad annunciarlo è stata la presidente del Consiglio e leader di FdI Giorgia Meloni, sul palco di Fenix, la festa di Gioventù nazionale. “Una norma che – secondo Affinati, in libreria in questi giorni proprio con Nella palude del padre (Feltrinelli) – se venisse applicata automaticamente, rischierebbe di creare tutti i presupposti per una paralisi istituzionale in molte zone del Paese”.
Questo perché se i dirigenti dovessero non rispettarla rischierebbero di essere sospesi. Lo conferma Cristina Costarelli, presidente dell’Associazione nazionale presidi della regione Lazio e dirigente dell’Its “Galilei” di Roma: “Se è Legge va applicata altrimenti si rischiano provvedimenti disciplinari. Siamo dirigenti assunti dallo Stato e ci assumiamo la responsabilità di mettere in atto la norma. È il rispetto stesso della norma che rappresenta l’etica”. Per Costarelli ci sono altri luoghi dove esprimere il dissenso: i partiti, le organizzazioni sindacali. Della stessa idea il numero uno dell’Anp, Antonello Giannelli: “Le Leggi le fa il Parlamento, si applichino, punto. Ci sono gli strumenti per impugnarle davanti agli organi competenti. Dobbiamo entrare nei particolari, vedere i decreti attuativi, i regolamenti quando usciranno. Tuttavia, concordo con l’impostazione di fondo che in una classe, soprattutto in prima elementare, ci debbano essere più italiani che stranieri, altrimenti come si insegna bene la lingua?”.
Detto ciò, Giannelli ammette alcuni problemi reali. Il primo: in certe città o quartieri un preside riceve un numero di iscrizioni pari o maggiore a quello degli italiani. A quel punto che fa? Il numero uno dell’Anp pensa a Prato, ad esempio. La seconda osservazione: “Siamo in piena crisi demografica, le classi spesso numericamente le fanno gli stranieri”. La questione, tuttavia, va analizzata nel dettaglio. Maria Grazia Santagati, responsabile scuola della Fondazione Ismu, Iniziative e studi sulla mobilità umana, ha le idee chiare: “È un tema vecchio quello della soglia di stranieri in aula ma osserviamo i numeri: oltre il 66% dei nostri studenti senza la nostra cittadinanza è nato in Italia. Il Veneto ha il più alto numero di stranieri nati nel nostro Stato. Sono stati scolarizzati nel nostro Paese. Ci sono ragazzi che arrivano al liceo e vanno all’università. Alcuni sono diventati persino consiglieri comunali. Nel Nord Italia la lunghezza di residenza è spesso tale che molti hanno avuto accesso alla cittadinanza”.
Santagati è preoccupata dalle parole della Meloni: “Ci sono una serie di indicatori che vanno contro la scuola democratica. E poi diciamolo con chiarezza: di fronte al grande declino demografico, ci sono scuole che hanno retto grazie ai bambini figli di migranti”. La responsabile scuola dell’Ismu – contattata da ilfattoquotidiano.it –spiega: “La misura più semplice non è la separazione in base a delle quote ma l’investimento di risorse”. La premier nel suo intervento ha anche parlato “dell’obbligo per i genitori di studenti stranieri con problemi gravi di inserimento scolastico di imparare l’italiano e del divieto di burqa e hijab a scuola”. Dichiarazioni alle quali replica Affinati, sottolineando: “Ancora una volta i provvedimenti governativi in materia scolastica sembrano strumentali, tesi a esacerbare i confronti fra culture, al fine di ottenere il consenso di una parte dell’opinione pubblica, invece di essere strutturali, tesi a risolvere i problemi concreti coi quali hanno a che fare ogni giorno dirigenti e docenti. Esistono scuole in cui la stragrande maggioranza degli alunni non è italofona. Dobbiamo forse chiuderle? Se così facessimo aumenterebbe la percezione sociale che considera questi ragazzi come dei problemi. Al contrario, e lo dico per esperienza diretta, essi sono risorse preziose. Stiamo ancora aspettando gli insegnanti di supporto linguistico da tempo annunciati. I consigli di classe a tutt’oggi restano da soli, costretti spesso a ricorrere ad associazioni del Terzo Settore chiamate a tappare i buchi del servizio pubblico”."
20260920131619,Faro Di Roma,https://www.farodiroma.it/brics-da-new-delhi-una-risposta-al-vecchio-ordine-il-sud-globale-costruisce-la-sua-autonomia-editoriale-di-luciano-vasapollo-e-rita-martufi/,,,,,,srclc:ita,"Il vertice BRICS di New Delhi consegna un messaggio che va ben oltre la lunga lista di accordi, dichiarazioni e programmi di cooperazione. Nel momento in cui il sistema internazionale attraversa una fase di crescente conflittualità economica, commerciale e militare, l’incontro del 12 e 13 settembre 2026 mostra che una parte crescente del mondo non intende più accettare una governance internazionale costruita intorno agli interessi delle vecchie potenze occidentali.
Il dato politico più significativo è proprio questo: i BRICS, arrivati al loro diciottesimo vertice e a vent’anni dalla nascita del formato, non sono più soltanto un raggruppamento economico. Sono diventati uno spazio nel quale Stati con sistemi politici, storie e interessi differenti cercano di costruire strumenti comuni per ridurre la dipendenza dalle strutture finanziarie e geopolitiche dominate dall’Occidente.
Il multipolarismo non può restare una formula diplomatica
La Dichiarazione di New Delhi parla esplicitamente della necessità di una maggiore rappresentanza dei Paesi in via di sviluppo nelle istituzioni della governance globale e riconosce il multipolarismo come una caratteristica della realtà internazionale contemporanea. È un passaggio importante perché mette nero su bianco ciò che da tempo emerge nella dinamica dell’economia mondiale: il centro di gravità dello sviluppo si è spostato e non è più possibile governare il pianeta come se il Novecento non fosse mai finito.
Ma il multipolarismo non può essere soltanto una formula diplomatica. Deve diventare una concreta possibilità di autonomia economica.
Ed è proprio sul terreno economico-finanziario che il vertice di New Delhi assume una particolare importanza. I BRICS hanno deciso di proseguire il lavoro per rendere più efficienti i pagamenti transfrontalieri e per favorire gli scambi e gli investimenti nelle valute nazionali. Non è stata annunciata una moneta comune BRICS, e sarebbe sbagliato alimentare aspettative propagandistiche in questo senso. La trasformazione è però più profonda e graduale: costruire infrastrutture finanziarie capaci di permettere ai Paesi membri di commerciare sempre più senza dover necessariamente passare attraverso il dollaro e i circuiti finanziari occidentali. Non una decisione simbolica, ma la costruzione paziente di alternative.
Il BRICS Payment Task Force continuerà infatti a lavorare sull’interoperabilità dei sistemi di pagamento e sulla possibilità di utilizzare le valute nazionali negli scambi, nel rispetto delle differenti condizioni economiche e delle priorità dei singoli Stati. Parallelamente viene rafforzato il ruolo del Nuovo Banco di Sviluppo, che può rappresentare uno degli strumenti fondamentali per finanziare infrastrutture, transizione energetica e sviluppo senza subordinare automaticamente le politiche economiche dei Paesi del Sud globale alle condizionalità delle istituzioni finanziarie tradizionali.
La sovranità economica passa anche dalla finanza, dalla tecnologia e dall’energia
Qui si trova una delle questioni decisive. Per decenni una parte enorme del mondo è stata costretta a finanziare il proprio sviluppo attraverso meccanismi nei quali il potere decisionale rimaneva concentrato nei Paesi economicamente più forti. Il risultato è stato spesso un rapporto asimmetrico tra Nord e Sud del mondo: materie prime, lavoro e mercati provenienti dai Paesi periferici, mentre valore aggiunto, finanza e capacità decisionale rimanevano prevalentemente concentrati nei centri capitalistici.
Il progetto BRICS tenta di modificare questo rapporto di forza. Non significa che all’interno dei BRICS non esistano contraddizioni. Al contrario, esse sono numerose. India e Cina hanno interessi strategici non sempre coincidenti; Russia, Cina, India, Iran, Brasile, Sudafrica e gli altri membri hanno differenti strutture economiche e differenti collocazioni geopolitiche. Proprio per questo il risultato di New Delhi è significativo: riuscire a costruire un documento comune tra Paesi così diversi significa che esiste un interesse condiviso a difendere uno spazio autonomo del Sud globale.
Il BRICS non è dunque un nuovo blocco militare e non deve trasformarsi in una replica, con segno geografico opposto, della logica dei blocchi che ha caratterizzato la Guerra fredda.
La sua forza potenziale sta precisamente nella costruzione di un ordine internazionale fondato sulla cooperazione tra Stati sovrani, sulla non ingerenza e sulla possibilità di scegliere differenti modelli di sviluppo. Da questo punto di vista assume grande rilevanza anche la posizione espressa a New Delhi contro le misure economiche coercitive unilaterali. La dichiarazione sostiene che le sanzioni unilaterali non autorizzate dal Consiglio di Sicurezza delle Nazioni Unite producono conseguenze negative anche sui diritti allo sviluppo, sulla salute e sulla sicurezza alimentare delle popolazioni.
È una questione che riguarda direttamente milioni di persone. Le sanzioni economiche non colpiscono soltanto governi e apparati statali. Quando impediscono l’accesso a tecnologie, farmaci, energia, sistemi finanziari e mercati, possono produrre conseguenze sulla vita quotidiana delle popolazioni. Per questo la costruzione di circuiti commerciali e finanziari alternativi assume anche un valore sociale e politico.
New Delhi ha inoltre mostrato che la cooperazione BRICS non riguarda soltanto la finanza. Mentre l’intelligenza artificiale è entrata con forza nell’agenda del gruppo. La dichiarazione riconosce le enormi potenzialità dell’AI per la crescita e lo sviluppo sostenibile, ma insiste sulla necessità di renderne l’accesso più inclusivo e di evitare che le nuove tecnologie diventino un ulteriore strumento di concentrazione del potere economico.
Questo punto è essenziale. Il XXI secolo rischia infatti di riprodurre, attraverso l’algoritmo, le stesse gerarchie del capitalismo novecentesco. Chi controlla dati, infrastrutture digitali, semiconduttori, cloud, intelligenza artificiale e sistemi finanziari digitali controlla una parte crescente della ricchezza mondiale. Per questo la sovranità tecnologica deve diventare una componente della sovranità nazionale e della cooperazione internazionale.
Il Sud globale vuole costruire sviluppo, non nuove gerarchie
La stessa logica riguarda le catene globali del valore. La dichiarazione di New Delhi prevede una maggiore cooperazione per rendere le catene produttive più resilienti e inclusive e per permettere ai Paesi emergenti di salire nella catena del valore, superando il ruolo subordinato di semplici fornitori di materie prime o manodopera a basso costo.
È qui che il progetto BRICS può assumere un significato storico. Se la cooperazione rimarrà limitata agli scambi commerciali, il cambiamento sarà parziale. Se invece diventerà cooperazione industriale, tecnologica, scientifica, energetica, sanitaria e finanziaria, allora il multipolarismo potrà tradursi in una diversa struttura dell’economia mondiale.
Anche sul piano ambientale emerge una contraddizione che non può essere ignorata. I BRICS ribadiscono il sostegno all’Accordo di Parigi e alla cooperazione sul cambiamento climatico, ma contestano contemporaneamente quelle misure commerciali unilaterali che, presentate come strumenti ambientali, possono trasformarsi in nuove barriere contro le economie dei Paesi in via di sviluppo.
La transizione ecologica non può diventare una nuova forma di protezionismo del Nord contro il Sud
Occorre invece finanziare la transizione, trasferire tecnologie, cancellare o ridurre i vincoli finanziari che impediscono ai Paesi più poveri di investire e riconoscere il principio delle responsabilità comuni ma differenziate. Da New Delhi arriva dunque una proposta che non è ancora un nuovo sistema mondiale, ma rappresenta un tassello concreto nella sua possibile costruzione.
Il passaggio decisivo sarà verificare se le dichiarazioni riusciranno a trasformarsi in istituzioni e strumenti effettivamente operativi.
L’Europa davanti alla nuova realtà multipolare
Il BRICS deve ora dimostrare di poter trasformare il proprio peso demografico, economico e politico in capacità concreta di cooperazione. Deve aumentare il commercio nelle valute nazionali, sviluppare sistemi di pagamento interoperabili, rafforzare il Nuovo Banco di Sviluppo, promuovere la cooperazione tecnologica e industriale, sostenere la sicurezza alimentare ed energetica e costruire una rete di relazioni Sud-Sud sempre più autonoma.
Non si tratta di sostituire un’egemonia con un’altra. Si tratta di superare la logica dell’egemonia. Questa è la differenza fondamentale tra un semplice spostamento dei rapporti di forza e una vera trasformazione dell’ordine internazionale.L’Europa dovrebbe guardare a questo processo con attenzione e senza i paraocchi della contrapposizione ideologica. La crescita dei BRICS non è necessariamente una minaccia per l’Europa. Può diventare, al contrario, l’occasione per recuperare una politica estera ed economica più autonoma, fondata sulla cooperazione con tutti i grandi poli del mondo e non sulla subordinazione automatica a Washington.
Un’Europa realmente sovrana dovrebbe poter commerciare con Cina, India, Russia, Brasile, Africa, America Latina e tutti i Paesi del Sud globale senza trasformare ogni relazione economica in una scelta di campo militare.
È precisamente questa la lezione politica di New Delhi.,Il mondo è già multipolare. La questione non è più stabilire se il multipolarismo arriverà, ma capire quale forma assumerà.
Potrà essere un multipolarismo fondato sulla competizione permanente, sul riarmo e sulla frammentazione dei mercati. Oppure potrà diventare un sistema di cooperazione tra Stati e popoli, nel quale sviluppo, pace, giustizia economica e sovranità nazionale siano considerati elementi inseparabili.
I BRICS di New Delhi hanno indicato una strada. Ora occorre percorrerla. Perché il vero significato del multipolarismo non è avere più potenze che competono per il dominio del mondo. È fare in modo che nessuna potenza possa più pretendere di dominarlo.
Luciano Vasapollo e Rita Martufi"
20260920130000,Messaggero Veneto Udine,https://www.messaggeroveneto.it/cronaca/linverno-demografico-di-pordenone-dal-2007-le-nascite-sono-inferiori-ai-decessi-v4jia7rv,,,,,,srclc:ita,"L’inverno demografico di Pordenone: dal 2007 le nascite sono inferiori ai decessi
In 23 anni il saldo naturale è negativo di 3.424 unità. Il Pd chiede più servizi per aiutare le famiglie. Il nido di via Cantore chiuso: «Servono tempi certi»
Il nuovo nido di via Musile è operativo dal 2025, ma quello di via Cantore resta ancora chiuso. È su questo ritardo che i consiglieri comunali del Pd,
Contenuto Premium
Questo contenuto è riservato agli abbonati.
Accedi con username e password se hai già un abbonamento.
Scopri tutte le offerte di abbonamento sul nostro shop.Shop
Non hai un account? Registrati ora.
Riproduzione riservata © Messaggero Veneto"
20260920111951,La Gazzetta Del Mezzogiorno,https://www.lagazzettadelmezzogiorno.it/news/editoriali/2138586/il-governo-continui-a-investire-in-spesa-sanitaria-e-pretenda-dalle-regioni-il-massimo-rigore.html,,,,,,srclc:ita,"Una delle idee più lungimiranti che la politica della Prima Repubblica ha avuto il coraggio di elaborare e portare avanti è l’istituzione nel 1978 del Servizio Sanitario Nazionale. A volere questa riforma, approvata alla vigilia di Natale di quell’anno, ma che diventerà operativa solo diversi anni dopo, fu la democristiana Tina Anselmi. All’epoca era Ministro della Sanità del governo Andreotti IV: un esecutivo molto particolare che ricevette la fiducia i giorni successivi al sequestro di Aldo Moro con l’appoggio esterno del Pci. La nascita del SSN, che mise fine alla (costosa) copertura fornita dalle mutue secondo una logica che privilegiava il posto di lavoro e, anche per questo, fonte di iniquità e disparità sociali, avvenne in un contesto politico di grande tensione. Oltre al terrorismo, i partiti di maggioranza dell’epoca furono alle prese con una preoccupante crisi energetica innescata dal prezzo molto elevato del petrolio: corsi e ricorsi storici avrebbe detto Giambattista Vico. L’articolazione del Servizio Sanitario Nazionale si sviluppò lungo tre linee: Stato, Regioni e Comuni. Questi ultimi si sarebbero avvalsi di unità territoriali, con il tempo diventate aziende sanitarie locali in nome dell’esigenza di gestire in modo manageriale questo importante settore. I principi ispiratori della riforma furono l’universalità, l’uguaglianza e l’equità: garanzia delle prestazioni sanitarie a tutta la popolazione senza distinzione alcuna e pari opportunità nell’accesso alle cure. Gradualmente si crearono le condizioni per intervenire sullo spostamento del baricentro attentivo dalla malattia al malato e per valorizzare contemporaneamente prevenzione, cura, riabilitazione e assistenza sanitaria.
Dalla fine degli anni Settanta ad oggi molto è cambiato dal punto di vista demografico, sociale, persino antropologico. Si pensi al tema della transizione demografica. Oggi quasi un italiano su quattro ha più di 65 anni. L’aspettativa di vita ha raggiunto ormai quasi gli 84 anni di media grazie soprattutto ai progressi fatti dalla medicina e dalla ricerca scientifica e farmacologica, ma anche grazie all’innovazione tecnologica (come la telemedicina) e all’evoluzione dei modelli gestionali. Una situazione positiva? Certamente sì se pensiamo alla “longevity economy”, ma non possiamo dimenticare che il 40% dei nostri concittadini è affetto da almeno una malattia cronica (la percentuale arriva ad oltre il 70% per gli over 65) e che il 20% è affetto invece da due malattie croniche. Teha Group (Ambrosetti), elaborando i dati Istat, ha calcolato che in media quasi il 30% della vita (pari a circa 25 anni) viene vissuto in cattiva salute con un impatto significativo sulla gestione sanitaria e sul welfare. Di seguito riporto le prime dieci cause di mortalità: malattie cardiovascolari; tumori; disturbi neurologici; malattie respiratorie infettive; diabete; malattie respiratorie croniche; malattie gastrointestinali; incidenti da trasporto; eventi suicidari; infezioni enteriche. Sedentarietà, alimentazione non corretta ed equilibrata, fumo e consumo di alcolici rappresentano, invece, i principali fattori di rischio nello sviluppo di patologie croniche. Ad essi si aggiungano i fattori socio-economici, come per esempio il reddito, l’istruzione e l’occupazione.
Di fronte al quadro appena descritto il Servizio Sanitario Nazionale, che resta la migliore soluzione esistente al mondo, ha certamente bisogno di essere ammodernato e ricontestualizzato, come ha sottolineato qualche giorno fa il sottosegretario alla salute Marcello Gemmato a Milano, ad un convegno di Federfarma Lombardia, organizzazione presieduta da Annarosa Racca. In quest’ottica è possibile che la prevenzione diventi un asset strategico: si pensi ai numeri ancora troppo bassi delle adesioni agli screening oncologici. A questo si aggiunga la necessità di potenziare le campagne di immunizzazioni per bambini e adolescenti, ma anche per gli adulti. Sul piano della territorialità, inoltre, stando a quello che rileva l’elaborazione fatta da Teha Group su dati del Ministero della Salute, va evidenziato che gli investimenti del Piano di Ripresa e Resilienza hanno consentito all’assistenza domiciliare di raggiungere e superare il target del 10% di popolazione: si è arrivati, infatti, all’11,3%. Situazione simile si può riscontrare per le Case di Comunità e gli Ospedali di Comunità. Sul piano della gestione delle risorse umane si segnala, infine, la collaborazione virtuosa tra medici di medicina generale, infermieri e farmacisti. Questi ultimi rappresentano una delle professioni sanitarie più diffuse in Italia. Il nostro è il Paese che registra il numero più alto di farmacisti d’Europa.
Il potenziamento del capitale umano è la prima delle condizioni necessarie a garantire la risposta all’aumento dei bisogni di salute, ma anche alla cronicità, dovuta appunto all’invecchiamento della popolazione e alla necessità di non abbassare la guardia sull’aderenza terapeutica. E’ a questo punto del ragionamento che entra il tema della sostenibilità del sistema sanitario. Il governo guidato da Giorgia Meloni ha migliorato di molto il quadro di finanza pubblica e ha aumentato le risorse a disposizione del Servizio Sanitario Nazionale. E’ di 17 miliardi in più la quota destinata dall’esecutivo al settore della sanità pubblica nel confronto con il 2022. La premier rivendica giustamente di aver messo mano allo stanziamento nominale più alto di sempre e di aver previsto risorse destinate ad assunzioni, aumento di stipendi e abbattimento delle liste d’attesa. Del resto, non è certo una cifra di poco conto quella dei 143 miliardi di euro messi a disposizione del Fondo Sanitario nel 2026. Bisogna continuare ad operare in questa direzione per avvicinare la spesa pro capite italiana in sanità a quella della media europea e neutralizzare il costo dell’inflazione, allineandosi al gettito delle entrate (con la Meloni le tasse in verità sono diminuite) e al Pil. Bisogna preservare i risultati raggiunti finora dal centrodestra grazie a scelte lungimiranti, superando le differenze esistenti tra le Regioni. Queste ultime farebbero bene, oltre che a rivendicare più risorse economiche, ad amministrare meglio quelle disponibili per ripianare con managerialità il deficit.
La Puglia ha una situazione finanziaria davvero preoccupante, tanto da aver indotto Decaro ad un aumento dell’addizionale regionale Irpef. Intervenendo alla cerimonia inaugurale della Fiera del Levante (per il governo c’era il Ministro del Turismo Giammarco Mazzi) il governatore pugliese ha detto che si è trattato di una scelta difficile, ma necessaria e che con scaglionamenti e progressività si può evitare che il conto dei buchi della sanità (fatti da maggioranze di centrosinistra) li paghino i più fragili. Decaro si è impegnato a ridurre le liste d’attesa, a riorganizzare i pronto soccorso e a rafforzare la presa in carico dei pazienti cronici. Vedremo se le cose cambieranno.
La sostenibilità è parola sempre più centrale nel discorso pubblico. Essa non è declinabile solo in chiave economica e finanziaria. Occorre considerare anche la sostenibilità sociale che rappresenta una leva di grande rilevanza per perseguire obiettivi di inclusione e contrastare le disuguaglianze. Il partenariato pubblico-privato, la logica ecosistemica e non molecolare nella gestione della salute dei cittadini, la complementarietà tra le professioni sanitarie, l’investimento in prevenzione, lo sviluppo della ricerca scientifica, l’appropriatezza delle cure, l’aderenza terapeutica, il rafforzamento dei presidi territoriali del SSN (come è avvenuto anche con l’introduzione della “farmacia dei servizi”) e da ultimo un’interpretazione estensiva della sostenibilità sanitaria sono concetti chiave dai quali non si può più prescindere. In palio ci sono i vecchi e i nuovi bisogni dei cittadini e i loro diritti."
20260920105431,Open,https://www.open.online/2026/09/20/festival-open-2026-francesca-albanese-stop-armi-kiev-video/,,,,,,srclc:ita,"Festival di Open 2026, Albanese: «Sono d’accordo con chi pensa che bisogna smettere di inviare armi a Kiev» – Il video
«Sono d’accordo con quelli che pensano che bisogna smettere di inviare armi all’Ucraina e riportare la discussione all’interno dello spazio politico». A dirlo sul palco del Festival di Open è Francesca Albanese, la relatrice speciale delle Nazioni Unite sui territori palestinesi occupati. «Non ce l’ho la soluzione per la fine della guerra – prosegue – ma sono convinta che la situazione in Ucraina la si stia strumentalizzando per giustificare quel discorso orribile che siamo già in guerra ed è una guerra ibrida».
Ucraina, Gaza e il «doppio standard» del diritto internazionale
Albanese ricorda come, di fronte all’invasione russa dell’Ucraina, la comunità internazionale abbia inizialmente applicato il diritto internazionale secondo i suoi principi fondamentali. «Quello che ho detto sin dall’inizio ai diplomatici che incontravo, soprattutto del mondo occidentale, è che quando c’è stata l’invasione russa dell’Ucraina avete applicato il diritto internazionale proprio seguendo i libri, i manuali, su come si risponde a un’aggressione, dalla A alla Z», afferma Albanese. La relatrice sottolinea quindi la distinzione tra le ragioni politiche e geopolitiche che possono aver contribuito allo scoppio di una guerra e la valutazione giuridica dell’atto di aggressione: «Ci sono una serie di motivi che hanno portato a quella guerra, ma la guerra rimane guerra ed è illegittima».
Nel caso dell’invasione russa è scattato immediatamente il pacchetto delle sanzioni. «E io ho detto: “Ma com’è possibile che, davanti a un caso che, dal punto di vista dell’aggressione, presenta delle similitudini – non sono situazioni uguali, però c’è comunque un’aggressione – come quella di Israele nei confronti della Palestina, non si faccia lo stesso?” E diversi interlocutori si sono irritati perché avevo osato fare un paragone», sottolinea. E poi ancora: «Credo che ci sia un calcolo politico che non nasce in Europa, ma all’interno della Nato, guidata dagli Stati Uniti. Penso sinceramente che possa fare comodo avere un’Europa debole e che, per questo motivo, quel fronte rimanga aperto, con un grande sacrificio di vite umane, prima di tutto quelle ucraine».
Ti potrebbe interessare
- Francesca Michielin, Margherita Vicario, California e Francamente al Festival di Open: «Nell’arte le donne sono ancora un percentuale bassissima» – I video
- Al Festival di Open l’anteprima di «Germogli», storie di sordocecità, cura e libertà – Il video
- Pina Picierno al Festival di Open: «Elly Schlein succube di Conte pur di andare a Palazzo Chigi». La replica all’accusa di «guerrafondaia» – Il video
- Festival di Open, Pichetto Fratin: «Primo reattore nucleare nel 2033-2034. Quest’estate ci ha ricordato il cambiamento climatico» – Il video
- Festival di Open 2026, i rettori di Parma e Pegaso su come cambiano gli studenti: «Il calo demografico ci impone di ripensare l’università»"
20260920093137,Pressenza,https://www.pressenza.com/it/2026/09/se-il-rap-ha-il-ritmo-della-cittadinanza/,,,,,,srclc:ita,"A Jesi, cittadina marchigiana, giovani musicisti rap di seconde e terze generazioni raccontano il loro quartiere e i loro desideri attraverso musiche meticce e parole radicali. Portano un po’ di vita pulsante nel deserto culturale e umano del ghetto che il razzismo e le politiche sicuritarie hanno immaginato per loro
Iehb vive a Jesi, anzi vive al Campo Boario, come tiene a precisare. Jesi è una città marchigiana di provincia con poco meno di quarantamila abitanti. Nel corso degli ultimi venticinque anni le politiche abitative e urbanistiche, assieme al fenomeno migratorio, hanno provocato un profondo cambiamento demografico in uno dei suoi quartieri storici e popolari, quello di San Giuseppe con il suo Campo Boario. Sono le strade da sempre espressione dell’identità popolare jesina, oggi abitate prevalentemente da jesini arrivati da altri Paesi, i cui figli sono già cittadini di seconda e terza generazione e qui hanno le loro radici.
Nel quartiere c’è l’Istituto Comprensivo Federico II, una scuola modello ma ritenuta di frontiera, guidata da un dirigente scolastico coraggioso che si chiama Massimo Fabrizi insieme a un valido organico di docenti e personale. In questi giorni è iniziato il nuovo anno scolastico e in tre prime classi elementari dell’istituto gli alunni sono tutti jesini “nuovi”, figli di famiglie che sono arrivate da lontano.
Nel quartiere la media anagrafica contrasta sia con il dato nazionale che cittadino: a prevalere sono infatti i giovani e i giovanissimi. Quella zona urbana, che non è definibile periferia e che confina con le mura storiche medievali, viene considerata quasi ‘altro’ dalla città sia per come si percepisce chi ci abita, sia per come la ghettizza e stigmatizza non poca parte del resto degli jesini. E’ anche per questo motivo che i giovani di qui incontrano poche persone che vivono nelle altre zone della città, e tra queste hanno a che fare soprattutto con il personale delle forze dell’ordine.
Certo non è un quartiere semplice, ci sono problemi che non possono essere edulcorati. Prima di tutto di relazione, perché a vivere questa sorta di apartheid non sono solo i cosiddetti ‘stranieri’ ma anche gli jesini loro vicini di casa; che sono rimasti perché magari le condizioni economiche non hanno consentito di andarsene, o che si sono trasferiti in altri quartieri affittando le case di genitori e nonni ai nuovi arrivati, per poi razzializzarli sui social. Ci sono anche problemi di microcriminalità, ma ben al di sotto dei dati nazionali, anche se fa notizia di cronaca un bimbo che gioca con la pistola che schizza l’acqua sul prato della scuola. Un quartiere dove diventa iceberg il piccolo spaccio; ma il cliente del pusher locale arriva spesso a fare acquisti dal centro città o dalle zone residenziali.
La politica locale tenta con alcune iniziative di favorire l’integrazione, ma non bastano. Una politica che è legata ormai esclusivamente al consenso non può perdere tempo dove il consenso non può arrivare, perché la maggioranza di chi abita lì, anche se ci è nato, il diritto di voto non ce l’ha. Quindi a prevalere è la risposta securitaria e poliziesca, a cui si accoda senza distinzioni anche il centrosinistra cittadino. La stessa del governo e del ministro Piantedosi con i suoi sei decreti sicurezza; in cui i bersagli italiani o stranieri, inclini ai piccoli reati o manifestanti per la Palestina, sono esclusivamente i giovani.
Nella società in cui tutto è mainstream, anche la gestione della sicurezza diventa scenografica: a Jesi, lo scorso gennaio, per reprimere presunti autori di presunti episodi di criminalità è arrivato da Pescara l’elicottero dei Carabinieri che ha sorvolato all’alba il quartiere San Giuseppe. Una sceriffata che si è conclusa con qualche avviso orale da parte del questore.
Delle armi giocattolo – quelle che si trovano in qualsiasi set di posa – utilizzate come materiali di scena in un video rap diffuso sui social hanno fatto scattare la più repressiva delle azioni di polizia che la città abbia mai conosciuto. Quel blitz in stile hollywoodiano ha portato però alla luce per la prima volta, anziché dei pericolosi criminali, dei giovani artisti che con la musica rap raccontano sé stessi e il loro desiderio di riscatto e di normalità.
BOARIO#1, TOSSICO, C’EST LA VIE, CHAWAFET sono i video musicali che IHEB, RSH, e altri ragazzi hanno lanciato in questi mesi sui social, su Youtube e su Spotify. Sono stati girati nel quartiere e vedono protagonisti questi ragazzi. Sono buoni prodotti musicali dai testi taglienti come è tipico del linguaggio rap, densi e veri.
In una città in cui da tempo si è progressivamente spenta ogni tensione culturale e artistica sia pubblica che privata, l’unico progetto culturale qualificato e qualificante è dato dalla musica e dai testi di questi giovani cittadini. Loro si raccontano in maniera radicale e promuovono la città, perché ne raccontano la vita vera che pulsa, la parte che vuole emergere dal ghetto e dallo stigma che aspira a essere riconosciuta. A raccontare ‘fuori le mura’ la Jesi del presente non saranno certo gli scorci urbani di qualche set cinematografico di film o fiction di terza categoria girato in città, e nemmeno lo spot commerciale di un brand del lusso girato dentro il cimitero, espressione dell’architettura ‘brutalista’.
“Cercare e saper riconoscere chi e cosa, in mezzo all’inferno, non è inferno, e farlo durare, e dargli spazio”, scrive Italo Calvino ne Le Città Invisibili. Questa è la sfida che riguarda le città oggi. Lo abbiamo visto a Spin Time, al Bosco Ospizio, lo vediamo anche a Jesi al suo Campo Boario. Ma per far questo non servono i poliziotti, le volanti con le sirene e gli elicotteri: servono operatori di strada, mediatori culturali, cittadini buona volontà, una Chiesa locale che lavi, come fece papa Francesco, i piedi della donna musulmana, amministratori pubblici che non pensino solo alle proprie fortune e alle elezioni. Serve infine, ma questo è invece proprio il punto di partenza, cambiare tutti linguaggio e parole. I giovani rapper del Campo Boario non sono ‘maranza’, ma persone e cittadini. I loro video e la loro musica non sono uno sfregio alla buona immagine e al decoro della città, bensì un atto d’amore e delle mani tese."
20260920090053,Corriere Dell'irpinia,https://corriereirpinia.it/generoso-benigni-ovvero-la-grammatica-del-nuovo-meridionalismo/,,,,,,srclc:ita,"Domani, alle 17.00 presso il Circolo della Stampa di Corso Vittorio Emanuele in Avellino si presentera’ il numero monografico della rivista ‘Nuovo Meridionalismo’, dedicato all’ avv. Generoso Benigni.
– di Mino Mastromarino –
L’avv. Generoso Benigni è rimasto con Noi Irpini . Attraverso la esemplarità del Suo instancabile impegno morale e intellettuale per la nostra terra. E del Suo attaccamento simbiotico con essa.
La Sua, un’eredità culturalmente preziosa: la denuncia della borghesia compiaciuta e la grammatica di un nuovo meridionalismo.
Tutto ciò – tantissimo! – che ha pensato e fatto come intellettuale organico dell’Irpinia ha avuto quale unico scopo il perseguimento dell’ humanitas. Si, proprio quell’inafferrabile e, al contempo, ineludibile tensione verso l’umano che non arretra mai, e nella quale l’etimo e la vita sono inscindibili.
Insomma, l’Umanità quale ethos, e telos . Tutto si tiene.
Ce lo dice Lui stesso nel volume autobiografico Amarcord 2: “Gli anni del Liceo Colletta sono tra quelli a cui resto legato più di tante altre stagioni della mia vita , perché gli studi classici ( anche se non coltivati nella scuola d’elezione, e cioè nel Liceo classico ) sono utili alla crescita umana o, meglio, alla formazione dell’uomo, e quindi fortificano l’Umanità nel suo complesso”.
La sua pregevole prosa ha tratteggiato la figura paterna, quella dell’avv. Achille Benigni, come uomo dai multiformi interessi, dotato di personalità adattiva e, soprattutto, di curiosità cinetica , tanto che il perspicuo Biografo lo ha definito ‘impaziente’ , nel senso letteralmente di chi non è disposto a subire nè a sopportare una vita quieta e ripetitiva .
Mediante la descrizione del dinamismo paterno, l’insigne Avvocato ha inteso trascendere l’annunciata finalità memorialistica; ha voluto cioè esporre (anche) la propria weltanschauung : “ E’ incredibile come Egli riuscisse a fare tante cose , senza trascurare la professione e le numerose incombenze familiari e di natura varia che riempivano la sua esistenza. Egli visse intensamente “; del resto “ egli era convinto che l’avvocato, per la sua formazione accademica e per il largo respiro della sua attività, per la quale occorreva una vastità infinita di conoscenze in ogni campo, acquisiva una saggezza ed una capacità di partecipazione alla vita, che nessuna altra attività poteva generare “.
Ed è proprio l’intensità esistenziale ad essere la cifra del Nostro, per il Quale non esisteva e non doveva esistere alcuno scarto tra i pur distinti ambiti della famiglia, del lavoro e della partecipazione sociale.
Se ne possono riconoscere le radici nel paradigma catoniano del vir bonus dicendi peritus , e nel pensiero ciceroniano dell’eloquentia et salus rei publicae.
Nel De oratore, si confuta l’idea che il retore non possieda altra capacità se non quella della parola; e si sostiene al contrario che l’abilità oratoria forense consente al medesimo di eccellere in ogni disciplina che abbia appreso, e di superare in essa anche quanti gliel’abbiano trasmessa ( gli esperti) : l’oratore giudiziario sarà capace di affrontare qualsiasi argomento, purché lo abbia studiato allo stesso modo in cui si dedica alla causa dei propri clienti, persino meglio o con maggiore eleganza (melius et ornatius).
Il grande latinista irpino, Antonio La Penna, dopo quasi due millenni, confermerà che il primo e più efficace strumento di lotta politica fu per Cicerone l’oratoria. L’importanza della sua opera retorica nella cultura antica ed europea sta nell’elaborazione del modello complessivo di cultura… [ che] si pone al di sopra di ogni cultura tecnica o specializzata, al di sopra di ogni formazione professionale.
Mette conto in proposito richiamare un altro illuminante episodio, non solo aneddotico, dell’autobiografia. Generoso ha lamentato che il padre voleva che frequentasse lo studio legale ben prima della laurea, ritenendo preminente la pratica professionale sullo studio teorico.
L’ affettuosa dissonanza con l’autorità paterna rivela l’ideale formativo del Nostro per il quale – al contrario – bisognava e bisogna anteporre – nella scansione del processo educativo – l’astrazione all’empirìa, la gratuità dello studio alla sua finalizzazione pratica.
Vi è qui una perspicace convergenza di Benigni sulle lucide tesi pedagogiche di Gramsci.
Nei Quaderni dal carcere si argomenta che “ lo studio o la parte maggiore dello studio deve essere (o apparire ai discenti) disinteressato, non avere cioè scopi pratici immediati o troppo immediati. Oggi la tendenza è di abolire ogni tipo di scuola «disinteressata» (non immediatamente interessata) e «formativa» o di lasciarne solo un esemplare ridotto per una piccola élite di signori e di donne che non devono pensare a prepararsi un avvenire professionale e di diffondere sempre più le scuole professionali specializzate in cui il destino dell’allievo e la sua futura attività sono predeterminate. Nella scuola attuale, per la crisi profonda della tradizione culturale e della concezione della vita e dell’uomo, si verifica un processo di progressiva degenerazione: le scuole di tipo professionale, cioè preoccupate di soddisfare interessi pratici immediati, prendono il sopravvento sulla scuola formativa, immediatamente disinteressata. L’aspetto più paradossale è che questo nuovo tipo di scuola appare e viene predicata come democratica, mentre invece essa non solo è destinata a perpetuare le differenze sociali, ma a cristallizzarle in forme cinesi…Ma la tendenza democratica, intrinsecamente, non può solo significare che un operaio manovale diventa qualificato, ma che ogni «cittadino» può diventare «governante» e che la società lo pone, sia pure «astrattamente», nelle condizioni generali di poterlo diventare” .
Cui seguirà l’esortazione dello stesso Gramsci: “Istruitevi, perché avremo bisogno di tutta la nostra intelligenza” .
Quindi, solo con una robusta attrezzatura culturale è possibile partecipare, con dignità e fecondità di impegno, all’agone meridionalista.
Il meridionalismo di Generoso Benigni, orgoglioso epigono di Guido Dorso, è esposto con magistrale limpidezza nella presentazione del numero ‘0’ della rivista ‘Nuovo Meridionalismo’ del giugno 1983 .
“La considerazione che ha portato all’idea di una rivista che affrontasse i problemi meridionali è che non è più il tempo di fare analisi, giacchè il Mezzogiorno non può attendere. Gli amici, che hanno ideato “ Nuovo Meridionalismo”, non rinnegano le analisi di Villari, di Giustino Fortunato, di Gaetano Salvemini, di Guido Dorso. Ma a questo punto, nel 1983, noi sentiamo urgente il bisogno di proporre soluzioni, di non fare analisi, perché la nostra generazione deve insegnare ai giovani a guardare non più al passato, ma al futuro.
E’ tempo di scuotersi da un torpore centenario…, noi vogliamo l’autonomia spirituale del Sud, non in chiave di contrapposizione al resto del paese, ma come responsabilizzazione di un popolo che ha il diritto e il dovere di autogestirsi. E’ questo il cammino indicato di Guido Dorso, che noi dobbiamo percorrere e non limitarci ad enunciare “.
La conduzione ultraquarantennale – da parte di Benigni – della meritoria pubblicazione è stata aperta e sempre coerente con tali principi, morali prima che editoriali.
Oltre alla necessità di svecchiare lo studio della questione meridionale mediante superamento delle riflessioni degli antesignani, il manifesto programmatico di Nuovo Meridionalismo rileva e impressiona tanto per il radicale abbandono della prassi di mera analisi; quanto per la netta ripulsa delle retrotopìe, additate come un vero e proprio tradimento delle nuove generazioni.
Di tanto sono dimostrazione gli attuali discorsi e studi sul gap geografico italiano, usi a disertare proposte plausibili e a ripiegare noiosamente sulla pura descrizione del fenomeno, rievocando ora questa ora quella soluzione, risalente e sclerotizzata.
Dunque Benigni, sin dal 1983, aveva già sviluppato una concezione meridionalista libera dalla corrive rivendicazioni di natura ( prevalentemente ) economica. Influenzato dall’autonomismo dorsiano, parlò in maniera originale di ‘ autonomia spirituale del Sud’ , intuendo che la disparità territoriale non involgeva soltanto il sottosviluppo delle regioni meridionali o la carenza di infrastrutture. Comprese che il divario Nord- Sud aveva ( come tuttora ha) cause extrafinanziarie, propriamente socio-politiche, il cui fondo di subalternità esigeva una risposta ‘ culturale’ .
L’istanza meridionalista avrebbe dovuto emanciparsi dal tradizionale vincolo dell’assistenzialismo e della concessione dall’alto, che, fondato sulla eterodirezione statale o peggio settentrionale, minava all’origine la buona riuscita di ogni intervento di contrasto delle disuguaglianze territoriali.
E’ proprio quello che ha cercato di spiegare Franco Cassano con il libro dedicato al pensiero meridiano.
Autonomia spirituale significava e significa quindi maturità culturale delle aree meridionali, tale che queste siano in grado di darsi un originale assetto politico-sociale, non mutuato né mutuabile da progetti ed esperienze aliunde realizzati, e integrato nell’unità nazionale .
La conclusione dell’articolo zero non lascia margini di ambiguità sul nitido progetto intellettuale di Benigni:
<<La premessa della nostra azione , che non è propaganda politica, è di liberarci dalla condizione di borghesi soddisfatti per riprendere il contatto vivo con le cose. Non possiamo continuare a respirare polvere in una società che soffoca o ignora le esigenze della democrazia, che sono esigenze di giustizia e libertà>>.
L’idea è intrisa del migliore azionismo, di quel fugace quanto fulgido connubio di giustizia e libertà di Aldo Capitini, di Guido Calogero, di Piero Calamandrei, dei fratelli Carlo e Nello Rosselli.
La denuncia della condizione di borghesi soddisfatti, ossia del pericolo di una borghesia compiaciuta e quindi inerte ha conservato intatta la propria vitalità, specialmente per la sua efficacia ricognitiva e dirimente della complessità della questione meridionale, per come si è trasformata e per come rischia ora di essere fagocitata dal crollo demografico delle aree interne, e dell’Italia intera.
Quando furono illustrate le finalità dell’iniziativa editoriale, si era da poco verificato il terremoto del novembre 1980. Il trauma cedeva gradualmente il passo alle speranze di rinascita. E invece.
Ci si chiede tuttora – sotto il peso della cruda evidenza – quali siano state le cause del fallito rilancio dell’Irpinia, a fronte delle pur ingenti erogazioni nazionali ricevute. E come sia stata possibile la regressione verso l’attuale situazione socio-economico-politica, ancora più disastrosa di quella che aveva caratterizzato il periodo anteriore all’ultimo sisma.
La sindrome del borghese soddisfatto – cioè il dirigente della pubblica amministrazione, l’imprenditore affermato, il professionista riverito, e il benestante proprietario terriero che, compiaciuti e prigionieri del familismo amorale, non si sforzano più di progredire e di intervenire nella società – orientò e condizionò i fondi della Ricostruzione verso una distribuzione per poche categorie privilegiate: diseguale, estrattiva e corporativa. A tal punto che, a distanza di quarant’anni, si può adottare per l’Irpinia l’amara parafrasi di un noto aforisma di Tacito: hanno fatto il deserto, e lo chiamano sviluppo.
L’invito a liberarsi dalla stasi dell’appagamento resta valido ancora oggi.
Avremo il coraggio di raccoglierlo?"
20260920090038,Bluewin,https://www.bluewin.ch/it/attualita/svizzera/gr-sanit-scuole-e-pianificazione-alle-urne-nei-comuni-grigionesi-li.3606355,,,,,,srclc:ita,"Trovato un errore?
Segnalalo ora
Il 27 settembre gli aventi diritto di voto degli undici Comuni dell'Alta Engadina dovranno decidere se approvare quattro nuovi accordi di prestazione per garantire il futuro del'assistenza sanitaria nella regione.
Keystone
Domenica prossima in diversi Comuni retici si andrà al voto su diversi oggetti. Ad Arosa per un nuova seggiovia, in Alta Engadina per la sanità, a Poschiavo per la pianificazione locale e a Thusis per le scuole. Alcune località eleggeranno anche il Municipio.
Gli undici Comuni dell'Alta Engadina andranno al voto per la quarta volta in poco meno di due anni per decidere il futuro dell'assistenza sanitaria nella regione.
Gli elettori dovranno esprimesi su quattro nuovi accordi di prestazione: con l'ente Sanadura, con l'ospedale di Samedan, con le due case anziani Du Lac e Promulins e con il servizio Spitex. I contratti dureranno per tre anni, dal 2027 al 2029.
Per l'ospedale di Samedan sono previsti costi per un totale di 16,9 milioni su tre anni. L'importo per le case anziani ammonta a 9,9 milioni, per il servizio Spitex 490'000 franchi.
In più per la gestione dell'ente Sanadura sono previsti 1,2 milioni di franchi. In complessiva il pacchetto di accordi raggiunge quasi 28,5 milioni di franchi.
Dopo 15 anni di lavoro da parte del Municipio e della Commissione di Giunta (il legislativo comunale), gli aventi diritto di voto del Comune di Poschiavo sono chiamati ad esprimersi sulla revisione totale della pianificazione locale.
Nella posta in gioco figura, tra l'altro, la riduzione dei lotti edificabili da 100 a 82. Per ben quattro volte i piani sono stati esposti pubblicamente.
Una di queste, perché le statistiche federali sull'andamento demografico hanno permesso di aumentare i lotti edificabili, che inizialmente dovevano diminuire di 35 unità.
Il Municipio e tutti i partiti locali si sono schierati a favore della revisione. Alcune voci contrarie si sono palesate tramite lettere aperte pubblicate sui media locali.
A Thusis il numero degli scolari è in crescita e lo spazio a disposizione nelle scuole superiori Compogna è al limite. «Per gli anni scolastici futuri si prevede di avere undici o dodici classi nella scuola secondaria superiore», si legge nel messaggio del Municipio.
Secondo il Comune un ampliamento della sede è la soluzione più sensata sia dal punto di vista dell'esercizio che delle finanze. Secondo i piani è prevista la costruzione di due ulteriori aule scolastiche. I costi per l'intervento sono stimati nell'ordine di 1'081'000 milioni di franchi.
Se gli aventi diritto di voto approveranno il credito, le nuove aule dovrebbero essere pronte per l'anno scolastico 2027/2028.
Per costruire una nuova seggiovia a sei posti ed ampliare l'impianto di innevamento nel comprensorio Parsenn-Gotschna è necessaria una revisione parziale della pianificazione territoriale del Comune di Arosa. Dato che le piste si trovano per gran parte sul territorio di Klosters, anche questa località sarà chiamata alle urne.
Tornando ad Arosa, un potenziamento degli impianti per l'innevamento artificiale dà una maggiore garanzia di neve. Il parlamento comunale ha approvato lo scorso 26 giugno la modifica parziale all'unanimità.
A Bergün/Filisur, Domleschg, Ilanz, Poschiavo, St. Moritz e Zernez si svolgeranno anche le elezioni dei Municipi. Per il sindacato a Bergün/Filisur, Ilanz e Poschiavo si sono messi a disposizione un solo candidato ciascuno. Si tratta di Ruth Leu Marseiler, Martin Capeder e Davide Vassella.
A Domleschg e Zernez invece la popolazione avrà la possibilità di scegliere. A Domleschg si candidano Roland Margadant e Othmar Caviezel, a Zernez invece l'attuale sindaco Domenic Toutsch si ripresenta e verrà sfidato da Fadri Guler.
A St. Moritz il nuovo sindaco, Adriano Iseppi, è già stato eletto quest'estate al ballottaggio. Per i restanti quattro seggi del Municipio ci sono cinque contendenti.
Lo stesso giorno la popolazione eleggerà anche il legislativo comunale, che a partire dal primo gennaio 2027 sarà composto da 11 invece che 17 seggi. I candidati sono 13."
20260920090000,Io Donna,https://www.iodonna.it/attualita/costume-e-societa/2026/09/20/linfinita-fatica-di-diventare-mamme-e-il-crollo-delle-nascite/,,,,,,srclc:ita,"L’infinita fatica di diventare mamme e il crollo delle nascite
La fatica, quella mentale, assale le potenziali mamme prima ancora che lo diventino. A 30 anni fare un figlio è vissuto come uno stress aggiuntivo insostenibile
Se hai 30 anni, un figlio non lo hai ancora fatto e anche tua madre ti ha messo al mondo dopo i 30, c’è il concreto rischio che quando deciderai di avere un bambino sarai già in quell’area della tua esistenza in cui sarà necessario accudire i tuoi genitori. È quello che avrebbe spinto 763mila individui a rinunciare alla procreazione, secondo il Dossier Natalità 2026 della Fondazione per la Natalità, in collaborazione con l’Istat.
Una cifra destinata a salire, visto che l’età in cui si decide di fare un bambino continua a aumentare, mentre le aspettative di vita rimangono elevate, grazie alle cure possibili per gli anziani, che però qualcuno deve preoccuparsi di somministrare. Il tema della cura dunque raddoppia, e si scontra due volte con le carenze del nostro sistema di Welfare. Gli anziani passano in un attimo dall’essere i nonni che potenzialmente aiutano a crescere i nipoti, a essere le altre persone cui prestare accudimento.
La fatica, quella mentale, assale le potenziali mamme prima ancora che lo diventino. A 30 anni le donne sono impegnate nello sforzo di consolidare la carriera, dopo aver superato le difficoltà di trovare un lavoro e/o di renderlo meno precario. Fare un figlio è vissuto come uno stress che non può essere aggiunto ad altro stress.
Il fattore psicologico è molto sottovalutato quando si cercano le ragioni del crollo delle nascite. Le ha ricercate Francesca Bubba, scrittrice e attivista che in quattro giorni ha raccolto più di 10mila risposte da laureate (il 60 per cento), con una relazione stabile (9 su 10 ) e un lavoro a tempo indeterminato (per il 63). E sì, la prima ragione della rinuncia è certamente economica, ma solo per una su due.
Alla domanda su quale componente, potendola cambiare, avrebbe permesso di avere quel figlio cui si è rinunciato, lo stipendio più alto è solo al 21 per cento. Ma le due voci relative a un partner che faccia metà del lavoro e al congedo di paternità obbligatorio insieme quotano il 26,8. Insomma la fatica potrebbe anche essere sopportata, ma solo se condivisa. Soprattutto quando si è certi che presto raddoppierà (francescabubba.substack.com).
Volete condividere con noi emozioni, ricordi, riflessioni? Scriveteci a iodonna.parliamone@rcs.it
Gli articoli di Antonella Baccaro su iO Donna e sul Corriere della Sera.
iO Donna ©RIPRODUZIONE RISERVATA"
20260920084440,Corriere Del Ticino,https://www.cdt.ch/prodotti/cdt-weekend/il-tessin-che-vota-per-lultra-destra-439433,,,,,,srclc:ita,"Il Tessin che vota per l'ultra-destra
Nella più grande piazza ticinese, l’Alter Markt, la famigerata «onda nera» non si vede. I ticinesi sono gente tranquilla: amano la pulizia e i fiori (la piazza è piena di fioriere), si ritrovano alla Skt. Johannes Kirche, la più antica chiesa ticinese, o a feste di paese dove si conoscono tutti. Oggi ad esempio in piazza c’è un festival di yoga.
«Nessuno parla volentieri di politica qui, è una specie di tabù».
Messa e yoga a parte, le elezioni sono l’altro evento che si terrà questa domenica a Tessin, non il Cantone ma l’omonimo comune dell’ex Germania dell’Est. Nel Land di Mecklenburg-Vorpommern l’Afd punta a replicare il trionfo di due settimane fa in Sassonia-Anhalt: i sondaggi lo danno al 35 per cento. Anche a Tessin 3.300 elettori (su 4.200 anime) sono chiamati alle urne allestite nel municipio che dà proprio sull’Alter Markt.
Quattro su dieci
«Cosa mi aspetto? Un’altra batosta, certamente» ammette il sindaco Maik Ritter. «C’è un malcontento strisciante e la gente vuole una rottura».
Nessuno ne parla, ma i ticinesi di recente hanno cambiato partito. Alle ultime federali nel 2025 l’Afd ha già raccolto il 40 per cento dei voti in questo piccolo comune tradizionalmente legato al passato socialista e all’Spd. In collegamento dal suo ufficio, da cui sventola sulla piazza la bandiera ticinese (giallo-rossa), il sindaco socialista non nasconde la sua preoccupazione. Ma ci tiene a tranquillizzare il mondo là fuori: la provincia tedesca non è diventata improvvisamente filo-nazista.
«Qui ci conosciamo tutti, siamo sempre gli stessi. È la situazione intorno a noi a essere cambiata».
In fondo non c’è posto migliore di un paesino di campagna per capire la trasformazione socio-politica che stanno attraversando la Germania, un grande Paese fatto di piccoli paesi, di tante piccole Tessin.
I ticinesi del Mecklenburgo hanno vissuto il nazismo e l’ex DDR: quando nel 1945 l’Armata Rossa entrò in città 107 persone si tolsero la vita. Diversi anziani «ricordano ancora bene quel periodo» spiegano le infermiere della casa anziani del paese (la «Tessinum») che si trova in una via intitolata a Karl Marx.Nella memoria le ferite del passato sono vivide come quelle del presente: molti hanno già votato per posta e alcuni andranno alle urne di persona, oggi. «Le elezioni sono un argomento sentito tra gli ospiti, le discussioni non mancano».
Il rimpianto della DDR
L’invecchiamento della popolazione è del resto un problema concreto a Tessin. La natalità è in calo da decenni: senza l’immigrazione di famiglie dalla vicina Rostock (capoluogo del Land) il bilancio demografico sarebbe in negativo. Dopo il crollo dell’URSS nel comune sono arrivati investimenti e servizi (la stazione, gli autobus), ai palazzoni sovietici si è sostituita l’edilizia eco-sostenibile, ma dopo anni di crescita è iniziata la de-industrializzazione. La fabbrica più grande è la vecchia Zuckerfabrik sovietica, convertita in un centro per la gioventù.
«Le vecchie generazioni rimpiangono l’epoca socialista» spiega il sindaco Ritter. «C’era povertà e poca libertà, ma anche più senso di comunità. Le nuove, invece, hanno altre idee».
La scuola elementare-media del paese è dedicata ad Anna Frank. I circa 400 allievi studiano gli orrori del nazismo e i ventaggi della democrazia, ma rispetto alle elezioni (a cui partecipano anche i 16.enni in Meclenburgo) hanno aspettative concrete. Buona parte sono figli di pendolari: le famiglie si trasferiscono a Tessin dal capoluogo per gli affitti più bassi, e pendolare sarà il destino di molti studenti già a partire dalle superiori (a Tessin non ci sono). «I tagli ai servizi nelle zone periferiche sono un tema che interessa i giovani, così come l’offerta di lavoro e intrattenimento - osserva ancora Ritter -. Poi, naturalmente, ci sono anche le ideologie».
Immigrati non pervenuti
I cavalli di battaglia dell’estrema destra, la sicurezza e l’immigrazione, non sono certamente i problemi più concreti almeno a Tessin. Meno dello 0,5 per cento dei residenti ha origini straniere, spiegano dal Municipio. Nel comune non ci sono richiedenti asilo né immigrazione dai paesi dell’Est, tanto meno problemi di ordine pubblico.
«È un posto molto tranquillo in cui sinceramente gli stranieri sono fin troppo pochi» conferma Cengiz Bindal, gestore di un ristorante kebab sull’Alter Markt (uno dei tre del paese). Origini curde, è arrivato 20 anni fa dalla Turchia come richiedente asilo e si è sempre trovato bene. «Non mi interessa la politica ma un po’ di preoccupazione c’è, è innegabile».
«Non parliamo con i giornalisti»
A pochi passi dal kebabbaro, nella piazza, il mese scorso l’Afd ha organizzato un gazebo elettorale. La scarsa affluenza - «una decina di persone»- non deve trarre in inganno: è la prova che a Tessin il tema è davvero un tabù. Vale anche per i militanti: alla sezione locale del partito (contattata) nessuno ha voglia di parlare. Stessa musica al caffé-biliardo «Zur Daisy», fuori città, il luogo di ritrovo dei sostenitori dell’Afd nel circondario: «Non parliamo con i giornalisti e per favore non chiamate più».
Non resta che vedere come voteranno i ticinesi tedeschi. Secondo molti analisti è improbabile che nel Land il partito replichi i numeri della Sassonia-Anhalt. L’ipotesi più accreditata è che i socialisti, storicamente radicati nel Mecklenburg-Vorpommern, formino una coalizione con i Verdi e Die Linke. In ogni caso i problemi a Tessin rimarrano probabilmente gli stessi. Per quelli, dopo le urne, per fortuna c’è lo yoga."
20260920083841,Radio Luna,https://www.radioluna.it/news/2026/09/latina-nuovi-arrivi-al-comando-provinciale-carabinieri-potenziata-la-forza-organica/,,,,,,srclc:ita,"ATTUALITA'
Latina: Nuovi arrivi al Comando Provinciale Carabinieri. Potenziata la forza organica
Il Neo Comandante Provinciale di Latina, Colonnello Luca Palmieri, ha ricevuto i nuovi arrivi: 10 Marescialli, 2 Brigadieri e 7 Appuntati e Carabinieri. I nuovi arrivati andranno a potenziare l’organico del Comando Provinciale Carabinieri di Latina e contribuiranno, insieme ai colleghi già in forza ai reparti, alle esigenze di sicurezza della popolazione. In particolare il Colonnello Palmieri ha voluto evidenziare la necessità di operare, in ogni circostanza, con grande sensibilità a favore di tutti i cittadini, soprattutto delle vittime maggiormente vulnerabili, attraverso la piena consapevolezza del ruolo rivestito da ognuno di essi, chiamato a fornire un qualificato contributo, con l’obiettivo non solo di accrescere sempre di più il livello di sicurezza di questa provincia, ma anche per perpetuare lo spirito della missione che, da oltre due secoli, caratterizza l’Arma dei Carabinieri, al servizio del cittadino.
ATTUALITA'
Sezze: terminati gli scavi presso la grotta Vittorio Vecchi, scoperta la presenza di tane di iena pleistocenica sui Monti Lepini
È giunta al termine anche la terza campagna di scavo presso grotta Vittorio Vecchi di Sezze. Anche questa campagna è stata condotta dal professor Mario Rolfo dell’università di Roma Tor Vergata, in collaborazione con il Comune di Sezze e con l’autorizzazione della Soprintendenza SABAP Lazio. Questo ulteriore periodo di scavi ha interessato in modo particolare il livello funerario e cultuale del II millennio a. C., dove sono stati rinvenuti numerosi vasi, fibule in bronzo e oggetti in osso lavorati, che forniscono una importante quadro dei culti svolti nella cavità.
Le ricerche hanno indagato per la prima volta un livello pleistocenico di una tana di iena di circa 50 mila anni fa. Al momento il dato è di particolare importanza perché testimonia per la prima volta la presenza di tane di iena pleistocenica sui Monti Lepini.
La campagna ha visto anche la presenza di geologi dell’INGV e dell’Università di Pisa, ricercatori, dottorandi e laureandi dell’Università di Tor Vergata. “Sono particolarmente felice di questo tipo di collaborazione che abbiamo iniziato da qualche anno – ha detto il sindaco di Sezze Lidano Lucidi – segno evidente dell’importanza che la nostra amministrazione dà alla ricerca scientifica e culturale sul territorio comunale.
La presenza di ricercatori, professori universitari, studenti e dottorandi che alloggiano e studiano la nostra storia è molto importante. La scoperta della tana di iena del periodo pleistocenico è di un grande valore scientifico ed è frutto di un progetto iniziato qualche anno fa e che ha permesso di iniziare un percorso comune con l’Università e la Soprintendenza. Abbiamo posto finalmente le basi per fare di Sezze un luogo di studio e ricerca di livello nazionale e su questa strada dobbiamo assolutamente continuare”.
I risultati di questo importante lavoro saranno illustrati alla cittadinanza durante un apposito convegno organizzato nell’ambito del Natale Setino.
ATTUALITA'
Si è insediato Daniele Nardone, nuovo Comandante del Nucleo Investigativo del Reparto Operativo del Comando Provinciale dei Carabinieri di Latina
Il Maggiore Daniele Nardone è il nuovo comandante del Nucleo Investigativo del Reparto Operativo del Comando Provinciale di Latina. Nato a Fossano, ha 37 anni, sposato con un figlio, dopo aver frequentato l’Accademia Militare di Modena, ha terminato il percorso formativo presso la Scuola Ufficiali Carabinieri di Roma, laureandosi in Giurisprudenza presso l’Ateneo di Tor Vergata. Prima di assume l’incarico di Comandante del Nucleo Investigativo Carabinieri di Latina, negli ultimi quattro anni, dal 2022 al settembre di questo anno, ha comandato la Compagnia Carabinieri di Venezia Mestre, con competenza sulla terraferma della città lagunare. Ancora prima, dal 2014 al 2015 ha ricoperto l’incarico di Comandante di Plotone presso il 7° Reggimento Laives, per poi proseguire, dal giugno del 2015 al settembre 2017, con l’incarico di aiutante di campo prima del Comandante Interregionale Vittorio Veneto (con competenza sul triveneto e l’Emilia Romagna) e poi del Comandante delle Scuole dell’Arma dei Carabinieri. Successivamente, per un anno, dal 2017 al 2018, ha prestato servizio come Comandante di Compagnia di Scalea, in provincia di Cosenza, per poi assumere il medesimo incarico, dal 2018 al 2022, presso la Compagnia di Petralia Sottana, in provincia di Palermo. Il Maggiore Daniele Nardone, al suo arrivo, è stato ricevuto dal Comandante Provinciale dei Carabinieri, Colonnello Luca Palmieri, che gli ha rivolto gli auguri di buon lavoro."
20260920060129,Radio Luna,https://www.radioluna.it/news/2026/09/si-e-insediato-daniele-nardone-nuovo-comandante-del-nucleo-investigativo-del-reparto-operativo-del-comando-provinciale-dei-carabinieri-di-latina/,,,,,,srclc:ita,"ATTUALITA'
Si è insediato Daniele Nardone, nuovo Comandante del Nucleo Investigativo del Reparto Operativo del Comando Provinciale dei Carabinieri di Latina
Il Maggiore Daniele Nardone è il nuovo comandante del Nucleo Investigativo del Reparto Operativo del Comando Provinciale di Latina. Nato a Fossano, ha 37 anni, sposato con un figlio, dopo aver frequentato l’Accademia Militare di Modena, ha terminato il percorso formativo presso la Scuola Ufficiali Carabinieri di Roma, laureandosi in Giurisprudenza presso l’Ateneo di Tor Vergata. Prima di assume l’incarico di Comandante del Nucleo Investigativo Carabinieri di Latina, negli ultimi quattro anni, dal 2022 al settembre di questo anno, ha comandato la Compagnia Carabinieri di Venezia Mestre, con competenza sulla terraferma della città lagunare. Ancora prima, dal 2014 al 2015 ha ricoperto l’incarico di Comandante di Plotone presso il 7° Reggimento Laives, per poi proseguire, dal giugno del 2015 al settembre 2017, con l’incarico di aiutante di campo prima del Comandante Interregionale Vittorio Veneto (con competenza sul triveneto e l’Emilia Romagna) e poi del Comandante delle Scuole dell’Arma dei Carabinieri. Successivamente, per un anno, dal 2017 al 2018, ha prestato servizio come Comandante di Compagnia di Scalea, in provincia di Cosenza, per poi assumere il medesimo incarico, dal 2018 al 2022, presso la Compagnia di Petralia Sottana, in provincia di Palermo. Il Maggiore Daniele Nardone, al suo arrivo, è stato ricevuto dal Comandante Provinciale dei Carabinieri, Colonnello Luca Palmieri, che gli ha rivolto gli auguri di buon lavoro.
ATTUALITA'
Sezze: terminati gli scavi presso la grotta Vittorio Vecchi, scoperta la presenza di tane di iena pleistocenica sui Monti Lepini
È giunta al termine anche la terza campagna di scavo presso grotta Vittorio Vecchi di Sezze. Anche questa campagna è stata condotta dal professor Mario Rolfo dell’università di Roma Tor Vergata, in collaborazione con il Comune di Sezze e con l’autorizzazione della Soprintendenza SABAP Lazio. Questo ulteriore periodo di scavi ha interessato in modo particolare il livello funerario e cultuale del II millennio a. C., dove sono stati rinvenuti numerosi vasi, fibule in bronzo e oggetti in osso lavorati, che forniscono una importante quadro dei culti svolti nella cavità.
Le ricerche hanno indagato per la prima volta un livello pleistocenico di una tana di iena di circa 50 mila anni fa. Al momento il dato è di particolare importanza perché testimonia per la prima volta la presenza di tane di iena pleistocenica sui Monti Lepini.
La campagna ha visto anche la presenza di geologi dell’INGV e dell’Università di Pisa, ricercatori, dottorandi e laureandi dell’Università di Tor Vergata. “Sono particolarmente felice di questo tipo di collaborazione che abbiamo iniziato da qualche anno – ha detto il sindaco di Sezze Lidano Lucidi – segno evidente dell’importanza che la nostra amministrazione dà alla ricerca scientifica e culturale sul territorio comunale.
La presenza di ricercatori, professori universitari, studenti e dottorandi che alloggiano e studiano la nostra storia è molto importante. La scoperta della tana di iena del periodo pleistocenico è di un grande valore scientifico ed è frutto di un progetto iniziato qualche anno fa e che ha permesso di iniziare un percorso comune con l’Università e la Soprintendenza. Abbiamo posto finalmente le basi per fare di Sezze un luogo di studio e ricerca di livello nazionale e su questa strada dobbiamo assolutamente continuare”.
I risultati di questo importante lavoro saranno illustrati alla cittadinanza durante un apposito convegno organizzato nell’ambito del Natale Setino.
ATTUALITA'
Latina: Nuovi arrivi al Comando Provinciale Carabinieri. Potenziata la forza organica
Il Neo Comandante Provinciale di Latina, Colonnello Luca Palmieri, ha ricevuto i nuovi arrivi: 10 Marescialli, 2 Brigadieri e 7 Appuntati e Carabinieri. I nuovi arrivati andranno a potenziare l’organico del Comando Provinciale Carabinieri di Latina e contribuiranno, insieme ai colleghi già in forza ai reparti, alle esigenze di sicurezza della popolazione. In particolare il Colonnello Palmieri ha voluto evidenziare la necessità di operare, in ogni circostanza, con grande sensibilità a favore di tutti i cittadini, soprattutto delle vittime maggiormente vulnerabili, attraverso la piena consapevolezza del ruolo rivestito da ognuno di essi, chiamato a fornire un qualificato contributo, con l’obiettivo non solo di accrescere sempre di più il livello di sicurezza di questa provincia, ma anche per perpetuare lo spirito della missione che, da oltre due secoli, caratterizza l’Arma dei Carabinieri, al servizio del cittadino."
20260920060051,Bluewin,https://www.bluewin.ch/it/attualita/svizzera/voto-ai-sedicenni-nei-grigioni-le-posizioni-dei-partiti-cantonali-li.3606252,,,,,,srclc:ita,"Trovato un errore?
Segnalalo ora
Il 27 settembre gli elettori grigionesi decideranno se abbassare l'età di voto dai 18 ai 16 anni. Finora solo il Canton Glarona ha approvato questo cambiamento nel 2007. (immagine simbolica)
Keystone
Nei Grigioni il 27 settembre il popolo si esprimerà sull'abbassamento dell'età di voto a 16 anni. Se l'oggetto venisse approvato, i Grigioni sarebbero soltanto i secondi, dopo il Canton Glarona, ad introdurre il diritto di voto a livello cantonale prima dei 18 anni.
In numerosi altri cantoni, proposte simili sono state respinte dal Parlamento o in occasione di un voto popolare. L'anno scorso il Canton Lucerna ha bocciato con quasi l'80% di voti l'abbassamento dell'età di voto.
Anche nei Grigioni ci sono già stati diversi tentativi di introdurre il diritto di voto a 16 anni. Nel 2007 e nel 2009, tuttavia, il Parlamento grigionese ha respinto le relative mozioni.
Questa volta, però, la situazione di partenza è diversa. Una mozione presentata dal deputato Gian Andris Derungs (Centro), presentata su richiesta della Sessione dei giovani dei Grigioni, ha ottenuto la maggioranza nel 2022.
Inoltre, sia il Governo grigionese che la maggioranza del Parlamento retico raccomandano agli elettori di votare «sì» il 27 settembre.
L'approvazione in Gran Consiglio è avvenuta con 73 voti a favore, 34 contrari e un'astensione.
Nelle ultime settimane i partiti hanno formulato le loro raccomandazioni di voto. Centro, Partito Evangelico, PS, Verdi liberali e Verdi sono favorevoli.
Secondo il Centro un coinvolgimento dei giovani nel mondo politico rafforza sia il senso di responsabilità che l'interesse per i processi politici. Inoltre, alla luce dello sviluppo demografico, contribuirebbe a una maggiore equità fra le generazioni.
«Contrariamente alla convinzione ampiamente diffusa secondo cui i giovani sarebbero facilmente influenzabili da posizioni estremiste, la sezione dei giovani del Centro dimostra il contrario», ha sottolineato Andriu Decurtins, membro del comitato direttivo della sezione dei giovani del Centro grigionese citato in un comunicato.
Il Partito Evangelico dei Grigioni fa riferimento all'educazione civica, che avviene a scuola. Essa ha bisogno di essere attuata, non solo di essere vissuta in modo teorico.
«Soprattutto per quanto riguarda le questioni comunali e cantonali, rispetto alle quali i giovani hanno spesso un legame più diretto, è opportuno dare loro voce e offrire loro un campo di esercitazione pratico», ha spiegato il partito, non rappresentato in Gran Consiglio, in una nota.
I socialisti motivano il loro sostegno con l'importanza di coinvolgere presto i giovani nella politica, offrendogli una reale possibilità di partecipazione. «Saranno coloro che subiranno più a lungo le conseguenze delle decisioni politiche prese oggi», continua il comunicato.
Pure i Verdi liberali argomentano il loro «sì» con le ripercussioni che le decisioni prese oggi avranno sulle generazioni future. Secondo il partito concedere il diritto di voto a partire dai sedici anni rafforza la democrazia. Durante l'assemblea dei membri a fine agosto la maggioranza si è schierata a favore dell'abbassamento dell'età di voto.
A 16 anni i giovani devono già prendere diverse decisioni secondo i Verdi: scelgono il loro percorso professionale e decidono sulla loro appartenenza religiosa.
«L'ordinamento giuridico riconosce ormai da tempo ai giovani di questa età la capacità di prendere decisioni autonomamente», si legge in una nota stampa. Per questo motivo secondo i Verdi i giovani di 16 e 17 anni devono poter partecipare anche ai processi decisionali.
Nel messaggio referendario, i contrari sostengono che i giovani di età inferiore ai 18 anni non abbiano la maturità politica necessaria e siano esposti a un rischio maggiore di essere influenzati, ad esempio dai social media. Inoltre, ritengono che l'età di voto fissata a 16 anni non sia in linea con le responsabilità previste dal diritto civile e costituzionale.
Secondo l'UDC con l'abbassamento dell'età di voto si creerebbe «una categoria di elettori di seconda classe». I giovani di 16 e 17 anni potrebbero votare ed eleggere, sottoscrivere iniziative o referendum, ma non potrebbero essere eletti.
«Numerose delle loro esigenze, ad esempio la firma di un contratto di apprendistato, dovrebbero continuare a essere rappresentate dagli adulti», ha spiegato Reto Rauch, presidente del comitato contrario al voto ai sedicenni e granconsigliere UDC, in un comunicato.
Anche la gran parte dei delegati del PLR, partito che in Gran Consiglio era spaccato, si è pronunciata contraria all'introduzione del voto a livello cantonale a partire dai 16 anni.
Se gli elettori grigionesi approveranno la proposta, già a partire dal 2027 circa 3'000 giovani potranno esprimersi alle urne per votazioni ed elezioni cantonali. Il numero degli aventi diritto di voto salirebbe così a 146'000 persone.
Per quanto riguarda le votazioni comunali, i comuni potranno continuare a decidere autonomamente se consentire anche ai sedicenni e ai diciassettenni di partecipare."
20260920060036,Bluewin,https://www.bluewin.ch/it/attualita/svizzera/gr-diritto-di-voto-ai-sedicenni-le-posizioni-dei-partiti-li.3606251,,,,,,srclc:ita,"Svizzera
Mondo
Intrattenimento
Sport
Calcio
MyTech
Flash 24 ore
Svizzera
Mondo
Intrattenimento
Sport
Calcio
MyTech
Flash 24 ore
blue News | bluewin E-Mail | blue News | Bluewin E-Mail | Attualità, Politica, Sport, Persone"
20260920051529,Riviera Ventiquattro,https://www.riviera24.it/2026/09/camporosso-nella-magnifica-comunita-degli-otto-luoghi-il-profilo-storico-del-borgo-a-cura-dello-storico-andrea-gandolfo-977200/,,,,,,srclc:ita,"Camporosso nella “Magnifica Comunità degli Otto Luoghi”, il profilo storico del borgo a cura dello storico Andrea Gandolfo
»Dopo la conquista romana, le zone lungo il mare divennero sedi di abitazioni e centri di vita agricola»
Camporosso. Qui di seguito il profilo storico del borgo di Camporosso che, tra il 1686 e il 1797, insieme ad altre sette ville del contado ventimigliese, fece parte della “Magnifica Comunità degli Otto Luoghi.” A cura dello storico sanremese Andrea Gandolfo.
«Il territorio di Camporosso rimase probabilmente trascurato ai tempi delle tribù degli antichi Liguri, che preferivano sistemare le loro abitazioni sulle alture, mentre, in seguito, dopo la conquista romana e zone lungo il mare divennero sedi di abitazioni e centri di vita agricola. Anche nell’area camporossina è probabile che siano stati stabiliti insediamenti sparsi costituiti da gruppi di case sparse abitate da agricoltori che erano soliti coltivare i terreni circostanti in modo autosufficiente. La frequentazione della zona in età romana è, inoltre, ulteriormente confermata da alcuni reperti venuti alla luce, come un’arula risalente al II secolo d.C. appartenente forse alla decorazione di una tomba romana e successivamente riutilizzata come pietra angolare sulla facciata della chiesa di Sant’Andrea, costituita da un cippo in pietra grigia calcarea della Turbia ed un tempo decorata a rilievo a forma di nicchia con volta semisferica contenente la piccola ara pagana, mentre ai lati la nicchia presentava due finte colonne con capitelli corinzi; importanti i resti di un grande acquedotto romano che serviva ad irrigare e dissetare gli abitanti della confinante “Albintimilium”; gli avanzi di una lapide e un seggio in pietra rinvenuti nella zona di Ciaixe e una macina da mulino per grano con frammenti di vasi ritrovata a nord del paese nel territorio dell’attuale Comune di Isolabona.
Nell’epoca altomedievale i modesti insediamenti romani, situati nei pressi della foce del Nervia, andarono distrutti a causa delle invasioni barbariche, e in particolare di quella dei Longobardi, che devastarono i centri rivieraschi intorno alla metà del VII secolo. Mentre era ancora in corso il lento processo di fusione tra l’elemento ligure romanizzato e quello longobardo, rafforzato dalla contemporanea diffusione del cristianesimo, il territorio camporossino fu interessato dalle incursioni dei Saraceni, i quali, tra il IX e il X secolo, effettuarono numerosi scorrerie sulle coste dell’estremo Ponente, costringendo i pochi abitanti a fuggire ed abbandonare le loro coltivazioni, fino a quando la minaccia saracena non venne definitivamente debellata da una coalizione di principi cristiani, che sloggiarono i feroci corsari dalle loro basi in Provenza.
Intorno all’anno Mille si verificò una generale rinascita della vita e delle attività economiche e sociali da parte degli abitanti della zona camporossina, dove tra l’XI e il XII secolo sarebbe stata anche edificata la chiesa di San Pietro, la cui prima costruzione risale forse al periodo paleocristiana sui ruderi di un antico tempio pagano. A metà del XII secolo sembra comunque che esistessero già nel “Campus rubeus” alcune case circondate da terre coltivate da parte di famiglie di contadini che sfruttavano la particolare fertilità del comprensorio. A partire dal XII secolo tutta la zona da Monaco al torrente Armea entrò stabilmente a far parte dei possedimenti della potente famiglia feudale dei Conti di Ventimiglia, che iniziarono a costruire una serie di castelli nei principali centri della Val Nervia, e in particolare a Dolceacqua, dove già nell’XI secolo si era formata una piccola concentrazione di case che avrebbero costituito il nucleo primitivo del futuro paese. La presenza di un centro abitato, seppur molto limitato, nella zona dell’attuale Camporosso è documentata per la prima volta con sicurezza in una serie di rogiti notarili redatti da Giovanni Amandolesio intorno alla metà del Duecento, i quali si possono considerare gli atti di nascita del paese, dove è attestata in particolare la coltivazione di grano, uva da vino e fichi.
Sempre ai secoli XI-XII è attribuibile la costruzione della piccola chiesa campestre di Sant’Andrea, sorta come modesta cappella sopra qualche rudere pagano su iniziativa dei primi zelanti cristiani e ricordata in atti notarili della metà del Duecento. La zona dell’odierna Camporosso risultava quindi coltivata e stabilmente abitata da numerose famiglie già intorno alla metà del XIII secolo, quando peraltro gli abitanti del comprensorio situato vicino alle foci del Nervia non erano ancora organizzati e stretti da vincoli giurati nell’ambito di una vera e propria amministrazione comunale.
Nel corso del XIII secolo i Conti di Ventimiglia persero gradualmente potere e autorità nel loro contado della Liguria occidentale, dove subentrarono nobili signori feudali provenienti generalmente da Genova, che completarono la disfatta dei conti nel distretto intemelio. In questo periodo Camporosso apparteneva ad un gruppo di paesi ancora in formazione organizzativa, i quali non si erano imposti ai conti negando di fatto la corresponsione di tributi o rivendicando maggiori libertà, ma non erano stati nemmeno venduti a nuovi feudatari forse perché i loro redditi piuttosto modesti non avevano costituito un acquisto conveniente per nessun compratore. Fino al XIV secolo il paese, autonomo e compatto, si presenta quindi come un territorio abitato strettamente legato e dipendente dal comune di Ventimiglia. Gli abitanti di “Campus Rubeus”, uniti solo da vincoli di parentela o interessi pratici di vita, si sentirono uniti maggiormente da motivi religiosi più che da un’autorità politica costituita, tanto che il popolo era solito radunarsi abitualmente nei pressi della chiesa parrocchiale di San Pietro, che era il vero e proprio centro spirituale del paese, il quale, tuttavia, non aveva una sua sede comunale o un centro laico amministrativo vero e proprio.
La popolazione camporossina era allora ruotante intorno alla Confratria di Santo Spirito, un’organizzazione inizialmente di carattere religioso, che rappresentava l’organo al quale era affidata l’amministrazione dei beni della comunità, la scelta delle decisioni collettive, la risoluzione dei problemi comuni e le varie difficoltà e avversità riguardanti i singoli cittadini. Intanto si verificò un graduale ma costante aumento della popolazione con nuovi terreni coltivati e nuove case, che, per motivi di difesa e più agevole reciproco aiuto, vennero costruite non più sparse nei campi circostanti l’abitato ma strettamente unite l’una all’altra in modo da formare un borgo autonomo e compatto. Agli inizi del XIV secolo la famiglia dei Doria cominciò una serie di operazioni belliche per impadronirsi del territorio di Ventimiglia, dove numerose battaglie ebbero come teatro anche la zona di Camporosso, i cui abitanti furono ripetutamente costretti a difendere i loro beni unendosi per comune interesse. Nella successiva guerra scoppiata tra il nuovo signore di Ventimiglia Roberto d’Angiò e i Doria di Dolceacqua, le terre nei pressi del nascente borgo di Camporosso vennero occupate dalle truppe guelfe comandate dal siniscalco Giovanni Baudo, che utilizzò la zona camporossina come base per l’attacco al centro fortificato di Dolceacqua. Nel 1309 i Camporossini, uniti agli abitanti di Vallecrosia guidati da Simone Doria, si allearono agli uomini di Sanremo comandati da Andriolo Doria per combattere presso la foce del Nervia contro il Conte di Ventimiglia. Le truppe dei Doria riuscirono quindi a vincere la battaglia entrando subito dopo a Camporosso e in Ventimiglia, mentre venti anni dopo, nel 1329, re Roberto d’Angiò, rioccupata Ventimiglia, inviò Carlo Grimaldi a Camporosso con l’intenzione di conquistare Dolceacqua, che fu raggiunta dopo alcuni mesi. Tornata la pace, Camporosso rimase alle dipendenze di Ventimiglia con rapporti spesso difficili e contrastati con il capoluogo.
L’1 giugno 1355 si radunarono Imperiale Doria, signore di Dolceacqua, Perinaldo e Apricale e il sindaco di Dolceacqua Maureto Mauro da una parte e i rappresentanti di Ventimiglia dall’altra, per comporre le liti circa i diritti che ognuno pretendeva di avere in Val Nervia, e in particolare le profonde divergenze sorte nel frattempo tra gli uomini di Camporosso, considerati politicamente ventimgliesi, e quelli di Dolceacqua, allora appartenenti al feudo dei Doria. Il documento accennava inoltre a una certa quantità di denaro che Ventimiglia reclamava dagli abitanti di Dolceacqua in base ad antiche convenzioni sul dazio del vino esportato via mare proprio da un piccolo porto situato alla foce del Nervia nel territorio camporossino, che serviva da scalo marittimo per le merci in arrivo e in partenza da una zona coltivata intensamente a vigneti. In base a una sentenza arbitrale emanata nello stesso anno 1355 dal vicario genovese Rainero da Metula si può inoltre evincere come la zona di Camporosso fosse allora interessata da un notevole sfruttamento dei pascoli circostanti l’abitato, mentre si moltiplicavano liti e contrasti tra il comune di Dolceacqua e quello di Ventimiglia per via soprattutto di vari terreni situati nella zona di Camporosso.
La lunga controversia sorta tra il capoluogo intemelio e Dolceacqua coinvolse direttamente Camporosso, che nel XIV secolo era ormai diventato un vero e proprio paese, in quanto appunto nei pressi della foce del Nervia che esisteva un porticciolo dal quale partivano le esportazioni del vino prodotto in tutta la zona circostante. Le liti tra Ventimiglia e Dolceacqua proseguirono per diversi secoli, come testimoniato da vari documenti, tra i quali quello che attesta la pace firmata tra i sindaci di Ventimiglia e quelli di Dolceacqua il 20 ottobre 1441 nella «Loggia» di Camporosso, il quale, facendo parte della città guelfa di Ventimiglia, dovette certo sopportare meritate incursioni e pesanti danni per via della sua collocazione geografica ai confini della ghibellina Dolceacqua. Il notevole dinamismo economico della comunità di Camporosso nella seconda metà del XV secolo appare ulteriormente confermato dall’atto stilato il 6 maggio 1468 nella nuova parrocchiale di San Marco dal notaio ventimgliese Francesco Gibello alla presenza della maggior parte della popolazione camporossina, con il quale i trenta capifamiglia del paese si misero d’accordo per la costruzione di un frantoio in un terreno di Giuliano Gibelli, che andò così ad incrementare la produzione di olio già molto fiorente unitamente a quella del grano macinato nei numerosi frantoi situati nel paese in quanto erano allora molto difficili i trasporti per via terra a dorso di mulo. Un’altra attività particolarmente fiorente era quella della pastorizia condotta nei pascoli circostanti l’abitato, dove si allevavano capre, pecore, qualche maiale e pochissimi bovini, dai quali si ricavavano latte, burro, formaggio e carne destinati al fabbisogno della popolazione locale. Per regolamentare tale attività furono poi molto frequenti le convenzioni stipulate con i paesi vicini, come Dolceacqua, allo scopo di delimitare i rispettivi territori adibiti al pascolo degli animali, tra le quali si può menzionare quella conclusa il 24 maggio 1498 per ampliare i confini dei pascoli che vennero allora estesi ad un territorio comunale ben definito chiamato “iurata”, in cui i pastori camporossini poterono allora condurre il loro bestiame, che poteva pascolare anche in terreni privati a patto che quest’ultimi fossero alberati (uliveti e castagneti) e soltanto in determinati periodi dell’anno.
L’importanza della villa di Camporosso risulta poi confermata da un documento del 17 aprile 1487, con il quale il Consiglio comunale intemelio riconobbe implicitamente la rilevanza assunta da questa sua frazione, nella quale, al pari di altre ville ventimigliesi come Vallebona, San Biagio, Soldano e Vallecrosia, nessun debitore poteva essere molestato nel giorno della festa di San Marco, il santo titolare della parrocchia del paese. Le sempre più pressanti richieste avanzate dalle ville dipendenti per ottenere il riconoscimento formale dei loro diritti costrinsero le autorità intemelie a pervenire ad accordi con le sue frazioni, tra i quali spicca quello siglato a Taggia il 22 dicembre 1509 alla presenza dei due arbitri Simone Reghezza e Benedetto Gastaldi in rappresentanza rispettivamente di Ventimiglia e delle ville dipendenti, con cui furono momentaneamente ricomposti i dissidi tra il capoluogo e le sue frazioni, sulle quali le autorità ventimigliesi continuavano ad esercitare abusi e pretese come quelle di far pagare gabelle particolarmente esose, non rendere pubblici i conti, costringere i pescatori a portare tutti i pesci a Ventimiglia per la vendita e, nello stesso tempo, i pastori a non trattenere in paese nemmeno la ricotta prodotta sul posto. La successiva amministrazione di Ventimiglia da parte del Banco di San Giorgio, che assunse il potere nel 1514, continuò a riconoscere alle autorità locali la facoltà di poter imporre gabelle sull’importazione e l’esportazione di prodotti, favorendo peraltro una graduale revisione delle tasse governative e delle imposte comunali, il cui inasprimento avrebbe tuttavia portato in breve tempo a nuovi e profondi contrasti tra il capoluogo e le ville dipendenti. Un altro importante accordo raggiunto tra i rappresentanti intemeli e quelli delle frazioni venne stipulato il 7 giugno 1543 a Genova alla presenza dei due protettori del Banco Giovanni Imperiale e Antonio De Fornari, i quali sottoscrissero un patto in base al quale gli estimatori che avevano l’incarico di valutare i beni dei cittadini e ripartire equamente le avarie da pagare al Banco di San Giorgio dovessero essere sei delle ville e sei della città, mentre venne confermata la consuetudine secondo la quale ogni anno ciascun pastore camporossino, che usufruiva del pascolo di una bandita, dovesse ottemperare all’obbligo di versare una pecora all’opera del «Corpus Domini», e si codificò l’antica usanza per favorire la raccolta dell’olio per il Santissimo Sacramento che consisteva nell’irrogazione di un’apposita tassa, definita del «chiaravuglio», la quale doveva essere pagata al Comune dai vedovi al momento delle seconde nozze per evitare un rumoroso corteo formati dai giovani del paese che facevano strepitare coperchi, vecchie pentole metalliche e simili attrezzi lungo il percorso dalla chiesa alla casa degli sposi. Nella stessa occasione il rappresentante delle ville Antonio Rondello, forse originario proprio di Camporosso, fece presente ai protettori di San Giorgio il grave problema costituito dalla condotta dell’acqua, la quale veniva spesso manomessa da alcuni abitanti del paese per effettuare prelevamenti irregolari e illegali di acqua, tanto che venne stabilito di nominare degli appositi funzionari, detti «fontanieri», i quali ebbero l’incarico di sorvegliare il canale comminando pesanti sanzioni pecuniarie a tutti coloro che avessero rubato dell’acqua, mentre veniva contemporaneamente concessa ai priori della Confratria del Santo Spirito, ancora una volta considerati alla stregua di veri capi amministratori della comunità, la facoltà di denunciare i ladri di acqua e i fontanieri inadempienti presso il capitano di Ventimiglia.
Proprio per decidere sull’utilizzazione dei beni della Confratria la popolazione di Camporosso si riunì in assemblea il 14 giugno 1545 nella chiesa, dove fu stabilito che tutti i beni della Confratria avrebbero dovuto essere distribuiti in modo equo per le varie necessità della chiesa, delle cappelle e dell’intera comunità. Venne anche deciso che ogni anno, nel giorno di Pentecoste, sarebbero stati eletti due priori, affiancati da altri quattro cittadini di pari qualità morali, che avrebbero deciso collegialmente le modalità di spesa, vendita e affitto delle terre, della casa e di qualunque altro bene appartenente alla Confratria. Verso la metà del XVI gli abitanti di Camporosso risultavano quindi uniti nella Confratria, che si identificava di fatto nella comunità stessa del paese, tanto da derivarne una decisa opposizione nei confronti del vescovo, il quale ne voleva controllare la gestione, considerandola alla stregua di un ‘organizzazione religiosa. Tale contrasto tra l’autorità laica di Camporosso, sorretta saltuariamente da quella del capitano di Ventimiglia e dal Senato di Genova, e quella religiosa, cioè del vescovo diocesano raggiunse il suo culmine alla fine del Cinquecento in occasione della visita pastorale a Camporosso del delegato vescovile secondo le disposizioni del Concilio di Trento. Nel corso di numerose visite pastorali a Camporosso effettuate tra il 1581 e il 1599, il vescovo di Ventimiglia Francesco Galbiati rilevò che la Confratria svolgeva attività di carattere religioso e, dopo aver raccolto numerose prove relative a tale dipendenza religiosa dell’associazione, inviò la documentazione al Senato di Genova affinché questo riconoscesse la dipendenza della Confratria dalla Curia vescovile. Per nulla intimorite da questa iniziativa, le autorità comunali di Camporosso presentarono allora ricorso al Senato della Repubblica, il quale, non convinto delle argomentazioni addotte dal vescovo intemelio, incaricò il capitano di Ventimiglia, dal quale dipendeva Camporosso, di informarsi della pratica e riferire al governo. Il capitano Gio Maria Dalla Torre si recò allora a Camporosso il 7 settembre 1618 per svolgere le sue indagini, dalle quali emerse che già in passato il vescovo aveva avanzato pretese di ingerenza nell’amministrazione della Confratria senza averne diritto, al che il presule rispose rinnovando le sue richieste di revisione dei conti e la possibilità di impiegare quei redditi secondo la sua volontà, costringendo lo stesso capitano Dalla Torre a intervenire nuovamente nel febbraio 1619 per ribadire che i vescovi non erano mai interventi nella riscossione delle entrate della Confratria di Santo Spirito. Per dirimere la controversia il giorno di San Martino del 1619 il vescovo della diocesi e il capitano di Ventimiglia si recarono allora a Camporosso, dove convocarono gli ufficiali del paese, dai quali il capitano si fece consegnare i libri della Confratria, che furono poi consegnati al vescovo con la minaccia, per gli ufficiali camporossini che protestavano vibratamente, di essere inviati in Corsica. Dopoché il presule ebbe ritirato i libri dei conti e nominato i nuovi priori assumendosi direttamente l’amministrazione dei beni, gli ufficiali inoltrarono una protesta formale al Senato genovese lamentando il rischio di una possibile evacuazione del paese in mancanza delle entrate della Confratria, le quali erano indispensabili per le irrinunciabili spese comunitarie del paese. Il vescovo di Ventimiglia Nicolò Spinola si recò allora personalmente a Genova per far valere le sue ragioni sostenendo in particolare la necessità di dividere i beni laici da quelli religiosi, ma provocando anche la ferma reazione della popolazione di Camporosso, la quale ricorse al commissario genovese residente a Sanremo, che il 26 aprile 1620 scrisse al governo perorando la causa dei Camporossini, definiti molto ubbidienti e fedeli alla Repubblica. La controversia durò ancora per molti anni con alterne vicende fino a quando le proprietà dei beni furono definitivamente tolte alla Curia vescovile al tempo della Rivoluzione francese.
Pochi anni dopo, nella primavera del 1625, scoppiò la prima guerra tra il Ducato di Savoia e la Repubblica di Genova, la quale, fin dall’anno precedente, aveva ammassato truppe nella zona di Camporosso al comando del capitano Pasquale Ornano. Invaso il territorio ligure ai primi di marzo, l’esercito sabaudo guidato da Vittorio Amedeo II entrò il 20 maggio a Ventimiglia, da dove il 12 agosto la fanteria sabauda si spostò a Camporosso compiendovi un orrendo massacro di donne e bambini, mentre il governo genovese decideva di inviare in Riviera un contingente agli ordini del barone Watteville, che ai primi di settembre riconquistò numerose posizioni soprattutto in Val Nervia. Da allora si combatterono varie altre battaglie fino alla stipulazione della pace che pose termine al conflitto, nel quale Camporosso non subì fortunatamente altri danni e perdite. Dopo la fine della guerra furono redatti due cartulari nel 1636 e nel 1655 per stabilire le spese da ripartire tra Ventimiglia e le ville dipendenti, tra le quali vi era anche Camporosso, che erano tenute a versare le avarie al governo genovese, le tasse sulla macina, la gabella sulla carne, la tassa sull’olio, le spese per mantenere il capitano della Repubblica residente a Ventimiglia e le spese per le guarnigioni militari nelle fortezze e nelle carceri; le ville, oltre a queste spese generali, erano inoltre obbligate a contribuire a quelle riguardanti la sola città di Ventimiglia, come le spese per la Messa cantata nella cattedrale in onore di Sant’Antonio, quelle per le riparazioni alle mura e alle porte del capoluogo, gli onorari agli amministratori pubblici intemeli e numerosi tributi che gravavano sulle attività commerciali, causando sovente le accese proteste degli abitanti delle ville per la particolare esosità di tali gabelle che ostacolavano lo sviluppo dell’economia locale.
Maggiori e ben più pesanti conseguenze il paese dovette subire nel corso della seconda guerra tra il Ducato di Savoia e la Repubblica di Genova nel 1672, quando, ai primi di settembre, Camporosso fu teatro di sanguinosi combattimenti tra gli opposti eserciti, che si conclusero con gravi perdite da ambo le parti, mentre, nei mesi successivi alla fine della guerra, il borgo rimase alquanto desolato per via della presenza di tanti soldati che obbligavano gli abitanti ad enormi sacrifici, ai quali si aggiunsero la carenza di generi alimentari e una sopravvenuta carestia, che provocarono danni assai ingenti senza che Ventimiglia intervenisse per soccorrere la sua villa. Tale situazione determinò ben presto forti malumori tra i Camporossini che il 14 dicembre 1682 chiesero formalmente al Senato genovese di separarsi dal capoluogo sotto il profilo delle imposizioni fiscali, ottenendo una prima separazione dal punto di vista economico nel febbraio 1683 e infine la totale autonomia amministrativa con decreto emanato il 1° febbraio 1686, il quale portò alla nascita della «Magnifica Comunità degli Otto Luoghi», costituita dalle otto ville ventimigliesi, tra cui Camporosso, che avevano chiesto al governo genovese la separazione da Ventimiglia, formalizzata nell’adunanza dei rappresentanti delle otto ville nell’Oratorio di San Bartolomeo a Bordighera il 21 aprile 1686 alla presenza del commissario della Repubblica Gerolamo Invrea. Nel maggio successivo i delegati di Camporosso chiesero poi al commissario Invrea che la città di Ventimiglia si accollasse le spese per pagare gli enormi danni causati dalla guerra del 1672, mentre il magistrato della comunità emise il 22 dicembre 1690 un «largo e generale compromesso», che venne ratificato dai parlamenti delle ville e di Ventimiglia tra il gennaio e il febbraio 1691 e infine dal Senato genovese il 6 marzo successivo. Pochi anni dopo insorse invece il problema della regolamentazione dell’uso del canale nella proprietà dell’acqua detta di Cantaraina e Fasciae, che indusse il Comune a inviare a Genova un proprio rappresentante per far ristabilire le ragioni e i diritti comunali in merito alla controversia, che fu risolta dal governo genovese con sentenza del 7 agosto 1702, in base alla quale la fornitura dell’acqua contesa venne dichiarata spettante alla comunità camporossina. Nel 1720, in seguito al sopraggiungere di allarmi per l’arrivo di una grave pestilenza, le autorità genovesi provvidero inoltre ad istituire nel territorio dei posti di blocco allo scopo di controllare coloro che si spostavano da un paese all’altro e prevenire così eventuali pericolosi contagi, contro i quali vigilarono costantemente circa duecento soldati agli ordini dei commissari di Sanità Gio Luca Spinola e Francesco Gaetano Durazzo, che risiedettero a Camporosso dall’inizio di novembre del 1720 a settembre dell’anno successivo.
Il territorio camporossino fu interessato anche dalla guerra di successione austriaca, nel corso della quale si svolse un violento combattimento nei pressi dell’abitato il 21 giugno del 1745 tra le truppe franco-spagnole e quelle austro-sarde, che si erano asserragliate nella torre detta dei Cialdini nei pressi di quella detta delle Braie. Alla fine della vittoriosa battaglia i Francesi rimasero a Camporosso sino all’ottobre successivo, quando gli austro-sardi, guidati dal re di Sardegna Carlo Emanuele III, occuparono tutta la Liguria occidentale fino a Monaco, mentre due reggimenti, uno piemontese e l’altro croato, rimasero a Camporosso fino al 3 settembre 1748, per un periodo dunque di oltre tre anni durante i quali la popolazione fu sottoposta a pesanti angherie e soprusi da parte delle truppe di occupazione, che distrussero anche gran parte delle coltivazioni esistenti nei pressi dell’abitato. Ad aggravare ulteriormente la situazione contribuì inoltre una gravissima carestia che colpì la zona di Camporosso tra il 1759 e il 1760 provocando ingenti danni a tutti i generi di raccolto, tanto da indurre parecchi contadini del borgo ad inviare una supplica al governo della Repubblica al fine di ottenere il permesso di poter prendere in prestito una cospicua somma di denaro in grado di compensare le gravi perdite subite per via della carestia, che aveva portato alla fame la popolazione mentre stavano finendo anche le ultime scorte del grano raccolto nell’estate precedente. Una trentina di anni dopo anche Camporosso fu raggiunta dai fermenti rivoluzionari della vicina Francia, tanto che si moltiplicarono gli atti di insubordinazione, soprattutto da parte degli amministratori locali, nei confronti delle autorità costituite. Nell’aprile 1794 l’esercito francese invase il territorio ligure e anche se i paesi appartenenti alla Repubblica di Genova si erano proclamati neutrali, anch’essi dovettero sottostare al regime di occupazione, fornendo fave, fieno e bestie da soma ai soldati francesi, che si lasciarono andare ad ogni sorta di violenza e sopruso spalleggiati dai barbetti, veri e propri banditi controrivoluzionari che arrivarono persino a compiere degli assassinii ai danni di abitanti del paese, oltre ad una serie di persecuzioni nei confronti dei nobili del posto, tra i quali in particolare il marchese Carlo Doria. Dopo l’instaurazione della Repubblica Ligure nel 1797, anche a Camporosso venne innalzato in piazza San Marco l’«albero della libertà» tra canti di inni patriottici, mentre nel luglio dello stesso anno tutti i capifamiglia solennemente riuniti nell’Oratorio dell’Orazione e Morte proposero di autorizzare due loro concittadini a rappresentare la popolazione davanti alle autorità genovesi, che proprio in quei frangenti avevano concesso a Camporosso e alle altre ville vicine la piena autonomia sancendo così la fine della Comunità degli Otto Luoghi.
Durante il periodo dell’occupazione francese le autorità posero a capo della Municipalità di Camporosso un prete, che era giudicato maggiormente in grado di divulgare le idee rivoluzionarie, mentre le prime leggi imponevano il versamento alla «Nazione» di tutti gli argenti e oggetti preziosi conservati nella chiesa del paese e il contemporaneo aumento vertiginoso dei prezzi causava maggiori difficoltà alla popolazione, che venne anche interessata dall’introduzione di una più rigorosa e ferrea burocrazia, la quale impose tra l’altro l’obbligo di denunciare in comune la data di nascita dei figli, quella dei matrimoni e di morte degli appartenenti a ciascuna famiglia. Dopo la momentanea restaurazione dell’antico regime con l’occupazione del paese da parte delle truppe austro-sarde, i soldati francesi ripresero possesso di tutte le città liguri in seguito alla vittoriosa battaglia di Napoleone contro gli Austriaci a Marengo nel giugno del 1800. Ritornati stabilmente i Francesi a Camporosso, accolti da entusiastiche manifestazioni di giubilo da parte della popolazione, il 12 ottobre 1804 fu eletto un nuovo Consiglio comunale, che il 21 ottobre provvide alla nomina del segretario, del conciliatore, degli estimatori di cannella e delle brocche, del Comitato dei censori e del cassiere, mentre continuavano ad imperversare carestie e difficoltà di approvvigionamento che causavano molte vittime. Dopo l’annessione della Liguria all’Impero francese nel giugno 1805, venne nominato maire (sindaco) di Camporosso il signor Agostino Maccario, che fece inventariare le carte depositate nell’archivio e i mobili, e pochi mesi dopo emanò altre disposizioni relative ai locali pubblici e ai coscritti che si dovevano tenere pronti per prestare il servizio militare obbligatorio, che sottrasse tra l’altro molte braccia ai lavori agricoli. Nel periodo napoleonico il paese fu inoltre colpito da frequenti carestie, soprattutto tra il 1811 e il 1813, che fecero molte vittime, che si aggiunsero a quelle causate dalle scorrerie di bande formate da disertori e malviventi, contro i quali intervenne anche un reparto della Guardia Nazionale. Alla caduta di Napoleone fu quindi grande il giubilo dei Camporossini per la fine dell’inviso regime, come dimostrarono ampiamente le calorose accoglienze riservate dagli abitanti del borgo a papa Pio VII, che passò dalla Riviera per rientrare a Roma dopo la fine del suo esilio in terra francese. A distanza di pochi mesi i plenipotenziari europei riuniti a Vienna decisero l’annessione al Regno di Sardegna della Liguria, che, dopo la breve restaurazione oligarchica, entrò ufficialmente a far parte dello stato sabaudo il 1° gennaio 1815. Nello stesso anno l’estremo Ponente fu interessato dalle incursioni di branchi di feroci lupi cervieri, che seminarono morte e terrore, tanto che molti pastori di Camporosso si rifiutarono di portare al pascolo gli armenti per timore degli assalti dei lupi, provocando gravi danni soprattutto alle contrade camporossine delle Ciaxie, dei Brunetti e di San Giacomo. In occasione della proclamazione del Regno d’Italia nel marzo del 1861, quando il paese era passato già da un anno sotto la giurisdizione della nuova provincia di Porto Maurizio in seguito alla cessione della Divisione di Nizza alla Francia, si tennero solenni festeggiamenti con erezione di un arco trionfale nella piazza centrale del borgo, manifestazioni di intrattenimento vario, fuochi d’artificio, pranzo alla banda che aveva suonato per tutto il giorno e distribuzione di vino ai soldati della Guardia Nazionale. Una quindicina di anni dopo il paese fu colpito dal violentissimo terremoto del 23 febbraio 1887, che fortunatamente non fece vittime, ma un solo ferito, il contadino Andrea Palmero, che attribuì la sua salvezza all’intercessione della Madonna della Neve. Si registrarono tuttavia pesanti danni a numerosi edifici, come la chiesa di San Pietro, lo stabile che ospitava le scuole pubbliche e un centinaio di case, per la cui riparazione il governo concesse dei mutui a trentaquattro abitanti, tra i quali il marchese Oberto Doria, mentre non risulta che ne abbiano chiesti sia il Comune che la chiesa parrocchiale.
Un altro disastroso evento naturale si verificò nel 1910 con la piena del torrente Nervia, che provocò molti guai al paese, specialmente alla parrocchiale, tanto che tutto il territorio camporossino fu inondato con gravi conseguenze per le coltivazioni e per l’allevamento degli animali, mentre la zona che subì i danni maggiori fu quella della regione Braie, dove andarono distrutti i frutteti e le coltivazioni di fiori e di piante ornamentali con i proprietari dell’area che lamentarono la completa distruzione del loro lavoro. Nella successiva guerra mondiale del 1915-1918 furono inoltre molti i soldati di Camporosso che caddero sul fronte italiano, dopodiché il paese visse i difficili anni del dopoguerra fino all’instaurazione del regime podestarile voluto dal governo fascista mentre il 15 settembre 1925 Camporosso era stato separato da Ventimiglia ed eretto in Comune autonomo per via della sua accresciuta importanza economica congiunta al notevole incremento demografico verificatosi negli ultimi decenni. Durante il periodo fascista è da segnalare pure la solenne inaugurazione, nel 1937, del monumento al frate cappuccino Giovanni Croese, detto il Padre Santo, illustre cittadino camporossino che si era distinto in particolare nel corso dell’epidemia di colera che aveva colpito la città di Genova nel 1866 recando conforto e aiuto a poveri ed ammalati, tanto da essere stato proclamato beato da papa Pio XI nel 1929 e poi santo da papa Giovanni XXIII nel 1962 e le cui spoglie sarebbero state accolte con solenni festeggiamenti dal popolo di Camporosso nel 1988. Intanto dopo la breve campagna militare contro la Francia nel giugno del 1940, quando il paese fu fatto evacuare per alcuni giorni, l’8 settembre 1943 Camporosso fu abbandonato dai reparti di fanteria e della Guardia alla Frontiera che vi erano di stanza, mentre il 2 ottobre successivo cominciarono ad affluire i primi reparti tedeschi, ai quali si unirono nel gennaio del ’44 alcuni reparti appartenenti ad una batteria costiera che piazzarono dei cannoni, con l’aiuto della Guardia nazionale repubblicana, nella frazione di Sant’Andrea. In quei mesi, inoltre, i nazifascisti saccheggiarono case e rastrellarono uomini da adibire ai lavori più urgenti di fortificazione, catturando anche, nell’aprile 1944, alcuni renitenti alla leva camporossini che sarebbero poi stati fucilati al Turchino il 19 maggio successivo. Dopo lo sbarco alleato in Francia del 15 agosto erano frattanto giunte in paese altre truppe tedesche, che il 15 ottobre insediarono il loro Ortskommandantur e ordinarono contestualmente la forzata evacuazione della popolazione delle frazioni di Brunetti, Balloi, Trinità e Ciaixe, mentre veniva minato tutto il letto del torrente Nervia e piazzate batterie costiere ed antiaeree su tutte le alture circostanti l’abitato tramite il posizionamento di centinaia di mitragliere e cannoni. Il paese rimase quindi occupato dai nazifascisti fino al giorno della Liberazione, quando i Tedeschi si ritirarono e il comprensorio passò in mano alle forze partigiane. Nel secondo dopoguerra Camporosso riscoprì gradualmente la sua vocazione turistica soprattutto nel suo quartiere sul mare, dove si sviluppò un intenso turismo di carattere balneare, mentre la zona montana iniziò ad essere frequentemente interessata da un notevole flusso di turisti, che approfittano della particolare ricchezza di colture e di flora marittima spontanea delle colline circostanti l’abitato per compiere passeggiate ed escursioni, favorite dalla straordinaria mitezza del clima. Negli ultimi anni si è inoltre intensificata la produzione floricola, soprattutto di garofani e rose, alla quale si sono affiancate l’olivicoltura, da cui si trae un pregevole olio di oliva, e la viticoltura con buona produzione di Rossese, l’eccellente vino rosso da tavola, mentre hanno registrato un notevole incremento anche le attività commerciali e artigianali.»"
20260920051314,Tutte Le Ultime Notizie,https://www.ilrestodelcarlino.it/macerata/cronaca/le-famiglie-xl-e-i-246c5a5e,,,,,,srclc:ita,"I coordinatori provinciali dell’Associazione nazionale famiglie numerose (Anfn) rispondono all’inflazione con il progetto ""Aiutiamoci"". Francesco Scavella e Romina Pagnanelli di Chiesanuova di Treia, insieme da 17 anni e marito e moglie dal 21 giugno scorso, sono al timone del gruppo provinciale – che conta 1.050 nuclei iscritti – insieme alla famiglia delegata di Andrea Prestigiacomo e Francesca Ottaviani. Hanno quattro figli, Bryan di 10 anni, Enea di 7, Perla di 5 e Crystal di 2 anni e mezzo. Lui nella vita è consulente familiare, mentre la moglie Romina lavora come necrofora.
""Insieme alla famiglia delegata – spiega Scavella – stiamo lavorando al progetto ""Aiutiamoci"" con il Comune di Macerata con l’obiettivo di estenderlo anche ad altri nuclei. Abbiamo già parlato con l’assessore Pierfrancesco Tasso affinché l’ente possa mettere a disposizione una sala (tipo uno spazio ai Salesiani) dove i genitori possono prendersi cura anche dei figli delle altre famiglie. Se ad esempio un genitore dalle 15 alle 18 lavora, può lasciare lì i bambini; in pratica a turno, secondo le disponibilità, ci si aiuta sul fronte babysitteraggio. Oppure ci si aiuta negli spostamenti, per ottimizzare i giri nel portare i ragazzi in palestra (ad eccezione dei bimbi sotto i 2 anni o in caso di problematiche gravi). Anche perché attualmente un pieno di benzina costa 220 euro"".
Scavella ha una Renault Trafic 9 posti, che ha macinato parecchi chilometri. Le famiglie numerose sono costrette, infatti, a cambiare spesso auto per esigenze di spazio e per maggiore usura, considerando l’intenso utilizzo quotidiano per accompagnare i figli a scuola o a fare sport. ""Senza considerare l’aumento delle bollette, in particolare per l’energia elettrica, del pellet e dei prodotti per la spesa quotidiana – continua –. I prezzi sono raddoppiati anche nei discount. Se poi qualcuno in famiglia ha delle intolleranze i costi aumentano. Noi per fortuna riusciamo a tamponare un po’ i rincari con i pacchi alimentari"".
Si parlerà del progetto Aiutiamoci domenica prossima all’Abbadia di Fiastra nel corso di una ""merendata"" tra le 15 e le 20. Ma tante altre sono le proposte di Scavella. ""Come il servizio di babysitteraggio nelle aziende – afferma –, sgravi fiscali dal terzo figlio, potenziare la sanità pubblica attraverso convenzioni con dottori e dentisti. Per uno dei nostri bambini, un paio d’anni, abbiamo pagato 420 euro al mese per alcune terapie al Santo Stefano; l’ingresso in Anffas è stato per noi salvifico. Sul fronte supermercati poi solo pochissimi hanno stipulato una convenzione per chi ha tre o più figli; se questa invece fosse garantita in gran parte dei negozi, sicuramente le famiglie numerose spenderebbero di più. Sarebbe un modo per abbassare l’inflazione. Un’altra idea potrebbe essere quella degli sconti benzina per tutti coloro che hanno figli, anche solo uno. Insomma, si parla tanto di calo demografico ma poi, nella concretezza, non ci sono ancora vere politiche a sostegno della famiglia. E la famiglia è il motore primario della società""."
20260920050255,Fanpage News,https://www.fanpage.it/attualita/la-denuncia-dalla-sardegna-io-sono-rimasto-senza-cattedra-e-il-bimbo-a-cui-facevo-sostegno-senza-prof/,,,,,,srclc:ita,"Luca racconta a Fanpage.it le difficoltà dei docenti in Sardegna: ""Destinati a restare precari per la scarsità di cattedre. Quest'anno l'algoritmo delle supplenze mi ha saltato"" Continua a leggere"
20260920040000,Padovaoggi,https://www.padovaoggi.it/formazione/scuola/vigonza-inaugurato-asilo-nido-comunale-20-settembre-2026.html,,,,,,srclc:ita,"Taglio del nastro per il nuovo asilo nido comunale a Peraga di Vigonza
La struttura è stata realizzata con un investimento di oltre 1,7 milioni di euro, in gran parte finanziato dal Pnrr. I primi bambini sono entrati il 14 settembre, un anno prima rispetto alla programmazione iniziale
È stato inaugurato ufficialmente ieri mattina, sabato 19 settembre, il nuovo asilo nido comunale in via Paolo VI a Peraga di Vigonza. Il taglio del nastro è avvenuto alla presenza dei rappresentanti delle istituzioni, del personale educativo e di numerose famiglie e bambini del territorio.
Secondo quanto riportato dall'Amministrazione comunale, l’apertura della nuova struttura consentirebbe di ampliare significativamente l’offerta di posti disponibili sul territorio comunale, riducendo le liste d’attesa e offrendo una risposta concreta alle esigenze delle famiglie e alla conciliazione tra tempi di vita e di lavoro.
I fondi
L’investimento per la costruzione della struttura ammonta complessivamente a circa 1 milione e 736mila euro, di cui 1 milione e 620mila euro finanziati dal Pnrr e circa 116mila euro attraverso il Fondo opere indifferibili. A queste risorse si aggiunge un investimento diretto del Comune: 125mila euro di ulteriori risorse comunali destinate alla realizzazione dell’intervento e 250mila euro per il parcheggio e le sistemazioni esterne, per un totale di 375mila euro di fondi comunali, oltre alle risorse sostenute dall’ente per l’acquisto dell’area sulla quale è stato realizzato il nuovo nido.
Le dichiarazioni
«Se ci fossimo limitati a seguire le statistiche sull’andamento demografico, probabilmente non avremmo mai realizzato questo asilo, anche se Vigonza presenta un dato sulla natalità in controtendenza - dichiara il sindaco Gianmaria Boscaro -. Abbiamo invece scelto con coraggio di ascoltare le famiglie e di investire concretamente nei servizi per l’infanzia. Nel 2023 il terreno non era nemmeno di proprietà comunale: i proprietari decisero di cederlo in pochissimi giorni perché credevano nel progetto. I progettisti hanno dimostrato una straordinaria disponibilità e, per la prima volta, abbiamo utilizzato la procedura dell’appalto integrato. Abbiamo corso per riuscire ad aprire il nido il prima possibile e oggi siamo addirittura un anno in anticipo rispetto alla programmazione iniziale: i primi bambini sono entrati già lo scorso 14 settembre».
A Peraga nasce così un polo dedicato alla prima infanzia e alle famiglie. «Abbiamo deciso di mantenere anche gli spazi del nido Rodari, che potranno continuare ad essere utilizzati per servizi e progetti rivolti alle famiglie e alla genitorialità - prosegue Boscaro -. Il nuovo polo di Peraga ci offre però qualcosa in più: la possibilità di costruire progettualità integrate mettendo insieme il nuovo asilo nido, le aree verdi pubbliche del parco di Peraga e gli impianti sportivi che si trovano nelle immediate vicinanze. Un insieme di spazi e servizi che può accompagnare i bambini e le loro famiglie nei primi anni di vita e fare di Peraga un luogo ideale nel quale crescere».
«Quest’opera è stata il frutto di un grande lavoro di squadra, nel quale gli ostacoli non sono mancati - aggiunge l’assessora alle Politiche Sociali Giulia Valveri -. Voglio ringraziare innanzitutto le famiglie, perché quella che ci eravamo posti sembrava quasi una missione impossibile e abbiamo chiesto loro una grande fiducia, che ci hanno ricambiato. A maggio, quando abbiamo comunicato che non tutti i bambini sarebbero rientrati inizialmente nella graduatoria dell'asilo Rodari , abbiamo chiesto pazienza, assicurando che avremmo fatto tutto il possibile per garantire ulteriori posti nel nuovo asilo. Un ringraziamento particolare va anche agli uffici comunali per il grandissimo lavoro svolto, per la disponibilità e per l’impegno con cui hanno seguito ogni fase di questo percorso. Ogni scelta, dagli arredi alla disposizione degli spazi, non è stata casuale: ci siamo ispirati anche ai principi di Maria Montessori, mettendo al centro l’autonomia del bambino e il ruolo dell’educatrice, che lo accompagna e lo sostiene affinché possa imparare e crescere sviluppando progressivamente le proprie capacità».
Il presidente della Regione Veneto Alberto Stefani, impossibilitato a partecipare, ha inviato una lettera di saluto: «Oggi si inaugura un luogo dedicato ai bambini, frutto di un investimento importante sul futuro della comunità. Investire nei servizi dedicati alla prima infanzia significa sostenere i piccoli e, al tempo stesso, offrire un supporto concreto alle famiglie, contribuendo alla costruzione di una comunità attenta alle esigenze delle nuove generazioni»."
20260920034255,Tutte Le Ultime Notizie,https://www.ilrestodelcarlino.it/pesaro/cronaca/un-servizio-agli-studenti-nuova-754399a1,,,,,,srclc:ita,"Inaugurata ieri ad Urbania la nuova mensa scolastica al servizio dell’Istituto Omnicomprensivo Della Rovere. La nuova struttura servirà pasti per gli studenti delle scuole elementari e medie, che avranno così la possibilità di passare all’orario a tempo prolungato, ma concepita per servire tutta la popolazione scolastica durantina che si attesta sui 1.250 studenti e 250 tra docenti e personale.
""Giorno importantissimo per la nostra comunità – ha spiegato il sindaco Marco Ciccolini –. L’amministrazione ha lavorato a pieno ritmo per intercettare i fondi Pnrr dedicati a questa struttura e poi uffici, tecnici e maestranze hanno duramente operato per completare il tutto nei tempi stabiliti. Abbiamo investito molto nelle scuole di ogni ordine e grado, rendendole sicure ed efficientate energeticamente e dal punto di vista sismico. Con la nuova mensa andiamo a chiudere un cerchio importante"".
Il vicepresidente regionale Enrico Rossi guarda positivamente a questo intervento: ""Per un genitore sapere che il figlio quando è a scuola è in ambienti sicuri e protetti, confortevoli e funzionali deve essere un fattore di soddisfazione e di tranquillità. Questa mensa porta spazi migliorati per studenti e personale scolastico ed è studiata garantendo la sostenibilità anche per l’amministrazione. In futuro sto lavorando a delle misure affinché nelle mense scolastiche venga servito cibo bio e a chilometro zero"".
Fernanda Sacchi, consigliere provinciale delegata dal presidente Alessandri, ha sottolineato ""l’importante sinergia tra le istituzioni dei vari livelli, che porta nei territori delle risposte che hanno un impatto concreto sulla vita delle famiglie e della popolazione scolastica. Sono queste le opere che cambiano la qualità della vita dei territori e danno risposte alle famiglie. Qui a Urbania questo è possibile e si concretizza in servizi come questa mensa"".
Ha concluso la dirigente scolastica Antonella Accili: ""Lavoriamo con reciproca soddisfazione da anni a fianco dell’amministrazione – ha spiegato –, e dopo la nuova mensa sarà la volta della nuova sede di Meccanica. Nonostante il calo demografico i nostri numeri reggono, e anzi aumentano, perché qui si sta creando un polo scolastico di prestigio"".
Andrea Angelini"
20260919235335,San Marino,https://www.sanmarinortv.sm/news/comunicati-c9/dml-la-scuola-sia-una-priorita-dal-sostegno-alle-famiglie-allo-sport-a296123,,,,,,srclc:ita,"Con l'avvio del nuovo anno scolastico, DOMANI - Motus Liberi rivolge i migliori auguri di buon lavoro a tutti gli studenti, alle loro famiglie, ai docenti e a tutto il personale della scuola sammarinese, auspicando che i prossimi nove mesi siano ricchi di occasioni di crescita, confronto e partecipazione. Il nostro augurio si accompagna alla consapevolezza che la scuola rappresenti una delle principali responsabilità della politica, perché dalla qualità della formazione e dalle competenze dei più giovani dipendono la crescita personale, sociale ed economica del Paese.    I dati di questi giorni fotografano una realtà articolata: 3.643 studenti iscritti, con un incremento significativo del Centro di Formazione Professionale (+75%) e, in misura più contenuta, della Scuola Superiore, a fronte di un calo nelle scuole elementari e nelle Secondarie di primo grado. Una realtà che conferma la vitalità della scuola sammarinese, ma che deve spingere la politica ad affrontare con decisione il calo demografico e le nuove esigenze formative.    Come da sempre sosteniamo e abbiamo scritto nel nostro programma, è innanzitutto necessaria una politica strutturale di sostegno alle famiglie, a partire da nidi e scuole dell'infanzia, con una riduzione dei costi a carico delle famiglie commisurata alle condizioni economiche e familiari, anche attraverso l'ICEE.    Serve poi un piano concreto di edilizia scolastica, per avere strutture sicure, moderne, accessibili e adeguate alle nuove metodologie didattiche. Allo stesso tempo, occorre ampliare l'offerta formativa, valutando nuovi indirizzi e rafforzando in particolare i percorsi tecnico-scientifici, tecnologici e laboratoriali, così da offrire agli studenti una maggiore possibilità di scelta senza costringerli a cercare fuori territorio ciò che San Marino non offre.  Una scuola al passo con i tempi deve inoltre puntare sulle nuove competenze: lingue, informatica, educazione digitale e uso consapevole dell'intelligenza artificiale, insieme a un'adeguata formazione e valorizzazione del personale docente.    Particolare attenzione va dedicata anche all'orientamento e al rapporto con il mondo del lavoro. Riteniamo necessario rafforzare tirocini, visite aziendali, percorsi di orientamento e opportunità formative estive, costruendo un rapporto più stabile tra scuole, imprese e professioni del territorio. Non meno importante è il tema dell'inclusione e del benessere degli studenti. Occorre rafforzare il supporto psicologico, l’educazione tecnologica, le iniziative contro bullismo e cyberbullismo e i percorsi di prevenzione delle dipendenze, costruendo una vera alleanza educativa tra scuola, famiglie e territorio.    In questo quadro si inserisce il tema dello sport a scuola. L'attività fisica è parte integrante del percorso educativo e contribuisce al benessere, alla socializzazione e alla formazione dei ragazzi. Per questo riteniamo prioritario aumentare il tempo e la qualità della pratica sportiva, garantendo un accesso effettivo anche agli studenti con disabilità. Servono interventi sugli impianti sportivi scolastici, che potrebbero essere utilizzati anche in orario extrascolastico, e una collaborazione più strutturata con le società sportive. Va inoltre rafforzato il percorso dello studente-atleta, con maggiore flessibilità per chi pratica sport agonistico e il riconoscimento dell'impegno sportivo attraverso i crediti formativi, estendendo lo stesso principio alle attività artistiche, musicali e culturali.    La scuola può infine diventare sempre più un luogo aperto alla comunità, attraverso doposcuola e attività pomeridiane realizzate in collaborazione con associazioni, società sportive e altri soggetti del territorio. Parallelamente, va rafforzata l'educazione civica, affrontando temi come legalità, sicurezza stradale, salute, ambiente, primo soccorso e uso responsabile della rete.    Famiglie, qualità dell'insegnamento, nuove competenze, inclusione, rapporto con il lavoro e sport devono quindi essere affrontati all'interno di una strategia organica per la scuola sammarinese. DOMANI - Motus Liberi continuerà a sollecitare il Governo affinché queste priorità si traducano in risorse adeguate, tempi certi e interventi verificabili. La scuola non può essere affrontata attraverso singoli interventi o risposte alle emergenze: serve una strategia chiara, organica e di lungo periodo, costruita insieme a studenti, famiglie, docenti e territorio. Una scuola più accessibile, moderna e capace di offrire opportunità è una scelta precisa di politica per il Paese. 
c.s.  DOMANI - Motus Liberi  Ufficio Stampa  
                                
                                                                        
                                    
                                
                                
DML: ""La scuola sia una priorità, dal sostegno alle famiglie allo sport""
                                20 set 2026
                            
                        Riproduzione riservata ©"
20260919201245,Open,https://www.open.online/2026/09/19/festival-open-2026-francesca-albanese-palestina-israele-video/,,,,,,srclc:ita,"Francesca Albanese a Open: «Un cambio di governo in Israele non cambierà niente, negli Usa sì. L’eredità del Paese sarà sempre il genocidio a Gaza» – Il video
Dalla mobilitazione per Gaza al ruolo delle Nazioni Unite, dalla soluzione dei due Stati al rapporto tra Israele e Stati Uniti. La relatrice Onu per i territori palestinesi occupati, Francesca Albanese, intervistata da Enrico Mentana sul palco del Festival di Open, ripercorre le ragioni del suo impegno sulla questione palestinese e rilancia la necessità di applicare il diritto internazionale, che non «deve valere fino a un certo punto», senza doppi standard. Rispondendo alla prima domanda, Albanese racconta il momento in cui si è resa conto di essere diventata un punto di riferimento per la causa palestinese. «Ricordo la prima standing ovation in una sala gremita di giovani, all’università di Parigi. Non capii», racconta. Erano i primi mesi dopo il 7 ottobre 2023 e la relatrice Onu aveva già pubblicato diversi rapporti sulla situazione palestinese. «Dal mio punto di vista non stavo facendo nulla di diverso».
«Il cessate il fuoco ha messo un bavaglio alla società civile»
C’è il rischio di una perdita di centralità della questione di palestinese in quanto tale? «Dipende», risponde Albanese. «Il cosiddetto cessate il fuoco – prosegue – è stato imposto come bavaglio per la società civile internazionale». Secondo la sua analisi, la pressione esercitata dalle piazze avrebbe messo in difficoltà alcuni alleati dell’amministrazione Trump. Il cessate il fuoco, quindi, sarebbe diventato anche un modo per interrompere quella mobilitazione: «I governi hanno detto: non c’è più bisogno che scendiate in piazza, ora c’è il cessate il fuoco». A suo giudizio, negli anni ci sarebbe stata una forte repressione del consenso popolare sulla questione palestinese. «La politica ha voluto mettere una sorta di pietra su quel consenso». La conseguenza sarebbe una riduzione della visibilità pubblica della questione, ma non della sua rilevanza sociale. «Certo, è scesa la mediaticità, ma la popolazione continua a sentire un profondo dolore».
Il futuro di Israele e il nodo dell’occupazione
Albanese dedica una parte significativa del suo ragionamento alla questione dell’occupazione. «Una società, come quella israeliana, di quel tipo non può sopravvivere a se stessa», sostiene, riferendosi a quello che descrive come un ampio consenso a politiche di espulsione dei palestinesi. Secondo la relatrice, ciò che accomunerebbe una parte significativa dell’opinione pubblica israeliana è l’idea che «i palestinesi se ne devono andare dalla Palestina storica». Ma Albanese individua anche all’interno della società israeliana possibili interlocutori per un futuro percorso politico. «Ci sono gli israeliani che lottano contro il genocidio e l’occupazione permanente ed è con loro che si deve parlare». È da questi settori della società israeliana, secondo Albanese, che dovrebbe partire un confronto sulla struttura politica e sociale del Paese.
Ti potrebbe interessare
- Pina Picierno al Festival di Open: «Elly Schlein succube di Conte pur di andare a Palazzo Chigi». La replica all’accusa di «guerrafondaia» – Il video
- Festival di Open, Pichetto Fratin: «Primo reattore nucleare nel 2033-2034. Quest’estate ci ha ricordato il cambiamento climatico» – Il video
- Festival di Open, Cruciani e Soncini contro la cultura woke: «Ecco perché Vannacci farà il botto. E su Roggero il centrodestra ha sbagliato» – Il video
- Festival di Open 2026, i rettori di Parma e Pegaso su come cambiano gli studenti: «Il calo demografico ci impone di ripensare l’università»
- Renzi al Festival di Open 2026: «Senza i riformisti il campo largo non vince. Su Vannacci Meloni è incartata» – Il video
«Due Stati, due popoli oggi è una decisione sadica»
Alla domanda su quale possa essere una soluzione politica al conflitto, Albanese non indica una specifica forma di Stato. «La soluzione politica, quale forma di Stato o di governo, non so quale sia». Ritiene però ormai insufficiente riproporre automaticamente la formula dei due Stati. «Oggi come oggi due Stati, due popoli, è una decisione sadica». La ragione è soprattutto territoriale. «Le colonie si sono triplicate dall’inizio del processo di pace». Da qui una domanda che considera centrale: «Andava già fatto 35 anni fa, quando si parlava di due Stati, ma adesso come si smantellano 300 colonie?». Secondo Albanese, «le fondamenta di uno Stato non sono mai state gettate». Per questo, sostiene, sarebbe necessario dialogare con gli israeliani disposti a mettere in discussione le strutture discriminatorie di Israele. «Bisogna partire da quegli israeliani che vogliono veramente la fine dell’apartheid», dichiara.
Il diritto internazionale e le responsabilità dell’Italia
Il filo conduttore dell’intervento di Albanese rimane il diritto internazionale, che secondo la relatrice dovrebbe tradursi in conseguenze concrete per gli Stati. «Lo Stato italiano ha l’obbligo di sospendere la fornitura di armi e gli accordi commerciali a uno Stato che potrebbe commettere crimini di guerra», sostiene, richiamando la Corte internazionale di giustizia. Una pressione che dovrebbe arrivare anche dalla società civile: «I cittadini devono chiederlo e pretenderlo dai partiti». Non solo gli Stati, ma anche le imprese dovrebbero assumere responsabilità – sostiene Albanese – pur riconoscendo il peso dell’influenza statunitense. Ed è proprio Washington, nella sua analisi, a rappresentare uno dei possibili snodi della situazione. «Un cambio di governo negli Usa può cambiare le cose, non un cambio di governo in Israele. Gli Usa mi danno speranza perché se cambiano loro possono cambiare tutti».
Il 7 ottobre: «La violenza non giustifica la violenza»
Nel suo ragionamento, Albanese distingue tra l’attacco del 7 ottobre e la successiva guerra a Gaza. «Il 7 ottobre c’è stata una carneficina e questa cosa non si può cancellare. La violenza non giustifica la violenza». Allo stesso tempo, sostiene il diritto dei palestinesi alla resistenza, distinguendolo dalla legittimità degli attacchi contro i civili. «Il popolo palestinese ha diritto di resistere nei confronti dell’oppressore. Se il 7 ottobre fossero stati colpiti solo obiettivi militari, le perdite sarebbero state drammatiche ma non dei crimini di guerra». «L’8 ottobre la prima cosa che dissi – prosegue -: è il momento di unirsi con compassione e saggezza». E già nelle prime settimane dopo il 7 ottobre, precisa, aveva lanciato l’allarme sul rischio di una distruzione di Gaza e dello sfollamento della popolazione. Nel suo ragionamento storico c’è anche il tema della memoria dell’Olocausto. «È vero che c’è stato l’Olocausto, ma è stato pagato dai palestinesi e ancora adesso non si riesce a riconoscere tutto questo».
«Quella terra deve poter essere casa per tutti»
La relatrice Onu fa poi riferimento al numero delle vittime palestinesi, in particolare dei bambini, e alle conseguenze che questo potrebbe avere sulla memoria futura dello Stato israeliano. «Questa è una società al tracollo perché hanno ammazzato 20 mila bambini, una cifra talmente soffocante. L’abbiamo razionalizzata, però rimane questo». «L’eredità di Israele sarà questa», aggiunge. La visione che Albanese propone per il futuro della regione è quella di una terra condivisa. «Ci deve essere un modo affinché quella terra possa essere casa per ebrei, musulmani, cristiani e senza dio, come me, che quella terra la chiamano casa». La lotta all’antisemitismo, precisa, rimane per lei imprescindibile. «L’antisemitismo è un male da estirpare, la prima forma di razzismo fortissimo che si è manifestata nel nostro Continente». E conclude con una visione nella quale la sicurezza degli ebrei non dipenda dall’esistenza di uno Stato esclusivamente ebraico: «Io penso a un mondo dove gli ebrei si debbano sentire a casa ovunque e non in una terra promessa».
Ucraina: «Basta inviare le armi a Kiev»
Sul conflitto in Ucraina, Albanese è d’accordo «con quelli che pensano che bisogna smettere di inviare armi all’Ucraina e riportare la discussione all’interno dello spazio politico. Non ce l’ho la soluzione – prosegue – perché non sono un’esperta e non mi metto a speculare però sono convinta che la situazione in Ucraina la si stia strumentalizzando per giustificare quel discorso orribile che siamo già in guerra ed è una guerra ibrida». Albanese ricorda come, di fronte all’invasione russa dell’Ucraina, la comunità internazionale abbia inizialmente applicato il diritto internazionale. Nel caso dell’invasione russa, però, è scattato immediatamente il pacchetto delle sanzioni. «E io ho detto: “Ma com’è possibile che, davanti a un caso che, dal punto di vista dell’aggressione, presenta delle similitudini – non sono situazioni uguali, però c’è comunque un’aggressione – come quella di Israele nei confronti della Palestina, non si faccia lo stesso?” E diversi interlocutori si sono irritati perché avevo osato fare un paragone», conclude."
20260919154505,Open,https://www.open.online/2026/09/19/festival-open-2026-universita-futuro-video/,,,,,,srclc:ita,"Festival di Open 2026, i rettori di Parma e Pegaso su come cambiano gli studenti: «Il calo demografico ci impone di ripensare l’università»
L’università non ha più davanti un solo tipo di studente e neanche un unico modo di apprendere. A cambiare sono la composizione della popolazione studentesca, il rapporto con il lavoro, le modalità di accesso alla formazione e il modo stesso in cui si entra in contatto con la conoscenza. A questo si aggiunge l’intelligenza artificiale, che sta modificando il rapporto con lo studio e con le competenze. Di come gli atenei debbano prepararsi a queste trasformazioni si è parlato al Festival di Open 2026 nel panel dedicato all’università del futuro, con il rettore dell’Università di Parma Paolo Martelli, il rettore dell’Università telematica Pegaso Pierpaolo Limone e Maria Elena Ippolito del Consiglio Locale Giovani di Parma.
L’intelligenza artificiale
Per Martelli, tra le tante sfide che attendono gli atenei ce n’è una legata alla trasformazione demografica. «L’intelligenza artificiale è uno degli elementi evolutivi sul quale dobbiamo lavorare. Ma credo che le sfide più grandi siano il calo demografico, che impatterà sul sistema universitario e sulla società», ha dichiarato il rettore di Parma. L’altra riguarda, invece, la capacità degli atenei di intercettare una domanda di formazione sempre più diversificata. «La seconda è cercare di incontrare sempre più quelle che sono le esigenze di formazione che vengono richieste dalla società», ha spiegato. Un cambiamento che richiede anche strumenti diversi e una maggiore capacità di raggiungere quelle persone che oggi non scelgono il percorso universitario tradizionale.
Cambia la popolazione studentesca
A cambiare, infatti, è prima di tutto la platea. «Non ci riferiamo più allo studente che esce dalla scuola superiore», ha osservato il rettore Limone. Oggi nelle università arrivano lavoratori, italiani che vivono all’estero, persone che si iscrivono a una prima laurea e altre che tornano a studiare per conseguirne una seconda. «La platea degli studenti iscritti sta sicuramente cambiando» e gli atenei, secondo il rettore della Pegaso, devono essere in grado di rispondere a queste esigenze. Anche il digitale ha contribuito a modificare questo scenario. «Adesso la sfida è cambiata perché si può apprendere anche a distanza», ha chiosato. Il risultato è una formazione sempre più ibrida, nella quale l’università non è più l’unico soggetto a offrire percorsi di istruzione superiore.
L’accessibilità all’università
È il passaggio che Limone ha descritto come l’ingresso in una nuova fase dell’istruzione universitaria. «La missione che abbiamo dell’Università è quella di accesso universale». Dopo il passaggio da un’università d’élite a un’università di massa, secondo il rettore oggi si apre una fase ulteriore, quella dell’«universalità». «L’università non è più l’unico soggetto che eroga istruzione superiore. Ci sono diversi altri attori nel sistema della formazione».
La testimonianza di Maria Elena Ippolito del Clg di Parma
A raccontare cosa significhi concretamente costruire un percorso universitario non lineare è stata Ippolito, che ha ripercorso sul palco le proprie scelte. Dopo il liceo ha preso un anno sabbatico ed è partita per la Nuova Zelanda. È lì che ha deciso di tornare a Parma per iniziare l’università. Alla triennale ha affiancato un Erasmus in Olanda, poi una magistrale e un’altra esperienza all’estero, tra studio e tirocinio. «L’università ti permette di accrescere le competenze tecniche ma bisogna cogliere anche le competenze esperienziali», ha raccontato."
20260919151321,Pordenonetoday,https://www.pordenonetoday.it/politica/asilo-nido-via-cantore-saitta-conficoni.html,,,,,,srclc:ita,"Ancora chiuso l'asilo nido di via Cantore, arriva l'interrogazione in Comune
Conficoni e Saitta chiedono tempi certi per la riapertura
I consiglieri comunali del Pd Nicola Conficoni e Francesco Saitta hanno annunciato un'interrogazione al comune di Pordenone sul nido di via Cantore, ancora chiuso nonostante l'apertura del nuovo asilo nido di via Musile nel 2025. Al centro della richiesta: i tempi reali di riapertura della struttura e le ragioni del ritardo.
Secondo i due consiglieri, l'amministrazione aveva inizialmente previsto la chiusura definitiva del nido di via Cantore, per poi cambiare rotta. ""Inizialmente – ricordano Conficoni e Saitta – l'amministrazione aveva previsto la chiusura del nido di via Cantore. Dopo le nostre sollecitazioni, però, era stata comunicata l'intenzione di affidarne la gestione a un soggetto esterno, proprio con l'obiettivo di aumentare l'offerta di posti e garantire più servizi alle famiglie"".
La struttura è attualmente interessata da alcuni interventi: sistemazione del muro di cinta e del quadro elettrico, risanamento delle pareti interne, tinteggiatura e adeguamento dell'impianto antincendio. La gara per individuare il gestore, tuttavia, non è stata ancora bandita. ""Quello appena iniziato, dunque, diventa il secondo anno scolastico in cui abbiamo mancato l'occasione di avere un'ulteriore struttura a disposizione a causa di una programmazione non certo ottimale"", scrivono i consiglieri.
Il peso dei numeri demografici
La vicenda si inserisce in un contesto demografico che i due esponenti del Pd definiscono preoccupante. Dal 2002 al 2025 a Pordenone sono nati complessivamente 9.942 bambini, mentre nello stesso periodo i decessi sono stati 13.366. Il saldo naturale risulta negativo per 3.424 persone. L'ultimo anno in cui le nascite hanno superato i decessi è stato il 2007.
""Di fronte a questi numeri – affermano i consiglieri Pd – non basta parlare di inverno demografico. Bisogna mettere in campo politiche concrete per aiutare le famiglie. E tra queste ci sono certamente i servizi per l'infanzia"".
L'interrogazione punta a ottenere risposte precise sui tempi e sull'iter amministrativo. ""È con i servizi, più che con gli spot – concludono Conficoni e Saitta – che si affronta il calo demografico. Per questo vogliamo capire perché, a più di un anno dall'apertura del nuovo nido di via Musile, non sia ancora stato completato l'iter per riportare in funzione anche quello di via Cantore. Ogni posto nido in più può essere importante: soprattutto quando i numeri della popolazione ci dicono che Pordenone sta diventando una città con sempre meno bambini""."
20260919142038,La Gazzetta Del Mezzogiorno,https://www.lagazzettadelmezzogiorno.it/news/lecce/2137560/unisalento-le-immatricolazioni-viaggiano-a-gonfie-vele.html,,,,,,srclc:ita,"Il calo demografico restringe la platea dei potenziali studenti, ma l’Università del Salento va in controtendenza e registra un’impennata delle immatricolazioni. Al 14 settembre le nuove matricole sono 1.757, contro le 1.364 rilevate alla stessa data del 2025. In termini assoluti, 393 studenti in più, pari a un incremento del 28,8%. Numeri che fotografano una partenza positiva per l’anno accademico 2026-2027, anche se il quadro definitivo arriverà soltanto nelle prossime settimane.
Il confronto, effettuato dall’Ateneo sulla stessa base di rilevazione e a parità di data, riguarda le immatricolazioni ai corsi di laurea triennale e magistrale a ciclo unico. Un risultato che assume particolare significato alla luce della progressiva diminuzione dei diciottenni, fenomeno che interessa la Puglia e l’intero Paese e che riduce il bacino di riferimento delle università. Un altro indicatore conferma l’accelerazione. UniSalento ha già raggiunto il 33,1% del totale definitivo delle immatricolazioni dello scorso anno, mentre al 14 settembre 2025 si era fermata al 25,9%. Una differenza di 7,2 punti percentuali che evidenzia un andamento più sostenuto delle iscrizioni nella fase iniziale.
Non siamo ancora al photofinish. Diversi corsi ad accesso programmato non hanno ancora concluso le selezioni e, in alcuni casi, devono ancora avviarle. Il calendario è differente rispetto al 2025 e questo impone cautela nell’interpretazione dei dati, che potrebbero subire ulteriori variazioni. Tra gli elementi segnalati dall’Ateneo figurano anche i 709 iscritti al semestre filtro per Medicina, dei quali 492 hanno indicato UniSalento come prima sede. Un dato distinto da quello delle immatricolazioni complessive, ma che contribuisce a delineare l’interesse degli aspiranti studenti.
A richiamare l’attenzione sul significato dei numeri è la rettrice Maria Antonietta Aiello, che sottolinea soprattutto la capacità dell’Università del Salento di attrarre giovani in un contesto demografico sfavorevole.
«Questi numeri ci dicono che le ragazze e i ragazzi continuano a scegliere UniSalento e lo fanno in un momento in cui la demografia gioca contro tutte le università italiane», afferma Aiello.
La rettrice invita però a non anticipare i bilanci: «Sappiamo che il quadro si completerà solo nelle prossime settimane, quando si chiuderanno le procedure dei corsi ad accesso programmato, e preferiamo attendere il dato definitivo prima di trarre conclusioni. Ma la direzione è chiara e conferma il lavoro fatto sull’offerta formativa e sui servizi agli studenti e alle studentesse».
Per l’Ateneo salentino, dunque, il primo riscontro è incoraggiante. La verifica decisiva arriverà con la chiusura delle immatricolazioni, quando sarà possibile stabilire se l’incremento registrato a settembre si tradurrà in una crescita effettiva sull’intero anno accademico."
20260919125645,Radio Luna,https://www.radioluna.it/news/2026/09/estate-2026-a-gaeta-il-bilancio-del-sindaco-leccese/,,,,,,srclc:ita,"ATTUALITA'
Estate 2026 a Gaeta, il bilancio del sindaco Leccese
Con la conclusione della stagione estiva, per la città di Gaeta è tempo di bilanci. Un periodo di straordinaria affluenza che ha messo alla prova la macchina organizzativa e la tenuta della sicurezza urbana e marittima. Il Primo Cittadino , Cristian Leccese, è soddisfatto della riuscita tanto da rivolgere un sentito plauso e una menzione di merito speciale a tutte le Forze dell’Ordine e alla Guardia Costiera operanti sul territorio. Arma dei Carabinieri, Polizia di Stato, Guardia di Finanza, Polizia Locale e Capitaneria di Porto – Guardia Costiera hanno lavorato in stretta sinergia, garantendo un presidio costante e una presenza rassicurante in ogni angolo della città: dalle spiagge e dal mare affollato fino alle vie del centro e ai luoghi della movida serale.
«Al termine di una stagione estiva particolarmente intensa – dichiara il Sindaco Cristian Leccese – sento il dovere e il piacere di esprimere la mia più profonda gratitudine a tutte le donne e agli uomini delle Forze dell’Ordine e della Guardia Costiera. Il bilancio di questi mesi è indubbiamente positivo e i risultati ottenuti in termini di prevenzione, controllo del territorio, sicurezza in mare e contrasto ai reati sono sotto gli occhi di tutti. Non si è trattato di un lavoro semplice: gestire Gaeta d’estate significa fare i conti con un esponenziale e fisiologico incremento demografico legato al fortissimo flusso turistico. Passiamo dai nostri residenti a decine di migliaia di presenze quotidiane, una dinamica che moltiplica le complessità operative sia a terra che lungo il nostro litorale.»
Un plauso particolare Leccese lo rivolge al brillante coordinamento che ha caratterizzato la gestione di questi mesi caldi. La cooperazione strategica tra la Polizia di Stato, tesa alla tutela dell’ordine pubblico, l’Arma dei Carabinieri, perno della presenza capillare, la Guardia di Finanza, impegnata sul fronte dei controlli economico-finanziari, la Polizia Locale, in prima linea nella gestione della viabilità e del decoro urbano, e la Guardia Costiera, fondamentale per il soccorso, la salvaguardia della vita umana in mare e la vigilanza sulle coste, ha rappresentato il vero valore aggiunto dell’estate gaetana.
«Il coordinamento e l’intesa tra le diverse forze in campo sono stati semplicemente esemplari – prosegue il Primo Cittadino –. Ognuno, per le proprie competenze, ha profuso un impegno straordinario, lavorando a terra e in mare con enorme professionalità e abnegazione. Garantire la vivibilità, la sicurezza dei nostri cittadini e la serenità dei tantissimi ospiti che scelgono Gaeta richiede un dispiegamento di energie e una prontezza d’intervento fuori dal comune. Questo bilancio ampiamente positivo merita di essere sottolineato con forza: la sicurezza e la tutela del nostro patrimonio costiero e urbano sono i beni primari su cui si fonda la qualità della vita e l’attrattività della nostra città.»
ATTUALITA'
Sezze: terminati gli scavi presso la grotta Vittorio Vecchi, scoperta la presenza di tane di iena pleistocenica sui Monti Lepini
È giunta al termine anche la terza campagna di scavo presso grotta Vittorio Vecchi di Sezze. Anche questa campagna è stata condotta dal professor Mario Rolfo dell’università di Roma Tor Vergata, in collaborazione con il Comune di Sezze e con l’autorizzazione della Soprintendenza SABAP Lazio. Questo ulteriore periodo di scavi ha interessato in modo particolare il livello funerario e cultuale del II millennio a. C., dove sono stati rinvenuti numerosi vasi, fibule in bronzo e oggetti in osso lavorati, che forniscono una importante quadro dei culti svolti nella cavità.
Le ricerche hanno indagato per la prima volta un livello pleistocenico di una tana di iena di circa 50 mila anni fa. Al momento il dato è di particolare importanza perché testimonia per la prima volta la presenza di tane di iena pleistocenica sui Monti Lepini.
La campagna ha visto anche la presenza di geologi dell’INGV e dell’Università di Pisa, ricercatori, dottorandi e laureandi dell’Università di Tor Vergata. “Sono particolarmente felice di questo tipo di collaborazione che abbiamo iniziato da qualche anno – ha detto il sindaco di Sezze Lidano Lucidi – segno evidente dell’importanza che la nostra amministrazione dà alla ricerca scientifica e culturale sul territorio comunale.
La presenza di ricercatori, professori universitari, studenti e dottorandi che alloggiano e studiano la nostra storia è molto importante. La scoperta della tana di iena del periodo pleistocenico è di un grande valore scientifico ed è frutto di un progetto iniziato qualche anno fa e che ha permesso di iniziare un percorso comune con l’Università e la Soprintendenza. Abbiamo posto finalmente le basi per fare di Sezze un luogo di studio e ricerca di livello nazionale e su questa strada dobbiamo assolutamente continuare”.
I risultati di questo importante lavoro saranno illustrati alla cittadinanza durante un apposito convegno organizzato nell’ambito del Natale Setino.
ATTUALITA'
Latina: Nuovi arrivi al Comando Provinciale Carabinieri. Potenziata la forza organica
Il Neo Comandante Provinciale di Latina, Colonnello Luca Palmieri, ha ricevuto i nuovi arrivi: 10 Marescialli, 2 Brigadieri e 7 Appuntati e Carabinieri. I nuovi arrivati andranno a potenziare l’organico del Comando Provinciale Carabinieri di Latina e contribuiranno, insieme ai colleghi già in forza ai reparti, alle esigenze di sicurezza della popolazione. In particolare il Colonnello Palmieri ha voluto evidenziare la necessità di operare, in ogni circostanza, con grande sensibilità a favore di tutti i cittadini, soprattutto delle vittime maggiormente vulnerabili, attraverso la piena consapevolezza del ruolo rivestito da ognuno di essi, chiamato a fornire un qualificato contributo, con l’obiettivo non solo di accrescere sempre di più il livello di sicurezza di questa provincia, ma anche per perpetuare lo spirito della missione che, da oltre due secoli, caratterizza l’Arma dei Carabinieri, al servizio del cittadino.
ATTUALITA'
Si è insediato Daniele Nardone, nuovo Comandante del Nucleo Investigativo del Reparto Operativo del Comando Provinciale dei Carabinieri di Latina
Il Maggiore Daniele Nardone è il nuovo comandante del Nucleo Investigativo del Reparto Operativo del Comando Provinciale di Latina. Nato a Fossano, ha 37 anni, sposato con un figlio, dopo aver frequentato l’Accademia Militare di Modena, ha terminato il percorso formativo presso la Scuola Ufficiali Carabinieri di Roma, laureandosi in Giurisprudenza presso l’Ateneo di Tor Vergata. Prima di assume l’incarico di Comandante del Nucleo Investigativo Carabinieri di Latina, negli ultimi quattro anni, dal 2022 al settembre di questo anno, ha comandato la Compagnia Carabinieri di Venezia Mestre, con competenza sulla terraferma della città lagunare. Ancora prima, dal 2014 al 2015 ha ricoperto l’incarico di Comandante di Plotone presso il 7° Reggimento Laives, per poi proseguire, dal giugno del 2015 al settembre 2017, con l’incarico di aiutante di campo prima del Comandante Interregionale Vittorio Veneto (con competenza sul triveneto e l’Emilia Romagna) e poi del Comandante delle Scuole dell’Arma dei Carabinieri. Successivamente, per un anno, dal 2017 al 2018, ha prestato servizio come Comandante di Compagnia di Scalea, in provincia di Cosenza, per poi assumere il medesimo incarico, dal 2018 al 2022, presso la Compagnia di Petralia Sottana, in provincia di Palermo. Il Maggiore Daniele Nardone, al suo arrivo, è stato ricevuto dal Comandante Provinciale dei Carabinieri, Colonnello Luca Palmieri, che gli ha rivolto gli auguri di buon lavoro."
20260919121537,Riviera Ventiquattro,https://www.riviera24.it/2026/09/marecultura-piana-e-lombardi-longevita-qualita-della-vita-e-territorio-da-valorizzare-tutto-lanno-977159/,,,,,,srclc:ita,"“MareCultura”, Piana e Lombardi: «Longevità, qualità della vita e territorio da valorizzare tutto l’anno»
I due assessori regionali hanno partecipato questa mattina a Pian di Nave alla quinta edizione di “MareCultura”
Sanremo. Gli assessori regionali Alessandro Piana e Luca Lombardi hanno partecipato questa mattina a Pian di Nave, a Sanremo, alla quinta edizione di “MareCultura”, la manifestazione promossa da CNA Imperia che quest’anno ha come filo conduttore “Dove il mare incontra la longevità.” Al centro dell’appuntamento il rapporto tra qualità della vita, alimentazione, movimento, turismo, imprese e territorio, con la presentazione del “Liguria Longevity Project.”
«La Liguria ha tutte le caratteristiche per diventare sempre più un vero laboratorio della longevità attiva e del benessere – dichiara l’assessore regionale all’agricoltura Alessandro Piana – Vivere più a lungo deve significare soprattutto vivere meglio, e il nostro territorio può offrire un contributo importante grazie a una combinazione straordinaria di clima, mare, entroterra, attività outdoor, qualità delle produzioni e stile di vita mediterraneo. Le nostre eccellenze agroalimentari, dall’Olio Riviera Ligure DOP al Basilico Genovese DOP fino alle Olive Taggiasche Liguri IGP, non rappresentano soltanto prodotti di qualità, ma raccontano un modello fatto di alimentazione, territorio, tradizioni e convivialità.»
«Il tema della longevità assume in Liguria un significato particolarmente importante – dichiara l’assessore regionale al Turismo Luca Lombardi – Quasi il 30% della nostra popolazione ha più di 65 anni e, secondo Eurostat, la Liguria è la regione dell’Unione europea con l’età mediana più elevata, pari a 52,3 anni. Un dato che non deve essere letto soltanto dal punto di vista demografico, ma che può diventare uno stimolo per ragionare sul valore di uno stile di vita sano e attivo e, più in generale, sulla qualità della vita. La Liguria offre caratteristiche particolari: in pochissimi chilometri possiamo passare dal mare alla montagna, dalle spiagge ai sentieri, dalle località costiere ai borghi dell’entroterra. Il clima permette di praticare attività all’aria aperta durante gran parte dell’anno, mentre alimentazione, produzioni locali, sport, socialità e contatto con la natura sono elementi che contribuiscono a costruire un modello di benessere e di vita attiva. Negli ultimi anni, inoltre, la Liguria ha registrato saldi migratori positivi dall’Italia e dall’estero, a conferma della capacità del nostro territorio di continuare ad attrarre nuovi residenti. Questa qualità della vita può diventare sempre più anche una componente della nostra offerta turistica. La Liguria è già la terza regione italiana per presenze turistiche nei borghi e nell’entroterra, dietro Trentino-Alto Adige e Toscana, e questo dimostra quanto sia forte la ricerca di esperienze legate all’autenticità, all’outdoor, all’enogastronomia e al benessere. “MareCultura” e il “Liguria Longevity Project” possono contribuire a raccontare una Liguria nella quale venire non soltanto per trascorrere una vacanza, ma per vivere esperienze legate al benessere e al territorio durante tutto l’anno.»"
