date_str,source,url,themes,locations,persons,organizations,tone,translation_info,full_text
20260827040157,La Nazione,https://www.lanazione.it/arezzo/cronaca/a-foiano-la-scuola-parte-7172f946,,,,,,srclc:ita,"di Laura LucenteFOIANO
Aule aperte due settimane prima del suono ufficiale della campanella, una classe in più alle superiori mentre altrove i numeri calano, studenti pronti a partire per l’estero. A Foiano della Chiana l’anno scolastico è di fatto già cominciato. L’Istituto Omnicomprensivo ""G. Marcelli"" accoglie infatti gli studenti dal 31 agosto (la prima campanella ufficiale suonerà il 15 settembre) con nuovi percorsi formativi, laboratori, attività di inclusione e mobilità internazionali. Non solo esami di recupero e adempimenti organizzativi, ma una scuola che costruisce opportunità tutto l’anno, in stretta collaborazione con l’Amministrazione comunale. Da lunedì 31 agosto fino al 15 settembre saranno circa 50 gli studenti coinvolti nei due nuovi moduli del Piano Scuola Estate – Programma Nazionale ""Scuola e Competenze"" 2021-2027. Anticipa i tempi anche l’IPSIA: le classi prime e seconde del percorso quadriennale 4+2 rientreranno l’8 e il 9 settembre, con attività di accoglienza, laboratorio e percorsi nelle aziende della filiera. Un modello flessibile che mette sempre più in relazione scuola, territorio e mondo del lavoro. Settembre sarà anche il mese delle esperienze internazionali: tra settembre e ottobre oltre 20 studenti e diversi insegnanti saranno impegnati nei programmi Erasmus VET all’estero. Numeri che assumono un significato particolare in una fase nella quale la scuola italiana deve confrontarsi con il calo demografico. A Foiano l’istituto mantiene tutte le proprie classi nei cicli primario e secondario e registra addirittura una classe in più alle superiori. Restano il quinquennio dell’Istituto tecnico economico e le due sezioni quinquennali dell’IPSIA Manutenzione e Assistenza Tecnica, mentre cresce il percorso 4+2. ""La scuola non coincide soltanto con il calendario delle lezioni – sottolinea il sindaco Jacopo Franci – ma è uno spazio che accoglie, include, crea opportunità e si mette in movimento prima ancora della prima campanella. Nei mesi estivi abbiamo lavorato per rendere i nostri edifici più sicuri e accoglienti e, insieme all’Istituto, abbiamo costruito un programma che accompagnerà studenti e famiglie per tutto l’anno"". ""L’estate è il momento nel quale possiamo intervenire più efficacemente sui plessi che accolgono oltre 1.500 alunni tra Foiano e Pozzo – aggiunge l’assessore ai Lavori pubblici Gabriele Corei – abbiamo realizzato interventi di tinteggiatura, sugli infissi, sugli impianti termoidraulici e per l’efficientamento energetico. Un lavoro poco visibile ma fondamentale"". ""A pochi giorni dalla campanella la scuola è già pienamente operativa – evidenzia la dirigente Anna Bernardini – il mantenimento delle classi e la crescita dell’offerta alle superiori sono un risultato importante. Il nostro obiettivo è continuare a proporre una scuola capace di innovare, includere e formare"""
20260827040037,La Nazione,https://www.lanazione.it/arezzo/cronaca/il-bonus-bebe-di-anghiari-6ac7ef36,,,,,,srclc:ita,"Un albero da piantare per ogni bimbo nato è l’obbligo nei Comuni sopra i 15mila abitanti; ad Anghiari, peraltro sotto questa cifra, ci sono 200 euro a disposizione per la famiglia interessata dal lieto evento, che hanno il significato sia di un contributo che di un preciso messaggio in un periodo nel quale la fase congiunturale più complessiva non costituisce di certo un incentivo. È aperto l’avviso pubblico del Comune per la concessione del premio alla natalità una tantum (dell’importo appunto di 200 euro) per ogni nuovo nato. La misura, pensata per affiancare i neogenitori nelle prime fasi della vita dei propri figli, è rivolta a tutte le famiglie residenti nel Comune di Anghiari con bambine e bambini nati nel periodo compreso tra il 23 aprile 2025 e il 30 giugno scorso che ne faranno richiesta. Il termine ultimo per l’invio delle domande è lunedì prossimo, 31 agosto, alle ore 23. Il contributo verrà erogato per ciascun figlio rientrante in questa categoria, indipendentemente dalla situazione economica e reddituale del nucleo familiare.
L’iniziativa rappresenta una delle risposte dirette dell’amministrazione alle necessità della comunità locale, promuovendo politiche di welfare e vicinanza alle famiglie. ""Accogliere una nuova vita all’interno della comunità è una gioia smisurata, ma comporta anche impegni significativi per i genitori - dichiara Laura Taddei(nella foto), consigliere comunale con delega alle politiche sociali – e dopo una prima fase di sperimentazione che ha dato risposte concrete alle famiglie, questo premio alla natalità ""una tantum"" è diventato oggi una misura strutturale, inserita a pieno titolo nella nostra offerta di welfare locale per i primi anni di vita del bambino. Si tratta di un tassello fondamentale all’interno di una visione d’insieme chiara: a brevissimo, infatti, renderemo fruibile anche l’ampliamento dell’asilo nido ‘Il Trenino’, un traguardo importante che si aggiunge agli ingenti investimenti già realizzati e portati avanti sulle nostre scuole dell’infanzia.
Vogliamo essere al fianco dei neogenitori anghiaresi con risorse, servizi e strutture adeguate alla crescita e l’educazione dei più piccoli"". Il premio sarà consegnato personalmente dal sindaco Alessandro Polcri nella mattinata di sabato 12 settembre, nel corso della cerimonia di benvenuto ai nuovi nati che si svolgerà al giardino del Campo alla Fiera. Tutta la cittadinanza è invitata a partecipare, insieme all’amministrazione comunale, per rivolgere un caloroso augurio e le più sentite congratulazioni alle giovani famiglie."
20260827030033,Leggo.it,https://www.leggo.it/italia/cronache/27_agosto_2026_vino_caldo_cambiamento_climatico_come_cambia-9725105.html,,,,,,srclc:ita,"Il vino. Una tradizione, un momento di piacere, un simbolo. Nei secoli ha rappresentato un punto fermo, costante, ascendendo anche a immagine divina, nell'antichità. Ancora oggi, l'immaginario di un bere d'alta classe e sofisticato si riassume in un calice di vino. Ma siamo nel tempo del cambiamento climatico. E se per qualcuno il grande conto alla rovescia che il riscaldamento globale ha posto sulla nostra testa non fosse abbastanza, forse l'idea che il ""nettare degli Dei"" (ricordiamo Bacco) rischi di cambiare sapore, così come gradazione alcolica, allora c'è davvero da preoccuparsi. In realtà, come dicono gli esperti, il fenomeno è già in atto. Il caldo anomalo ""corrompe"" il vino. Ma non bisogna disperare, perché il settore viticolo è più resistente di quel che si possa immaginare, in grado di giocare di pesi e contrappesi, delicati bilanciamenti e tecniche all'avanguardia. I puristi che, però, si aspettano un vino immutabile rimarranno comunque delusi. Il vino, anche se continuamente ricalibrato, inevitabilmente cambia. Non ce ne accorgiamo, ma è un prodotto in continua evoluzione. E comunque, anche se rimanesse uguale, sarebbe difficile poterselo gustare in un mondo sempre più prossimo a diventare una ""palla di fuoco"". Quantomeno evaporerebbe.
Accettare il cambiamento
Ma torniamo alla domanda iniziale: il mio vino preferito potrebbe cambiare sapore? Sì e probabilmente lo ha già fatto negli ultimi decenni. A sottolinearlo è Nicola Biasi, già premiato come Miglior Giovane Enologo d’Italia nel 2020, durante la Vinoway Wine Selection 2021, e fondatore della società di consulenza Nicola Biasi Consulting: «Se qualcuno continua a prendere lo stesso vino che compra da vent'anni, inevitabilmente cambierà sapore. I vini di oggi sono molto diversi da quelli di vent'anni fa e questo è dovuto all'influenza del clima». Il discorso si complica se nell'equazione aggiungiamo le preferenze dei consumatori. In questo caso, il riscaldamento globale remerebbe contro le attuali logiche di mercato, ""costringendo"" i viticoltori ad adattare i propri prodotti alle richieste della gente. Il risultato? Al giorno d'oggi beviamo vini che potremmo considerare ""sbagliati"" rispetto alle caratteristiche che normalmente dovrebbero avere. Secondo Giuseppe Carrus, curatore della guida Vini d’Italia e redattore del Gambero Rosso, «tutti i bevitori di vino, più o meno abituali, al giorno d'oggi preferiscono prodotti più leggiadri, più elegante, più freschi. Quindi di più facile bevuta. Questo si scontra con l'aumento delle temperature: un caldo eccessivo porta a produrre vini alcolici e più strutturati». Anche se a causa del cambiamento climatico i vini diventano ""più pesanti"", il settore viticolo ha imparato a gestire il problema: «Oggi riusciamo a mettere nel bicchiere vini che mantengono la propria identità, non venendo stravolti dall'aumento delle temperature, grazie a un minuzioso lavoro sul campo — continua Carrus —. Negli ultimi anni in Italia, grazie a una crescente sensibilità, è diventata sempre più comune l'adozione di tecniche agronomiche, ormai molto avanzate, che permettono di avere una cura tale da riuscire a raccogliere uve non soltanto sane, ma che riescono a non subire eccessivamente gli effetti del riscaldamento globale». Sintetizzando: «Se da un lato il cambiamento climatico ha influito pesantemente su quello che avviene in vigna, dall'altro tutto questo non è riscontrabile nei bicchieri». Senza l'adozione delle moderne tecniche agronomiche, dunque, i vini che siamo soliti comprare sarebbero, chi più chi meno, ""stravolti"" sia nel sapore che nella composizione. Ovviamente, per quanto i vini vengano ""protetti"" da queste tecniche, non vuol dire che sono del tutto estranei ai cambiamenti ambientali. Mantengono la propria identità, ma non rimangono immutati.
I problemi
Anche se le tecniche aiutato il settore a resistere ai contraccolpi del cambiamento climatico, questo non vuol dire che i problemi non ci siano. Per il professore Attilio Scienza, già ordinario di Viticoltura all'Università degli Studi di Milano, presidente Sanguis Jovis - Alta Scuola del Sangiovese ed esperto internazionale del settore viticolo: «Nell'attuale prospettiva di riscaldamento globale la disponibilità di acqua è il problema più importante nella viticoltura italiana e questo avrà un impatto determinante sulla quantità e qualità del vino, per le ricadute importanti sui processi di vinificazione». Il riscaldamento globale ha anche un'influenza sulle tempistiche che scandiscono tutto il processo produttivo nei vitigni: «Il periodo di germogliamento e fioritura — continua il professore — è più sensibile alle variazioni del clima (rispetto a quello della maturazione ndr.), che può subire un anticipo anche di 20 giorni». Questo, ovviamente, crea uno squilibrio di un sistema basato, come ricorda Nicola Biasi, su tre pilastri fondamentali: «suolo, clima e varietà delle piante». Ma c'è dell'altro. Secondo il professor. Scienza «il problema non si risolve semplicemente riducendo la gradazione alcolica o intervenendo sulle tecniche di cantina. Bisogna pensare a ricreare una viticoltura partendo da varietà diverse, nuove, più adatte al clima ma anche al consumatore che cambia», questo perché «il cambiamento non riguarda solo le temperature, ma anche il mercato». Beviamo di meno, con meno frequenza. Tanto gli adulti, quanto i giovani: «La riduzione dei consumi che tanto preoccupa i produttori di vino è legata al non trascurabile dato demografico — in Italia siamo sempre meno e più anziani ndr. —, ma soprattutto ad altri due fattori: i consumi saltuari (non si beve più quotidianamente a tavola) e la riduzione dei quantitativi di vino consumati ogni giorno, ormai limitati a 2-3 bicchieri, in nome della moderazione.
Salvati dalle varietà
Come detto, la produzione del vino si basa su tre pilastri: suolo, clima e varietà. Sui primi due è difficile agire direttamente, mentre sulla terza è possibile fare molto. Esistono, infatti, quelle che vengono chiamate ""varietà resistenti"". Veri e propri ibridi messi a punto per far fronte ai problemi odierni derivanti dal clima e non solo: «Le varietà resistenti — spiega Nicola Biasi — hanno due grandissime caratteristiche: la sopportazione rispetto ai funghi, riducendo sensibilmente la necessità di trattamenti, con effetti positivi tanto sull'ambiente che a livello economico per le aziende agricole; la resistenza al clima odierno. Si tratta di incroci per impollinazione tra la vite europea, che è sensibile ai funghi, e la vite americana o asiatica che è immune alle malattie». Uno di questi, secondo Biasi tra i migliori, è il Piwi. Ma se il mio vino preferito cambia varietà, per resistere ai cambiamenti climatici, avrà perso per sempre il suo sapore e la sua consistenza?: «L'obiezione è giustissima — sottolinea Biasi —, ma è altrettanto vero che cambierà sapore anche il vino che siamo abituati a comprare da vent'anni. Forse in modo ancora più marcato, perché il clima è cambiato e quel vino maturerà molto di più, con differenze notevoli rispetto allo stesso prodotto, ma di vent'anni fa. Se però il clima cambia e il suolo non lo posso modificare, per continuare a fare lo stesso vino devo cambiare varietà. Quindi è più facile mantenere lo stesso sapore cambiando vitigno che non continuando a usare lo stesso. Ovviamente una differenza c'è ed è per questo che la transizione deve essere graduale». Un sistema di ""adattamento"" delle vigne che, come ribadisce Giuseppe Carrus, sembra portare al paradosso «di avere vini, al giorno d'oggi, che paiono figli di un clima più fresco», con un dato fondamentale: «La qualità del vino cresce anno dopo anno, al netto di un'annata migliore o di un'annata peggiore, ma se noi tracciamo una linea in un orizzonte temporale di 5, 10, 20 anni vediamo che la qualità è in continua crescita», conclude il curatore della guida Vini d'Italia. Eppure, quantomeno per quel che riguarda le varietà nel ""Bel Paese"" sembrerebbe esservi ancora qualche diffidenza: «In alcune Regioni non sono state autorizzate — afferma Nicola Biasi —. C'è una paura infondata, anche perché non sono prodotti OGM». Sul lungo periodo, la diffidenza non troverebbe giustificazione neanche da un punto di vista economico: «Ovviamente dover rifare un impianto ha dei costi, ma ciclicamente è necessario farlo comunque. Sono poche le aziende del mondo con i vigneti di 50 anni».
Vino e clima
Vino e riscaldamento globale sono strettamente legati. Il primo viene irrimediabilmente influenzato dal secondo, così come le tecniche di produzione. Il tutto con effetti che a tratti potrebbero sembrare paradossali. Il professor. Attilio Scienza, infatti, sottolinea come «a fronte di crescenti difficoltà nelle aree viticole più calde, il cambiamento climatico potrebbe però portare dei vantaggi in quelle più fredde. All'università di Adelaide è stato stimato che circa 600 mila ettari, 13% superficie vitata mondiale, trarrà vantaggio dal cambiamento climatico». Guardando, però, al contesto generale non è detto che questa sia una buona notizia. Se il collasso ambientale non fosse una motivazione sufficiente per allarmarsi, c'è il rischio che alcune delle aree viticole più importanti possano piegarsi sotto gli effetti del caldo sempre più elevato: «La conseguenza più grave di questo stato di cose — spiega il professore — è l’erosione della viticoltura di alcune zone della Puglia, Sicilia e Sardegna per effetto della cosiddetta desertificazione, con il rischio di perdere irrimediabilmente nei prossimi anni, la cultura e le tradizioni più profonde, di interi territori viticoli». Questo perché il vino non è solo un prodotto. È tradizione, convivialità, cultura. È parte integrante della nostra società. Come tiene a sottolineare il professor Scienza: «La difesa del vino non può più avvenire sul terreno ristretto dell’autodifesa del settore. Deve diventare parte di una strategia più ampia: quella di una civiltà del vivere, di un modello mediterraneo fondato sulla relazione tra cibo, territorio, tempo, convivialità, conoscenza, paesaggio, agricoltura, memoria». Per quanto il sistema immunitario del settore sia efficiente e in continua evoluzione, sarebbe comunque un peccato perdere qualcosa come il vino. Riducendosi a rimpiangerlo un giorno, a causa di un bicchiere vuoto in una terra che brucia.
Ultimo aggiornamento: giovedì 27 agosto 2026, 08:48
© RIPRODUZIONE RISERVATA"
20260827024521,Linkiesta.it,https://www.linkiesta.it/2026/08/programma-vannacci-natalita-stato-morale-privata/,,,,,,srclc:ita,"Il generale propone di ostacolare l’accesso all’aborto, abolire le unioni civili e riservare le adozioni alle coppie eterosessuali in nome della famiglia procreativa, ma ignora le vere cause della denatalità. La libertà non si difende imponendo modelli privati, bensì restituendo diritti, risorse e responsabilità agli individui L'articolo Il programma di Vannacci e il progetto di uno Stato custode della morale privata proviene da Linkiesta.it ."
20260826152102,Corriere Del Ticino,https://www.cdt.ch/news/non-chiamatele-piu-vecchie-e-sono-pure-in-attesa-della-rivoluzione-437610,,,,,,srclc:ita,"Non chiamatele più «vecchie» (e sono pure in attesa della «rivoluzione»)
Sarà un inizio di anno scolastico doppiamente particolare, quello di lunedì prossimo, per 188 allievi delle Elementari Nord di Bellinzona. Potranno rientrare nel blocco A, oggetto negli ultimi due anni di un ampio intervento di ristrutturazione (alla pari dell’ex appartamento del custode, che accoglierà la direzione) costato 15,5 milioni di franchi. Un restyling che ha portato, in particolare, a rinnovare l’aula magna (140 posti) - rendendola più luminosa e dotandola di un palco - e a realizzare nell’ex soffitta un centro extrascolastico con refettorio per 70 bambini gestito dall’Associazione Polo Sud. Lo scorso giugno si è nel frattempo aperto il cantiere relativo allo stabile B e, poi, si metterà mano ai due piazzali abbattendo i rimanenti platani, con l’obiettivo di togliere i veli nel settembre-ottobre 2027. «Sarà un progetto rivoluzionario e sportivo improntato ai criteri di lotta alle isole di calore e al concetto di città spugna, con una maggiore presenza di verde al posto dell’asfalto. La classica ciliegina sulla torta, insomma», ha preannunciato oggi di fronte alla stampa il capodicastero Opere pubbliche Henrik Bang, affermando che a breve il Municipio prenderà visione del concetto elaborato dai tecnici e poi provvederà, in autunno, a trasmettere il relativo messaggio con la richiesta di credito al Legislativo.
Le esigenze delle famiglie
Un credito che andrà ad aggiungersi ai quasi 27 milioni stanziati dal plenum il 29 gennaio 2024 per la rivalorizzazione del complesso, inaugurato nel 1908 e che dopo il 1962 non è più stato al centro di interventi significativi. Interventi, quelli recenti, che assicureranno invece all’istituto almeno ancora mezzo secolo di vita. Il blocco A conta ora 10 sezioni, aule speciali (tre di sostegno pedagogico, quella polivalente, per le arti plastiche, per religione e la cucina) e spazi per le attività di competenza del Cantone (logopedia, psicomotricità e aula di classe ad effettivo ridotto). «L’esempio delle scuole Nord è virtuoso, in quanto ci indica perfettamente come vanno pensate oggigiorno le scuole, così da rispondere al meglio alla conciliabilità tra lavoro e famiglia. La Città vuole puntare anche in futuro sui servizi extrascolastici. La domanda c’è e quindi l’offerta deve essere adeguata, come è giusto che sia. Il centro realizzato in quello che, in sostanza, era un deposito, consente di raddoppiare la disponibilità di posti alle Nord: mensa, doposcuola ed accoglienza durante le vacanze. Lo stesso vale per l’istituto al Ciossetto di Sementina, nella fattispecie per 45-50 bambini», ha annotato Renato Bison, alla testa del dicastero Educazione, cultura, giovani e socialità.
Gli altri cantieri sotto la lente
Il collega municipale Henrik Bang, per contro, è entrato più nello specifico del progetto di «ammodernamento» delle scuole (fino a ieri) più vetuste della Turrita. Risanamento energetico integrale secondo lo standard Minergie. Adeguamento alle norme antincendio. E i nuovi impianti di climatizzazione e ventilazione. «I costi e la tempistica sono stati rispettati. La speranza è che ciò possa ripetersi pure per il blocco B. L’iter, va detto, è stato un po’ rallentato da alcuni ricorsi. Ma siamo convinti di recuperare il tempo perso. Per quanto riguarda la questione dei platani, va detto che quello della Città non è un accanimento terapeutico contro gli alberi. Anzi, dove si può si curano. In questo caso, è emerso dalla perizia specialistica esterna, non può essere esclusa l’eventuale caduta di rami secchi. E capite che, in un piazzale frequentato perlopiù da bambini, non possiamo correre questo rischio», ha rilevato il capodicastero Opere pubbliche. Il quale si è infine soffermato sui prossimi interventi concernenti l’edilizia scolastica per ovviare al deficit di manutenzione, di una settantina di milioni, evidenziato dallo studio di ingegneria Basler & Hofmann di Zurigo. Ebbene, il focus verrà a medio termine posto sull’adeguamento del comparto scolastico al Palasio di Giubiasco (spesa indicativa lorda di 34,2 milioni e netta di 25-30 milioni; taglio del nastro nel settembre 2033) e sull’istituto di Claro che necessita di accorgimenti in tempi brevi. «Grazie a questi ultimi due progetti ed a quelli citati in precedenza, ovvero Scuole Nord e il Ciossetto a Sementina, ci metteremo in una posizione di relativa tranquillità grazie a quattro poli scolastici all’avanguardia», ha concluso Henrik Bang.
Cifre e prospettive
Le scuole di Bellinzona contano 3.200 allievi, suddivisi fra Elementari (2.100 per 113 classi) ed asilo (1.100 per 55 sezioni). Un numero stabile, ma che nei prossimi anni è destinato a crescere in virtù dello sviluppo demografico registrato dall’aggregazione. Come osservato dal direttore Luca Mosca, dal 1. luglio l’istituto si è riorganizzato passando da 6 a 5 zone. L’imminente anno scolastico sarà caratterizzato da un’ulteriore valorizzazione delle attività di prevenzione e promozione del benessere, grazie al rafforzamento della collaborazione con la Fondazione ASPI."
20260826145559,Il Dispari Quotidiano,https://www.ildispariquotidiano.it/it/lo-studio-della-struttura-commissariale-nessun-rischio-desertificazione-lisola-e-sempre-piu-antropizzata/,,,,,,srclc:ita,"L’isola d’Ischia non corre un rischio di spopolamento o di desertificazione. Al contrario, registra una tendenza verso una crescente antropizzazione che, secondo la Struttura commissariale, rende necessario favorire una riduzione della pressione abitativa nelle zone più fragili e maggiormente esposte al rischio. È uno degli elementi che emergono dalla relazione istruttoria utilizzata per costruire la nuova disciplina delle delocalizzazioni, illustrata dal commissario straordinario Marcello Giuseppe Feola e richiamata nell’ordinanza n. 43 del 20 agosto 2026.
Il documento fotografa una situazione diversa da quella che caratterizza altri territori colpiti da calamità naturali e interessati da processi di ricostruzione. Nel caso di Ischia, si legge nell’ordinanza, non emergono infatti fenomeni di abbandono progressivo del territorio. La tendenza indicata è opposta: aumentano gli indici di antropizzazione e proprio per questo il Piano di Ricostruzione punta anche sulla cosiddetta “decompressione insediativa”, soprattutto nelle aree sottoposte ai livelli più elevati di rischio sismico e idrogeologico.
L’impostazione trova una delle sue basi nello studio sul fabbisogno abitativo collegato alle delocalizzazioni. La relazione tecnica acquisita dalla Struttura commissariale il 26 maggio 2026 stima in circa 508 le unità abitative necessarie per rispondere alle previsioni contenute nel Piano di Ricostruzione. Un numero che si scontra però con le caratteristiche del mercato immobiliare isolano.
Tra i problemi evidenziati figurano soprattutto la scarsa disponibilità di immobili in vendita e la presenza diffusa di irregolarità urbanistico-edilizie, che riduce ulteriormente il numero degli edifici effettivamente utilizzabili per le operazioni di delocalizzazione. A questo si aggiunge l’andamento dei prezzi: secondo i dati dell’Agenzia delle Entrate richiamati nell’ordinanza, tra il 2024 e il 2025 il mercato immobiliare dell’isola ha registrato una «significativa ed anomala impennata», che la relazione collega, in termini probabilistici, anche a fenomeni speculativi connessi all’arrivo delle risorse pubbliche per la ricostruzione.
È anche da questa fotografia che nasce la scelta di ampliare le possibilità offerte ai proprietari coinvolti nelle delocalizzazioni. L’obiettivo indicato dalla Struttura commissariale è superare un sistema che, fino a questo momento, ha prodotto risultati limitati. Le domande di contributo presentate rappresentano infatti circa il 25 per cento della platea potenzialmente interessata. Parallelamente continua a pesare il Contributo di Autonoma Sistemazione, con una spesa mensile che si attesta intorno ai 330 mila euro e che, secondo quanto riportato nell’ordinanza, non mostra ancora una significativa tendenza alla diminuzione.
Nella ricostruzione presentata da Feola, dunque, le delocalizzazioni non vengono considerate soltanto come uno strumento per trasferire abitazioni e attività fuori dalle zone più pericolose. La nuova impostazione punta anche a evitare che la ricostruzione finisca per riprodurre la stessa pressione edilizia nelle aree maggiormente esposte.
Lo stesso Piano di Ricostruzione richiama infatti il principio del “bilancio zero nello spreco di suolo” e la necessità di promuovere la decompressione insediativa dei territori a rischio. L’ordinanza lega questa strategia anche alla tutela del paesaggio e alla capacità dell’isola di mantenere la propria attrattività turistica, individuando proprio nelle caratteristiche ambientali e paesaggistiche uno degli elementi fondamentali dell’offerta di Ischia.
La conclusione dello studio, richiamata nella nuova ordinanza, è quindi netta sul piano demografico e territoriale: Ischia non ha il problema di riportare popolazione in un territorio che si svuota. Deve piuttosto governare una pressione insediativa già elevata, riducendola nelle zone nelle quali il rischio sismico e idrogeologico si concentra maggiormente. È dentro questa impostazione che Feola colloca la nuova stagione delle delocalizzazioni e le scelte destinate a incidere sull’assetto futuro dei territori coinvolti dalla ricostruzione."
20260826143213,Corriere,https://www.corriere.it/economia/consumi/26_agosto_26/spese-obbligate-valgono-piu-del-41-dei-consumi-familiari-affitto-bollette-e-cure-mediche-in-testa-bac06b7b-d165-4471-8271-8f7ed5917xlk.shtml,,,,,,srclc:ita,"Cosa sono gli extraprofitti? Chi si sta arricchendo con i prezzi folli di benzina e diesel?
di Fabio Savelli
La beffa per le famiglie è ulteriore: i prezzi dei servizi essenziali crescono a velocità doppia, talvolta tripla, rispetto a tutti gli altri
Crescono le spese obbligate per gli italiani. Nel 2026, una famiglia italiana media destina oltre il 41% dell'intera spesa ai consumi ""obbligati"": quelli a cui non si può sottrarsi, dall'affitto alle bollette, dalle assicurazioni alle cure mediche. Trent'anni fa questa quota era il 37%. Un aumento di quasi cinque punti percentuali che, nelle stime dell'Ufficio Studi di Confcommercio, rivela la dinamica di una pressione crescente sui bilanci domestici, aggravata da un fenomeno spesso trascurato: i prezzi dei servizi essenziali crescono a velocità doppia, talvolta tripla, rispetto a tutti gli altri.
I numeri di un nuovo squilibrio emergono chiaramente dal report. Tra il 1995 e il 2026, i prezzi delle spese obbligate sono cresciuti del 140,8%. Nello stesso periodo, i beni commercializzabili (dall'abbigliamento agli arredi, dai giocattoli all'elettronica) hanno subito aumenti del 57,4%, e i servizi a libera scelta del 88,4%. L'energia da sola ha toccato un record assoluto: una crescita del 211,1%.
Si spende in primo luogo per la casa. L'abitazione continua a dominare, con una spesa pro capite di 5.335 euro annui nel 2026, più della metà di tutte le spese obbligate combinate. Seguono assicurazioni e carburanti a 2.310 euro, e l'energia a 1.829 euro. Per una famiglia di tre persone, significa orientativamente sedici mila euro all'anno solo per vivere la casa e mantenersi.
Le famiglie italiane, secondo l'analisi di Confcommercio, hanno mantenuto gli effettivi volumi di consumo, specialmente per l'energia (grazie ai progressi tecnologici nel risparmio energetico), ma si sono viste costrette a comprimere la spesa discrezionale: meno beni durevoli, meno servizi di svago, meno investimenti su ciò che desiderano. Hanno resistito, rimodulando, non riducendo drasticamente.
Il dato sull'energia resta è ambiguo. Sebbene il prezzo sia quasi triplicato, i consumi effettivi sono calati di 1.231 euro pro capite rispetto al 1995 (prezzi 2026). Le famiglie comprano meno beni energetici, ma spendono comunque di più. È il risultato di una contrazione forzata: riscaldamento ridotto d'inverno, climatizzazione limitata d'estate, consumi coscienti di ogni kilowatt.
Il fattore demografico complica ulteriormente il quadro. Negli ultimi undici anni la popolazione italiana si è contratta di circa un milione e mezzo di residenti. L'invecchiamento, oltre il 25% degli italiani ha oggi più di 65 anni , ha mutato le preferenze nei consumi e aumentato la domanda di servizi sanitari e assistenziali, molti dei quali rientrano nelle spese obbligate. Una popolazione più vecchia e più piccola significa minore capacità di assorbire riduzioni di spesa senza conseguenze.
Tabarelli: «Extraprofitti? La tassa è pericolosa. Servono più raffinerie, anche in Italia»
Gasolio, l’ipotesi di sconti mirati senza misure generalizzate: agevolazioni per settori o fasce di reddito
Extraprofitti, la Ue: «La tassa spetta ai singoli Stati». Schlein: «Meloni non ha più alibi, agisca»
Carburanti, stangata da oltre un miliardo di euro ad agosto: il gasolio supera il record del 2022
Taglio delle accise sul diesel, proroga di soli due giorni: caccia alle risorse per coprire il controesodo
Big Oil, 148 miliardi di utili nel 2026 grazie al boom del petrolio (+49%), i maxi-guadagni su benzina e diesel
L'analisi di Confcommercio introduce anche una sfumatura sulla natura stessa di ciò che è percepito come ""obbligato"". Negli ultimi vent'anni il confine si è mosso. Gli smartphone, i tablet, i computer non erano beni di prima necessità nel 1995; oggi molti considerano questi strumenti indispensabili, sia per il lavoro che per accedere a servizi bancari, amministrativi, scolastici."
20260826133549,Vita It,https://www.vita.it/storie-e-persone/quei-73-piccoli-comuni-in-cui-i-migranti-sono-benvenuti/,,,,,,srclc:ita,"La rete dei Piccoli comuni del Welcome conta circa 845 posti Sai di accoglienza attivi. Salvatore Mazzone, sindaco di Pietrelcina: «Chi arriva può contribuire a ringiovanire e riattivare il paese. Le persone accolte oggi fanno parte della comunità e contribuiscono... L'articolo Quei 73 piccoli comuni in cui i migranti sono benvenuti proviene da Vita.it ."
20260826132101,Quotidiano Dell Umbria,https://www.quotidianodellumbria.it/economia/firmato-a-palazzo-donini-il-protocollo-dintesa-tra-regione-umbria-anci-e-sindacati-del-credito/,,,,,,srclc:ita,"Contrastare la desertificazione bancaria in Umbria, tutelare l’accesso al credito di famiglie e imprese e salvaguardare occupazione e servizi nei piccoli Comuni e nelle aree interne.
Sono questi gli obiettivi del Protocollo d’Intesa sottoscritto oggi nel Salone d’Onore di Palazzo Donini da Regione Umbria, Anci Umbria e organizzazioni sindacali dei lavoratori del credito Fabi, First-Cisl, Fisac-Cgil, Uilca e Unisin. L’accordo, che avrà una durata di quattro anni, punta a costruire una strategia comune contro la progressiva riduzione degli sportelli bancari sul territorio regionale. Regione, Comuni e sindacati si impegnano a collaborare per garantire la qualità dei servizi, sostenere l’economia locale, affrontare le criticità del settore del credito e tutelare la stabilità occupazionale.
In Umbria sono state calcolate 53mila persone senza uno sportello nel proprio Comune, con una crescita del 10% nell’ultimo anno. Sono inoltre circa 3.400 le imprese che non dispongono più di una filiale bancaria nel proprio Comune, anche in questo caso con un incremento del 10%. Un Comune umbro su tre è oggi senza alcuno sportello bancario, mentre altri 24 Comuni ne conservano soltanto uno. Se la tendenza non verrà invertita, entro pochi anni oltre la metà dei Comuni della regione potrebbe rimanere senza filiali.
Il Protocollo è il risultato di un percorso di confronto avviato nella primavera del 2026 tra Regione Umbria, Anci Umbria e organizzazioni sindacali del credito, che ha consentito di individuare strumenti e obiettivi condivisi per arginare un fenomeno che interessa in maniera particolare i territori più piccoli e fragili.
Stefania Proietti ha sottolineato «È un fenomeno che incide profondamente sulla vita quotidiana delle persone e delle imprese, colpendo in particolare le aree interne, i borghi e i piccoli Comuni umbri, dove la chiusura di uno sportello significa spesso l’ultimo presidio di prossimità che viene meno».
Da qui, ha spiegato la presidente, la scelta di istituzioni e parti sociali di costruire «una risposta di sistema, la prima a livello nazionale, condivisa e non più affidata alla sola iniziativa dei singoli soggetti».
Proietti ha annunciato anche l’intenzione di portare l’esperienza umbra all’attenzione della Conferenza delle Regioni, affinché il modello possa diventare un riferimento per la sottoscrizione di accordi analoghi in altre realtà italiane.
«La Giunta regionale – ha aggiunto – si impegna a promuovere politiche di sostegno al credito e al lavoro, a coordinare queste azioni con le strategie già in campo per le aree interne e i piccoli borghi e a intervenire direttamente presso gli istituti di credito affinché mantengano una presenza territoriale adeguata alle esigenze di cittadini e imprese».
Un’azione alla quale saranno chiamati a contribuire anche i Comuni, intervenendo, ad esempio, nei confronti degli istituti di credito che gestiscono i rispettivi servizi di tesoreria.
Per il presidente di Anci Umbria, Federico Gori, l’accordo rappresenta «un ulteriore passo avanti verso la tutela del credito territoriale, un servizio che rappresenta un presidio fondamentale per le nostre comunità».
Gori ha ricordato l’impegno portato avanti da anni dalle istituzioni e da Anci Umbria contro lo spopolamento e l’invecchiamento demografico.
«Questo protocollo si inserisce pienamente in tale percorso – ha affermato – con l’obiettivo di preservare nei territori, soprattutto quelli più piccoli e fragili, la presenza di servizi essenziali».
L’intesa, secondo il presidente di Anci Umbria, consentirà di strutturare interventi concreti per mantenere attivi i servizi e individuare soluzioni capaci di rispondere alle differenti esigenze dei territori.
Nasce il Tavolo del Credito Regionale
Uno dei punti centrali del Protocollo è l’istituzione, entro sei mesi dalla firma, del Tavolo del Credito Regionale, al quale parteciperà anche Gepafin.
Il Tavolo avrà il compito di monitorare i flussi di finanziamento, favorire gli investimenti e contribuire a prevenire situazioni di crisi di liquidità sul territorio.
«L’Umbria è la prima Regione a istituire un Tavolo del Credito Regionale – ha evidenziato Proietti –. Mantenere i servizi bancari è essenziale per contrastare lo spopolamento delle aree interne».
Accanto al Tavolo sarà istituito anche un Osservatorio Regionale sull’attività bancaria, con il compito di seguire nel tempo l’evoluzione della desertificazione bancaria e più in generale della presenza degli istituti di credito sul territorio.
Tra le attività previste figura anche l’elaborazione di classifiche di sostenibilità delle banche presenti in Umbria, uno strumento destinato a valutare il rapporto degli istituti con il territorio e il tessuto economico e sociale regionale.
Le organizzazioni sindacali del credito, da parte loro, si impegnano a favorire il confronto sulle politiche regionali, collaborare alle attività di formazione e alla raccolta dei dati sulle dinamiche occupazionali e di mercato e monitorare le difficoltà nell’accesso al credito segnalate nei diversi territori.
Il Protocollo individua una serie di obiettivi strategici: contrastare la desertificazione bancaria e la conseguente perdita di servizi essenziali, sostenere l’occupazione e la qualità del lavoro nel settore, facilitare l’accesso al credito per famiglie e imprese e promuovere una maggiore responsabilità sociale degli istituti bancari.
Alle banche viene quindi chiesto di rafforzare la propria integrazione nel tessuto economico e sociale umbro, con particolare attenzione ai territori nei quali la presenza fisica degli istituti di credito rappresenta ancora un servizio essenziale per cittadini, anziani e attività economiche.
Regione, Anci e sindacati promuoveranno inoltre iniziative comuni di studio, ricerca e sensibilizzazione sui principali temi legati al credito e al lavoro bancario, insieme a programmi di formazione e riqualificazione professionale per gli addetti del settore, anche attraverso l’utilizzo di fondi europei e nazionali.
Un capitolo specifico dell’intesa riguarda infine i Comuni umbri maggiormente esposti al rischio di desertificazione bancaria, per i quali saranno studiate soluzioni mirate sulla base delle singole situazioni territoriali.
L’obiettivo è evitare che la progressiva scomparsa degli sportelli bancari si trasformi in un ulteriore fattore di isolamento per le aree interne e i piccoli centri dell’Umbria, contribuendo allo spopolamento e rendendo più difficile l’accesso ai servizi per cittadini e imprese.
SEO title: Desertificazione bancaria in Umbria, nasce il Tavolo del Credito Regionale
Meta description: Regione Umbria, Anci e sindacati firmano il Protocollo contro la desertificazione bancaria. In Umbria 53mila persone vivono in Comuni senza sportelli. Nascono Tavolo del Credito e Osservatorio regionale.
Parole chiave SEO: desertificazione bancaria Umbria, sportelli bancari Umbria, Tavolo del Credito Regionale, Regione Umbria, Stefania Proietti, Anci Umbria, banche Umbria, piccoli Comuni Umbria, aree interne Umbria, accesso al credito, chiusura filiali bancarie, Gepafin."
20260826125804,Perugiatoday,https://www.perugiatoday.it/attualita/desertificazione-bancaria-firma-protocollo-intesa-regione-anci-sindacati-bancari.html,,,,,,srclc:ita,"Desertificazione bancaria: un nuovo protocollo in Umbria per sostenere territori e cittadini
Siglato l’accordo fra Regione, Anci e sindacati bancari per contrastare il fenomeno. “Se l’attuale trend non dovesse cambiare, entro pochi anni oltre la metà dei Comuni della regione sarà senza filiali”
“Se l’attuale trend non dovesse cambiare, entro pochi anni oltre la metà dei Comuni della regione sarà senza filiali”. Questo il dato che emerge rispetto alla situazione bancaria in Umbria, dove un terzo dei Comuni è oggi senza alcuno sportello bancario e altri ventiquattro ne conservano soltanto uno.
Nel dettaglio, 53mila cittadini umbri vivono in Comuni completamente privi di sportelli bancari, un numero cresciuto del 10% solo nell'ultimo anno, mentre sono circa 3.400 le imprese che non hanno più una filiale di riferimento sul proprio territorio, anch'esse in aumento del 10%.
Per questo, partendo dai numeri poco incoraggianti, è stato siglato un nuovo protocollo d’intesa fra Regione Umbria, Anci e organizzazioni sindacali dei lavoratori del credito (Fabi, First-Cisl, Fisac-Cgil, Uilca, Unisin) per contrastare il fenomeno. Con questo atto, valido per i prossimi quattro anni, Regione, Comuni umbri e sindacati bancari si impegnano a lavorare insieme per contrastare la desertificazione bancaria, garantendo la qualità dei servizi e sostegno all'economia locale, e affrontare con determinazione le criticità del settore del credito, garantendo al contempo la stabilità occupazionale nel settore.
L'intesa nasce da un percorso di confronto avviato già nella primavera del 2026 tra Regione, Anci Umbria e le sigle sindacali del credito, che ha portato a individuare strumenti condivisi per contenere un fenomeno che negli ultimi anni ha colpito duramente il territorio umbro.
Il nuovo protocollo
Il protocollo si propone innanzitutto di contrastare la desertificazione bancaria e l'impoverimento dei servizi territoriali essenziali che ne deriva. A questo si affianca l'impegno a sostenere l'occupazione e la qualità del lavoro nel settore del credito, a facilitare l'accesso al credito per famiglie e imprese umbre e a promuovere una maggiore responsabilità sociale delle banche, chiamate a rafforzare la propria integrazione nel tessuto economico e sociale della regione.
Per dare concretezza a questi obiettivi, l'intesa prevede l'istituzione, entro sei mesi dalla firma, di un Tavolo del Credito Regionale, al quale prenderà parte anche Gepafin, che avrà il compito di monitorare i flussi di finanziamento, sostenere gli investimenti e prevenire situazioni di crisi di liquidità sul territorio. Accanto al Tavolo nascerà un Osservatorio Regionale sull'attività bancaria, incaricato di seguire l'evoluzione del fenomeno e di elaborare classifiche di sostenibilità delle banche presenti in Umbria.
Le parti si sono inoltre impegnate a promuovere iniziative congiunte di studio, ricerca e sensibilizzazione sui temi più rilevanti per il settore bancario e per i suoi lavoratori, così come programmi di formazione e riqualificazione professionale per il personale del credito e della finanza, anche facendo leva su fondi europei e nazionali. Un capitolo specifico dell'intesa è dedicato poi alla ricerca di soluzioni per i Comuni più esposti al rischio di desertificazione bancaria, con l'obiettivo di individuare risposte su misura per le situazioni più critiche.
La presidente Stefania Proietti ha parlato di “Un fenomeno che incide profondamente sulla vita quotidiana delle persone e delle imprese, colpendo in particolare le aree interne, i borghi e i piccoli Comuni umbri, dove la chiusura di uno sportello significa spesso l'ultimo presidio di prossimità che viene meno. Da qui la scelta di istituzioni e parti sociali di costruire una risposta di sistema, la prima a livello nazionale, condivisa e non più affidata alla sola iniziativa dei singoli soggetti. Sono intenzionata a sottoporla alla Conferenza delle Regioni, affinché possa servire da paradigma per la sottoscrizione di altri documenti analoghi”.
La presidente ha proseguito affermando che “La giunta si impegna a promuovere politiche di sostegno al credito e al lavoro, a coordinare queste azioni con le strategie già in campo per le aree interne e i piccoli borghi, e a intervenire direttamente presso gli istituti di credito affinché mantengano una presenza territoriale adeguata alle esigenze di cittadini e imprese, invitando i Comuni a fare altrettanto presso ad esempio l’istituto di credito che ne cura la tesoreria”.
Sull’importanza di un nuovo protocollo d’intesa in Umbria è intervenuto anche Federico Gori, presidente di Anci Umbria: “Quello di oggi è un ulteriore passo avanti verso la tutela del credito territoriale, un servizio che rappresenta un presidio fondamentale per le nostre comunità. Da anni, come istituzioni e come Anci Umbria, siamo impegnati nel contrasto allo spopolamento e all’invecchiamento demografico. Questo protocollo si inserisce pienamente in tale percorso, con l’obiettivo di preservare nei territori, soprattutto quelli più piccoli e fragili, la presenza di servizi essenziali. Con la firma di questo protocollo, saremo nelle condizioni di strutturare percorsi concreti per mantenere attivi questi servizi e a individuare soluzioni capaci di rispondere alle esigenze dei territori”."
20260826124720,Il Giornale Del Molise,https://www.ilgiornaledelmolise.it/2026/08/26/fanelli-roberti-si-opponga-al-piano-per-tagliare-le-risorse-agli-asili-nido/,,,,,,srclc:ita,"Riceviamo e pubblichiamo la nota della consigliera regionale PD Micaela Fanelli.
“Discutiamo da tempo della voragine che separa la propaganda del Governo Meloni dalle scelte concrete sui temi dei diritti, delle donne e del futuro del Paese.
Gli approfondimenti pubblicati in questi giorni sulla stampa nazionale da Marco Esposito, Cecilia D’Elia e Linda Laura Sabbadini, ci consegnano due questioni strettamente connesse e fondate su fonti e dati ufficiali: la rappresentanza femminile nelle istituzioni e le politiche pubbliche reali per la libertà delle donne e contro la denatalità.
Da un lato, l’analisi di Cecilia D’Elia mette a nudo il paradosso del cosiddetto “Melonellum”. Il primo esecutivo guidato da una donna, non solo non ha prodotto alcuna visione strutturale per l’emancipazione femminile, ma vara una riforma elettorale che rischia di azzerare le norme antidiscriminatorie e di ridurre ulteriormente la presenza delle donne nei luoghi decisionali. Perché la rappresentanza non è un dettaglio estetico, è il cuore della democrazia.
Dall’altro lato c’è la realtà materiale, ancora più brutale. Non si può parlare a vanvera di natalità mentre si tagliano le risorse proprio laddove gli asili nido mancano. Come svelato da Marco Esposito sul nuovo Piano d’Azione 0-6 del Ministero dell’Istruzione e del Merito – elaborato negli uffici ministeriali nella settimana di Ferragosto –, siamo di fronte a una scelta iniqua e regressiva.
La quota perequativa del Fondo 0-6 destinata ai territori svantaggiati viene dimezzata dal 20% al 10%, per un taglio complessivo di 193 milioni di euro sull’insieme del piano. Nel contempo, sale dal 40% al 50% la quota destinata ai territori che dispongono già di servizi per l’infanzia.
Come certificano i dati ufficiali Istat riportati nell’inchiesta, la copertura dei servizi educativi per l’infanzia è al 31,6% a livello nazionale, ma crolla al 19% nel Mezzogiorno. Spostare fondi da chi deve costruire a chi è già attrezzato significa acuire i divari territoriali e condannare le famiglie del Sud. Come evidenziato anche dalle ricerche Istat e richiamato da economiste come Linda Laura Sabbadini, i nidi non sono opere di carità, ma infrastrutture sociali indispensabili per consentire alle donne di lavorare e alle famiglie di programmare il proprio futuro, frenando la desertificazione demografica.
A tutto ciò si aggiunge un ulteriore paradosso economico evidenziato da Esposito: ogni milione che arriva dallo Stato per il Fondo 0-6 deve essere obbligatoriamente integrato da 250 mila euro di cofinanziamento regionale. Per Regioni in fragile equilibrio finanziario come quelle meridionali, questo meccanismo rischia di aggravare i bilanci, lasciando i bambini senza nido in un’attesa infinita.
Questa è la discussione che come Partito Democratico abbiamo affrontato a Campobasso, nell’incontro promosso dalla Federazione PD Medio Molise, alcune settimane fa, con Linda Laura Sabbadini. E i dati ufficiali Istat e del Censimento 2024 inchiodano il Molise a un’emergenza senza precedenti, che grida vendetta di fronte all’inerzia della Regione.
I numeri, infatti, sono impietosi.
Nel 2025, in Italia le nascite sono scese a circa 355 mila (-3,9% rispetto al 2024), con la fecondità a 1,14 figli per donna (fonte: dati ufficiali Istat).
Il Molise registra un calo demografico del 6,5 per mille, il secondo peggior dato nazionale dopo la Basilicata (fonte: dati ufficiali Istat).
Il Censimento Istat 2024 certifica per la nostra regione 287.814 residenti (-1.410 in un solo anno), appena 1.561 nati (-6% sul 2023) e ben 19 Comuni con un tasso di natalità pari a zero.
L’età media regionale è volata a 48,4 anni e l’indice di vecchiaia è schizzato a 261,9 (a fronte di una media italiana di 207,7, fonte: dati ufficiali Istat).
Siamo di fronte alla radiografia di una terra che rischia l’estinzione sociale. E dinanzi a questa ecatombe demografica, la giunta regionale di centrodestra guidata dal presidente Roberti continua a fare melina.
Le domande a cui il presidente Roberti e la sua Giunta devono rispondere senza infingimenti sono inevitabili.
Cosa ha fatto finora la Regione Molise per difendere il diritto alla sopravvivenza demografica ed economica del nostro territorio?
Quali risorse proprie sono state investite per realizzare asili nido nei Comuni molisani che ne sono totalmente sprovvisti?
Quale strategia politica è stata messa in campo per sostenere il lavoro femminile, la genitorialità e la conciliazione dei tempi di vita?
Quali iniziative istituzionali sono state assunte nei confronti del Governo centrale per bloccare il Piano 0-6 del Ministero dell’Istruzione, che penalizza i territori più fragili come il Molise?
Inoltre, poiché il Piano d’Azione 0-6 del Ministero dell’Istruzione e del Merito illustrato da Esposito dovrà andare in Conferenza Unificata, cogliamo l’occasione per chiedere al presidente Roberti di esprimere formalmente la ferma contrarietà del Molise, affinché in Conferenza Unificata le regioni del Mezzogiorno boccino quel riparto. E sulla questione annuncio che presenterò in Consiglio Regionale una mozione per orientare l’intera Aula in questa necessaria ed indispensabile direzione.
Perché amministrare l’esistente non basta più. Quando un territorio perde giovani, bambini e futuro, serve una scossa politica e programmatica radicale fatta di servizi, trasporti, sanità, lavoro e diritti per le donne. Continuare a declinare la natalità solo negli slogan, tollerando che il Molise si svuoti giorno dopo giorno, non è un destino cinico e baro, è una precisa responsabilità politica.”"
20260826120007,Molise Tabloid,https://www.molisetabloid.it/2026/08/26/donne-asili-e-denatalita-fanelli-interroga-roberti-numeri-impietosi-cosa-ha-fatto-finora-la-regione/,,,,,,srclc:ita,"“Discutiamo da tempo della voragine che separa la propaganda del Governo Meloni dalle scelte concrete sui temi dei diritti, delle donne e del futuro del Paese”.
A sostenerlo è la consigliera regionale del Pd, Micaela Fanelli, che pone degli interrogativi al governatore.
“Gli approfondimenti pubblicati in questi giorni sulla stampa nazionale da Marco Esposito, Cecilia D’Elia e Linda Laura Sabbadini, ci consegnano due questioni strettamente connesse e fondate su fonti e dati ufficiali: la rappresentanza femminile nelle istituzioni e le politiche pubbliche reali per la libertà delle donne e contro la denatalità.
Da un lato, l’analisi di Cecilia D’Elia mette a nudo il paradosso del cosiddetto “Melonellum”. Il primo esecutivo guidato da una donna, non solo non ha prodotto alcuna visione strutturale per l’emancipazione femminile, ma vara una riforma elettorale che rischia di azzerare le norme antidiscriminatorie e di ridurre ulteriormente la presenza delle donne nei luoghi decisionali. Perché la rappresentanza non è un dettaglio estetico,  è il cuore della democrazia.
Dall’altro lato c’è la realtà materiale, ancora più brutale. Non si può parlare a vanvera di natalità mentre si tagliano le risorse proprio laddove gli asili nido mancano. Come svelato da Marco Esposito sul nuovo Piano d’Azione 0-6 del Ministero dell’Istruzione e del Merito – elaborato negli uffici ministeriali nella settimana di Ferragosto –, siamo di fronte a una scelta iniqua e regressiva.
La quota perequativa del Fondo 0-6 destinata ai territori svantaggiati viene dimezzata dal 20% al 10%, per un taglio complessivo di 193 milioni di euro sull’insieme del piano. Nel contempo, sale dal 40% al 50% la quota destinata ai territori che dispongono già di servizi per l’infanzia.
Come certificano i dati ufficiali Istat riportati nell’inchiesta, la copertura dei servizi educativi per l’infanzia è al 31,6% a livello nazionale, ma crolla al 19% nel Mezzogiorno. Spostare fondi da chi deve costruire a chi è già attrezzato significa acuire i divari territoriali e condannare le famiglie del Sud. Come evidenziato anche dalle ricerche Istat e richiamato da economiste come Linda Laura Sabbadini, i nidi non sono opere di carità, ma infrastrutture sociali indispensabili per consentire alle donne di lavorare e alle famiglie di programmare il proprio futuro, frenando la desertificazione demografica.
A tutto ciò si aggiunge un ulteriore paradosso economico evidenziato da Esposito: ogni milione che arriva dallo Stato per il Fondo 0-6 deve essere obbligatoriamente integrato da 250 mila euro di cofinanziamento regionale. Per Regioni in fragile equilibrio finanziario come quelle meridionali, questo meccanismo rischia di aggravare i bilanci, lasciando i bambini senza nido in un’attesa infinita.
Questa è la discussione che come Partito Democratico abbiamo affrontato a Campobasso, nell’incontro promosso dalla Federazione PD Medio Molise, alcune settimane fa, con Linda Laura Sabbadini. E i dati ufficiali Istat e del Censimento 2024 inchiodano il Molise a un’emergenza senza precedenti, che grida vendetta di fronte all’inerzia della Regione.
I numeri, infatti, sono impietosi.
Nel 2025, in Italia le nascite sono scese a circa 355 mila (-3,9% rispetto al 2024), con la fecondità a 1,14 figli per donna (fonte: dati ufficiali Istat).
Il Molise registra un calo demografico del 6,5 per mille, il secondo peggior dato nazionale dopo la Basilicata (fonte: dati ufficiali Istat).
Il Censimento Istat 2024 certifica per la nostra regione 287.814 residenti (-1.410 in un solo anno), appena 1.561 nati (-6% sul 2023) e ben 19 Comuni con un tasso di natalità pari a zero.
L’età media regionale è volata a 48,4 anni e l’indice di vecchiaia è schizzato a 261,9 (a fronte di una media italiana di 207,7, fonte: dati ufficiali Istat).
Siamo di fronte alla radiografia di una terra che rischia l’estinzione sociale. E dinanzi a questa ecatombe demografica, la giunta regionale di centrodestra guidata dal presidente Roberti continua a fare melina.
Le domande a cui il presidente Roberti e la sua Giunta devono rispondere senza infingimenti sono inevitabili.
Cosa ha fatto finora la Regione Molise per difendere il diritto alla sopravvivenza demografica ed economica del nostro territorio?
Quali risorse proprie sono state investite per realizzare asili nido nei Comuni molisani che ne sono totalmente sprovvisti?
Quale strategia politica è stata messa in campo per sostenere il lavoro femminile, la genitorialità e la conciliazione dei tempi di vita?
Quali iniziative istituzionali sono state assunte nei confronti del Governo centrale per bloccare il Piano 0-6 del Ministero dell’Istruzione, che penalizza i territori più fragili come il Molise?
Inoltre, poiché il Piano d’Azione 0-6 del Ministero dell’Istruzione e del Merito illustrato da Esposito dovrà andare in Conferenza Unificata, cogliamo l’occasione per chiedere al presidente Roberti di esprimere formalmente la ferma contrarietà del Molise, affinché in Conferenza Unificata le regioni del Mezzogiorno boccino quel riparto. E sulla questione annuncio che presenterò in Consiglio Regionale una mozione per orientare l’intera Aula in questa necessaria ed indispensabile direzione.
Perché amministrare l’esistente non basta più. Quando un territorio perde giovani, bambini e futuro, serve una scossa politica e programmatica radicale fatta di servizi, trasporti, sanità, lavoro e diritti per le donne. Continuare a declinare la natalità solo negli slogan, tollerando che il Molise si svuoti giorno dopo giorno, non è un destino cinico e baro, è una precisa responsabilità politica.”"
20260826101200,Torino Cronaca,https://www.torinocronaca.it/news/torino/685295/tubercolosi-in-piemonte-300-casi-in-un-anno-soprattutto-tra-gli-stranieri.html,,,,,,srclc:ita,"l'editoriale
Cerca
salute
26 Agosto 2026 - 12:12
Tubercolosi in Piemonte: 300 casi in un anno, soprattutto tra gli stranieri
Trecento casi diagnosticati in un anno, quasi uno al giorno, con Torino come ""epicentro"" regionale. La tubercolosi continua a colpire in Piemonte, soprattutto tra gli stranieri, dove nel 2025 ha raggiunto numeri paragonabili a quelli dell'anno precedente (nel 2024 erano stati 320) ma in netta salita rispetto al quinquennio 2020-2024.
L'analisi è stata effettuata dal Seremi (servizio di riferimento regionale di epidemiologia) nel report ""La tubercolosi in Piemonte"" nel quale si evidenzia che i 300 casi sono pari a una incidenza di 7,1 per 100mila abitanti, un valore leggermente inferiore rispetto al 2024 ma comunque superiore ai livelli del periodo pandemico. Il documento ricorda infatti che nel 2020, complice il lockdown e la riduzione dei contatti sociali, i casi erano scesi a 197 (4,6 per 100mila). Da allora la curva è tornata a salire, avvicinandosi ai valori pre‑Covid, quando l’incidenza oscillava tra 7,6 e 8,8. La forma respiratoria resta predominante: nel 2025 rappresenta il 69,7% delle diagnosi, con 209 casi. Le forme non respiratorie sono 91, soprattutto linfonodali, mentre si registrano 5 meningiti tubercolari, tutte in persone straniere tra 32 e 56 anni.
Sul fronte demografico, gli stranieri rappresentano il 60% dei casi (181 nel 2025). Le comunità più coinvolte sono quelle del Marocco (17,1% dei casi tra stranieri) e della Romania (13,3%), riflesso sia della loro presenza sul territorio sia dell’incidenza nei Paesi d’origine. Tra gli italiani, l’incidenza è stabile: 119 casi nel 2025, pari a 3,1 per 100mila abitanti, valori analoghi al periodo pre‑pandemico.
La parte più rilevante del report riguarda la Città di Torino, che continua a essere l’area con il maggior carico di malattia. Nel 2025 sono stati registrati 92 casi, con un’incidenza di 10,8 per 100mila abitanti, nettamente superiore alla media regionale. L’area metropolitana nel suo complesso raccoglie circa il 52% delle segnalazioni piemontesi. Il confronto con gli anni precedenti mostra una sostanziale stabilità su valori elevati: 98 casi nel 2024, 81 nel 2023, 90 nel 2022. Torino resta costantemente sopra la soglia dei 10 casi per 100mila abitanti, limite convenzionale che separa le aree a bassa incidenza da quelle a media‑alta.
La composizione dei casi torinesi riflette la dinamica regionale: prevalenza di forme respiratorie, forte incidenza tra giovani adulti stranieri, presenza di focolai familiari. Nel 2025 in Piemonte sono stati identificati 7 focolai, tutti composti da persone straniere o figli di stranieri; il più grande, con 10 casi, ha coinvolto anche bambini tra 5 e 13 anni. La trasmissione avviene quasi sempre in ambito domestico o di convivenza, confermando la necessità di rafforzare le indagini sui contatti. Il ritorno ai livelli pre‑pandemici, la crescita nelle province di Biella e Cuneo, e la persistenza di valori elevati a Torino delineano un quadro che richiede attenzione costante. Il report invita a potenziare la diagnosi precoce, migliorare la sorveglianza e rafforzare gli interventi nelle comunità più vulnerabili.
I più letti
CronacaQui.it | Direttore responsabile: Andrea Monticone
Vicedirettore: Marco Bardesono                                                           Capo servizio cronaca: Claudio Neve
Editore: Editoriale Argo s.r.l. Via Principe Tommaso 30 – 10125 Torino | C.F.08313560016 | P.IVA.08313560016.                      Redazione Torino: via Principe Tommaso, 30 – 10125 Torino      |Tel. 011.6669, Email redazione@torinocronaca.it. Fax. 0116669232 ISSN 2611-2272                                                                                           Amministratore unico e responsabile trattamento dati e sicurezza: Walter Altea 
Registrazione tribunale n° 1877 del 14.03.1950 Tribunale di Milano 
La società percepisce i contributi di cui al decreto legislativo 15 maggio 2017, n. 70. Indicazione resa ai sensi della lettera f) del comma 2 dell’articolo 5 del medesimo decreto legislativo.."
20260826092127,La Gazzetta Del Mezzogiorno,https://www.lagazzettadelmezzogiorno.it/news/ultima-ora/2106526/le-spese-obbligate-si-mangiano-il-42-dei-consumi-familiari.html,,,,,,srclc:ita,"Mercoledì 26 Agosto 2026, 10:24
ROMA (ITALPRESS) – Nel 2026 le spese obbligate – ovvero quelle legate a beni e servizi di cui le famiglie non possono fare a meno, come casa, energia, bollette, sanità, trasporti e assicurazioni – continuano a “mangiarsi” una fetta molto consistente dei consumi totali delle famiglie con un’incidenza pari al 41,7% (+4,7% rispetto al 1995). Di contro, tra le spese libere, è in lieve aumento la quota destinata ai servizi (+2,9%), mentre risulta in contrazione quella per i beni (-7,6%). Le spese per l’abitazione si confermano la voce di costo maggiore con 5.335 euro pro capite (+72 euro rispetto al 2025) sul totale delle spese obbligate (pari a 9.693 euro); seguono assicurazioni e carburanti (2.310 euro) e l’energia (1.829 euro); quest’ultima è, comunque, la componente che, pur mantenendo un’incidenza elevata sui bilanci familiari, dal 1995 ad oggi ha registrato la riduzione più significativa (-1.231 euro), conseguenza di minori consumi delle famiglie come risposta a prezzi crescenti, ma anche e soprattutto dei progressi tecnologici che hanno favorito il risparmio energetico. La maggiore incidenza delle spese obbligate sui bilanci familiari è determinata soprattutto dalla diversa dinamica dei prezzi cresciuti molto più rapidamente rispetto a quelli dei beni e dei servizi commercializzabili: dal 1995 ad oggi, il loro indice è cresciuto del 140%, quasi due volte e mezzo rispetto a quello dei beni commercializzabili (+57%) e una volta e mezzo rispetto ai servizi (+88,4%), con il picco toccato dall’aggregato energia, gas e carburanti i cui prezzi sono cresciuti in trent’anni del 211%. L’analisi evidenzia, tuttavia, come le famiglie abbiano dimostrato una significativa capacità di tenuta, cercando di mantenere i livelli di consumo, rimodulando la composizione della spesa, contenendo soprattutto i beni più tradizionali, più che riducendola drasticamente, pur in presenza di un progressivo aumento dei costi incomprimibili che ha ridotto gli spazi di spesa discrezionale. Questi, in sintesi, i principali risultati dell’analisi dell’Ufficio Studi di Confcommercio sulle spese obbligate delle famiglie italiane nel periodo 1995-2026 (qui la nota integrale dell’Ufficio Studi). Il recupero della domanda in atto dalla fine dello scorso anno – che vede interessati anche alcuni segmenti di beni durevoli – sembra aver prodotto nel 2026 una cristallizzazione nella distribuzione dei consumi tra obbligati e commercializzabili. Il dato stimato per l’anno in corso, che mantiene la quota indirizzata all’acquisto dei beni e servizi commercializzabili al 58,3% non modifica, nella sostanza, le valutazioni fatte in precedenza sulle dinamiche di lungo periodo. In trent’anni la quota di consumo destinata a sostenere quelle spese da considerarsi obbligate è passata dal 37,0% al 41,7%, comprimendo la parte riservata all’acquisto di quei beni e servizi che appartengono alle libere scelte dei consumatori e che sono legate alle preferenze e agli stili di vita dei singoli individui o famiglie. Stili di vita che nel corso del tempo hanno subito profonde modifiche rendendo in alcuni casi più sfumato il confine tra spese obbligate e non. Tra questi prodotti e servizi rientra sicuramente una parte dei “tecnologici” (smartphone, tablet, pc e relativi servizi) che progressivamente sono diventati anche strumenti necessari per il lavoro, lo studio e per la fruizione di servizi inclusi tra le spese obbligate (servizi bancari e finanziari, rapporti con la pubblica amministrazione, ecc.). In linea con i mutamenti intervenuti nel corso degli anni negli stili di vita e nelle preferenze dei consumatori la compressione della quota destinata al consumo di beni e servizi commercializzabili è frutto a sua volta di dinamiche articolate. “Nonostante un rallentamento delle spese obbligate, l’incidenza sui bilanci familiari rimane elevata, in particolare per carburanti e bollette a causa dei rincari energetici. Occorre intervenire su fisco e tariffe, eliminando le distorsioni che gravano sui costi fissi”, afferma il presidente di Confcommercio, Carlo Sangalli. Stando alle stime, anche nel 2026 le famiglie confermano la tendenza a cercare di recuperare principalmente quegli spazi destinati all’acquisto dei servizi commercializzabili, che dopo la battuta d’arresto del 2020 e i significativi recuperi degli anni successivi, non sono ancora tornati alla quota del 21,3% raggiunta nel 2019. Per contro, i beni commercializzabili nel loro complesso dovrebbero vedere, nell’anno in corso, un’ulteriore riduzione dell’incidenza attestandosi al 37,5%. Alla luce delle diverse dinamiche registrate dai prezzi degli obbligati e dei commercializzabili, appare chiaro che larga parte dell’aumento della quota di spesa destinata alle spese a cui le famiglie non possono rinunciare sia derivata dalla necessità di mantenere i volumi acquistati in presenza di dinamiche dei prezzi progressivamente crescenti: cioè l’incremento della quota delle spese obbligate è derivata dall’effetto dei maggiori prezzi al consumo. Vanno anche considerati gli importanti mutamenti demografici intervenuti nell’arco temporale oggetto d’osservazione. Oltre all’invecchiamento della popolazione (ad oggi oltre il 25% dei residenti ha più di 65 anni) che ne ha mutato le esigenze e le preferenze in materia di consumi, a partire dal 2015 la popolazione ha mostrato una progressiva riduzione (nella media del 2026 il calo rispetto al picco del 2014 dovrebbe approssimarsi a 1,5 milioni). Per cercare di sterilizzare, sia pure parzialmente, il possibile effetto prezzo e calo demografico sulle dinamiche evidenziate dalla figura 1 si sono riportati i dati a volume (espressi ai prezzi 2026) alla popolazione residente. In termini complessivi i consumi pro capite espressi ai prezzi del 2026 sono, infatti, aumentati tra il 1995 ed il 2026 in misura più significativa per la componente dei commercializzabili, soprattutto per effetto di quanto accaduto tra il 1995 ed il 2007. Le differenze tra le dinamiche a valore e a volume ribadiscono ancora una volta il ruolo dei prezzi nel determinare le scelte delle famiglie. Scelte che sono state fatte in un contesto che da quasi 20 anni non conosce una crescita dei volumi acquistati per abitante: solo a cavallo tra il 2025-2026 si tornerà ad una spesa in quantità analoga a quella del 2007. Si conferma anche nel 2026 il ruolo preponderante delle spese per l’abitazione, i cui volumi per abitante ammontano, ai prezzi attuali, a poco più di 5mila e trecento euro l’anno (vale a dire oltre la metà delle spese obbligate in quantità). All’interno delle spese obbligate è importante sottolineare come la riduzione più significativa, in termini reali, abbia interessato la componente energetica, che non si è tradotta in un’analoga compressione della quota a valore a tali consumi destinata. Il dato è frutto, oltre che dei comportamenti delle famiglie che hanno reagito ai prezzi crescenti riducendo i consumi, anche, forse soprattutto, dei progressi tecnologici che hanno permesso di realizzare prodotti sempre più orientati al risparmio energetico. Sul versante dei beni commercializzabili, nel 2026 il processo di recupero dei volumi acquistati, che negli ultimi anni è stato guidato in buona parte dalle apparecchiature informatiche e per le comunicazioni, favorito anche dalla riduzione dei prezzi relativi, dovrebbe essere sostenuto anche da una parte di quei durevoli le cui spese erano state fortemente compresse nei periodi precedenti. -foto ufficio stampa Confcommercio – (ITALPRESS)."
20260826091800,Milano Finanza,https://www.milanofinanza.it/news/verso-il-piu-grande-trasferimento-di-ricchezza-della-storia-ecco-come-investono-i-giovani-che-ereditano-202608261108107001,,,,,,srclc:ita,"Nei prossimi 20-25 anni è prevista a una rivoluzione finanziaria senza precedenti. È in atto il cosiddetto Great Wealth Transfer, il più grande passaggio di ricchezza della storia. Secondo i dati dell'Ubs Global Wealth Report 2025, oltre 83 mila miliardi di dollari verranno trasferiti a livello globale: circa 9 mila miliardi si sposteranno orizzontalmente all'interno della stessa generazione (principalmente tra coniugi) e più di 74 mila miliardi verticalmente verso le nuove generazioni.
Altre stime, come quelle di Cerulli Associates, proiettano addirittura un passaggio di 124 mila miliardi entro il 2048, indicando Millennials e Gen Z (cioè i nati tra il 1981 e i primi anni Duemila) come i principali beneficiari.
Questo travaso non è solo demografico, ma decisionale: i nuovi eredi hanno infatti, spiega il report della banca svizzera, valori, canali d'informazione e preferenze d'investimento radicalmente diversi rispetto al passato.
Il punto di partenza è però un altro. Una quota considerevole di patrimoni si sposterà prima in modo orizzontale verso i coniugi superstiti. Poiché le donne tendono a vivere più a lungo e a sposare partner più anziani, saranno loro a controllare i patrimoni familiari per periodi prolungati. McKinsey stima che entro il 2030 le donne negli Stati Uniti controlleranno 34 mila miliardi di dollari in asset investibili, mentre in Europa occidentale la loro quota salirà al 45% del totale gestito.
Le donne della nuova generazione, spiega Ubs, partecipano molto più attivamente ai mercati: nel 2024 il 71% possedeva azioni (rispetto al 60% del 2023). Inoltre, mostrano un approccio al rischio calcolato e fortemente orientato al lungo termine. Secondo uno studio citato nel report le donne ottengono performance superiori agli uomini dell'1,8% annuo, perché effettuano meno transazioni (riducendo i costi di trading) e tendono a non vendere durante i forti ribassi.
C’è poi tutto il capitolo dei giovani eredi. Se i Millennials sono entrati nel mercato del lavoro durante la crisi del 2008, la Gen Z è cresciuta in un'era di forti aiuti monetari e poi durante la pandemia. Questo rende i più giovani molto prudenti nel risparmio: il 70,4% dei giovani europei risparmia mensilmente, contro il 51,1% dei Baby Boomers (la generazione dei loro genitori).
Tuttavia, quando investono i giovani mostrano un forte appetito per il rischio calcolato, supportato da un orizzonte temporale più lungo, anche se la Fomo (la paura di rimanere esclusi dei trend di mercato) influenza la metà delle decisioni della Gen Z. Rispetto alle vecchie generazioni, i più giovani guardano con decisione ad asset non tradizionali: il 78% desidera includere i mercati privati nelle proprie strategie e il 74% cerca un'esposizione ad asset digitali. Criptovalute e oggetti da collezione (come sneakers, beni di lusso o auto d'epoca) giocano un ruolo chiave: la Gen Z vi alloca in media il 26% della propria ricchezza.
Nonostante le enormi somme in gioco, molte famiglie si trovano tuttavia impreparate: Ubs rileva che il 76% dei possessori di ricchezze teme che il passaggio non avvenga in modo fluido, eppure il 41% non ha un piano di successione strutturato e il 42% non ha un testamento aggiornato.
Per evitare conflitti e perdite di valore, le famiglie facoltose stanno affrontando la successione non come un evento isolato, ma come un processo graduale e trasparente. Coinvolgere gli eredi in anticipo, sottolinea la banca svizzera, aiuta ad allineare i valori familiari e a formare i leader finanziari del futuro. (riproduzione riservata)"
20260826090014,Il Fatto Nisseno,https://www.ilfattonisseno.it/2026/08/le-spese-obbligate-si-mangiano-il-42-dei-consumi-familiari/,,,,,,srclc:ita,"ROMA (ITALPRESS) – Nel 2026 le spese obbligate – ovvero quelle legate a beni e servizi di cui le famiglie non possono fare a meno, come casa, energia, bollette, sanità, trasporti e assicurazioni – continuano a “mangiarsi” una fetta molto consistente dei consumi totali delle famiglie con un’incidenza pari al 41,7% (+4,7% rispetto al 1995). Di contro, tra le spese libere, è in lieve aumento la quota destinata ai servizi (+2,9%), mentre risulta in contrazione quella per i beni (-7,6%). Le spese per l’abitazione si confermano la voce di costo maggiore con 5.335 euro pro capite (+72 euro rispetto al 2025) sul totale delle spese obbligate (pari a 9.693 euro); seguono assicurazioni e carburanti (2.310 euro) e l’energia (1.829 euro); quest’ultima è, comunque, la componente che, pur mantenendo un’incidenza elevata sui bilanci familiari, dal 1995 ad oggi ha registrato la riduzione più significativa (-1.231 euro), conseguenza di minori consumi delle famiglie come risposta a prezzi crescenti, ma anche e soprattutto dei progressi tecnologici che hanno favorito il risparmio energetico. La maggiore incidenza delle spese obbligate sui bilanci familiari è determinata soprattutto dalla diversa dinamica dei prezzi cresciuti molto più rapidamente rispetto a quelli dei beni e dei servizi commercializzabili: dal 1995 ad oggi, il loro indice è cresciuto del 140%, quasi due volte e mezzo rispetto a quello dei beni commercializzabili (+57%) e una volta e mezzo rispetto ai servizi (+88,4%), con il picco toccato dall’aggregato energia, gas e carburanti i cui prezzi sono cresciuti in trent’anni del 211%. L’analisi evidenzia, tuttavia, come le famiglie abbiano dimostrato una significativa capacità di tenuta, cercando di mantenere i livelli di consumo, rimodulando la composizione della spesa, contenendo soprattutto i beni più tradizionali, più che riducendola drasticamente, pur in presenza di un progressivo aumento dei costi incomprimibili che ha ridotto gli spazi di spesa discrezionale.
Questi, in sintesi, i principali risultati dell’analisi dell’Ufficio Studi di Confcommercio sulle spese obbligate delle famiglie italiane nel periodo 1995-2026 (qui la nota integrale dell’Ufficio Studi).
Il recupero della domanda in atto dalla fine dello scorso anno – che vede interessati anche alcuni segmenti di beni durevoli – sembra aver prodotto nel 2026 una cristallizzazione nella distribuzione dei consumi tra obbligati e commercializzabili. Il dato stimato per l’anno in corso, che mantiene la quota indirizzata all’acquisto dei beni e servizi commercializzabili al 58,3% non modifica, nella sostanza, le valutazioni fatte in precedenza sulle dinamiche di lungo periodo. In trent’anni la quota di consumo destinata a sostenere quelle spese da considerarsi obbligate è passata dal 37,0% al 41,7%, comprimendo la parte riservata all’acquisto di quei beni e servizi che appartengono alle libere scelte dei consumatori e che sono legate alle preferenze e agli stili di vita dei singoli individui o famiglie.
Stili di vita che nel corso del tempo hanno subito profonde modifiche rendendo in alcuni casi più sfumato il confine tra spese obbligate e non. Tra questi prodotti e servizi rientra sicuramente una parte dei “tecnologici” (smartphone, tablet, pc e relativi servizi) che progressivamente sono diventati anche strumenti necessari per il lavoro, lo studio e per la fruizione di servizi inclusi tra le spese obbligate (servizi bancari e finanziari, rapporti con la pubblica amministrazione, ecc.).
In linea con i mutamenti intervenuti nel corso degli anni negli stili di vita e nelle preferenze dei consumatori la compressione della quota destinata al consumo di beni e servizi commercializzabili è frutto a sua volta di dinamiche articolate.
“Nonostante un rallentamento delle spese obbligate, l’incidenza sui bilanci familiari rimane elevata, in particolare per carburanti e bollette a causa dei rincari energetici. Occorre intervenire su fisco e tariffe, eliminando le distorsioni che gravano sui costi fissi”, afferma il presidente di Confcommercio, Carlo Sangalli.
Stando alle stime, anche nel 2026 le famiglie confermano la tendenza a cercare di recuperare principalmente quegli spazi destinati all’acquisto dei servizi commercializzabili, che dopo la battuta d’arresto del 2020 e i significativi recuperi degli anni successivi, non sono ancora tornati alla quota del 21,3% raggiunta nel 2019.
Per contro, i beni commercializzabili nel loro complesso dovrebbero vedere, nell’anno in corso, un’ulteriore riduzione dell’incidenza attestandosi al 37,5%.
Alla luce delle diverse dinamiche registrate dai prezzi degli obbligati e dei commercializzabili, appare chiaro che larga parte dell’aumento della quota di spesa destinata alle spese a cui le famiglie non possono rinunciare sia derivata dalla necessità di mantenere i volumi acquistati in presenza di dinamiche dei prezzi progressivamente crescenti: cioè l’incremento della quota delle spese obbligate è derivata dall’effetto dei maggiori prezzi al consumo.
Vanno anche considerati gli importanti mutamenti demografici intervenuti nell’arco temporale oggetto d’osservazione. Oltre all’invecchiamento della popolazione (ad oggi oltre il 25% dei residenti ha più di 65 anni) che ne ha mutato le esigenze e le preferenze in materia di consumi, a partire dal 2015 la popolazione ha mostrato una progressiva riduzione (nella media del 2026 il calo rispetto al picco del 2014 dovrebbe approssimarsi a 1,5 milioni).
Per cercare di sterilizzare, sia pure parzialmente, il possibile effetto prezzo e calo demografico sulle dinamiche evidenziate dalla figura 1 si sono riportati i dati a volume (espressi ai prezzi 2026) alla popolazione residente.
In termini complessivi i consumi pro capite espressi ai prezzi del 2026 sono, infatti, aumentati tra il 1995 ed il 2026 in misura più significativa per la componente dei commercializzabili, soprattutto per effetto di quanto accaduto tra il 1995 ed il 2007.
Le differenze tra le dinamiche a valore e a volume ribadiscono ancora una volta il ruolo dei prezzi nel determinare le scelte delle famiglie. Scelte che sono state fatte in un contesto che da quasi 20 anni non conosce una crescita dei volumi acquistati per abitante: solo a cavallo tra il 2025-2026 si tornerà ad una spesa in quantità analoga a quella del 2007.
Si conferma anche nel 2026 il ruolo preponderante delle spese per l’abitazione, i cui volumi per abitante ammontano, ai prezzi attuali, a poco più di 5mila e trecento euro l’anno (vale a dire oltre la metà delle spese obbligate in quantità).
All’interno delle spese obbligate è importante sottolineare come la riduzione più significativa, in termini reali, abbia interessato la componente energetica, che non si è tradotta in un’analoga compressione della quota a valore a tali consumi destinata. Il dato è frutto, oltre che dei comportamenti delle famiglie che hanno reagito ai prezzi crescenti riducendo i consumi, anche, forse soprattutto, dei progressi tecnologici che hanno permesso di realizzare prodotti sempre più orientati al risparmio energetico.
Sul versante dei beni commercializzabili, nel 2026 il processo di recupero dei volumi acquistati, che negli ultimi anni è stato guidato in buona parte dalle apparecchiature informatiche e per le comunicazioni, favorito anche dalla riduzione dei prezzi relativi, dovrebbe essere sostenuto anche da una parte di quei durevoli le cui spese erano state fortemente compresse nei periodi precedenti.
-foto ufficio stampa Confcommercio –
(ITALPRESS)."
20260826084146,Scenari Economici,https://scenarieconomici.it/la-francia-si-svuota-crollo-storico-delle-nascite-e-gli-industriali-scendono-in-campo-con-lassegno-unico/,,,,,,srclc:ita,"EconomiaFrancia
La Francia si svuota: crollo storico delle nascite e gli industriali scendono in campo con l’assegno unico
I decessi superano le nascite per la prima volta dal dopoguerra: gli industriali francesi presentano un piano shock con congedi al 75% e assegno universale dal primo figlio per salvare l’economia dal collasso demografico.
Nel 2025 la Francia ha varcato una soglia critica e senza precedenti dal secondo dopoguerra: il numero dei decessi ha superato quello delle nascite. Il tasso di fecondità è scivolato a 1,56 figli per donna, un dato che scuote le fondamenta della seconda economia dell’Eurozona e rischia di trascinare il Paese in una spirale di stagnazione produttiva e crisi del welfare.
A lanciare l’allarme non sono solo i sociologi, ma gli stessi industriali. In occasione della conferenza annuale “La REF”, il Medef (la Confindustria d’Oltralpe) ha rotto gli indugi presentando un piano d’urto per invertire il declino demografico. Una mossa inconsueta per un’associazione datoriale, ma dettata da una ragione economica trasparente: le aziende finanziano circa il 60% della spesa pubblica per la famiglia attraverso i contributi sociali.
Il conto economico del declino demografico
Senza nuove generazioni non c’è offerta di lavoro, né consumi interni, né tenuta dei conti pubblici. La contrazione della manodopera riduce la produttività, rende le imprese meno competitive sui mercati globali e minaccia la solvibilità della previdenza e della sanità.
Come osserva Thierry Hulot, responsabile per la protezione sociale del Medef, il desiderio delle coppie di avere figli non è svanito, ma è crollata la fiducia nelle tutele statali.
Le misure finora adottate dall’esecutivo sono apparse contraddittorie: il governo ha introdotto un congedo di nascita aggiuntivo di 1 o 2 mesi per genitore, ma lo ha finanziato tagliando gli assegni familiari esistenti. Un classico gioco contabile in cui lo Stato concede un beneficio con una mano e toglie risorse con l’altra.
Le tre proposte del padronato francese
Il Medef propone di superare la frammentazione degli aiuti attraverso tre interventi strutturali:
- Congedo parentale unico di 6 mesi: Sostituire l’attuale giungla di permessi con un congedo utilizzabile da ciascun genitore durante il primo anno di vita del bambino. L’indennità coprirebbe il 75% dello stipendio netto nella prima fase, per poi passare al 50% (entro un tetto massimo).
- Assegno unico universale dal primo figlio: Creare una prestazione unificata che assorba i diversi sussidi scolastici e familiari. A differenza del sistema odierno, l’aiuto partirebbe dal primo figlio, con un importo decrescente in base al reddito per non escludere il ceto medio.
- Potenziamento dei servizi di custodia: Riformare i fondi per gli asili nido e salvaguardare il credito d’imposta per le imprese che sostengono le spese di cura dei figli dei propri dipendenti.
Il salvataggio della classe media
Il nodo centrale è il destino delle famiglie lavoratrici. Le riforme degli ultimi anni hanno trasformato le politiche familiari in sussidi assistenziali mirati esclusivamente alle fasce a basso reddito. Le famiglie del ceto medio si trovano così in un limbo: considerate troppo “ricche” per accedere ai sostegni pubblici, ma troppo gravate dal costo della vita per permettersi un figlio senza sacrifici finanziari insostenibili. Si tratta di una distorsione che si ripete anche in Italia, con l’iso diffuso dell’ISEE. Le classi medio, non ricche, ma nenahce profondamente disagiate, vengono lasciate a loro stessi.
Il dibattito ora passa alla politica, mentre il Paese si avvicina alle prossime scadenze elettorali con una piramide demografica sempre più rovesciata. Gli aiuti economici sono sicuramente interessanti, ma, francamente, non sembrato tali da condurre a un cambio di direzione. Non sono sei mesi di stipendio che aiutano, ma contributi più importanti e diffusi su tutto il periodo di minore età del ragazzo. Sarebbe quindi necessario rendere economicamente rilevante la figura della madre, soprattutto quando si occupa direttamente del Ménage familiare. La Francia almeno si rende conto del problema demografico, anche se non ci sono ancora soluzioni adeguate."
20260826080701,Monreale Press,https://www.monrealepress.it/2026/08/26/le-spese-obbligate-si-mangiano-il-42-dei-consumi-familiari/,,,,,,srclc:ita,"Questi, in sintesi, i principali risultati dell’analisi dell’Ufficio Studi di Confcommercio sulle spese obbligate delle famiglie italiane nel periodo 1995-2026 (qui la nota integrale dell’Ufficio Studi).
Il recupero della domanda in atto dalla fine dello scorso anno – che vede interessati anche alcuni segmenti di beni durevoli – sembra aver prodotto nel 2026 una cristallizzazione nella distribuzione dei consumi tra obbligati e commercializzabili. Il dato stimato per l’anno in corso, che mantiene la quota indirizzata all’acquisto dei beni e servizi commercializzabili al 58,3% non modifica, nella sostanza, le valutazioni fatte in precedenza sulle dinamiche di lungo periodo. In trent’anni la quota di consumo destinata a sostenere quelle spese da considerarsi obbligate è passata dal 37,0% al 41,7%, comprimendo la parte riservata all’acquisto di quei beni e servizi che appartengono alle libere scelte dei consumatori e che sono legate alle preferenze e agli stili di vita dei singoli individui o famiglie.
Stili di vita che nel corso del tempo hanno subito profonde modifiche rendendo in alcuni casi più sfumato il confine tra spese obbligate e non. Tra questi prodotti e servizi rientra sicuramente una parte dei “tecnologici” (smartphone, tablet, pc e relativi servizi) che progressivamente sono diventati anche strumenti necessari per il lavoro, lo studio e per la fruizione di servizi inclusi tra le spese obbligate (servizi bancari e finanziari, rapporti con la pubblica amministrazione, ecc.).
In linea con i mutamenti intervenuti nel corso degli anni negli stili di vita e nelle preferenze dei consumatori la compressione della quota destinata al consumo di beni e servizi commercializzabili è frutto a sua volta di dinamiche articolate.
“Nonostante un rallentamento delle spese obbligate, l’incidenza sui bilanci familiari rimane elevata, in particolare per carburanti e bollette a causa dei rincari energetici. Occorre intervenire su fisco e tariffe, eliminando le distorsioni che gravano sui costi fissi”, afferma il presidente di Confcommercio, Carlo Sangalli.
Stando alle stime, anche nel 2026 le famiglie confermano la tendenza a cercare di recuperare principalmente quegli spazi destinati all’acquisto dei servizi commercializzabili, che dopo la battuta d’arresto del 2020 e i significativi recuperi degli anni successivi, non sono ancora tornati alla quota del 21,3% raggiunta nel 2019.
Per contro, i beni commercializzabili nel loro complesso dovrebbero vedere, nell’anno in corso, un’ulteriore riduzione dell’incidenza attestandosi al 37,5%.
Alla luce delle diverse dinamiche registrate dai prezzi degli obbligati e dei commercializzabili, appare chiaro che larga parte dell’aumento della quota di spesa destinata alle spese a cui le famiglie non possono rinunciare sia derivata dalla necessità di mantenere i volumi acquistati in presenza di dinamiche dei prezzi progressivamente crescenti: cioè l’incremento della quota delle spese obbligate è derivata dall’effetto dei maggiori prezzi al consumo.
Vanno anche considerati gli importanti mutamenti demografici intervenuti nell’arco temporale oggetto d’osservazione. Oltre all’invecchiamento della popolazione (ad oggi oltre il 25% dei residenti ha più di 65 anni) che ne ha mutato le esigenze e le preferenze in materia di consumi, a partire dal 2015 la popolazione ha mostrato una progressiva riduzione (nella media del 2026 il calo rispetto al picco del 2014 dovrebbe approssimarsi a 1,5 milioni).
Per cercare di sterilizzare, sia pure parzialmente, il possibile effetto prezzo e calo demografico sulle dinamiche evidenziate dalla figura 1 si sono riportati i dati a volume (espressi ai prezzi 2026) alla popolazione residente.
In termini complessivi i consumi pro capite espressi ai prezzi del 2026 sono, infatti, aumentati tra il 1995 ed il 2026 in misura più significativa per la componente dei commercializzabili, soprattutto per effetto di quanto accaduto tra il 1995 ed il 2007.
Le differenze tra le dinamiche a valore e a volume ribadiscono ancora una volta il ruolo dei prezzi nel determinare le scelte delle famiglie. Scelte che sono state fatte in un contesto che da quasi 20 anni non conosce una crescita dei volumi acquistati per abitante: solo a cavallo tra il 2025-2026 si tornerà ad una spesa in quantità analoga a quella del 2007.
Si conferma anche nel 2026 il ruolo preponderante delle spese per l’abitazione, i cui volumi per abitante ammontano, ai prezzi attuali, a poco più di 5mila e trecento euro l’anno (vale a dire oltre la metà delle spese obbligate in quantità).
All’interno delle spese obbligate è importante sottolineare come la riduzione più significativa, in termini reali, abbia interessato la componente energetica, che non si è tradotta in un’analoga compressione della quota a valore a tali consumi destinata. Il dato è frutto, oltre che dei comportamenti delle famiglie che hanno reagito ai prezzi crescenti riducendo i consumi, anche, forse soprattutto, dei progressi tecnologici che hanno permesso di realizzare prodotti sempre più orientati al risparmio energetico.
Sul versante dei beni commercializzabili, nel 2026 il processo di recupero dei volumi acquistati, che negli ultimi anni è stato guidato in buona parte dalle apparecchiature informatiche e per le comunicazioni, favorito anche dalla riduzione dei prezzi relativi, dovrebbe essere sostenuto anche da una parte di quei durevoli le cui spese erano state fortemente compresse nei periodi precedenti.
-foto ufficio stampa Confcommercio –
(ITALPRESS)."
20260826074903,Genovatoday,https://www.genovatoday.it/cronaca/piano-salvataggio-amt-critica-associazioni.html,,,,,,srclc:ita,"Dalle aste storiche delle dighe comunali ai filobus lunghi 12 metri lasciati a deteriorarsi all'aperto. La crisi di Amt affonda le radici in scelte gestionali del passato, che rischiano ora di ripetersi con il nuovo piano di risanamento. Le associazioni Wwf, Si Tram, Un Tram per Genova, Cdtvsco e Associazione Pendolari Novesi bocciano la manovra presentata dall'azienda di trasporto pubblico genovese, definendola priva di prospettive di rilancio.
Secondo la ricostruzione del coordinamento civico, il degrado del servizio ha attraversato diverse amministrazioni. Già durante la giunta guidata da Giuseppe Pericu si ricorse alla vendita delle dighe di proprietà del Comune per rifinanziare la società. Negli anni successivi si sono aggiunti l'affidamento della manutenzione dei mezzi alle imprese costruttrici, prive di interesse nel prolungarne la durata, e la cessione della rimessa di Boccadasse, che ha costretto gli autobus delle linee del levante a percorrere lunghe tratte a vuoto.
Il quadro finanziario si è ulteriormente aggravato nel corso delle giunte guidate da Marco Bucci e Pietro Piciocchi. Gli squilibri di bilancio sono stati affrontati con l'indebitamento bancario e con il mancato pagamento dei fornitori. Il ricorso ad artifici contabili ha prosciugato i fondi spendibili, rendendo necessari contributi pubblici urgenti.
Le scelte urbanistiche degli ultimi anni hanno incentivato la mobilità sul mezzo privato a scapito di quello pubblico. Nonostante il calo demografico della città, i veicoli in circolazione sono aumentati. La riduzione delle frequenze e i guasti continui hanno spinto i cittadini ad abbandonare i mezzi pubblici, provocando un pesante calo delle entrate da tariffa.
Il piano di risanamento predisposto da Amt prevede riduzioni del servizio e del personale. Questa linea, fanno notare le associazioni, porterà a una contrazione dell'utenza e alla conseguente riduzione dei contributi ministeriali, parametrati sui chilometri percorsi. Il pagamento solo parziale dei debiti verso i fornitori ostacolerà l'acquisizione di nuovi servizi, mentre il progetto degli assi di forza si inserisce nell'ottica di un ridimensionamento delle corse.
Le decisioni aziendali penalizzano anche il trasporto extraurbano nelle aree interne della città metropolitana, dove i sindaci hanno avviato proteste. I tagli previsti rischiano di accentuare lo spopolamento e l'isolamento dell'entroterra. Le associazioni chiedono una revisione totale del piano, il ricambio completo della dirigenza aziendale e un piano di investimenti congiunto tra Comune e Regione per potenziare la rete."
20260826073502,La Voce Di Imperia,https://www.lavocediimperia.it/2026/08/26/leggi-notizia/articolo/le-spese-obbligate-si-mangiano-il-42-dei-consumi-familiari.html,,,,,,srclc:ita,"ROMA (ITALPRESS) - Nel 2026 le spese obbligate - ovvero quelle legate a beni e servizi di cui le famiglie non possono fare a meno, come casa, energia, bollette, sanità, trasporti e assicurazioni - continuano a ""mangiarsi"" una fetta molto consistente dei consumi totali delle famiglie con un'incidenza pari al 41,7% (+4,7% rispetto al 1995). Di contro, tra le spese libere, è in lieve aumento la quota destinata ai servizi (+2,9%), mentre risulta in contrazione quella per i beni (-7,6%). Le spese per l'abitazione si confermano la voce di costo maggiore con 5.335 euro pro capite (+72 euro rispetto al 2025) sul totale delle spese obbligate (pari a 9.693 euro); seguono assicurazioni e carburanti (2.310 euro) e l'energia (1.829 euro); quest'ultima è, comunque, la componente che, pur mantenendo un'incidenza elevata sui bilanci familiari, dal 1995 ad oggi ha registrato la riduzione più significativa (-1.231 euro), conseguenza di minori consumi delle famiglie come risposta a prezzi crescenti, ma anche e soprattutto dei progressi tecnologici che hanno favorito il risparmio energetico. La maggiore incidenza delle spese obbligate sui bilanci familiari è determinata soprattutto dalla diversa dinamica dei prezzi cresciuti molto più rapidamente rispetto a quelli dei beni e dei servizi commercializzabili: dal 1995 ad oggi, il loro indice è cresciuto del 140%, quasi due volte e mezzo rispetto a quello dei beni commercializzabili (+57%) e una volta e mezzo rispetto ai servizi (+88,4%), con il picco toccato dall'aggregato energia, gas e carburanti i cui prezzi sono cresciuti in trent'anni del 211%. L'analisi evidenzia, tuttavia, come le famiglie abbiano dimostrato una significativa capacità di tenuta, cercando di mantenere i livelli di consumo, rimodulando la composizione della spesa, contenendo soprattutto i beni più tradizionali, più che riducendola drasticamente, pur in presenza di un progressivo aumento dei costi incomprimibili che ha ridotto gli spazi di spesa discrezionale.
Questi, in sintesi, i principali risultati dell'analisi dell'Ufficio Studi di Confcommercio sulle spese obbligate delle famiglie italiane nel periodo 1995-2026 (qui la nota integrale dell'Ufficio Studi).
Il recupero della domanda in atto dalla fine dello scorso anno - che vede interessati anche alcuni segmenti di beni durevoli - sembra aver prodotto nel 2026 una cristallizzazione nella distribuzione dei consumi tra obbligati e commercializzabili. Il dato stimato per l'anno in corso, che mantiene la quota indirizzata all'acquisto dei beni e servizi commercializzabili al 58,3% non modifica, nella sostanza, le valutazioni fatte in precedenza sulle dinamiche di lungo periodo. In trent'anni la quota di consumo destinata a sostenere quelle spese da considerarsi obbligate è passata dal 37,0% al 41,7%, comprimendo la parte riservata all'acquisto di quei beni e servizi che appartengono alle libere scelte dei consumatori e che sono legate alle preferenze e agli stili di vita dei singoli individui o famiglie.
Stili di vita che nel corso del tempo hanno subito profonde modifiche rendendo in alcuni casi più sfumato il confine tra spese obbligate e non. Tra questi prodotti e servizi rientra sicuramente una parte dei ""tecnologici"" (smartphone, tablet, pc e relativi servizi) che progressivamente sono diventati anche strumenti necessari per il lavoro, lo studio e per la fruizione di servizi inclusi tra le spese obbligate (servizi bancari e finanziari, rapporti con la pubblica amministrazione, ecc.).
In linea con i mutamenti intervenuti nel corso degli anni negli stili di vita e nelle preferenze dei consumatori la compressione della quota destinata al consumo di beni e servizi commercializzabili è frutto a sua volta di dinamiche articolate.
Stando alle stime, anche nel 2026 le famiglie confermano la tendenza a cercare di recuperare principalmente quegli spazi destinati all'acquisto dei servizi commercializzabili, che dopo la battuta d'arresto del 2020 e i significativi recuperi degli anni successivi, non sono ancora tornati alla quota del 21,3% raggiunta nel 2019.
Per contro, i beni commercializzabili nel loro complesso dovrebbero vedere, nell'anno in corso, un'ulteriore riduzione dell'incidenza attestandosi al 37,5%.
Alla luce delle diverse dinamiche registrate dai prezzi degli obbligati e dei commercializzabili, appare chiaro che larga parte dell'aumento della quota di spesa destinata alle spese a cui le famiglie non possono rinunciare sia derivata dalla necessità di mantenere i volumi acquistati in presenza di dinamiche dei prezzi progressivamente crescenti: cioè l'incremento della quota delle spese obbligate è derivata dall'effetto dei maggiori prezzi al consumo.
Vanno anche considerati gli importanti mutamenti demografici intervenuti nell'arco temporale oggetto d'osservazione. Oltre all'invecchiamento della popolazione (ad oggi oltre il 25% dei residenti ha più di 65 anni) che ne ha mutato le esigenze e le preferenze in materia di consumi, a partire dal 2015 la popolazione ha mostrato una progressiva riduzione (nella media del 2026 il calo rispetto al picco del 2014 dovrebbe approssimarsi a 1,5 milioni).
Per cercare di sterilizzare, sia pure parzialmente, il possibile effetto prezzo e calo demografico sulle dinamiche evidenziate dalla figura 1 si sono riportati i dati a volume (espressi ai prezzi 2026) alla popolazione residente.
In termini complessivi i consumi pro capite espressi ai prezzi del 2026 sono, infatti, aumentati tra il 1995 ed il 2026 in misura più significativa per la componente dei commercializzabili, soprattutto per effetto di quanto accaduto tra il 1995 ed il 2007.
Le differenze tra le dinamiche a valore e a volume ribadiscono ancora una volta il ruolo dei prezzi nel determinare le scelte delle famiglie. Scelte che sono state fatte in un contesto che da quasi 20 anni non conosce una crescita dei volumi acquistati per abitante: solo a cavallo tra il 2025-2026 si tornerà ad una spesa in quantità analoga a quella del 2007.
Si conferma anche nel 2026 il ruolo preponderante delle spese per l'abitazione, i cui volumi per abitante ammontano, ai prezzi attuali, a poco più di 5mila e trecento euro l'anno (vale a dire oltre la metà delle spese obbligate in quantità).
All'interno delle spese obbligate è importante sottolineare come la riduzione più significativa, in termini reali, abbia interessato la componente energetica, che non si è tradotta in un'analoga compressione della quota a valore a tali consumi destinata. Il dato è frutto, oltre che dei comportamenti delle famiglie che hanno reagito ai prezzi crescenti riducendo i consumi, anche, forse soprattutto, dei progressi tecnologici che hanno permesso di realizzare prodotti sempre più orientati al risparmio energetico.
Sul versante dei beni commercializzabili, nel 2026 il processo di recupero dei volumi acquistati, che negli ultimi anni è stato guidato in buona parte dalle apparecchiature informatiche e per le comunicazioni, favorito anche dalla riduzione dei prezzi relativi, dovrebbe essere sostenuto anche da una parte di quei durevoli le cui spese erano state fortemente compresse nei periodi precedenti.
-foto ufficio stampa Confcommercio -
(ITALPRESS)."
20260826073502,Vigevano24,https://www.vigevano24.it/2026/08/26/leggi-notizia/articolo/le-spese-obbligate-si-mangiano-il-42-dei-consumi-familiari.html,,,,,,srclc:ita,"ROMA (ITALPRESS) - Nel 2026 le spese obbligate - ovvero quelle legate a beni e servizi di cui le famiglie non possono fare a meno, come casa, energia, bollette, sanità, trasporti e assicurazioni - continuano a ""mangiarsi"" una fetta molto consistente dei consumi totali delle famiglie con un'incidenza pari al 41,7% (+4,7% rispetto al 1995). Di contro, tra le spese libere, è in lieve aumento la quota destinata ai servizi (+2,9%), mentre risulta in contrazione quella per i beni (-7,6%). Le spese per l'abitazione si confermano la voce di costo maggiore con 5.335 euro pro capite (+72 euro rispetto al 2025) sul totale delle spese obbligate (pari a 9.693 euro); seguono assicurazioni e carburanti (2.310 euro) e l'energia (1.829 euro); quest'ultima è, comunque, la componente che, pur mantenendo un'incidenza elevata sui bilanci familiari, dal 1995 ad oggi ha registrato la riduzione più significativa (-1.231 euro), conseguenza di minori consumi delle famiglie come risposta a prezzi crescenti, ma anche e soprattutto dei progressi tecnologici che hanno favorito il risparmio energetico. La maggiore incidenza delle spese obbligate sui bilanci familiari è determinata soprattutto dalla diversa dinamica dei prezzi cresciuti molto più rapidamente rispetto a quelli dei beni e dei servizi commercializzabili: dal 1995 ad oggi, il loro indice è cresciuto del 140%, quasi due volte e mezzo rispetto a quello dei beni commercializzabili (+57%) e una volta e mezzo rispetto ai servizi (+88,4%), con il picco toccato dall'aggregato energia, gas e carburanti i cui prezzi sono cresciuti in trent'anni del 211%. L'analisi evidenzia, tuttavia, come le famiglie abbiano dimostrato una significativa capacità di tenuta, cercando di mantenere i livelli di consumo, rimodulando la composizione della spesa, contenendo soprattutto i beni più tradizionali, più che riducendola drasticamente, pur in presenza di un progressivo aumento dei costi incomprimibili che ha ridotto gli spazi di spesa discrezionale.
Questi, in sintesi, i principali risultati dell'analisi dell'Ufficio Studi di Confcommercio sulle spese obbligate delle famiglie italiane nel periodo 1995-2026 (qui la nota integrale dell'Ufficio Studi).
Il recupero della domanda in atto dalla fine dello scorso anno - che vede interessati anche alcuni segmenti di beni durevoli - sembra aver prodotto nel 2026 una cristallizzazione nella distribuzione dei consumi tra obbligati e commercializzabili. Il dato stimato per l'anno in corso, che mantiene la quota indirizzata all'acquisto dei beni e servizi commercializzabili al 58,3% non modifica, nella sostanza, le valutazioni fatte in precedenza sulle dinamiche di lungo periodo. In trent'anni la quota di consumo destinata a sostenere quelle spese da considerarsi obbligate è passata dal 37,0% al 41,7%, comprimendo la parte riservata all'acquisto di quei beni e servizi che appartengono alle libere scelte dei consumatori e che sono legate alle preferenze e agli stili di vita dei singoli individui o famiglie.
Stili di vita che nel corso del tempo hanno subito profonde modifiche rendendo in alcuni casi più sfumato il confine tra spese obbligate e non. Tra questi prodotti e servizi rientra sicuramente una parte dei ""tecnologici"" (smartphone, tablet, pc e relativi servizi) che progressivamente sono diventati anche strumenti necessari per il lavoro, lo studio e per la fruizione di servizi inclusi tra le spese obbligate (servizi bancari e finanziari, rapporti con la pubblica amministrazione, ecc.).
In linea con i mutamenti intervenuti nel corso degli anni negli stili di vita e nelle preferenze dei consumatori la compressione della quota destinata al consumo di beni e servizi commercializzabili è frutto a sua volta di dinamiche articolate.
Stando alle stime, anche nel 2026 le famiglie confermano la tendenza a cercare di recuperare principalmente quegli spazi destinati all'acquisto dei servizi commercializzabili, che dopo la battuta d'arresto del 2020 e i significativi recuperi degli anni successivi, non sono ancora tornati alla quota del 21,3% raggiunta nel 2019.
Per contro, i beni commercializzabili nel loro complesso dovrebbero vedere, nell'anno in corso, un'ulteriore riduzione dell'incidenza attestandosi al 37,5%.
Alla luce delle diverse dinamiche registrate dai prezzi degli obbligati e dei commercializzabili, appare chiaro che larga parte dell'aumento della quota di spesa destinata alle spese a cui le famiglie non possono rinunciare sia derivata dalla necessità di mantenere i volumi acquistati in presenza di dinamiche dei prezzi progressivamente crescenti: cioè l'incremento della quota delle spese obbligate è derivata dall'effetto dei maggiori prezzi al consumo.
Vanno anche considerati gli importanti mutamenti demografici intervenuti nell'arco temporale oggetto d'osservazione. Oltre all'invecchiamento della popolazione (ad oggi oltre il 25% dei residenti ha più di 65 anni) che ne ha mutato le esigenze e le preferenze in materia di consumi, a partire dal 2015 la popolazione ha mostrato una progressiva riduzione (nella media del 2026 il calo rispetto al picco del 2014 dovrebbe approssimarsi a 1,5 milioni).
Per cercare di sterilizzare, sia pure parzialmente, il possibile effetto prezzo e calo demografico sulle dinamiche evidenziate dalla figura 1 si sono riportati i dati a volume (espressi ai prezzi 2026) alla popolazione residente.
In termini complessivi i consumi pro capite espressi ai prezzi del 2026 sono, infatti, aumentati tra il 1995 ed il 2026 in misura più significativa per la componente dei commercializzabili, soprattutto per effetto di quanto accaduto tra il 1995 ed il 2007.
Le differenze tra le dinamiche a valore e a volume ribadiscono ancora una volta il ruolo dei prezzi nel determinare le scelte delle famiglie. Scelte che sono state fatte in un contesto che da quasi 20 anni non conosce una crescita dei volumi acquistati per abitante: solo a cavallo tra il 2025-2026 si tornerà ad una spesa in quantità analoga a quella del 2007.
Si conferma anche nel 2026 il ruolo preponderante delle spese per l'abitazione, i cui volumi per abitante ammontano, ai prezzi attuali, a poco più di 5mila e trecento euro l'anno (vale a dire oltre la metà delle spese obbligate in quantità).
All'interno delle spese obbligate è importante sottolineare come la riduzione più significativa, in termini reali, abbia interessato la componente energetica, che non si è tradotta in un'analoga compressione della quota a valore a tali consumi destinata. Il dato è frutto, oltre che dei comportamenti delle famiglie che hanno reagito ai prezzi crescenti riducendo i consumi, anche, forse soprattutto, dei progressi tecnologici che hanno permesso di realizzare prodotti sempre più orientati al risparmio energetico.
Sul versante dei beni commercializzabili, nel 2026 il processo di recupero dei volumi acquistati, che negli ultimi anni è stato guidato in buona parte dalle apparecchiature informatiche e per le comunicazioni, favorito anche dalla riduzione dei prezzi relativi, dovrebbe essere sostenuto anche da una parte di quei durevoli le cui spese erano state fortemente compresse nei periodi precedenti.
-foto ufficio stampa Confcommercio -
(ITALPRESS)."
20260826073502,Il Tempo,https://www.iltempo.it/italpress/2026/08/26/news/le-spese-obbligate-si-mangiano-il-42-dei-consumi-familiari-48958454/,,,,,,srclc:ita,"Le spese obbligate si “mangiano” il 42% dei consumi familiari
ROMA (ITALPRESS) – Nel 2026 le spese obbligate – ovvero quelle legate a beni e servizi di cui le famiglie non possono fare a meno, come casa, energia, bollette, sanità, trasporti e assicurazioni – continuano a “mangiarsi” una fetta molto consistente dei consumi totali delle famiglie con un’incidenza pari al 41,7% (+4,7% rispetto al 1995). Di contro, tra le spese libere, è in lieve aumento la quota destinata ai servizi (+2,9%), mentre risulta in contrazione quella per i beni (-7,6%). Le spese per l’abitazione si confermano la voce di costo maggiore con 5.335 euro pro capite (+72 euro rispetto al 2025) sul totale delle spese obbligate (pari a 9.693 euro); seguono assicurazioni e carburanti (2.310 euro) e l’energia (1.829 euro); quest’ultima è, comunque, la componente che, pur mantenendo un’incidenza elevata sui bilanci familiari, dal 1995 ad oggi ha registrato la riduzione più significativa (-1.231 euro), conseguenza di minori consumi delle famiglie come risposta a prezzi crescenti, ma anche e soprattutto dei progressi tecnologici che hanno favorito il risparmio energetico. La maggiore incidenza delle spese obbligate sui bilanci familiari è determinata soprattutto dalla diversa dinamica dei prezzi cresciuti molto più rapidamente rispetto a quelli dei beni e dei servizi commercializzabili: dal 1995 ad oggi, il loro indice è cresciuto del 140%, quasi due volte e mezzo rispetto a quello dei beni commercializzabili (+57%) e una volta e mezzo rispetto ai servizi (+88,4%), con il picco toccato dall’aggregato energia, gas e carburanti i cui prezzi sono cresciuti in trent’anni del 211%. L’analisi evidenzia, tuttavia, come le famiglie abbiano dimostrato una significativa capacità di tenuta, cercando di mantenere i livelli di consumo, rimodulando la composizione della spesa, contenendo soprattutto i beni più tradizionali, più che riducendola drasticamente, pur in presenza di un progressivo aumento dei costi incomprimibili che ha ridotto gli spazi di spesa discrezionale.
Questi, in sintesi, i principali risultati dell’analisi dell’Ufficio Studi di Confcommercio sulle spese obbligate delle famiglie italiane nel periodo 1995-2026 (qui la nota integrale dell’Ufficio Studi).
Il recupero della domanda in atto dalla fine dello scorso anno – che vede interessati anche alcuni segmenti di beni durevoli – sembra aver prodotto nel 2026 una cristallizzazione nella distribuzione dei consumi tra obbligati e commercializzabili. Il dato stimato per l’anno in corso, che mantiene la quota indirizzata all’acquisto dei beni e servizi commercializzabili al 58,3% non modifica, nella sostanza, le valutazioni fatte in precedenza sulle dinamiche di lungo periodo. In trent’anni la quota di consumo destinata a sostenere quelle spese da considerarsi obbligate è passata dal 37,0% al 41,7%, comprimendo la parte riservata all’acquisto di quei beni e servizi che appartengono alle libere scelte dei consumatori e che sono legate alle preferenze e agli stili di vita dei singoli individui o famiglie.
Stili di vita che nel corso del tempo hanno subito profonde modifiche rendendo in alcuni casi più sfumato il confine tra spese obbligate e non. Tra questi prodotti e servizi rientra sicuramente una parte dei “tecnologici” (smartphone, tablet, pc e relativi servizi) che progressivamente sono diventati anche strumenti necessari per il lavoro, lo studio e per la fruizione di servizi inclusi tra le spese obbligate (servizi bancari e finanziari, rapporti con la pubblica amministrazione, ecc.).
In linea con i mutamenti intervenuti nel corso degli anni negli stili di vita e nelle preferenze dei consumatori la compressione della quota destinata al consumo di beni e servizi commercializzabili è frutto a sua volta di dinamiche articolate.
“Nonostante un rallentamento delle spese obbligate, l'incidenza sui bilanci familiari rimane elevata, in particolare per carburanti e bollette a causa dei rincari energetici. Occorre intervenire su fisco e tariffe, eliminando le distorsioni che gravano sui costi fissi”, afferma il presidente di Confcommercio, Carlo Sangalli.
Stando alle stime, anche nel 2026 le famiglie confermano la tendenza a cercare di recuperare principalmente quegli spazi destinati all’acquisto dei servizi commercializzabili, che dopo la battuta d’arresto del 2020 e i significativi recuperi degli anni successivi, non sono ancora tornati alla quota del 21,3% raggiunta nel 2019.
Per contro, i beni commercializzabili nel loro complesso dovrebbero vedere, nell’anno in corso, un’ulteriore riduzione dell’incidenza attestandosi al 37,5%.
Alla luce delle diverse dinamiche registrate dai prezzi degli obbligati e dei commercializzabili, appare chiaro che larga parte dell’aumento della quota di spesa destinata alle spese a cui le famiglie non possono rinunciare sia derivata dalla necessità di mantenere i volumi acquistati in presenza di dinamiche dei prezzi progressivamente crescenti: cioè l’incremento della quota delle spese obbligate è derivata dall’effetto dei maggiori prezzi al consumo.
Vanno anche considerati gli importanti mutamenti demografici intervenuti nell’arco temporale oggetto d’osservazione. Oltre all’invecchiamento della popolazione (ad oggi oltre il 25% dei residenti ha più di 65 anni) che ne ha mutato le esigenze e le preferenze in materia di consumi, a partire dal 2015 la popolazione ha mostrato una progressiva riduzione (nella media del 2026 il calo rispetto al picco del 2014 dovrebbe approssimarsi a 1,5 milioni).
Per cercare di sterilizzare, sia pure parzialmente, il possibile effetto prezzo e calo demografico sulle dinamiche evidenziate dalla figura 1 si sono riportati i dati a volume (espressi ai prezzi 2026) alla popolazione residente.
In termini complessivi i consumi pro capite espressi ai prezzi del 2026 sono, infatti, aumentati tra il 1995 ed il 2026 in misura più significativa per la componente dei commercializzabili, soprattutto per effetto di quanto accaduto tra il 1995 ed il 2007.
Le differenze tra le dinamiche a valore e a volume ribadiscono ancora una volta il ruolo dei prezzi nel determinare le scelte delle famiglie. Scelte che sono state fatte in un contesto che da quasi 20 anni non conosce una crescita dei volumi acquistati per abitante: solo a cavallo tra il 2025-2026 si tornerà ad una spesa in quantità analoga a quella del 2007.
Si conferma anche nel 2026 il ruolo preponderante delle spese per l’abitazione, i cui volumi per abitante ammontano, ai prezzi attuali, a poco più di 5mila e trecento euro l’anno (vale a dire oltre la metà delle spese obbligate in quantità).
All’interno delle spese obbligate è importante sottolineare come la riduzione più significativa, in termini reali, abbia interessato la componente energetica, che non si è tradotta in un’analoga compressione della quota a valore a tali consumi destinata. Il dato è frutto, oltre che dei comportamenti delle famiglie che hanno reagito ai prezzi crescenti riducendo i consumi, anche, forse soprattutto, dei progressi tecnologici che hanno permesso di realizzare prodotti sempre più orientati al risparmio energetico.
Sul versante dei beni commercializzabili, nel 2026 il processo di recupero dei volumi acquistati, che negli ultimi anni è stato guidato in buona parte dalle apparecchiature informatiche e per le comunicazioni, favorito anche dalla riduzione dei prezzi relativi, dovrebbe essere sostenuto anche da una parte di quei durevoli le cui spese erano state fortemente compresse nei periodi precedenti.
-foto ufficio stampa Confcommercio –
(ITALPRESS)."
20260826073502,News Biella,https://www.newsbiella.it/2026/08/26/leggi-notizia/articolo/le-spese-obbligate-si-mangiano-il-42-dei-consumi-familiari.html,,,,,,srclc:ita,"ROMA (ITALPRESS) - Nel 2026 le spese obbligate - ovvero quelle legate a beni e servizi di cui le famiglie non possono fare a meno, come casa, energia, bollette, sanità, trasporti e assicurazioni - continuano a ""mangiarsi"" una fetta molto consistente dei consumi totali delle famiglie con un'incidenza pari al 41,7% (+4,7% rispetto al 1995). Di contro, tra le spese libere, è in lieve aumento la quota destinata ai servizi (+2,9%), mentre risulta in contrazione quella per i beni (-7,6%). Le spese per l'abitazione si confermano la voce di costo maggiore con 5.335 euro pro capite (+72 euro rispetto al 2025) sul totale delle spese obbligate (pari a 9.693 euro); seguono assicurazioni e carburanti (2.310 euro) e l'energia (1.829 euro); quest'ultima è, comunque, la componente che, pur mantenendo un'incidenza elevata sui bilanci familiari, dal 1995 ad oggi ha registrato la riduzione più significativa (-1.231 euro), conseguenza di minori consumi delle famiglie come risposta a prezzi crescenti, ma anche e soprattutto dei progressi tecnologici che hanno favorito il risparmio energetico. La maggiore incidenza delle spese obbligate sui bilanci familiari è determinata soprattutto dalla diversa dinamica dei prezzi cresciuti molto più rapidamente rispetto a quelli dei beni e dei servizi commercializzabili: dal 1995 ad oggi, il loro indice è cresciuto del 140%, quasi due volte e mezzo rispetto a quello dei beni commercializzabili (+57%) e una volta e mezzo rispetto ai servizi (+88,4%), con il picco toccato dall'aggregato energia, gas e carburanti i cui prezzi sono cresciuti in trent'anni del 211%. L'analisi evidenzia, tuttavia, come le famiglie abbiano dimostrato una significativa capacità di tenuta, cercando di mantenere i livelli di consumo, rimodulando la composizione della spesa, contenendo soprattutto i beni più tradizionali, più che riducendola drasticamente, pur in presenza di un progressivo aumento dei costi incomprimibili che ha ridotto gli spazi di spesa discrezionale.
Questi, in sintesi, i principali risultati dell'analisi dell'Ufficio Studi di Confcommercio sulle spese obbligate delle famiglie italiane nel periodo 1995-2026 (qui la nota integrale dell'Ufficio Studi).
Il recupero della domanda in atto dalla fine dello scorso anno - che vede interessati anche alcuni segmenti di beni durevoli - sembra aver prodotto nel 2026 una cristallizzazione nella distribuzione dei consumi tra obbligati e commercializzabili. Il dato stimato per l'anno in corso, che mantiene la quota indirizzata all'acquisto dei beni e servizi commercializzabili al 58,3% non modifica, nella sostanza, le valutazioni fatte in precedenza sulle dinamiche di lungo periodo. In trent'anni la quota di consumo destinata a sostenere quelle spese da considerarsi obbligate è passata dal 37,0% al 41,7%, comprimendo la parte riservata all'acquisto di quei beni e servizi che appartengono alle libere scelte dei consumatori e che sono legate alle preferenze e agli stili di vita dei singoli individui o famiglie.
Stili di vita che nel corso del tempo hanno subito profonde modifiche rendendo in alcuni casi più sfumato il confine tra spese obbligate e non. Tra questi prodotti e servizi rientra sicuramente una parte dei ""tecnologici"" (smartphone, tablet, pc e relativi servizi) che progressivamente sono diventati anche strumenti necessari per il lavoro, lo studio e per la fruizione di servizi inclusi tra le spese obbligate (servizi bancari e finanziari, rapporti con la pubblica amministrazione, ecc.).
In linea con i mutamenti intervenuti nel corso degli anni negli stili di vita e nelle preferenze dei consumatori la compressione della quota destinata al consumo di beni e servizi commercializzabili è frutto a sua volta di dinamiche articolate.
Stando alle stime, anche nel 2026 le famiglie confermano la tendenza a cercare di recuperare principalmente quegli spazi destinati all'acquisto dei servizi commercializzabili, che dopo la battuta d'arresto del 2020 e i significativi recuperi degli anni successivi, non sono ancora tornati alla quota del 21,3% raggiunta nel 2019.
Per contro, i beni commercializzabili nel loro complesso dovrebbero vedere, nell'anno in corso, un'ulteriore riduzione dell'incidenza attestandosi al 37,5%.
Alla luce delle diverse dinamiche registrate dai prezzi degli obbligati e dei commercializzabili, appare chiaro che larga parte dell'aumento della quota di spesa destinata alle spese a cui le famiglie non possono rinunciare sia derivata dalla necessità di mantenere i volumi acquistati in presenza di dinamiche dei prezzi progressivamente crescenti: cioè l'incremento della quota delle spese obbligate è derivata dall'effetto dei maggiori prezzi al consumo.
Vanno anche considerati gli importanti mutamenti demografici intervenuti nell'arco temporale oggetto d'osservazione. Oltre all'invecchiamento della popolazione (ad oggi oltre il 25% dei residenti ha più di 65 anni) che ne ha mutato le esigenze e le preferenze in materia di consumi, a partire dal 2015 la popolazione ha mostrato una progressiva riduzione (nella media del 2026 il calo rispetto al picco del 2014 dovrebbe approssimarsi a 1,5 milioni).
Per cercare di sterilizzare, sia pure parzialmente, il possibile effetto prezzo e calo demografico sulle dinamiche evidenziate dalla figura 1 si sono riportati i dati a volume (espressi ai prezzi 2026) alla popolazione residente.
In termini complessivi i consumi pro capite espressi ai prezzi del 2026 sono, infatti, aumentati tra il 1995 ed il 2026 in misura più significativa per la componente dei commercializzabili, soprattutto per effetto di quanto accaduto tra il 1995 ed il 2007.
Le differenze tra le dinamiche a valore e a volume ribadiscono ancora una volta il ruolo dei prezzi nel determinare le scelte delle famiglie. Scelte che sono state fatte in un contesto che da quasi 20 anni non conosce una crescita dei volumi acquistati per abitante: solo a cavallo tra il 2025-2026 si tornerà ad una spesa in quantità analoga a quella del 2007.
Si conferma anche nel 2026 il ruolo preponderante delle spese per l'abitazione, i cui volumi per abitante ammontano, ai prezzi attuali, a poco più di 5mila e trecento euro l'anno (vale a dire oltre la metà delle spese obbligate in quantità).
All'interno delle spese obbligate è importante sottolineare come la riduzione più significativa, in termini reali, abbia interessato la componente energetica, che non si è tradotta in un'analoga compressione della quota a valore a tali consumi destinata. Il dato è frutto, oltre che dei comportamenti delle famiglie che hanno reagito ai prezzi crescenti riducendo i consumi, anche, forse soprattutto, dei progressi tecnologici che hanno permesso di realizzare prodotti sempre più orientati al risparmio energetico.
Sul versante dei beni commercializzabili, nel 2026 il processo di recupero dei volumi acquistati, che negli ultimi anni è stato guidato in buona parte dalle apparecchiature informatiche e per le comunicazioni, favorito anche dalla riduzione dei prezzi relativi, dovrebbe essere sostenuto anche da una parte di quei durevoli le cui spese erano state fortemente compresse nei periodi precedenti.
-foto ufficio stampa Confcommercio -
(ITALPRESS)."
20260826073502,Sassuolo Duemila,https://www.sassuolo2000.it/2026/08/26/le-spese-obbligate-si-mangiano-il-42-dei-consumi-familiari/,,,,,,srclc:ita,"ROMA (ITALPRESS) – Nel 2026 le spese obbligate – ovvero quelle legate a beni e servizi di cui le famiglie non possono fare a meno, come casa, energia, bollette, sanità, trasporti e assicurazioni – continuano a “mangiarsi” una fetta molto consistente dei consumi totali delle famiglie con un’incidenza pari al 41,7% (+4,7% rispetto al 1995). Di contro, tra le spese libere, è in lieve aumento la quota destinata ai servizi (+2,9%), mentre risulta in contrazione quella per i beni (-7,6%). Le spese per l’abitazione si confermano la voce di costo maggiore con 5.335 euro pro capite (+72 euro rispetto al 2025) sul totale delle spese obbligate (pari a 9.693 euro); seguono assicurazioni e carburanti (2.310 euro) e l’energia (1.829 euro); quest’ultima è, comunque, la componente che, pur mantenendo un’incidenza elevata sui bilanci familiari, dal 1995 ad oggi ha registrato la riduzione più significativa (-1.231 euro), conseguenza di minori consumi delle famiglie come risposta a prezzi crescenti, ma anche e soprattutto dei progressi tecnologici che hanno favorito il risparmio energetico. La maggiore incidenza delle spese obbligate sui bilanci familiari è determinata soprattutto dalla diversa dinamica dei prezzi cresciuti molto più rapidamente rispetto a quelli dei beni e dei servizi commercializzabili: dal 1995 ad oggi, il loro indice è cresciuto del 140%, quasi due volte e mezzo rispetto a quello dei beni commercializzabili (+57%) e una volta e mezzo rispetto ai servizi (+88,4%), con il picco toccato dall’aggregato energia, gas e carburanti i cui prezzi sono cresciuti in trent’anni del 211%. L’analisi evidenzia, tuttavia, come le famiglie abbiano dimostrato una significativa capacità di tenuta, cercando di mantenere i livelli di consumo, rimodulando la composizione della spesa, contenendo soprattutto i beni più tradizionali, più che riducendola drasticamente, pur in presenza di un progressivo aumento dei costi incomprimibili che ha ridotto gli spazi di spesa discrezionale.
Questi, in sintesi, i principali risultati dell’analisi dell’Ufficio Studi di Confcommercio sulle spese obbligate delle famiglie italiane nel periodo 1995-2026 (qui la nota integrale dell’Ufficio Studi).
Il recupero della domanda in atto dalla fine dello scorso anno – che vede interessati anche alcuni segmenti di beni durevoli – sembra aver prodotto nel 2026 una cristallizzazione nella distribuzione dei consumi tra obbligati e commercializzabili. Il dato stimato per l’anno in corso, che mantiene la quota indirizzata all’acquisto dei beni e servizi commercializzabili al 58,3% non modifica, nella sostanza, le valutazioni fatte in precedenza sulle dinamiche di lungo periodo. In trent’anni la quota di consumo destinata a sostenere quelle spese da considerarsi obbligate è passata dal 37,0% al 41,7%, comprimendo la parte riservata all’acquisto di quei beni e servizi che appartengono alle libere scelte dei consumatori e che sono legate alle preferenze e agli stili di vita dei singoli individui o famiglie.
Stili di vita che nel corso del tempo hanno subito profonde modifiche rendendo in alcuni casi più sfumato il confine tra spese obbligate e non. Tra questi prodotti e servizi rientra sicuramente una parte dei “tecnologici” (smartphone, tablet, pc e relativi servizi) che progressivamente sono diventati anche strumenti necessari per il lavoro, lo studio e per la fruizione di servizi inclusi tra le spese obbligate (servizi bancari e finanziari, rapporti con la pubblica amministrazione, ecc.).
In linea con i mutamenti intervenuti nel corso degli anni negli stili di vita e nelle preferenze dei consumatori la compressione della quota destinata al consumo di beni e servizi commercializzabili è frutto a sua volta di dinamiche articolate.
“Nonostante un rallentamento delle spese obbligate, l’incidenza sui bilanci familiari rimane elevata, in particolare per carburanti e bollette a causa dei rincari energetici. Occorre intervenire su fisco e tariffe, eliminando le distorsioni che gravano sui costi fissi”, afferma il presidente di Confcommercio, Carlo Sangalli.
Stando alle stime, anche nel 2026 le famiglie confermano la tendenza a cercare di recuperare principalmente quegli spazi destinati all’acquisto dei servizi commercializzabili, che dopo la battuta d’arresto del 2020 e i significativi recuperi degli anni successivi, non sono ancora tornati alla quota del 21,3% raggiunta nel 2019.
Per contro, i beni commercializzabili nel loro complesso dovrebbero vedere, nell’anno in corso, un’ulteriore riduzione dell’incidenza attestandosi al 37,5%.
Alla luce delle diverse dinamiche registrate dai prezzi degli obbligati e dei commercializzabili, appare chiaro che larga parte dell’aumento della quota di spesa destinata alle spese a cui le famiglie non possono rinunciare sia derivata dalla necessità di mantenere i volumi acquistati in presenza di dinamiche dei prezzi progressivamente crescenti: cioè l’incremento della quota delle spese obbligate è derivata dall’effetto dei maggiori prezzi al consumo.
Vanno anche considerati gli importanti mutamenti demografici intervenuti nell’arco temporale oggetto d’osservazione. Oltre all’invecchiamento della popolazione (ad oggi oltre il 25% dei residenti ha più di 65 anni) che ne ha mutato le esigenze e le preferenze in materia di consumi, a partire dal 2015 la popolazione ha mostrato una progressiva riduzione (nella media del 2026 il calo rispetto al picco del 2014 dovrebbe approssimarsi a 1,5 milioni).
Per cercare di sterilizzare, sia pure parzialmente, il possibile effetto prezzo e calo demografico sulle dinamiche evidenziate dalla figura 1 si sono riportati i dati a volume (espressi ai prezzi 2026) alla popolazione residente.
In termini complessivi i consumi pro capite espressi ai prezzi del 2026 sono, infatti, aumentati tra il 1995 ed il 2026 in misura più significativa per la componente dei commercializzabili, soprattutto per effetto di quanto accaduto tra il 1995 ed il 2007.
Le differenze tra le dinamiche a valore e a volume ribadiscono ancora una volta il ruolo dei prezzi nel determinare le scelte delle famiglie. Scelte che sono state fatte in un contesto che da quasi 20 anni non conosce una crescita dei volumi acquistati per abitante: solo a cavallo tra il 2025-2026 si tornerà ad una spesa in quantità analoga a quella del 2007.
Si conferma anche nel 2026 il ruolo preponderante delle spese per l’abitazione, i cui volumi per abitante ammontano, ai prezzi attuali, a poco più di 5mila e trecento euro l’anno (vale a dire oltre la metà delle spese obbligate in quantità).
All’interno delle spese obbligate è importante sottolineare come la riduzione più significativa, in termini reali, abbia interessato la componente energetica, che non si è tradotta in un’analoga compressione della quota a valore a tali consumi destinata. Il dato è frutto, oltre che dei comportamenti delle famiglie che hanno reagito ai prezzi crescenti riducendo i consumi, anche, forse soprattutto, dei progressi tecnologici che hanno permesso di realizzare prodotti sempre più orientati al risparmio energetico.
Sul versante dei beni commercializzabili, nel 2026 il processo di recupero dei volumi acquistati, che negli ultimi anni è stato guidato in buona parte dalle apparecchiature informatiche e per le comunicazioni, favorito anche dalla riduzione dei prezzi relativi, dovrebbe essere sostenuto anche da una parte di quei durevoli le cui spese erano state fortemente compresse nei periodi precedenti.
-foto ufficio stampa Confcommercio –
(ITALPRESS).
Periodico quotidiano Sassuolo2000.it
Reg. Trib. di Modena il 30/08/2001
al nr. 1599 - ROC 7892
Direttore responsabile Fabrizio Gherardi
Edito da:
Linea Radio Multimedia srl
P.Iva 02556210363
Cap.Soc. 10.329,12 i.v.
Reg.Imprese Modena Nr.02556210363
Rea Nr.311810"
20260826073502,Savona News,https://www.savonanews.it/2026/08/26/leggi-notizia/articolo/le-spese-obbligate-si-mangiano-il-42-dei-consumi-familiari.html,,,,,,srclc:ita,"ROMA (ITALPRESS) - Nel 2026 le spese obbligate - ovvero quelle legate a beni e servizi di cui le famiglie non possono fare a meno, come casa, energia, bollette, sanità, trasporti e assicurazioni - continuano a ""mangiarsi"" una fetta molto consistente dei consumi totali delle famiglie con un'incidenza pari al 41,7% (+4,7% rispetto al 1995). Di contro, tra le spese libere, è in lieve aumento la quota destinata ai servizi (+2,9%), mentre risulta in contrazione quella per i beni (-7,6%). Le spese per l'abitazione si confermano la voce di costo maggiore con 5.335 euro pro capite (+72 euro rispetto al 2025) sul totale delle spese obbligate (pari a 9.693 euro); seguono assicurazioni e carburanti (2.310 euro) e l'energia (1.829 euro); quest'ultima è, comunque, la componente che, pur mantenendo un'incidenza elevata sui bilanci familiari, dal 1995 ad oggi ha registrato la riduzione più significativa (-1.231 euro), conseguenza di minori consumi delle famiglie come risposta a prezzi crescenti, ma anche e soprattutto dei progressi tecnologici che hanno favorito il risparmio energetico. La maggiore incidenza delle spese obbligate sui bilanci familiari è determinata soprattutto dalla diversa dinamica dei prezzi cresciuti molto più rapidamente rispetto a quelli dei beni e dei servizi commercializzabili: dal 1995 ad oggi, il loro indice è cresciuto del 140%, quasi due volte e mezzo rispetto a quello dei beni commercializzabili (+57%) e una volta e mezzo rispetto ai servizi (+88,4%), con il picco toccato dall'aggregato energia, gas e carburanti i cui prezzi sono cresciuti in trent'anni del 211%. L'analisi evidenzia, tuttavia, come le famiglie abbiano dimostrato una significativa capacità di tenuta, cercando di mantenere i livelli di consumo, rimodulando la composizione della spesa, contenendo soprattutto i beni più tradizionali, più che riducendola drasticamente, pur in presenza di un progressivo aumento dei costi incomprimibili che ha ridotto gli spazi di spesa discrezionale.
Questi, in sintesi, i principali risultati dell'analisi dell'Ufficio Studi di Confcommercio sulle spese obbligate delle famiglie italiane nel periodo 1995-2026 (qui la nota integrale dell'Ufficio Studi).
Il recupero della domanda in atto dalla fine dello scorso anno - che vede interessati anche alcuni segmenti di beni durevoli - sembra aver prodotto nel 2026 una cristallizzazione nella distribuzione dei consumi tra obbligati e commercializzabili. Il dato stimato per l'anno in corso, che mantiene la quota indirizzata all'acquisto dei beni e servizi commercializzabili al 58,3% non modifica, nella sostanza, le valutazioni fatte in precedenza sulle dinamiche di lungo periodo. In trent'anni la quota di consumo destinata a sostenere quelle spese da considerarsi obbligate è passata dal 37,0% al 41,7%, comprimendo la parte riservata all'acquisto di quei beni e servizi che appartengono alle libere scelte dei consumatori e che sono legate alle preferenze e agli stili di vita dei singoli individui o famiglie.
Stili di vita che nel corso del tempo hanno subito profonde modifiche rendendo in alcuni casi più sfumato il confine tra spese obbligate e non. Tra questi prodotti e servizi rientra sicuramente una parte dei ""tecnologici"" (smartphone, tablet, pc e relativi servizi) che progressivamente sono diventati anche strumenti necessari per il lavoro, lo studio e per la fruizione di servizi inclusi tra le spese obbligate (servizi bancari e finanziari, rapporti con la pubblica amministrazione, ecc.).
In linea con i mutamenti intervenuti nel corso degli anni negli stili di vita e nelle preferenze dei consumatori la compressione della quota destinata al consumo di beni e servizi commercializzabili è frutto a sua volta di dinamiche articolate.
Stando alle stime, anche nel 2026 le famiglie confermano la tendenza a cercare di recuperare principalmente quegli spazi destinati all'acquisto dei servizi commercializzabili, che dopo la battuta d'arresto del 2020 e i significativi recuperi degli anni successivi, non sono ancora tornati alla quota del 21,3% raggiunta nel 2019.
Per contro, i beni commercializzabili nel loro complesso dovrebbero vedere, nell'anno in corso, un'ulteriore riduzione dell'incidenza attestandosi al 37,5%.
Alla luce delle diverse dinamiche registrate dai prezzi degli obbligati e dei commercializzabili, appare chiaro che larga parte dell'aumento della quota di spesa destinata alle spese a cui le famiglie non possono rinunciare sia derivata dalla necessità di mantenere i volumi acquistati in presenza di dinamiche dei prezzi progressivamente crescenti: cioè l'incremento della quota delle spese obbligate è derivata dall'effetto dei maggiori prezzi al consumo.
Vanno anche considerati gli importanti mutamenti demografici intervenuti nell'arco temporale oggetto d'osservazione. Oltre all'invecchiamento della popolazione (ad oggi oltre il 25% dei residenti ha più di 65 anni) che ne ha mutato le esigenze e le preferenze in materia di consumi, a partire dal 2015 la popolazione ha mostrato una progressiva riduzione (nella media del 2026 il calo rispetto al picco del 2014 dovrebbe approssimarsi a 1,5 milioni).
Per cercare di sterilizzare, sia pure parzialmente, il possibile effetto prezzo e calo demografico sulle dinamiche evidenziate dalla figura 1 si sono riportati i dati a volume (espressi ai prezzi 2026) alla popolazione residente.
In termini complessivi i consumi pro capite espressi ai prezzi del 2026 sono, infatti, aumentati tra il 1995 ed il 2026 in misura più significativa per la componente dei commercializzabili, soprattutto per effetto di quanto accaduto tra il 1995 ed il 2007.
Le differenze tra le dinamiche a valore e a volume ribadiscono ancora una volta il ruolo dei prezzi nel determinare le scelte delle famiglie. Scelte che sono state fatte in un contesto che da quasi 20 anni non conosce una crescita dei volumi acquistati per abitante: solo a cavallo tra il 2025-2026 si tornerà ad una spesa in quantità analoga a quella del 2007.
Si conferma anche nel 2026 il ruolo preponderante delle spese per l'abitazione, i cui volumi per abitante ammontano, ai prezzi attuali, a poco più di 5mila e trecento euro l'anno (vale a dire oltre la metà delle spese obbligate in quantità).
All'interno delle spese obbligate è importante sottolineare come la riduzione più significativa, in termini reali, abbia interessato la componente energetica, che non si è tradotta in un'analoga compressione della quota a valore a tali consumi destinata. Il dato è frutto, oltre che dei comportamenti delle famiglie che hanno reagito ai prezzi crescenti riducendo i consumi, anche, forse soprattutto, dei progressi tecnologici che hanno permesso di realizzare prodotti sempre più orientati al risparmio energetico.
Sul versante dei beni commercializzabili, nel 2026 il processo di recupero dei volumi acquistati, che negli ultimi anni è stato guidato in buona parte dalle apparecchiature informatiche e per le comunicazioni, favorito anche dalla riduzione dei prezzi relativi, dovrebbe essere sostenuto anche da una parte di quei durevoli le cui spese erano state fortemente compresse nei periodi precedenti.
-foto ufficio stampa Confcommercio -
(ITALPRESS)."
20260826073502,Targatocn.it,https://www.targatocn.it/2026/08/26/leggi-notizia/articolo/le-spese-obbligate-si-mangiano-il-42-dei-consumi-familiari.html,,,,,,srclc:ita,"ROMA (ITALPRESS) - Nel 2026 le spese obbligate - ovvero quelle legate a beni e servizi di cui le famiglie non possono fare a meno, come casa, energia, bollette, sanità, trasporti e assicurazioni - continuano a ""mangiarsi"" una fetta molto consistente dei consumi totali delle famiglie con un'incidenza pari al 41,7% (+4,7% rispetto al 1995). Di contro, tra le spese libere, è in lieve aumento la quota destinata ai servizi (+2,9%), mentre risulta in contrazione quella per i beni (-7,6%). Le spese per l'abitazione si confermano la voce di costo maggiore con 5.335 euro pro capite (+72 euro rispetto al 2025) sul totale delle spese obbligate (pari a 9.693 euro); seguono assicurazioni e carburanti (2.310 euro) e l'energia (1.829 euro); quest'ultima è, comunque, la componente che, pur mantenendo un'incidenza elevata sui bilanci familiari, dal 1995 ad oggi ha registrato la riduzione più significativa (-1.231 euro), conseguenza di minori consumi delle famiglie come risposta a prezzi crescenti, ma anche e soprattutto dei progressi tecnologici che hanno favorito il risparmio energetico. La maggiore incidenza delle spese obbligate sui bilanci familiari è determinata soprattutto dalla diversa dinamica dei prezzi cresciuti molto più rapidamente rispetto a quelli dei beni e dei servizi commercializzabili: dal 1995 ad oggi, il loro indice è cresciuto del 140%, quasi due volte e mezzo rispetto a quello dei beni commercializzabili (+57%) e una volta e mezzo rispetto ai servizi (+88,4%), con il picco toccato dall'aggregato energia, gas e carburanti i cui prezzi sono cresciuti in trent'anni del 211%. L'analisi evidenzia, tuttavia, come le famiglie abbiano dimostrato una significativa capacità di tenuta, cercando di mantenere i livelli di consumo, rimodulando la composizione della spesa, contenendo soprattutto i beni più tradizionali, più che riducendola drasticamente, pur in presenza di un progressivo aumento dei costi incomprimibili che ha ridotto gli spazi di spesa discrezionale.
Questi, in sintesi, i principali risultati dell'analisi dell'Ufficio Studi di Confcommercio sulle spese obbligate delle famiglie italiane nel periodo 1995-2026 (qui la nota integrale dell'Ufficio Studi).
Il recupero della domanda in atto dalla fine dello scorso anno - che vede interessati anche alcuni segmenti di beni durevoli - sembra aver prodotto nel 2026 una cristallizzazione nella distribuzione dei consumi tra obbligati e commercializzabili. Il dato stimato per l'anno in corso, che mantiene la quota indirizzata all'acquisto dei beni e servizi commercializzabili al 58,3% non modifica, nella sostanza, le valutazioni fatte in precedenza sulle dinamiche di lungo periodo. In trent'anni la quota di consumo destinata a sostenere quelle spese da considerarsi obbligate è passata dal 37,0% al 41,7%, comprimendo la parte riservata all'acquisto di quei beni e servizi che appartengono alle libere scelte dei consumatori e che sono legate alle preferenze e agli stili di vita dei singoli individui o famiglie.
Stili di vita che nel corso del tempo hanno subito profonde modifiche rendendo in alcuni casi più sfumato il confine tra spese obbligate e non. Tra questi prodotti e servizi rientra sicuramente una parte dei ""tecnologici"" (smartphone, tablet, pc e relativi servizi) che progressivamente sono diventati anche strumenti necessari per il lavoro, lo studio e per la fruizione di servizi inclusi tra le spese obbligate (servizi bancari e finanziari, rapporti con la pubblica amministrazione, ecc.).
In linea con i mutamenti intervenuti nel corso degli anni negli stili di vita e nelle preferenze dei consumatori la compressione della quota destinata al consumo di beni e servizi commercializzabili è frutto a sua volta di dinamiche articolate.
Stando alle stime, anche nel 2026 le famiglie confermano la tendenza a cercare di recuperare principalmente quegli spazi destinati all'acquisto dei servizi commercializzabili, che dopo la battuta d'arresto del 2020 e i significativi recuperi degli anni successivi, non sono ancora tornati alla quota del 21,3% raggiunta nel 2019.
Per contro, i beni commercializzabili nel loro complesso dovrebbero vedere, nell'anno in corso, un'ulteriore riduzione dell'incidenza attestandosi al 37,5%.
Alla luce delle diverse dinamiche registrate dai prezzi degli obbligati e dei commercializzabili, appare chiaro che larga parte dell'aumento della quota di spesa destinata alle spese a cui le famiglie non possono rinunciare sia derivata dalla necessità di mantenere i volumi acquistati in presenza di dinamiche dei prezzi progressivamente crescenti: cioè l'incremento della quota delle spese obbligate è derivata dall'effetto dei maggiori prezzi al consumo.
Vanno anche considerati gli importanti mutamenti demografici intervenuti nell'arco temporale oggetto d'osservazione. Oltre all'invecchiamento della popolazione (ad oggi oltre il 25% dei residenti ha più di 65 anni) che ne ha mutato le esigenze e le preferenze in materia di consumi, a partire dal 2015 la popolazione ha mostrato una progressiva riduzione (nella media del 2026 il calo rispetto al picco del 2014 dovrebbe approssimarsi a 1,5 milioni).
Per cercare di sterilizzare, sia pure parzialmente, il possibile effetto prezzo e calo demografico sulle dinamiche evidenziate dalla figura 1 si sono riportati i dati a volume (espressi ai prezzi 2026) alla popolazione residente.
In termini complessivi i consumi pro capite espressi ai prezzi del 2026 sono, infatti, aumentati tra il 1995 ed il 2026 in misura più significativa per la componente dei commercializzabili, soprattutto per effetto di quanto accaduto tra il 1995 ed il 2007.
Le differenze tra le dinamiche a valore e a volume ribadiscono ancora una volta il ruolo dei prezzi nel determinare le scelte delle famiglie. Scelte che sono state fatte in un contesto che da quasi 20 anni non conosce una crescita dei volumi acquistati per abitante: solo a cavallo tra il 2025-2026 si tornerà ad una spesa in quantità analoga a quella del 2007.
Si conferma anche nel 2026 il ruolo preponderante delle spese per l'abitazione, i cui volumi per abitante ammontano, ai prezzi attuali, a poco più di 5mila e trecento euro l'anno (vale a dire oltre la metà delle spese obbligate in quantità).
All'interno delle spese obbligate è importante sottolineare come la riduzione più significativa, in termini reali, abbia interessato la componente energetica, che non si è tradotta in un'analoga compressione della quota a valore a tali consumi destinata. Il dato è frutto, oltre che dei comportamenti delle famiglie che hanno reagito ai prezzi crescenti riducendo i consumi, anche, forse soprattutto, dei progressi tecnologici che hanno permesso di realizzare prodotti sempre più orientati al risparmio energetico.
Sul versante dei beni commercializzabili, nel 2026 il processo di recupero dei volumi acquistati, che negli ultimi anni è stato guidato in buona parte dalle apparecchiature informatiche e per le comunicazioni, favorito anche dalla riduzione dei prezzi relativi, dovrebbe essere sostenuto anche da una parte di quei durevoli le cui spese erano state fortemente compresse nei periodi precedenti.
-foto ufficio stampa Confcommercio -
(ITALPRESS)."
20260826073502,Info Vercelli 24,https://www.infovercelli24.it/2026/08/26/leggi-notizia/articolo/le-spese-obbligate-si-mangiano-il-42-dei-consumi-familiari.html,,,,,,srclc:ita,"ROMA (ITALPRESS) - Nel 2026 le spese obbligate - ovvero quelle legate a beni e servizi di cui le famiglie non possono fare a meno, come casa, energia, bollette, sanità, trasporti e assicurazioni - continuano a ""mangiarsi"" una fetta molto consistente dei consumi totali delle famiglie con un'incidenza pari al 41,7% (+4,7% rispetto al 1995). Di contro, tra le spese libere, è in lieve aumento la quota destinata ai servizi (+2,9%), mentre risulta in contrazione quella per i beni (-7,6%). Le spese per l'abitazione si confermano la voce di costo maggiore con 5.335 euro pro capite (+72 euro rispetto al 2025) sul totale delle spese obbligate (pari a 9.693 euro); seguono assicurazioni e carburanti (2.310 euro) e l'energia (1.829 euro); quest'ultima è, comunque, la componente che, pur mantenendo un'incidenza elevata sui bilanci familiari, dal 1995 ad oggi ha registrato la riduzione più significativa (-1.231 euro), conseguenza di minori consumi delle famiglie come risposta a prezzi crescenti, ma anche e soprattutto dei progressi tecnologici che hanno favorito il risparmio energetico. La maggiore incidenza delle spese obbligate sui bilanci familiari è determinata soprattutto dalla diversa dinamica dei prezzi cresciuti molto più rapidamente rispetto a quelli dei beni e dei servizi commercializzabili: dal 1995 ad oggi, il loro indice è cresciuto del 140%, quasi due volte e mezzo rispetto a quello dei beni commercializzabili (+57%) e una volta e mezzo rispetto ai servizi (+88,4%), con il picco toccato dall'aggregato energia, gas e carburanti i cui prezzi sono cresciuti in trent'anni del 211%. L'analisi evidenzia, tuttavia, come le famiglie abbiano dimostrato una significativa capacità di tenuta, cercando di mantenere i livelli di consumo, rimodulando la composizione della spesa, contenendo soprattutto i beni più tradizionali, più che riducendola drasticamente, pur in presenza di un progressivo aumento dei costi incomprimibili che ha ridotto gli spazi di spesa discrezionale.
Questi, in sintesi, i principali risultati dell'analisi dell'Ufficio Studi di Confcommercio sulle spese obbligate delle famiglie italiane nel periodo 1995-2026 (qui la nota integrale dell'Ufficio Studi).
Il recupero della domanda in atto dalla fine dello scorso anno - che vede interessati anche alcuni segmenti di beni durevoli - sembra aver prodotto nel 2026 una cristallizzazione nella distribuzione dei consumi tra obbligati e commercializzabili. Il dato stimato per l'anno in corso, che mantiene la quota indirizzata all'acquisto dei beni e servizi commercializzabili al 58,3% non modifica, nella sostanza, le valutazioni fatte in precedenza sulle dinamiche di lungo periodo. In trent'anni la quota di consumo destinata a sostenere quelle spese da considerarsi obbligate è passata dal 37,0% al 41,7%, comprimendo la parte riservata all'acquisto di quei beni e servizi che appartengono alle libere scelte dei consumatori e che sono legate alle preferenze e agli stili di vita dei singoli individui o famiglie.
Stili di vita che nel corso del tempo hanno subito profonde modifiche rendendo in alcuni casi più sfumato il confine tra spese obbligate e non. Tra questi prodotti e servizi rientra sicuramente una parte dei ""tecnologici"" (smartphone, tablet, pc e relativi servizi) che progressivamente sono diventati anche strumenti necessari per il lavoro, lo studio e per la fruizione di servizi inclusi tra le spese obbligate (servizi bancari e finanziari, rapporti con la pubblica amministrazione, ecc.).
In linea con i mutamenti intervenuti nel corso degli anni negli stili di vita e nelle preferenze dei consumatori la compressione della quota destinata al consumo di beni e servizi commercializzabili è frutto a sua volta di dinamiche articolate.
Stando alle stime, anche nel 2026 le famiglie confermano la tendenza a cercare di recuperare principalmente quegli spazi destinati all'acquisto dei servizi commercializzabili, che dopo la battuta d'arresto del 2020 e i significativi recuperi degli anni successivi, non sono ancora tornati alla quota del 21,3% raggiunta nel 2019.
Per contro, i beni commercializzabili nel loro complesso dovrebbero vedere, nell'anno in corso, un'ulteriore riduzione dell'incidenza attestandosi al 37,5%.
Alla luce delle diverse dinamiche registrate dai prezzi degli obbligati e dei commercializzabili, appare chiaro che larga parte dell'aumento della quota di spesa destinata alle spese a cui le famiglie non possono rinunciare sia derivata dalla necessità di mantenere i volumi acquistati in presenza di dinamiche dei prezzi progressivamente crescenti: cioè l'incremento della quota delle spese obbligate è derivata dall'effetto dei maggiori prezzi al consumo.
Vanno anche considerati gli importanti mutamenti demografici intervenuti nell'arco temporale oggetto d'osservazione. Oltre all'invecchiamento della popolazione (ad oggi oltre il 25% dei residenti ha più di 65 anni) che ne ha mutato le esigenze e le preferenze in materia di consumi, a partire dal 2015 la popolazione ha mostrato una progressiva riduzione (nella media del 2026 il calo rispetto al picco del 2014 dovrebbe approssimarsi a 1,5 milioni).
Per cercare di sterilizzare, sia pure parzialmente, il possibile effetto prezzo e calo demografico sulle dinamiche evidenziate dalla figura 1 si sono riportati i dati a volume (espressi ai prezzi 2026) alla popolazione residente.
In termini complessivi i consumi pro capite espressi ai prezzi del 2026 sono, infatti, aumentati tra il 1995 ed il 2026 in misura più significativa per la componente dei commercializzabili, soprattutto per effetto di quanto accaduto tra il 1995 ed il 2007.
Le differenze tra le dinamiche a valore e a volume ribadiscono ancora una volta il ruolo dei prezzi nel determinare le scelte delle famiglie. Scelte che sono state fatte in un contesto che da quasi 20 anni non conosce una crescita dei volumi acquistati per abitante: solo a cavallo tra il 2025-2026 si tornerà ad una spesa in quantità analoga a quella del 2007.
Si conferma anche nel 2026 il ruolo preponderante delle spese per l'abitazione, i cui volumi per abitante ammontano, ai prezzi attuali, a poco più di 5mila e trecento euro l'anno (vale a dire oltre la metà delle spese obbligate in quantità).
All'interno delle spese obbligate è importante sottolineare come la riduzione più significativa, in termini reali, abbia interessato la componente energetica, che non si è tradotta in un'analoga compressione della quota a valore a tali consumi destinata. Il dato è frutto, oltre che dei comportamenti delle famiglie che hanno reagito ai prezzi crescenti riducendo i consumi, anche, forse soprattutto, dei progressi tecnologici che hanno permesso di realizzare prodotti sempre più orientati al risparmio energetico.
Sul versante dei beni commercializzabili, nel 2026 il processo di recupero dei volumi acquistati, che negli ultimi anni è stato guidato in buona parte dalle apparecchiature informatiche e per le comunicazioni, favorito anche dalla riduzione dei prezzi relativi, dovrebbe essere sostenuto anche da una parte di quei durevoli le cui spese erano state fortemente compresse nei periodi precedenti.
-foto ufficio stampa Confcommercio -
(ITALPRESS)."
20260826073502,Trapani Si,https://www.trapanisi.it/le-spese-obbligate-si-mangiano-il-42-dei-consumi-familiari/,,,,,,srclc:ita,"ROMA (ITALPRESS) – Nel 2026 le spese obbligate – ovvero quelle legate a beni e servizi di cui le famiglie non possono fare a meno, come casa, energia, bollette, sanità, trasporti e assicurazioni – continuano a “mangiarsi” una fetta molto consistente dei consumi totali delle famiglie con un’incidenza pari al 41,7% (+4,7% rispetto al 1995). Di contro, tra le spese libere, è in lieve aumento la quota destinata ai servizi (+2,9%), mentre risulta in contrazione quella per i beni (-7,6%). Le spese per l’abitazione si confermano la voce di costo maggiore con 5.335 euro pro capite (+72 euro rispetto al 2025) sul totale delle spese obbligate (pari a 9.693 euro); seguono assicurazioni e carburanti (2.310 euro) e l’energia (1.829 euro); quest’ultima è, comunque, la componente che, pur mantenendo un’incidenza elevata sui bilanci familiari, dal 1995 ad oggi ha registrato la riduzione più significativa (-1.231 euro), conseguenza di minori consumi delle famiglie come risposta a prezzi crescenti, ma anche e soprattutto dei progressi tecnologici che hanno favorito il risparmio energetico. La maggiore incidenza delle spese obbligate sui bilanci familiari è determinata soprattutto dalla diversa dinamica dei prezzi cresciuti molto più rapidamente rispetto a quelli dei beni e dei servizi commercializzabili: dal 1995 ad oggi, il loro indice è cresciuto del 140%, quasi due volte e mezzo rispetto a quello dei beni commercializzabili (+57%) e una volta e mezzo rispetto ai servizi (+88,4%), con il picco toccato dall’aggregato energia, gas e carburanti i cui prezzi sono cresciuti in trent’anni del 211%. L’analisi evidenzia, tuttavia, come le famiglie abbiano dimostrato una significativa capacità di tenuta, cercando di mantenere i livelli di consumo, rimodulando la composizione della spesa, contenendo soprattutto i beni più tradizionali, più che riducendola drasticamente, pur in presenza di un progressivo aumento dei costi incomprimibili che ha ridotto gli spazi di spesa discrezionale.
Questi, in sintesi, i principali risultati dell’analisi dell’Ufficio Studi di Confcommercio sulle spese obbligate delle famiglie italiane nel periodo 1995-2026 (qui la nota integrale dell’Ufficio Studi).
Il recupero della domanda in atto dalla fine dello scorso anno – che vede interessati anche alcuni segmenti di beni durevoli – sembra aver prodotto nel 2026 una cristallizzazione nella distribuzione dei consumi tra obbligati e commercializzabili. Il dato stimato per l’anno in corso, che mantiene la quota indirizzata all’acquisto dei beni e servizi commercializzabili al 58,3% non modifica, nella sostanza, le valutazioni fatte in precedenza sulle dinamiche di lungo periodo. In trent’anni la quota di consumo destinata a sostenere quelle spese da considerarsi obbligate è passata dal 37,0% al 41,7%, comprimendo la parte riservata all’acquisto di quei beni e servizi che appartengono alle libere scelte dei consumatori e che sono legate alle preferenze e agli stili di vita dei singoli individui o famiglie.
Stili di vita che nel corso del tempo hanno subito profonde modifiche rendendo in alcuni casi più sfumato il confine tra spese obbligate e non. Tra questi prodotti e servizi rientra sicuramente una parte dei “tecnologici” (smartphone, tablet, pc e relativi servizi) che progressivamente sono diventati anche strumenti necessari per il lavoro, lo studio e per la fruizione di servizi inclusi tra le spese obbligate (servizi bancari e finanziari, rapporti con la pubblica amministrazione, ecc.).
In linea con i mutamenti intervenuti nel corso degli anni negli stili di vita e nelle preferenze dei consumatori la compressione della quota destinata al consumo di beni e servizi commercializzabili è frutto a sua volta di dinamiche articolate.
“Nonostante un rallentamento delle spese obbligate, l’incidenza sui bilanci familiari rimane elevata, in particolare per carburanti e bollette a causa dei rincari energetici. Occorre intervenire su fisco e tariffe, eliminando le distorsioni che gravano sui costi fissi”, afferma il presidente di Confcommercio, Carlo Sangalli.
Stando alle stime, anche nel 2026 le famiglie confermano la tendenza a cercare di recuperare principalmente quegli spazi destinati all’acquisto dei servizi commercializzabili, che dopo la battuta d’arresto del 2020 e i significativi recuperi degli anni successivi, non sono ancora tornati alla quota del 21,3% raggiunta nel 2019.
Per contro, i beni commercializzabili nel loro complesso dovrebbero vedere, nell’anno in corso, un’ulteriore riduzione dell’incidenza attestandosi al 37,5%.
Alla luce delle diverse dinamiche registrate dai prezzi degli obbligati e dei commercializzabili, appare chiaro che larga parte dell’aumento della quota di spesa destinata alle spese a cui le famiglie non possono rinunciare sia derivata dalla necessità di mantenere i volumi acquistati in presenza di dinamiche dei prezzi progressivamente crescenti: cioè l’incremento della quota delle spese obbligate è derivata dall’effetto dei maggiori prezzi al consumo.
Vanno anche considerati gli importanti mutamenti demografici intervenuti nell’arco temporale oggetto d’osservazione. Oltre all’invecchiamento della popolazione (ad oggi oltre il 25% dei residenti ha più di 65 anni) che ne ha mutato le esigenze e le preferenze in materia di consumi, a partire dal 2015 la popolazione ha mostrato una progressiva riduzione (nella media del 2026 il calo rispetto al picco del 2014 dovrebbe approssimarsi a 1,5 milioni).
Per cercare di sterilizzare, sia pure parzialmente, il possibile effetto prezzo e calo demografico sulle dinamiche evidenziate dalla figura 1 si sono riportati i dati a volume (espressi ai prezzi 2026) alla popolazione residente.
In termini complessivi i consumi pro capite espressi ai prezzi del 2026 sono, infatti, aumentati tra il 1995 ed il 2026 in misura più significativa per la componente dei commercializzabili, soprattutto per effetto di quanto accaduto tra il 1995 ed il 2007.
Le differenze tra le dinamiche a valore e a volume ribadiscono ancora una volta il ruolo dei prezzi nel determinare le scelte delle famiglie. Scelte che sono state fatte in un contesto che da quasi 20 anni non conosce una crescita dei volumi acquistati per abitante: solo a cavallo tra il 2025-2026 si tornerà ad una spesa in quantità analoga a quella del 2007.
Si conferma anche nel 2026 il ruolo preponderante delle spese per l’abitazione, i cui volumi per abitante ammontano, ai prezzi attuali, a poco più di 5mila e trecento euro l’anno (vale a dire oltre la metà delle spese obbligate in quantità).
All’interno delle spese obbligate è importante sottolineare come la riduzione più significativa, in termini reali, abbia interessato la componente energetica, che non si è tradotta in un’analoga compressione della quota a valore a tali consumi destinata. Il dato è frutto, oltre che dei comportamenti delle famiglie che hanno reagito ai prezzi crescenti riducendo i consumi, anche, forse soprattutto, dei progressi tecnologici che hanno permesso di realizzare prodotti sempre più orientati al risparmio energetico.
Sul versante dei beni commercializzabili, nel 2026 il processo di recupero dei volumi acquistati, che negli ultimi anni è stato guidato in buona parte dalle apparecchiature informatiche e per le comunicazioni, favorito anche dalla riduzione dei prezzi relativi, dovrebbe essere sostenuto anche da una parte di quei durevoli le cui spese erano state fortemente compresse nei periodi precedenti.
-foto ufficio stampa Confcommercio –
(ITALPRESS)."
20260826073502,Varesenoi,https://www.varesenoi.it/2026/08/26/leggi-notizia/articolo/le-spese-obbligate-si-mangiano-il-42-dei-consumi-familiari.html,,,,,,srclc:ita,"ROMA (ITALPRESS) - Nel 2026 le spese obbligate - ovvero quelle legate a beni e servizi di cui le famiglie non possono fare a meno, come casa, energia, bollette, sanità, trasporti e assicurazioni - continuano a ""mangiarsi"" una fetta molto consistente dei consumi totali delle famiglie con un'incidenza pari al 41,7% (+4,7% rispetto al 1995). Di contro, tra le spese libere, è in lieve aumento la quota destinata ai servizi (+2,9%), mentre risulta in contrazione quella per i beni (-7,6%). Le spese per l'abitazione si confermano la voce di costo maggiore con 5.335 euro pro capite (+72 euro rispetto al 2025) sul totale delle spese obbligate (pari a 9.693 euro); seguono assicurazioni e carburanti (2.310 euro) e l'energia (1.829 euro); quest'ultima è, comunque, la componente che, pur mantenendo un'incidenza elevata sui bilanci familiari, dal 1995 ad oggi ha registrato la riduzione più significativa (-1.231 euro), conseguenza di minori consumi delle famiglie come risposta a prezzi crescenti, ma anche e soprattutto dei progressi tecnologici che hanno favorito il risparmio energetico. La maggiore incidenza delle spese obbligate sui bilanci familiari è determinata soprattutto dalla diversa dinamica dei prezzi cresciuti molto più rapidamente rispetto a quelli dei beni e dei servizi commercializzabili: dal 1995 ad oggi, il loro indice è cresciuto del 140%, quasi due volte e mezzo rispetto a quello dei beni commercializzabili (+57%) e una volta e mezzo rispetto ai servizi (+88,4%), con il picco toccato dall'aggregato energia, gas e carburanti i cui prezzi sono cresciuti in trent'anni del 211%. L'analisi evidenzia, tuttavia, come le famiglie abbiano dimostrato una significativa capacità di tenuta, cercando di mantenere i livelli di consumo, rimodulando la composizione della spesa, contenendo soprattutto i beni più tradizionali, più che riducendola drasticamente, pur in presenza di un progressivo aumento dei costi incomprimibili che ha ridotto gli spazi di spesa discrezionale.
Questi, in sintesi, i principali risultati dell'analisi dell'Ufficio Studi di Confcommercio sulle spese obbligate delle famiglie italiane nel periodo 1995-2026 (qui la nota integrale dell'Ufficio Studi).
Il recupero della domanda in atto dalla fine dello scorso anno - che vede interessati anche alcuni segmenti di beni durevoli - sembra aver prodotto nel 2026 una cristallizzazione nella distribuzione dei consumi tra obbligati e commercializzabili. Il dato stimato per l'anno in corso, che mantiene la quota indirizzata all'acquisto dei beni e servizi commercializzabili al 58,3% non modifica, nella sostanza, le valutazioni fatte in precedenza sulle dinamiche di lungo periodo. In trent'anni la quota di consumo destinata a sostenere quelle spese da considerarsi obbligate è passata dal 37,0% al 41,7%, comprimendo la parte riservata all'acquisto di quei beni e servizi che appartengono alle libere scelte dei consumatori e che sono legate alle preferenze e agli stili di vita dei singoli individui o famiglie.
Stili di vita che nel corso del tempo hanno subito profonde modifiche rendendo in alcuni casi più sfumato il confine tra spese obbligate e non. Tra questi prodotti e servizi rientra sicuramente una parte dei ""tecnologici"" (smartphone, tablet, pc e relativi servizi) che progressivamente sono diventati anche strumenti necessari per il lavoro, lo studio e per la fruizione di servizi inclusi tra le spese obbligate (servizi bancari e finanziari, rapporti con la pubblica amministrazione, ecc.).
In linea con i mutamenti intervenuti nel corso degli anni negli stili di vita e nelle preferenze dei consumatori la compressione della quota destinata al consumo di beni e servizi commercializzabili è frutto a sua volta di dinamiche articolate.
Stando alle stime, anche nel 2026 le famiglie confermano la tendenza a cercare di recuperare principalmente quegli spazi destinati all'acquisto dei servizi commercializzabili, che dopo la battuta d'arresto del 2020 e i significativi recuperi degli anni successivi, non sono ancora tornati alla quota del 21,3% raggiunta nel 2019.
Per contro, i beni commercializzabili nel loro complesso dovrebbero vedere, nell'anno in corso, un'ulteriore riduzione dell'incidenza attestandosi al 37,5%.
Alla luce delle diverse dinamiche registrate dai prezzi degli obbligati e dei commercializzabili, appare chiaro che larga parte dell'aumento della quota di spesa destinata alle spese a cui le famiglie non possono rinunciare sia derivata dalla necessità di mantenere i volumi acquistati in presenza di dinamiche dei prezzi progressivamente crescenti: cioè l'incremento della quota delle spese obbligate è derivata dall'effetto dei maggiori prezzi al consumo.
Vanno anche considerati gli importanti mutamenti demografici intervenuti nell'arco temporale oggetto d'osservazione. Oltre all'invecchiamento della popolazione (ad oggi oltre il 25% dei residenti ha più di 65 anni) che ne ha mutato le esigenze e le preferenze in materia di consumi, a partire dal 2015 la popolazione ha mostrato una progressiva riduzione (nella media del 2026 il calo rispetto al picco del 2014 dovrebbe approssimarsi a 1,5 milioni).
Per cercare di sterilizzare, sia pure parzialmente, il possibile effetto prezzo e calo demografico sulle dinamiche evidenziate dalla figura 1 si sono riportati i dati a volume (espressi ai prezzi 2026) alla popolazione residente.
In termini complessivi i consumi pro capite espressi ai prezzi del 2026 sono, infatti, aumentati tra il 1995 ed il 2026 in misura più significativa per la componente dei commercializzabili, soprattutto per effetto di quanto accaduto tra il 1995 ed il 2007.
Le differenze tra le dinamiche a valore e a volume ribadiscono ancora una volta il ruolo dei prezzi nel determinare le scelte delle famiglie. Scelte che sono state fatte in un contesto che da quasi 20 anni non conosce una crescita dei volumi acquistati per abitante: solo a cavallo tra il 2025-2026 si tornerà ad una spesa in quantità analoga a quella del 2007.
Si conferma anche nel 2026 il ruolo preponderante delle spese per l'abitazione, i cui volumi per abitante ammontano, ai prezzi attuali, a poco più di 5mila e trecento euro l'anno (vale a dire oltre la metà delle spese obbligate in quantità).
All'interno delle spese obbligate è importante sottolineare come la riduzione più significativa, in termini reali, abbia interessato la componente energetica, che non si è tradotta in un'analoga compressione della quota a valore a tali consumi destinata. Il dato è frutto, oltre che dei comportamenti delle famiglie che hanno reagito ai prezzi crescenti riducendo i consumi, anche, forse soprattutto, dei progressi tecnologici che hanno permesso di realizzare prodotti sempre più orientati al risparmio energetico.
Sul versante dei beni commercializzabili, nel 2026 il processo di recupero dei volumi acquistati, che negli ultimi anni è stato guidato in buona parte dalle apparecchiature informatiche e per le comunicazioni, favorito anche dalla riduzione dei prezzi relativi, dovrebbe essere sostenuto anche da una parte di quei durevoli le cui spese erano state fortemente compresse nei periodi precedenti.
-foto ufficio stampa Confcommercio -
(ITALPRESS)."
20260826073502,Monte Carlo News,https://www.montecarlonews.it/2026/08/26/notizie/articolo/le-spese-obbligate-si-mangiano-il-42-dei-consumi-familiari.html,,,,,,srclc:ita,"ROMA (ITALPRESS) - Nel 2026 le spese obbligate - ovvero quelle legate a beni e servizi di cui le famiglie non possono fare a meno, come casa, energia, bollette, sanità, trasporti e assicurazioni - continuano a ""mangiarsi"" una fetta molto consistente dei consumi totali delle famiglie con un'incidenza pari al 41,7% (+4,7% rispetto al 1995). Di contro, tra le spese libere, è in lieve aumento la quota destinata ai servizi (+2,9%), mentre risulta in contrazione quella per i beni (-7,6%). Le spese per l'abitazione si confermano la voce di costo maggiore con 5.335 euro pro capite (+72 euro rispetto al 2025) sul totale delle spese obbligate (pari a 9.693 euro); seguono assicurazioni e carburanti (2.310 euro) e l'energia (1.829 euro); quest'ultima è, comunque, la componente che, pur mantenendo un'incidenza elevata sui bilanci familiari, dal 1995 ad oggi ha registrato la riduzione più significativa (-1.231 euro), conseguenza di minori consumi delle famiglie come risposta a prezzi crescenti, ma anche e soprattutto dei progressi tecnologici che hanno favorito il risparmio energetico. La maggiore incidenza delle spese obbligate sui bilanci familiari è determinata soprattutto dalla diversa dinamica dei prezzi cresciuti molto più rapidamente rispetto a quelli dei beni e dei servizi commercializzabili: dal 1995 ad oggi, il loro indice è cresciuto del 140%, quasi due volte e mezzo rispetto a quello dei beni commercializzabili (+57%) e una volta e mezzo rispetto ai servizi (+88,4%), con il picco toccato dall'aggregato energia, gas e carburanti i cui prezzi sono cresciuti in trent'anni del 211%. L'analisi evidenzia, tuttavia, come le famiglie abbiano dimostrato una significativa capacità di tenuta, cercando di mantenere i livelli di consumo, rimodulando la composizione della spesa, contenendo soprattutto i beni più tradizionali, più che riducendola drasticamente, pur in presenza di un progressivo aumento dei costi incomprimibili che ha ridotto gli spazi di spesa discrezionale.
Questi, in sintesi, i principali risultati dell'analisi dell'Ufficio Studi di Confcommercio sulle spese obbligate delle famiglie italiane nel periodo 1995-2026 (qui la nota integrale dell'Ufficio Studi).
Il recupero della domanda in atto dalla fine dello scorso anno - che vede interessati anche alcuni segmenti di beni durevoli - sembra aver prodotto nel 2026 una cristallizzazione nella distribuzione dei consumi tra obbligati e commercializzabili. Il dato stimato per l'anno in corso, che mantiene la quota indirizzata all'acquisto dei beni e servizi commercializzabili al 58,3% non modifica, nella sostanza, le valutazioni fatte in precedenza sulle dinamiche di lungo periodo. In trent'anni la quota di consumo destinata a sostenere quelle spese da considerarsi obbligate è passata dal 37,0% al 41,7%, comprimendo la parte riservata all'acquisto di quei beni e servizi che appartengono alle libere scelte dei consumatori e che sono legate alle preferenze e agli stili di vita dei singoli individui o famiglie.
Stili di vita che nel corso del tempo hanno subito profonde modifiche rendendo in alcuni casi più sfumato il confine tra spese obbligate e non. Tra questi prodotti e servizi rientra sicuramente una parte dei ""tecnologici"" (smartphone, tablet, pc e relativi servizi) che progressivamente sono diventati anche strumenti necessari per il lavoro, lo studio e per la fruizione di servizi inclusi tra le spese obbligate (servizi bancari e finanziari, rapporti con la pubblica amministrazione, ecc.).
In linea con i mutamenti intervenuti nel corso degli anni negli stili di vita e nelle preferenze dei consumatori la compressione della quota destinata al consumo di beni e servizi commercializzabili è frutto a sua volta di dinamiche articolate.
Stando alle stime, anche nel 2026 le famiglie confermano la tendenza a cercare di recuperare principalmente quegli spazi destinati all'acquisto dei servizi commercializzabili, che dopo la battuta d'arresto del 2020 e i significativi recuperi degli anni successivi, non sono ancora tornati alla quota del 21,3% raggiunta nel 2019.
Per contro, i beni commercializzabili nel loro complesso dovrebbero vedere, nell'anno in corso, un'ulteriore riduzione dell'incidenza attestandosi al 37,5%.
Alla luce delle diverse dinamiche registrate dai prezzi degli obbligati e dei commercializzabili, appare chiaro che larga parte dell'aumento della quota di spesa destinata alle spese a cui le famiglie non possono rinunciare sia derivata dalla necessità di mantenere i volumi acquistati in presenza di dinamiche dei prezzi progressivamente crescenti: cioè l'incremento della quota delle spese obbligate è derivata dall'effetto dei maggiori prezzi al consumo.
Vanno anche considerati gli importanti mutamenti demografici intervenuti nell'arco temporale oggetto d'osservazione. Oltre all'invecchiamento della popolazione (ad oggi oltre il 25% dei residenti ha più di 65 anni) che ne ha mutato le esigenze e le preferenze in materia di consumi, a partire dal 2015 la popolazione ha mostrato una progressiva riduzione (nella media del 2026 il calo rispetto al picco del 2014 dovrebbe approssimarsi a 1,5 milioni).
Per cercare di sterilizzare, sia pure parzialmente, il possibile effetto prezzo e calo demografico sulle dinamiche evidenziate dalla figura 1 si sono riportati i dati a volume (espressi ai prezzi 2026) alla popolazione residente.
In termini complessivi i consumi pro capite espressi ai prezzi del 2026 sono, infatti, aumentati tra il 1995 ed il 2026 in misura più significativa per la componente dei commercializzabili, soprattutto per effetto di quanto accaduto tra il 1995 ed il 2007.
Le differenze tra le dinamiche a valore e a volume ribadiscono ancora una volta il ruolo dei prezzi nel determinare le scelte delle famiglie. Scelte che sono state fatte in un contesto che da quasi 20 anni non conosce una crescita dei volumi acquistati per abitante: solo a cavallo tra il 2025-2026 si tornerà ad una spesa in quantità analoga a quella del 2007.
Si conferma anche nel 2026 il ruolo preponderante delle spese per l'abitazione, i cui volumi per abitante ammontano, ai prezzi attuali, a poco più di 5mila e trecento euro l'anno (vale a dire oltre la metà delle spese obbligate in quantità).
All'interno delle spese obbligate è importante sottolineare come la riduzione più significativa, in termini reali, abbia interessato la componente energetica, che non si è tradotta in un'analoga compressione della quota a valore a tali consumi destinata. Il dato è frutto, oltre che dei comportamenti delle famiglie che hanno reagito ai prezzi crescenti riducendo i consumi, anche, forse soprattutto, dei progressi tecnologici che hanno permesso di realizzare prodotti sempre più orientati al risparmio energetico.
Sul versante dei beni commercializzabili, nel 2026 il processo di recupero dei volumi acquistati, che negli ultimi anni è stato guidato in buona parte dalle apparecchiature informatiche e per le comunicazioni, favorito anche dalla riduzione dei prezzi relativi, dovrebbe essere sostenuto anche da una parte di quei durevoli le cui spese erano state fortemente compresse nei periodi precedenti.
-foto ufficio stampa Confcommercio -
(ITALPRESS)."
20260826073320,La Nazione,https://www.lanazione.it/arezzo/cronaca/prima-della-prima-campanella-a-foiano-della-chiana-la-scuola-riparte-in-anticipo-diwgqryb,,,,,,srclc:ita,"Arezzo, 26 agosto 2026 – Prima della prima campanella, a Foiano della Chiana la scuola riparte in anticipo: formazione, innovazione, mobilità e nuovi percorsi. La prima campanella suonerà ufficialmente il 15 settembre, ma a Foiano della Chiana la scuola è già ripartita, e non soltanto per gli esami di recupero e per le attività organizzative che precedono l’avvio delle lezioni: l’Istituto Omnicomprensivo “G.Marcelli” apre infatti le porte agli studenti già dal 31 agosto, con nuovi percorsi formativi, laboratori, attività di inclusione e mobilità internazionali.
È un modo concreto per raccontare una scuola che non aspetta semplicemente l’inizio dell’anno scolastico, ma costruisce opportunità durante tutto l’anno, grazie anche alla stretta collaborazione con l’Amministrazione comunale. Da lunedì 31 agosto fino al 15 settembre saranno circa 50 gli studenti coinvolti nei due nuovi moduli del Piano Scuola Estate – Programma Nazionale “Scuola e Competenze” 2021-2027.
Anche l’IPSIA anticipa i tempi: le classi prime e seconde del percorso quadriennale 4+2 rientreranno già l’8 e il 9 settembre, con attività di accoglienza, laboratorio e percorsi nelle aziende della filiera. Un modello formativo flessibile che mette sempre più in relazione scuola, territorio e mondo del lavoro. Settembre sarà anche il mese delle esperienze internazionali. Tra i mesi di settembre e di ottobre, infatti, sia studenti (oltre 20) che insegnanti saranno impegnati nei programmi Erasmus VET all’estero.
Numeri e attività che assumono un significato particolare in un momento nel quale la scuola italiana deve confrontarsi con il calo demografico e con una fase complessa. A Foiano, invece, l’istituto mantiene tutte le proprie classi nei cicli primario e secondario e registra addirittura una classe in più alle superiori, confermando la capacità dell’offerta formativa di essere attrattiva. Restano il quinquennio dell’Istituto tecnico economico, le due sezioni quinquennali dell’IPSIA Manutenzione e Assistenza Tecnica e cresce il percorso 4+2.
«La scuola non coincide soltanto con il calendario delle lezioni – sottolinea il sindaco Jacopo Franci – ma è uno spazio che accoglie, include, crea opportunità e si mette in movimento prima ancora della prima campanella. Per questo il Comune considera la scuola una priorità: nei mesi estivi abbiamo lavorato per rendere i nostri edifici più sicuri, funzionali e accoglienti e, insieme all’Istituto e alle realtà del territorio, abbiamo costruito un programma di attività che accompagnerà studenti e famiglie per tutto l’anno».
«L’estate è il momento nel quale possiamo intervenire più efficacemente sui plessi che accolgono oltre 1.500 alunni tra Foiano e Pozzo – aggiunge l’assessore ai Lavori pubblici Gabriele Corei. Abbiamo realizzato interventi di tinteggiatura, sugli infissi, sugli impianti termoidraulici e per l’efficientamento energetico. Un lavoro spesso poco visibile, ma fondamentale, reso possibile dall’impegno degli operai comunali e dei professionisti che hanno lavorato anche durante i mesi estivi».
«A pochi giorni dalla campanella, la scuola è già pienamente operativa – evidenzia la dirigente scolastica Anna Bernardini. Il mantenimento delle classi, nonostante il calo demografico, e la crescita dell’offerta alle superiori sono un risultato importante. Il nostro obiettivo è continuare a proporre una scuola capace di innovare, includere, formare e offrire ai ragazzi occasioni concrete per guardare oltre i confini della scuola e del territorio».
Una collaborazione, quella tra Comune e Istituto Omnicomprensivo “Marcelli”, che parte dagli edifici e arriva ai progetti, passando per la qualità della didattica, l'inclusione, l'orientamento e l'apertura internazionale. Perché a Foiano l’anno scolastico comincia prima della prima campanella."
20260826073001,Torino Cronaca,https://www.torinocronaca.it/news/cronaca/684745/pensioni-verso-luscita-a-64-anni-la-manovra-2027-riapre-la-sfida-alla-fornero.html,,,,,,srclc:ita,"l'editoriale
Cerca
Il fatto
26 Agosto 2026 - 09:30
La pensione anticipata a 64 anni torna al centro del dibattito politico in vista della Legge di Bilancio 2027. Il governo è chiamato a costruire una Manovra tutt’altro che semplice, stretta tra le richieste della maggioranza e la necessità di mantenere sotto controllo i conti pubblici. E proprio sul fronte previdenziale potrebbe arrivare una delle partite più delicate dell’autunno.
Dal 2027, secondo le regole attualmente previste, il requisito per la pensione di vecchiaia dovrebbe salire a 67 anni e un mese. Nel 2028 sarebbe previsto un ulteriore incremento di due mesi, legato al meccanismo che adegua l’età pensionabile all’andamento della speranza di vita. Un sistema destinato, nel tempo, a spostare sempre più avanti l’uscita dal lavoro.
È su questo punto che la Lega vuole intervenire. L’obiettivo indicato da Matteo Salvini è quello di “sterilizzare” l’aumento dei requisiti e offrire ai lavoratori una maggiore libertà nella scelta del momento in cui lasciare il lavoro.
Tra le ipotesi allo studio c’è una nuova forma di flessibilità in uscita che consentirebbe di andare in pensione già a 64 anni. Una possibilità pensata per chi non vuole o non può attendere il raggiungimento dell’età ordinaria.
Il progetto, ancora in fase di definizione, prevederebbe un assegno calcolato con il metodo contributivo. Restano però da stabilire alcuni elementi fondamentali: dagli eventuali anni minimi di contributi alla soglia economica necessaria per poter accedere al nuovo canale.
Il sottosegretario al Lavoro Claudio Durigon ha collegato la proposta anche ai profondi cambiamenti che stanno attraversando il mercato del lavoro, compreso l'impatto crescente dell'intelligenza artificiale. L'idea è quindi quella di offrire più possibilità di scelta, evitando che l'aumento automatico dell'età pensionabile diventi l'unica prospettiva per chi si avvicina alla fine della carriera.
La questione, però, è soprattutto economica. Già il semplice blocco dell'aumento dell'età pensionabile previsto per il 2027 avrebbe un costo superiore al miliardo di euro. A questo si aggiungerebbe l'impatto finanziario di un'eventuale uscita anticipata a 64 anni.
Per trovare le risorse necessarie, Salvini è tornato a evocare un possibile contributo del settore bancario, destinato anche a sostenere pensioni e salari. Un tema che in passato ha creato frizioni all'interno della maggioranza, soprattutto con Forza Italia.
Più lontana, almeno per il momento, appare invece Quota 41: la possibilità di andare in pensione con 41 anni di contributi, senza un requisito anagrafico minimo. La misura resta una delle storiche battaglie della Lega, ma le risorse disponibili renderebbero difficile trasformarla in un intervento strutturale già nella prossima Manovra.
La discussione sulla previdenza non riguarda però soltanto chi è vicino alla pensione. Il governo sta valutando anche un progetto rivolto ai giovani e alle nuove generazioni: un fondo previdenziale alla nascita da aprire per ogni bambino.
L'idea prevede un primo versamento da parte dello Stato, eventualmente accompagnato negli anni dai contributi volontari di genitori e familiari. Una volta entrato nel mondo del lavoro, anche il beneficiario potrebbe continuare ad alimentare il fondo.
La gestione potrebbe essere affidata all'Inps, mentre la vigilanza spetterebbe alla Covip. L'obiettivo è costruire una sorta di secondo salvagente previdenziale per le nuove generazioni, in un Paese nel quale il calo delle nascite e l'invecchiamento della popolazione stanno mettendo sotto pressione il sistema pensionistico.
Dietro le proposte previdenziali c'è infatti una questione più ampia: il futuro del sistema pensionistico italiano.
In un sistema a ripartizione, i contributi versati oggi dai lavoratori finanziano le pensioni di chi ha già lasciato il lavoro. Se diminuisce il numero degli occupati e aumenta quello dei pensionati, l'equilibrio diventa inevitabilmente più fragile.
Il presidente dell'Inps Gabriele Fava ha guardato con favore all'ipotesi di un fondo destinato ai nuovi nati, considerandolo uno strumento potenzialmente utile per rafforzare la previdenza futura.
Anche la Cisl ha espresso interesse, ponendo però l'accento sulla necessità di definire con attenzione la governance. La segretaria generale Daniela Fumarola ha indicato nei fondi negoziali, costruiti attraverso la contrattazione tra sindacati e imprese e vigilati dalla Covip, una possibile strada da seguire.
La partita entrerà nel vivo con l'avvicinarsi dell'autunno. Il 22 settembre l'Istat dovrebbe aggiornare i dati sui conti pubblici del 2025, elementi fondamentali per comprendere quanto spazio ci sarà per nuovi interventi.
Tra la fine di settembre e l'inizio di ottobre è atteso il Documento programmatico di finanza pubblica, mentre il 15 ottobre il Documento programmatico di bilancio dovrebbe essere trasmesso a Bruxelles. Entro il 20 ottobre è previsto l'arrivo alle Camere del disegno di legge di Bilancio.
Il 30 novembre dovrebbe arrivare il parere della Commissione europea. Poi l'ultima corsa in Parlamento, con l'obiettivo di arrivare all'approvazione definitiva entro il 31 dicembre.
La pensione a 64 anni, dunque, è per ora un'ipotesi politica e non una misura approvata. Nei prossimi mesi si capirà se riuscirà a trasformarsi in una norma concreta o se, ancora una volta, il vincolo delle risorse costringerà il governo a ridimensionare le ambizioni sulla previdenza.
I più letti
CronacaQui.it | Direttore responsabile: Andrea Monticone
Vicedirettore: Marco Bardesono                                                           Capo servizio cronaca: Claudio Neve
Editore: Editoriale Argo s.r.l. Via Principe Tommaso 30 – 10125 Torino | C.F.08313560016 | P.IVA.08313560016.                      Redazione Torino: via Principe Tommaso, 30 – 10125 Torino      |Tel. 011.6669, Email redazione@torinocronaca.it. Fax. 0116669232 ISSN 2611-2272                                                                                           Amministratore unico e responsabile trattamento dati e sicurezza: Walter Altea 
Registrazione tribunale n° 1877 del 14.03.1950 Tribunale di Milano 
La società percepisce i contributi di cui al decreto legislativo 15 maggio 2017, n. 70. Indicazione resa ai sensi della lettera f) del comma 2 dell’articolo 5 del medesimo decreto legislativo.."
20260826065047,Il Mattino Di Padova,https://www.mattinopadova.it/cronaca/liceo-fermi-padova-accorpamento-nievo-tito-livio-2035-d7jo8j84,,,,,,srclc:ita,"Fermi, Nievo e Tito Livio insieme: la rivoluzione dei licei del centro di Padova
Il calo demografico mette in discussione il futuro del liceo Fermi di Padova: il piano della Provincia ipotizza l’aggregazione con Nievo e Tito Livio
Da qui al 2035 il liceo scientifico Enrico Fermi, nato nel 1969, situato in corso Vittorio Emanuele a pochi metri da Prato della Valle, a causa del calo demografico potrebbe essere aggregato al liceo Ippolito Nievo. Si tratterebbe in pratica di un ritorno visto che proprio dal Nievo, che oggi si trova in via San Gregorio Barbarigo e che è stato fondato nel 1923, il Fermi è germinato 57 anni fa.
Secondo il Piano delle scuole elaborato dalla Provincia la prospettiva è quella di un unico liceo in centro, addirittura aggregando anche lo storico liceo classico Tito Livio, cioè la scuola dove ha studiato l’ex presidente Giorgio Napolitano.
L’aumento della classi
La parola passa alla preside Tiziana Petruzzo, originaria di Avellino, laureata in lettere antiche con 110 e lode all’Università Federico II di Napoli, già dirigente all’Ic 2 di Selvazzano e preside del Fermi dall’anno scolastico 2023-2024, dopo aver raccolto il testimone dall’ex dirigente Alberta Angelini.
Rispetto al piano provinciale di lungo periodo la dirigente è, ovviamente, piuttosto cauta: «Un orizzonte di dieci anni è certamente molto lontano», osserva, «attualmente godiamo ottima salute. Dal 10 settembre avremo una classe in più: quest’anno da 36 classi siamo passati a 37. Poi dobbiamo tenere anche conto del decreto, firmato dal ministro Giuseppe Valditara, che blocca le fusioni per i prossimi due anni scolastici. Ma, in fondo, è giusto porsi già oggi questo problema che è legato al graduale calo demografico ed anche ad altri fattori contingenti che riguardano gli istituti superiori che ci sono in centro storico».
Il problema della mobilità
Secondo Petruzzo, uno dei principali fattori che le famiglie esaminano nella scelta della scuola dei figli è quello della raggiungibilità: «Sino a pochi anni fa le scuole storiche del centro, in primis quelle ubicate in palazzi antichi, avevano un fascino particolare e venivano scelte dalle famiglia anche perché si trovavano lungo arterie e piazze facilmente raggiungibili sia dalle auto private che dai mezzi pubblici. Non parlo solo della mia scuola, che per fortuna si trova sulla linea del tram, ma sono convinta che tanti genitori non iscrivono più i figli negli istituti del centro perché la viabilità oggi è più complicata. E così preferiscono scuole in periferia o nei Comuni della cintura», osserva la preside, «è arrivata l’ora di varare un piano, organico e capillare, in cui ridisegnare totalmente le infrastrutture che portano alle singole scuole e stabilire anche nuovi tragitti per raggiungere istituti che spesso sono inaccessibili».
Il no all’accorpamento
Ma se le istituzioni preposte, prima fra tutte la Regione, andassero avanti con il progetto di accorpamento? «Non sarebbe una bella fusione anche perché non sarebbe ben vista neanche dai genitori e dagli stessi studenti», risponde Petruzzo, «il brand Fermi in città ha ormai messo radici da decenni. Tra Fermi e Nievo, che hanno delle caratteristiche differenziate, esiste una sana e robusta rivalità, che ha avuto e tutt’ora ha il merito di fare crescere e valorizzare la qualità dell’offerta didattica ed educativa in entrambi gli istituti. Per il resto sarei soddisfatta se le istituzioni competenti, anche in tempi brevi, prendessero spunto proprio da questa proiezione redatta dall’amministrazione provinciale ed elaborassero, come ho già detto prima, un piano di approfondimento in cui far emergere il rapporto, anche sul piano sociale, che ci dovrebbe essere tra le singole scuole e l’aspetto urbanistico della città. Naturalmente l’eventuale piano dovrebbe riconsiderare anche un sistema di trasporti più efficiente rispetto a quello attuale, come quello che potrebbe realizzarsi con le due nuove linee tramviarie».
Riproduzione riservata © Il Mattino di Padova"
20260826054946,San Marino,https://www.sanmarinortv.sm/news/comunicati-c9/psd-dalla-festa-dell-amicizia-una-domanda-giusta-quale-sanita-vogliamo-per-il-futuro-a295087,,,,,,srclc:ita,"Il dibattito sulla sanità aperto alla Festa dell’Amicizia e le parole pronunciate dal  Segretario della Democrazia Cristiana Gian Carlo Venturini pongono una questione  importante. La sanità pubblica sammarinese è un patrimonio da difendere e  potenziare. E le scelte sul suo futuro, come ha detto Venturini, non possono essere  considerate semplici decisioni amministrative. Riguardano il modello di Paese che  vogliamo costruire.  Per il PSD il punto di partenza deve essere chiaro: San Marino deve continuare ad  avere un sistema sanitario e sociosanitario pubblico, universale e accessibile a tutti.  Sanità e sicurezza sociale, inoltre, non sono due mondi separati. La loro integrazione  è una delle caratteristiche più importanti del nostro Istituto per la Sicurezza Sociale e  deve continuare ad esserlo.  Significa occuparsi della persona nel suo insieme. Della cura quando si ammala, ma  anche della prevenzione, della medicina territoriale, della disabilità, della non  autosufficienza, dell’assistenza domiciliare e dell’invecchiamento. È ancora più  importante oggi, di fronte a una popolazione che invecchia e a bisogni sociali e  sanitari sempre più intrecciati.  Difendere questo modello, però, non significa dire che tutto va bene. Definiamo il  nostro sistema pubblico, universale e gratuito. Ma sappiamo tutti che nella vita reale  molti sammarinesi mettono mano al portafoglio per una visita specialistica, un  esame diagnostico o una prestazione nel settore privato. Spesso lo fanno perché non  possono o non vogliono aspettare i tempi del sistema pubblico.  Questa è già, nei fatti, una forma di disuguaglianza nell’accesso alle cure. Chi può  permetterselo paga e accelera. Chi non può, aspetta.  Se vogliamo difendere davvero la sanità pubblica e universale, dobbiamo partire  anche da qui. Non basta difenderne il principio. Dobbiamo fare in modo che funzioni  abbastanza bene da rendere quel principio vero nella vita quotidiana.  Da tempo circola l’ipotesi della realizzazione di un nuovo ospedale. Nel dibattito  politico si è affacciata anche la finanza di progetto come possibile strumento per  realizzarlo.    Ma prima di decidere come costruire e finanziare un nuovo ospedale dobbiamo  decidere quale sanità e quale sistema sociosanitario vogliamo per San Marino nei  prossimi venti o trent’anni.  Non è una questione tecnica. È una delle più grandi scelte politiche che abbiamo  davanti.  Vogliamo un ospedale che faccia un po’ di tutto? Vogliamo concentrare alcune  eccellenze e costruire collaborazioni forti fuori territorio per le prestazioni più  specialistiche? Vogliamo sviluppare settori capaci di attirare pazienti da fuori San  Marino? E, in questo caso, quali settori e con quale rapporto con la missione pubblica  dell’ISS?  Sono domande che non ci spaventano. Ma che vengono prima dei muri, delle  dimensioni dell’edificio e dello strumento finanziario scelto per costruirlo.  C’è poi una domanda ancora più grande: per quale San Marino stiamo progettando il  sistema sanitario? Per la San Marino di oggi? Per una Repubblica più aperta, integrata  con l’Europa, capace di attrarre nuovi residenti e arrivare un giorno a 50 o 60 mila  abitanti? Oppure per un Paese che, se non riuscirà a contrastare l’inverno  demografico, potrebbe ritrovarsi a breve con molti meno abitanti e una popolazione  molto più anziana?  Sono scenari molto diversi. E richiedono modelli diversi. Per questo non possiamo  permettere che il futuro dell’ISS venga deciso un pezzo alla volta. Una convenzione  qui. Un servizio affidato fuori territorio là. Una nuova attività commerciale. Una  prestazione a pagamento. Una riorganizzazione. Un progetto per il nuovo ospedale.  Ognuna di queste scelte, presa singolarmente, può anche avere ottime ragioni. Ma la  loro somma può cambiare profondamente il nostro sistema senza che San Marino  abbia mai deciso consapevolmente in quale direzione andare.  Su questo Venturini ha ragione: il modello non può essere il risultato di una serie di  decisioni amministrative. Deve essere una scelta politica e collettiva.  Abbiamo celebrato da poco i settant’anni dell’Istituto per la Sicurezza Sociale.  Settant’anni nei quali San Marino ha costruito un patrimonio che appartiene a tutti.  Crediamo che questo sia il momento giusto per aprire una nuova grande fase di  riflessione sul suo futuro.  Il PSD propone quindi l’apertura di un grande tavolo nazionale sulla sanità e sulla  sicurezza sociale. Non una riunione formale. Non un confronto riservato a pochi  addetti ai lavori. Un percorso vero, con la politica e l’ISS, ma soprattutto con chi ogni    giorno fa funzionare il sistema: medici, infermieri, operatori sanitari e sociosanitari e  tutte le professionalità coinvolte. E con le organizzazioni sindacali, che hanno  contribuito storicamente alla costruzione del nostro sistema di sicurezza sociale e che  devono avere un ruolo pieno nella discussione sul suo futuro. Con le associazioni e  con tutte le competenze che possono dare un contributo.  Mettiamo sul tavolo tutto. Senza pregiudizi. Il Piano sanitario e sociosanitario. I  servizi da mantenere, quelli da rafforzare e quelli eventualmente da ripensare o  superare. Le liste d’attesa. La medicina territoriale. L’assistenza agli anziani e alle  persone non autosufficienti. Il personale. Le collaborazioni con l’esterno. La libera  professione. Le attività a pagamento. La sostenibilità economica. Le opportunità di  sviluppo. E, naturalmente, il nuovo ospedale.  Ma partendo dal modello, non dall’edificio. L’ordine deve essere questo: prima  scegliamo la sanità e la sicurezza sociale che vogliamo. Poi decidiamo quale ospedale  serve a quella scelta e come realizzarlo. 
c.s. Partito dei Socialisti e dei Democratici
                                
                                                                        
                                    
                                
                                
PSD: “Dalla Festa dell’Amicizia una domanda giusta: quale sanità vogliamo per il futuro?”
                                26 ago 2026
                            
                        Riproduzione riservata ©"
20260826053347,Corriere,https://napoli.corriere.it/notizie/politica/26_agosto_26/finalmente-un-idea-di-citta-69351798-f86e-448d-b29a-edb7981c4xlk.shtml,,,,,,srclc:ita,"Finalmente un'idea di città
È nell'intervento che Manfredi ha inviato a questo giornale, una visione che rimanda ad una dimensione ultrametropolitana di Napoli
Finalmente c’è un’idea di Napoli. È nell’intervento che il sindaco ha inviato ieri a questo giornale e costituisce già un indiscutibile punto a suo favore, perché chiama allo scoperto chiunque ritenga di averne un’altra, migliore, da mettere in campo. Poi, come è ovvio, anche Manfredi concepisce la sua attività amministrativa in termini prevalentemente ipotetico-ottativi: non si limita, cioè, a calcolare una probabilità sulla base di fatti oggettivi; ci crede a tal punto da darla quasi per scontata. Ma resta rilevante che questa idea rimandi a una dimensione ultrametropolitana di Napoli e che incontri già una speculare disponibilità da parte di Mastella, sindaco di Benevento, ad allungarne gli effetti sul territorio sannita.
È in questo quadro che prende corpo l’ipotesi, straordinariamente suggestiva ma altrimenti destinata a restare sospesa, di un corridoio tra i due mari lungo l’asse Napoli-Bari, favorito dalla nuova linea dell’Alta Velocità/Alta Capacità.
Lampi di programmazione a lungo termine, convergenze inedite, occasioni che si addensano. Sembra di essere tornati ai tempi d’oro in cui Ada Becchi Collidà, sul finire del secolo, ipotizzava un centro direzionale decentrato a Sant’Agata de’ Goti, nel cuore geografico della Campania, come leva per uno sviluppo senza soluzione di continuità tra fascia costiera e aree interne. Con una differenza, però: allora non se ne fece più nulla, mentre oggi esiste anche, come ha ricordato Bruno Discepolo, tutta la strumentazione urbanistica necessaria per operare nella giusta direzione e con maggiore cognizione di causa.     
Non solo. Esplicitare le proprie prospettive e sfidare gli altri a fare altrettanto può aiutare a fare chiarezza innanzitutto all’interno dei rispettivi schieramenti politici. Il che ha un valore in sé, anche dal punto di vista operativo. 
Il viceministro Cirielli ha apprezzato la discontinuità tra Fico e De Luca alla Regione, e subito a destra si è aperto un fronte polemico contro questa rottura dello schema secondo cui l’avversario politico è sempre dalla parte sbagliata. Manfredi ha fatto qualcosa di simile accogliendo l’invito a rompere con l’immobilismo urbanistico, che a Napoli dura da decenni, e offrendo il petto a quelli della sua parte che già lo accusano di voler mettere le mani sulla città. 
Uscire da queste strettoie potrebbe davvero determinare una svolta epocale. Così come sarebbe ora di smetterla con l’ipocrisia secondo cui c’è una questione meridionale che va a rotoli per responsabilità del governo di destra e una questione napoletana che invece fa eccezione solo per merito dell’amministrazione campolarghista. 
Come se Napoli e la Campania non fossero una parte rilevantissima dell’intero Mezzogiorno. Le ragioni del divario sono molto più complesse e sfuggono a ogni manicheismo ideologico. Più che opportuno, dunque, trasferire i conflitti politici dalla mera gestione del potere alla concreta capacità di dare forma alle idee migliori. L’intervento di Manfredi sembra voler portare il confronto pubblico esattamente a questo livello. 
Altra cosa è la trasformazione in atto in città, soprattutto nei quattro poli indicati dal sindaco: Bagnoli, con la Coppa America; Napoli Est, con gli insediamenti dedicati all’innovazione tecnologica; il Centro storico, con la rifunzionalizzazione dell’Albergo dei Poveri; e Scampia, con la riconversione dell’area dopo l’abbattimento delle Vele. Indicare le grandi opere che possono cambiare il volto della città non vuol dire averle già realizzate. Tutt’altro.
Lunga e sofferta è la storia delle incompiute napoletane. Ma anche qui, a temperare l’impostazione ipotetico-ottativa del sindaco, c’è una consapevolezza che conforta e che nel teso trova conferma: Napoli è ancora una città troppo diseguale, si ammette. 
La distanza sociale tra i quartieri non si è affatto accorciata; per certi versi si è persino dilatata. Ciò è avvenuto nonostante la perdita di peso demografico, che avrebbe dovuto rendere più efficienti i servizi e favorire una maggiore omogeneità degli stili di vita. Non è accaduto. Al contrario, si è consolidato il carattere sempre più centrifugo delle élite professionali. Da qui le troppe «periferie esistenziali» di cui ha parlato di recente Papa Leone. Tuttavia, oggi sappiamo cosa Napoli può essere. La visione metropolitana, i grandi interventi, l’innovazione, la rigenerazione di aree strategiche ci consegnano un’ipotesi di futuro. Ma sappiamo anche, con altrettanta certezza, cosa Napoli ancora è.
Perciò fa molto piacere che anche artisti come Suzanne Vega — di solito non banali — continuino ad amare Napoli «per la passione della sua gente, per il caffè, per il cibo e anche per le lenzuola al vento». Il problema è che non basta."
20260826052224,La Provincia Unica Tv,https://www.laprovinciadicomo.it/stories/premium/erba/nel-comasco-gli-anziani-sono-il-doppio-dei-giovani-la-piramide-demografica-e-ca-o_3936803_11/,,,,,,srclc:ita,"Nel Comasco gli anziani sono il doppio dei giovani: la piramide demografica è capovolta
Gli over 65 (all’inizio del 2026 esattamente 148.963) sono più del doppio rispetto ai minorenni sotto ai 14 anni (69.484, i dati sono forniti dall’Istat). E il tasso di natalità diminuisce sempre di più: difficile quindi un’inversione di tendenza
Lettura 1 min.
Como
Gli anziani sono il doppio dei giovani. La piramide demografica ha preso da tempo nel Comasco un’altra forma, siamo prima passati ad una botte e ormai la base si è di fatto capovolta.
Gli over 65 (all’inizio del 2026 esattamente 148.963) sono più del doppio rispetto ai minorenni sotto ai 14 anni (69.484, i dati sono forniti dall’Istat). Sia chiaro, oggi è sbagliato considerare anziano un 65enne, la terza età ha una partenza più ritardata, del resto è aumentata l’età in conseguenza dell’invecchiamento della popolazione. E, comunque, a Como e provincia sempre in confronto a bambini e adolescenti in età scolare, ci sono anche più over 75 (precisamente 78.829). L’andamento della bilancia tra nuovi nati e ultra 80enni è peraltro destinata a proseguire lungo la stessa strada, almeno per qualche decennio. La platea delle potenziali madri si sta riducendo, difficile un’inversione anche aumentasse all’improvviso il numero medio di figli, che da circa quindici anni è in costante calo.
Attenzione, la curva non è molto diversa da quella disegnata in altre province, l’inverno demografico è un fenomeno che interessa l’intero Paese. Certo in alcune zone l’invecchiamento è più marcato. Grazie a un rinnovato flusso migratorio dall’estero comunque la popolazione residente complessiva in provincia di Como regge, l’età però aumenta, segno che anche i migranti fanno meno figli e portano con sè meno bambini.
Nel panorama provinciale ci sono Comuni che sembrano destinati a sparire in un futuro non lontano. Il capoluogo ha un indice di vecchiaia pari a 239 punti. Per intenderci, sotto al 100 vincono i giovani, il dato medio poco oltre i 200 punti vuol dire che ci sono 200 over 65 ogni 100 minorenni. Il fatto che, per esempio, a Pigra o a Brienno l’indice di anzianità superi rispettivamente i 683 e i 664 punti non lascia ben sperare. Detto che in termini percentuali i piccoli paesi fanno in fretta a mostrare grandi variazioni, simile la situazione a Veleso, Garzeno, Colonno e Ponna.
Le comunità più giovani invece si vedono a Limido Comasco (con un indice di anzianità pari a 122), Alserio (144) oppure Faloppio e Rodero, zone dove la densità abitativa - complici le nuove costruzioni - si è innalzata con molta velocità. Si tratta comunque di un indice superiore ai famosi 100 punti. Tra i centri più popolosi è più giovane Lomazzo (168), bene Turate (170), Fino Mornasco (171), quindi Mariano Comense (185), Olgiate Comasco (187), a Cantù si sale a quota 200, peggio come detto Como (239), male Erba (252).
In questi giorni anche al Meeting di Rimini si è discusso di inverno demografico, la rettrice della Cattolica Elena Beccalli ha parlato di «dato allarmante».
Il calo dei nati e l’invecchiamento della popolazione avrà dinamiche profonde sul tessuto sociale, economico, le ripercussioni si vedono già nella sanità e nell’istruzione. «Questo dato ci fa toccare con mano la trasformazione epocale che stiamo vivendo, che ridisegnerà le fondamenta sociali, culturali e anche economico-finanziarie del nostro continente». I contraccolpi evidenti negli asili ci sono anche nelle università.
© RIPRODUZIONE RISERVATA"
20260826044242,Tutte Le Ultime Notizie,https://www.ilrestodelcarlino.it/reggio-emilia/cronaca/liste-dattesa-per-entrare-nelle-a8520ea6,,,,,,srclc:ita,"""Una popolazione sempre più anziana, 400 persone in lista d’attesa nel solo capoluogo e tempi medi per l’accesso alle case residenza arrivati a 464 giorni. I numeri di Reggio Emilia fotografano una pressione crescente sul sistema della non autosufficienza che richiede risposte concrete e una programmazione adeguata da parte della Regione"". Lo dichiara Pietro Vignali, capogruppo di Forza Italia nell’Assemblea legislativa dell’Emilia-Romagna, analizzando i dati relativi all’assistenza residenziale agli anziani.
Nel capoluogo reggiano risultano circa 400 persone in attesa di un posto nelle case residenza, tanto che per ogni due anziani accolti ce n’è circa uno in lista d’attesa. I tempi medi sarebbero raddoppiati fino a raggiungere 464 giorni, oltre quindici mesi. Allo stesso tempo soltanto circa un over 85 su dieci usufruisce di un servizio: circa 700 persone attraverso assistenza domiciliare, centri diurni, pasti o assegni e circa 550 attraverso servizi residenziali. ""Una famiglia può trovarsi a gestire per più di un anno, spesso quasi completamente da sola, un anziano non autosufficiente"".
I dati raccolti in Regione confermano la forte domanda assistenziale del territorio. Gli anziani non autosufficienti inseriti in strutture residenziali Ausl sono passati da 2.962 nel 2024 a 3.004 nel 2025. Sul fronte della lunga permanenza e dei nuclei demenze, il tasso complessivo reggiano è pari a 4,7 per mille, leggermente inferiore alla media regionale di 4,9. Ma il dato cambia significativamente nelle fasce più anziane: tra gli 85 e gli 89 anni Reggio raggiunge 49,1 contro una media regionale di 42,6 e tra gli ultra novantenni arriva a 111,9 contro 99,7. ""Il punto non è soltanto quanti anziani vengono assistiti, ma quanti restano fuori dal sistema e per quanto tempo – rincara Vignali –. Dobbiamo chiederci se l’offerta di posti sia ormai insufficiente rispetto alla domanda"".
Anche nei ricoveri di sollievo e post-dimissione ospedaliera Reggio presenta valori generalmente superiori alla media regionale nelle fasce anziane. Tra i 75 e i 79 anni il tasso è 4,2 contro 3,6 regionale, tra gli 80 e gli 84 anni 8,3 contro 7,6, tra gli 85 e gli 89 anni 15,7 contro 14,1 e tra gli ultra novantenni 29,4 contro 26,2. Il tasso complessivo, pari a 1,5, coincide invece con la media dell’Emilia-Romagna.
""Abbiamo portato l’attenzione su un problema che non riguarda semplicemente numeri o graduatorie – aggiunge Giacomo Bonini, referente del Dipartimento Sanità provinciale di FI –. Dietro alle liste d’attesa ci sono persone anziane e famiglie che, quando non riescono ad ottenere una risposta dal sistema pubblico, sono spesso costrette a sostenere da sole costi economici e assistenziali sempre più pesanti. Serve uno sguardo lungimirante sull’intero sistema, senza pregiudizi e ideologie""
""Presenteremo un’interrogazione – chiosa Vignali – per conoscere quanti siano complessivamente gli anziani in lista d’attesa nell’intera provincia di Reggio, i tempi medi e massimi per l’ingresso, quanti posti accreditati siano disponibili e quanti nuovi posti la Regione intenda programmare. Chiederemo inoltre come intenda rafforzare l’assistenza domiciliare e i servizi intermedi, indispensabili per alleggerire sia le famiglie sia la pressione sulle strutture residenziali. Il trend demografico è noto da anni e non possiamo rincorrerlo quando l’emergenza è già esplosa. Servono investimenti strutturali e una programmazione della non autosufficienza capace di accompagnare l’invecchiamento della popolazione""."
20260826034155,La Nazione,https://www.lanazione.it/la-spezia/cronaca/cresce-il-numero-delle-imprese-a1d5b213,,,,,,srclc:ita,"Più imprese nell’edilizia, nei servizi, industria e commercio. Flessione invece per l’agricoltura. Sono alcuni aspetti emersi dall’analisi della Camera di Commercio Riviere di Liguria sui dati Movimprese, che fotografa l’andamento demografico delle imprese in provincia di Spezia nel 2° trimestre 2026. Con 20.266 imprese registrate al 30 giugno 2026, il saldo tra iscrizioni e cessazioni ha segno positivo: si registrano infatti +150 imprese nel confronto trimestrale. Dato che, in termini di crescita, si traduce in un +0,74%.
Facendo un confronto con i dati dell’analogo periodo 2025, emerge un incremento sia nel numero delle nuove aperture, passate dalle 300 del 2° trimestre 2025 alle 332 del 2° trimestre 2026 (+32), che in quello delle cessazioni non d’ufficio che, dalle 163 del 2° trimestre 2025, sono passate alle 182 di aprile-giugno dell’anno in corso (+19). Passando ad analizzare il tasso di iscrizione, viene certificato un aumento dall’1,46% del 2° trimestre 2025 all’1,64% del 2026; incremento che si registra anche nel tasso di cessazione passato dallo 0,79% del 2° trimestre 2025 allo 0,90% del 2° trimestre 2026.
Il confronto tra aree geografiche evidenzia come nel 2° trimestre 2026 il tasso di crescita delle imprese dello Spezzino sia contrassegnato dal segno più (+0,74%) risultando migliore sia del dato nazionale (+0,56%), che di quelli ligure e del Nord Ovest, (rispettivamente +0,44% e +0,53%). Quanto ai settori economici, la variazione risulta positiva per l’industria (+0,95%), per le costruzioni (+1,26%), per il commercio (+0,20) e per i servizi (+1,23%) mentre una flessione di registra per il comparto dell’agricoltura (-0,45%).
Infine, una lettura dei dati suddivisi per forma giuridica evidenzia come la crescita abbia riguardato le società di capitale e le imprese individuali, cresciute rispettivamente di 97 e 60 unità, saldo che in termini di tasso di crescita si traduce in un +1,42% per le società di capitale e in un +0,64% per le imprese individuali. Per le altre classi di natura giuridica si registra, invece, un saldo negativo: le società di persone sono diminuite di 6 unità (in termini di tasso di crescita, -0,17%), mentre le altre forme hanno fatto registrare un saldo pari a -1 unità con tasso di crescita di -0,18%.
""Questi dati dimostrano come il sistema economico spezzino sia sempre più attrattivo e capace di generare crescita – sottolinea il sindaco di Spezia Pierluigi Peracchini – con ricadute positive in termini di occupazione, stabilità e nuove opportunità per i giovani. Un risultato frutto anche del lavoro delle istituzioni, portato avanti in sinergia con le associazioni di categoria e il mondo produttivo. Numeri che raccontano un territorio sempre più dinamico e attrattivo: chi vuole aprire un’azienda, avviare una nuova attività o investire guarda con crescente interesse alla Spezia, grazie a un tessuto economico solido, diversificato e capace di creare nuove opportunità"".
Fra i vari dati analizzati Peracchini sottolinea come sia "" particolarmente significativo quelli dei servizi, che crescono dell’1,23%, a dimostrazione di un settore sempre più attrattivo per chi decide di investire sul nostro territorio. Altrettanto importante è il dato del commercio, che cresce dello 0,20%: la rete commerciale continua a svilupparsi, un segnale importante per la vitalità economica e sociale della città. Positivo anche l’andamento dell’industria, che registra un +0,95%, mentre le costruzioni segnano un +1,26%. Un ulteriore segnale di fiducia arriva dalla crescita delle società di capitali, aumentate di 97 unità, e delle imprese individuali, con 60 attività in più. Spezia sta attraversando una fase di crescita e trasformazione che coinvolge turismo, servizi, commercio, industria, fino alla cantieristica di alto livello e all’economia del mare, con il Miglio Blu. Dobbiamo continuare su questa strada""."
20260826000000,L'opinione Delle Libertà,http://www.opinione.it/politica/2026/08/26/francesco-carella-il-vecchio-mondo-non-tornera-piu-intervista-yves-meny/,,,,,,srclc:ita,"Un’intervista sul futuro dell’Europa e dell’ordine mondiale
Yves Mény è un politologo francese, nato nel 1943. Considerato tra gli studiosi europei più importanti di istituzioni politiche, democrazia e populismo, è stato professore a Rennes, Paris II e Sciences Po, oltre che visiting professor in diverse università straniere.
Dal 1993 al 2001 ha diretto il Robert Schuman Centre for Advanced Studies dell’Istituto Universitario Europeo (IUE) di Firenze e inoltre ha rivestito la carica di presidente dell’Istituto Universitario Europeo dal 2002 al 2009
Gli ultimi libri di Yves Mény, Le Vie della democrazia, edito dal Il Mulino nel 2025 e Fragilità della democrazia: sovranità, legittimità, rappresentanza nel XXI secolo, edito da Morcelliana nel 2026 racchiudono il suo pensiero sul futuro dell’Europa.
Partiamo da alcuni dati di fatto. Qual è oggi la situazione dell’economia mondiale?
È una situazione molto differenziata e, soprattutto, piena di incertezze. Gli squilibri tra le grandi aree economiche sono profondi. Gli Stati Uniti crescono più dell’Europa, ma hanno un indebitamento colossale e un deficit commerciale molto pesante. Allo stesso tempo, l’America mantiene il primato nelle tecnologie avanzate, seguita dalla Cina. Il resto del mondo si trova, nel complesso, in una situazione di dipendenza.
Ma bisogna aggiungere una cosa: si tratta di una dipendenza reciproca. La Cina ha bisogno di esportare negli Stati Uniti, mentre gli Stati Uniti dipendono dalla “fabbrica Cina”, che produce a basso costo, e dallo Stato cinese per l’acquisto dei bond americani che contribuiscono a finanziare il debito degli Stati Uniti.
E l’Europa?
L’Europa sembra trovarsi da cinque-dieci anni in una situazione che ricorda quella del Giappone: demografia in calo, popolazione che invecchia, forti esportazioni, ma incapacità di realizzare un vigoroso rilancio economico. La domanda è: l’Europa è destinata a seguire la stessa strada?
In Asia, invece, assistiamo a una dinamica molto diversa.
Sì. Lo sviluppo asiatico è generalmente forte. Pensiamo al Vietnam o alla Corea del Sud. In parte questo è dovuto ai costi di produzione molto bassi e al ripiegamento di molti acquirenti internazionali dalla Cina verso Paesi più competitivi. Anche l’India sta uscendo dal suo torpore. Ma qui si presenta un paradosso interessante: proprio le competenze che hanno favorito lo sviluppo indiano, soprattutto nel settore informatico e nei servizi delocalizzati, potrebbero essere messe in discussione dall’intelligenza artificiale. Molti servizi oggi affidati dalle imprese occidentali a personale indiano istruito, ben formato, anglofono e relativamente poco costoso potrebbero in futuro essere svolti negli Stati Uniti e in Europa grazie all’AI. L’India rischierebbe quindi di perdere una parte importante degli sbocchi occupazionali per la sua forza lavoro in eccesso.
Che cosa sta accadendo, invece, in America Latina e in Africa?
L’America Latina continua a dover fare i conti con problemi che conosciamo da decenni: incapacità di assicurare un buon governo e garantire stabilità politica, criminalità organizzata e tentazioni radicali, tanto di estrema destra quanto di estrema sinistra. L’Africa presenta invece un contrasto impressionante. Da una parte c’è una forte crescita media, dovuta anche alla ricchezza del sottosuolo; dall’altra, l’incapacità di garantire un benessere collettivo adeguato e investimenti sufficienti per accompagnare l’enorme crescita della popolazione. Ed è proprio qui che, a mio avviso, si trova il maggiore rischio per l’Europa.
Perché considera l’Africa una questione così decisiva per il futuro europeo?
Indipendentemente da qualsiasi considerazione ideologica o politica, l’Europa si trova davanti a un continente giovane, in pieno boom demografico, ancora povero, sottosviluppato e fortemente diseguale. Questo continente guarda con desiderio e ambizione a un’Europa invecchiata, ricca ma in declino. E i rapporti tra i due continenti sono strettissimi: esistono legami linguistici, culturali, economici e familiari che derivano dalla colonizzazione passata e dai fenomeni migratori. L’Europa è mal preparata ad affrontare questa sfida, che è contemporaneamente umanitaria, economica, demografica e culturale. E non è affatto evidente quale soluzione potrebbe adottare. Nessuno, nemmeno tra i più radicali, sembra disposto ad applicare davvero soluzioni alla Trump, che contrastano con le tradizioni e la cultura europee e, soprattutto, con lo Stato di diritto.
Passiamo dalla situazione economica a quella politica. Qual è la novità più importante che vede emergere?
La novità è il predominio, non soltanto economico ma anche politico, di un gruppo ristretto di uomini d’affari immensamente ricchi, tanto nei loro Paesi d’origine quanto a livello internazionale. Questa nuova generazione di imprenditori, nel senso schumpeteriano del termine, è diventata talmente influente e potente che gli stessi Stati dipendono da loro. Le organizzazioni internazionali, inoltre, risultano spesso impotenti a causa del free-riding di alcuni Stati, talvolta minuscoli, che offrono oasi protettive a questi grandi predatori.
È questa la ragione per cui si parla di nuovi oligarchi?
Esattamente. È una parola greca che inizialmente veniva utilizzata soprattutto per indicare gli uomini dell’entourage di Putin, creati dallo stesso Stato russo al momento delle privatizzazioni nella convinzione di poterli poi manipolare. Successivamente, il termine è stato applicato ai miliardari della tecnologia americana sedotti da Trump o, come gli oligarchi russi, trasformatisi in cortigiani per opportunismo oppure per timore delle ire e delle sanzioni dei rispettivi padroni.
Negli Stati Uniti il rapporto tra grandi ricchezze e politica è diventato particolarmente evidente.
Sì. La decisione della Corte Suprema del 2010, che ha aperto a imprese e individui la possibilità di finanziare liberamente e senza limiti i partiti politici, beneficiando della protezione molto ampia del First Amendment, ha riversato quantità enormi di denaro sui partiti e soprattutto sulle campagne presidenziali. A questo punto possiamo scegliere le parole che vogliamo per definire ciò che, per abitudine, continuiamo a chiamare democrazia liberale americana: oligarchia, populismo autoritario, plutocrazia. Il problema è che il denaro non rappresenta più soltanto una conseguenza del potere: diventa uno strumento diretto per costruirlo.
Questo fenomeno riguarda soltanto gli Stati Uniti?
No. Il modello del miliardario al potere non è nuovo ed è comparso in diversi Paesi, anche europei: in Italia, nella Repubblica Ceca, in Slovacchia, in Gran Bretagna. È come se il fatto di aver accumulato una grande fortuna conferisse una legittimità supplementare, a scapito dei tecnocrati, degli universitari e dei militari che un tempo costituivano una parte importante delle élite dirigenti. Ma c’è qualcosa di più profondo.
Si spieghi meglio.
Da circa vent’anni riemerge una soluzione al problema della rappresentanza che i populisti hanno sempre contestato. Se i rappresentanti tradizionali sono considerati illegittimi, dei «traditori», allora il miglior rappresentante delle masse popolari diventa colui nel quale il popolo può identificarsi completamente. Non siamo più davanti alla classica relazione tra rappresentato e rappresentante. È una relazione affettiva, quasi di idolatria del capo da parte delle masse.
E qui il confine tra democrazia e autocrazia diventa molto sottile.
Sì. La linea di demarcazione tra democrazia personalizzata e regime autocratico diventa sempre più sottile. Da questo punto di vista, l’esecutivo policentrico e necessariamente poco carismatico di Bruxelles, considerati i poteri e le competenze dell’Unione Europea, non è affatto in sintonia con lo spirito dei tempi.
Anche le tradizionali strutture di mediazione sembrano essere entrate in crisi.
È uno dei fenomeni più importanti. In tutte le democrazie europee assistiamo al crollo delle strutture tradizionali di mediazione: partiti, Chiese, sindacati. Al loro posto troviamo comportamenti frammentati, parcellizzati, fluidi e mutevoli. Oppure, peggio ancora, non troviamo nulla. Un individualismo esasperato convive stranamente con comportamenti gregari di massa, ma instabili e fragili, soprattutto sotto l’influenza dei social network.
Quanto contano i social network in questa trasformazione?
Moltissimo. Con l’anonimato, i messaggi brevi, il linguaggio crudo e violento, spesso carico di odio, xenofobo o razzista, i social network sono diventati una macchina per produrre dissenso e favorire la polarizzazione degli estremi. Ma soprattutto contribuiscono a distruggere il principio stesso della rappresentanza. Non abbiamo più una relazione tra rappresentato e rappresentante, ma tra leader carismatico e follower.
In tal modo, la democrazia rappresentativa entra in crisi?
Sì. La democrazia classica, fondata sulla rappresentanza, legittimata dal pluralismo e dal rispetto delle differenze e fondata sulla garanzia delle libertà individuali e collettive, è in crisi. E, a essere franchi, nessuno dispone oggi di una soluzione “preconfezionata”.
(*) Fine prima parte
Aggiornato il 26 agosto 2026 alle ore 11:54"
20260825213504,Corriere Del Ticino,https://www.cdt.ch/news/istituzioni-universita-e-scienza-unite-contro-linvecchiamento-437543,,,,,,srclc:ita,"Istituzioni, università e scienza unite contro l’invecchiamento
Operatori istituzionali, comunità scientifica, mondo accademico: tre mondi che raramente siedono allo stesso tavolo, o quasi, a giudicare da quanto invece succede a Lugano. È dal dialogo tra le rispettive competenze, che gli operatori istituzionali ticinesi proveranno a creare progetti e proposte che rispondano alle istanze e le rilevazioni statistiche che provengono dai comportamenti della società. Esaminiamo le cifre. Secondo le rilevazioni del Servizio Statistica Urbana della Città di Lugano, oltre il 24% dei residenti ha superato i 64 anni. Per ogni «over 64», la città conta 3,17 residenti. La proporzione scende a 2,48 quando si considerando le persone in età lavorativa.
Queste prime evidenze della piramide demografica cittadina, su cui torneremo, hanno spinto gli operatori istituzionali ad attivarsi. Lugano, per esempio, ha esordito come partner di Innovation Booster Future Urban Society, la piattaforma sostenuta anche da Innosuisse, l’agenzia svizzera che finanzia progetti ad alto impatto innovativo.
Il Laboratorio
Lo scorso giugno i dipartimenti Socialità, Lugano Living Lab, Statistica e Cultura della Città di Lugano hanno sottoscritto una lettera di intenti insieme agli Istituti di salute pubblica e di medicina di famiglia, al Center for Economic and Political Research on Aging, tutti ubicati all’USI, e ai Centri competenze anziani e ricerca sociale della Supsi, cui si aggiunge la IBSA Foundation per la ricerca scientifica.
È nato così il Laboratorio Interistituzionale sulle sfide demografiche. «Il Laboratorio - osserva Barbara Antonioli Mantegazzini, professoressa ordinaria in Economia pubblica e in Politiche per la sostenibilità alla Supsi, dove è anche responsabile del Centro competenza ricerca sociale (CreS) - non è un progetto in sé, con un perimetro definito; è una specie di grande contenitore che mette insieme diverse visioni di una stessa tematica: il cambiamento della composizione della piramide demografica, che ha ripercussioni enormi sul sistema del welfare e, più in generale, su molti degli equilibri economici e sociali del nostro territorio. In un certo senso, è il luogo ideale per avviare riflessioni che nascono dal confronto tra discipline, competenze e attori diversi, valorizzandone la complementarità e che idealmente possano poi tradursi in progettualità credibili, capaci anche di attrarre finanziatori».
L’obiettivo dichiarato è arginare la decrescita demografica strutturale, che sta penalizzando l’intera area urbana. «I dati sull’evoluzione demografica - ricorda Lorenzo Barisone, Statistics Data Innovation Manager del Comune di Lugano - mostrano un forte invecchiamento della popolazione attiva, con necessità socioassistenziali in crescita rispetto a quelle delle persone attività, oltre che una riduzione significativa della natalità. Sono fenomeni cui prestare attenzione, se si vuole mantenere sostenibile il nostro welfare». Su questa base, prosegue Barisone, «il Comune dunque ha scelto di muoversi per primo, in modo proattivo, promuovendo una collaborazione interdisciplinare tra istituzioni, privati e accademia».
Il conto dell’invecchiamento
Nello specifico, nel 2025 le nascite a Lugano sono calate del 12,9% su base annuale e del 30,1% nel decennio. All’opposto, i residenti ultrasessantaquattrenni costituiscono ormai il 24,2% della popolazione: l’indice di vecchiaia è in crescita del 21,5% rispetto al 2015. Sono questi i dati che spingono i dipartimenti interessati a condividere modalità che, si auspica, verranno diffuse anche a livello cantonale e federale.
L’arte su prescrizione medica
Tra le priorità del Laboratorio Interistituzionale sulle sfide demografiche troviamo l’invecchiamento della popolazione. In particolare, la «inclusione e utilità sociale» delle persone anziane, di cui ci siamo occupati in precedenza. Ed è proprio in questo perimetro che si inserisce l’impegno di IBSA Foundation sul rapporto tra cultura, salute e benessere. Dal 2020 con il progetto «Cultura e Salute», la Fondazione promuove il dialogo e le sinergie tra questi due ambiti, approfondendo l’impatto positivo della partecipazione culturale sul benessere delle persone. Da questo percorso è nato nel 2025 un innovativo progetto pilota di «arte su prescrizione medica», una prima assoluta in Svizzera, rivolto allo appa popolazione «over 65» affetta da patologie croniche legate allo stile di vita. Lo studio, realizzato insieme alla Divisione Cultura della Città di Lugano e all’Istituto di Medicina di famiglia dell’USI, in collaborazione il Lugano Arte e Cultura (LAC), intende esplorare gli effetti della partecipazione ad attività artistiche e culturali sulla salute e sul benessere.
Più che su un risparmio diretto, il «social prescribing» muove da una logica diversa. Infatti, l’arte su prescrizione medica rivaluta la offerta culturale già presente sul territorio e già finanziata quasi per intero dalle amministrazioni pubbliche. Quindi integrarla nei protocolli sanitari innanzitutto non prevede nuove spese. Richiede, semmai, di estendere le finalità delle manifestazioni culturali. Del resto, la scommessa è proprio questa: promuovere una ricerca che in futuro possa condurre all’inclusione di queste iniziative tra le prestazioni di base della LAMal, e quindi beneficiare anche quelle categorie sociali sinora marginalizzate.
La cultura come farmaco
«La cultura - ricorda Silvia Misiti, responsabile della comunicazione e direttrice di IBSA Foundation - può essere considerata un farmaco. Esiste già una best practice, nota e applicata in diversi Paesi, soprattutto nel Nord Europa. Il nostro obiettivo è portarla in Svizzera». È l’inizio di un percorso, prosegue Misiti, «che ci condurrà a valutare oltre agli aspetti clinici, anche quelli economici. Nei Paesi dove è già una prassi consolidata, il social prescribing infatti ha portato a una riduzione dei costi sanitari e all’inclusione di questa terapia tra le prestazioni di base».
Il social prescribing, dunque, ha avviato un percorso che lo dovrebbe evolvere dalla attuale prospettiva scientifica, clinica ed economica. A livello internazionale la sua inclusione tra le prestazioni di base della LAMal sta già mobilitando le competenze degli addetti ai lavori."
20260825212240,Velvet Magazine,https://www.velvetmag.it/2026/08/25/terremoto-amatrice-ricostruzione-mattarella/,,,,,,srclc:ita,"Dieci anni dal terremoto di Amatrice: Mattarella chiede di ultimare la ricostruzione
Il 24 agosto 2026 segna un anniversario che l’Italia non può permettersi di dimenticare, né di ricordare soltanto con le parole. Sono trascorsi esattamente dieci anni dal terremoto che nella notte tra il 23 e il 24 agosto 2016 rase al suolo Amatrice, Accumoli, Arquata del Tronto e decine di frazioni del Centro Italia. Ad Amatrice, dove le istituzioni si sono riunite per la commemorazione ufficiale, il presidente della Repubblica Sergio Mattarella ha lanciato un appello netto e senza ambiguità: il processo di terremoto Amatrice ricostruzione non può più aspettare, deve essere ultimato velocemente. Al suo fianco, la presidente del Consiglio Giorgia Meloni. Un decennio dopo la catastrofe, la domanda che pesa su tutto è una sola: com’è possibile che, a dieci anni di distanza, la ricostruzione sia ancora ferma al quaranta per cento?
La commemorazione del 24 agosto 2026: istituzioni unite nel ricordo
La mattina del 24 agosto 2026 ha visto convergere ad Amatrice le più alte cariche dello Stato italiano. Il presidente Sergio Mattarella ha partecipato alle cerimonie commemorative insieme alla presidente del Consiglio Giorgia Meloni, in un momento in cui la presenza delle istituzioni al massimo livello ha voluto sottolineare non soltanto il rispetto per le vittime, ma anche la responsabilità collettiva verso chi è sopravvissuto e attende ancora di rivedere la propria città in piedi.
La cerimonia ha avuto il carattere solenne che si addice a un anniversario tondo e doloroso come questo. Dieci anni sono un tempo lungo abbastanza da consentire bilanci, e abbastanza breve da mantenere vivo il dolore di chi ha perso familiari, case, comunità intere. Amatrice, che prima del sisma contava poco più di duemila abitanti nel capoluogo e oltre tremila nel comune allargato alle frazioni, è diventata nel 2016 il simbolo di una vulnerabilità sismica che l’Italia conosce bene ma fatica a gestire in modo sistematico.
Mattarella, nel suo intervento, ha definito la ricostruzione post-sisma «un impegno complesso» e ha ribadito con forza la necessità di ultimarla velocemente. Non si è trattato di una dichiarazione di circostanza: il capo dello Stato ha anche posto l’accento sull’importanza delle misure di prevenzione sismica, un tema che in Italia ritorna ciclicamente dopo ogni catastrofe senza mai trovare una risposta strutturale e duratura.
Il dato che pesa come un macigno: ricostruzione al 40%
A dieci anni dal sisma, la ricostruzione di Amatrice è ancora ferma al quaranta per cento. È un numero che, pronunciato così, suona quasi incredibile. Eppure è la realtà certificata dai dati disponibili a un decennio dalla catastrofe. Significa che più della metà del lavoro da fare — case, edifici pubblici, chiese, infrastrutture, spazi comuni — è ancora da completare. Significa che intere famiglie vivono ancora in sistemazioni provvisorie o hanno dovuto lasciare definitivamente il territorio. Significa che una comunità è rimasta sospesa in un limbo amministrativo, burocratico e fisico che dura ormai da un decennio.
Per capire la portata di questa cifra, è utile ricordare brevemente cosa accadde nella notte del 24 agosto 2016. Il terremoto, di magnitudo 6.0, colpì nel cuore della notte, quando la maggior parte delle persone dormiva. Il centro storico di Amatrice fu praticamente raso al suolo. Le vittime accertate furono 299, concentrate soprattutto ad Amatrice e nelle sue frazioni. Interi quartieri medievali crollarono in pochi secondi. La chiesa di Sant’Agostino, il campanile di Sant’Angelo, le strade lastricate del centro: tutto ridotto a macerie.
Nei giorni immediatamente successivi, l’Italia si mobilitò con una generosità straordinaria. Donazioni, volontari, raccolta fondi: la risposta dell’emergenza fu rapida e toccante. Ma la fase dell’emergenza è, per definizione, temporanea. Quello che segue — la ricostruzione vera e propria, con le sue complessità burocratiche, i piani regolatori, le gare d’appalto, i vincoli paesaggistici e architettonici, i ricorsi, i ritardi — è una maratona che l’Italia ha dimostrato di saper affrontare con molta più fatica rispetto allo sprint iniziale.
La complessità della ricostruzione: perché ci vuole così tanto tempo
Sarebbe semplicistico attribuire i ritardi della ricostruzione a un’unica causa. La realtà è che il processo di ricostruzione post-sisma in Italia è strutturalmente complicato, per ragioni che vanno ben oltre la buona o cattiva volontà dei singoli attori istituzionali.
In primo luogo, c’è la questione della proprietà degli immobili. In molti borghi dell’Appennino centrale, le case sono state tramandate di generazione in generazione senza aggiornamenti catastali regolari, con proprietà frazionate tra decine di eredi spesso residenti in città diverse o all’estero. Prima di poter ricostruire, occorre identificare i proprietari, raccogliere le loro firme, risolvere le controversie ereditarie. Un processo che può richiedere anni.
👉 Leggi anche: Ilva di Taranto, Mattarella e Meloni: l'acciaieria diventa impegno nazionale
In secondo luogo, ci sono i vincoli paesaggistici e architettonici. Amatrice era un borgo medievale di grande pregio storico, e la ricostruzione non può semplicemente replicare edifici moderni al posto di quelli antichi. I piani di ricostruzione devono rispettare i caratteri originali degli edifici, utilizzare materiali compatibili, seguire le linee guida delle soprintendenze. Tutto questo rallenta inevitabilmente i tempi.
In terzo luogo, c’è la questione demografica. Molti degli abitanti originari di Amatrice, dopo il sisma, hanno scelto di non tornare. Si sono trasferiti nelle città vicine — Rieti, L’Aquila, Roma — o hanno accettato lavori altrove. Ricostruire case per chi non intende abitarle è un problema economico e sociale di non facile soluzione. La ricostruzione fisica deve andare di pari passo con la ricostruzione della comunità, e questa seconda dimensione è spesso la più difficile da affrontare.
Infine, c’è la burocrazia. Le procedure amministrative italiane per la ricostruzione post-sisma sono notoriamente complesse. Le pratiche devono passare attraverso diversi livelli di approvazione, i finanziamenti statali sono soggetti a rendicontazione dettagliata, i cantieri devono rispettare normative stringenti in materia di sicurezza e qualità. Ogni passaggio richiede tempo, e i tempi si sommano.
Il richiamo alla prevenzione: un tema antico e irrisolto
Nel suo intervento, il presidente Mattarella non si è limitato a sollecitare il completamento della ricostruzione. Ha anche insistito sulla necessità di investire in misure di prevenzione sismica. È un tema che in Italia torna puntualmente dopo ogni terremoto, ma che stenta a tradursi in politiche strutturali e continuative.
L’Italia è uno dei Paesi europei a più alto rischio sismico. La penisola è attraversata da una serie di faglie attive che rendono gran parte del territorio vulnerabile a terremoti di media e alta intensità. Eppure, il patrimonio edilizio italiano è in larga misura costruito prima dell’introduzione delle moderne norme antisismiche, o in aree dove quelle norme non venivano applicate con rigore.
Programmi come il Sismabonus — l’incentivo fiscale per la messa in sicurezza degli edifici privati — hanno rappresentato un passo nella giusta direzione, ma la loro applicazione è stata disomogenea e i risultati, su scala nazionale, rimangono insufficienti rispetto alla vastità del problema. La prevenzione sismica richiede investimenti costanti, pianificazione a lungo termine e una cultura della sicurezza che deve permeare non solo le istituzioni ma anche i singoli cittadini e i proprietari di immobili.
Il richiamo di Mattarella, in questo senso, va letto come un monito che va oltre Amatrice. Ogni borgo dell’Appennino, ogni quartiere storico delle città italiane costruito prima degli anni Settanta, ogni scuola o ospedale edificato senza criteri antisismici è una potenziale Amatrice. La prevenzione non è un costo: è un investimento che evita costi umani ed economici enormemente più gravi.
Amatrice come simbolo: cosa rappresenta oggi per l’Italia
Nel corso di questi dieci anni, Amatrice ha assunto un significato che va al di là della sua storia locale, pur ricchissima. Il nome di questa cittadina laziale — famosa in tutto il mondo per aver dato i natali all’amatriciana, uno dei piatti simbolo della cucina italiana — è diventato sinonimo di una fragilità che l’Italia non riesce ancora del tutto ad affrontare con la sistematicità che il problema richiederebbe.
Ma Amatrice è anche un simbolo di resistenza. Le comunità colpite dal sisma del 2016 non si sono dissolte. Molti abitanti hanno scelto di restare, di lottare per il ritorno alla normalità, di custodire la memoria di un luogo che amano. Le associazioni locali, i comitati dei cittadini, le realtà culturali che hanno continuato a operare anche negli anni più difficili: tutto questo racconta una storia di tenacia che merita rispetto e sostegno concreto.
👉 Leggi anche: Mattarella al Meeting di Rimini: ""Guerre scellerate e crescono diseguaglianze""
La presenza di Mattarella e Meloni alla commemorazione del 24 agosto 2026 è un segnale istituzionale importante. Ma i segnali, da soli, non bastano. Quello che i sopravvissuti e i residenti di Amatrice chiedono — e che il presidente della Repubblica ha tradotto in un appello esplicito — è che alle parole seguano azioni concrete, rapide e misurabili.
Cosa aspettarsi nei prossimi mesi
L’anniversario del decennale rappresenta un momento di verifica, ma anche un’occasione per imprimere una nuova accelerazione al processo di ricostruzione. Con il sessanta per cento del lavoro ancora da completare, le sfide sono enormi. Occorre semplificare le procedure burocratiche senza sacrificare la qualità e la sicurezza degli interventi. Occorre garantire continuità nei finanziamenti. Occorre lavorare sulla dimensione comunitaria, incentivando il ritorno di chi ha lasciato il territorio e creando le condizioni economiche perché vivere ad Amatrice torni a essere una scelta sostenibile.
Le istituzioni, a partire dal governo centrale, hanno la responsabilità di tradurre gli appelli in misure concrete. Il presidente Mattarella ha indicato la direzione con chiarezza: la ricostruzione è un impegno complesso, ma deve essere ultimato, e deve esserlo velocemente. Non è accettabile che a vent’anni dal sisma — se i ritardi dovessero continuare — si debba ancora parlare di ricostruzione incompiuta.
Per approfondire il tema della ricostruzione post-sisma in Italia, è possibile consultare le risorse dell’ANSA sulla dichiarazione di Mattarella e il resoconto in diretta di RaiNews sulla commemorazione del decennale.
FAQ: le domande più frequenti sul terremoto di Amatrice e la ricostruzione
Quando è avvenuto il terremoto di Amatrice?
Il terremoto che ha distrutto Amatrice è avvenuto nella notte tra il 23 e il 24 agosto 2016, con una magnitudo di 6.0. Ha colpito un’area vasta dell’Appennino centrale, tra Lazio, Marche e Umbria.
A che punto è la ricostruzione di Amatrice nel 2026?
A dieci anni dal sisma, la ricostruzione è ancora ferma al quaranta per cento. Il presidente Mattarella, in occasione della commemorazione del 24 agosto 2026, ha chiesto che venga ultimata velocemente.
Chi ha partecipato alla commemorazione del decennale?
Alla commemorazione del 24 agosto 2026 hanno partecipato il presidente della Repubblica Sergio Mattarella e la presidente del Consiglio Giorgia Meloni, insieme alle istituzioni locali e nazionali.
Perché la ricostruzione post-terremoto in Italia è così lenta?
I motivi sono molteplici: complessità burocratiche, questioni di proprietà degli immobili, vincoli paesaggistici e architettonici, calo demografico delle comunità colpite e difficoltà nel coordinamento tra i diversi livelli istituzionali. Il presidente Mattarella ha definito la ricostruzione «un impegno complesso».
Conclusione: il dovere della memoria e dell’azione
Il decennale del terremoto di Amatrice è un momento di memoria, ma anche e soprattutto un momento di responsabilità. Ricordare le 299 vittime del 2016 è un atto dovuto e necessario. Ma il modo più autentico di onorare quella memoria è garantire che chi è sopravvissuto possa finalmente vedere la propria città ricostruita, le proprie case restituite, la propria comunità tornata in vita. Il processo di terremoto Amatrice ricostruzione non è ancora concluso, e ogni giorno di ritardo è un giorno in cui lo Stato manca a un impegno preso con i propri cittadini. L’appello del presidente Mattarella è chiaro: non ci sono più scuse per aspettare.
Questo articolo è stato realizzato con il supporto dell'AI e sottoposto a revisione editoriale."
20260825193052,Italynews,https://italynews.it/attualita/2026/08/25/la-liberta-di-restare-dallelba-una-domanda-per-leuropa-128230.html,,,,,,srclc:ita,"MARCIANA (ISOLA D’ELBA) – C’è una differenza sostanziale tra restare su un’isola ed essere messi nelle condizioni di scegliere di restarvi.
È forse da questa distinzione che vale la pena osservare l’EU Local Dialogue “La libertà di restare: fare delle isole europee luoghi in cui vivere, lavorare e costruire il proprio futuro”, in programma lunedì 31 agosto, dalle 18.30 alle 19.30, alla Fortezza Pisana di Marciana.
L’iniziativa, promossa da Luca Menesini, Presidente del Gruppo PSE al Comitato europeo delle Regioni e Presidente del Consiglio comunale di Capannori, è organizzata in collaborazione con il Comitato europeo delle Regioni, la Provincia di Livorno, il Comune di Marciana e SGI Europe.
Attorno allo stesso tavolo si incontreranno rappresentanti istituzionali dell’Elba e della Corsica per confrontarsi su alcuni dei problemi che più direttamente incidono sulla quotidianità delle comunità insulari: connettività, casa, sanità, istruzione, lavoro, cambiamento demografico e resilienza climatica.
Dalla Strategia alla vita quotidiana
Il confronto arriva poche settimane dopo l’adozione, il 10 giugno 2026, della nuova Strategia dell’Unione europea per le isole, articolata attorno a quattro grandi ambiti: sviluppo economico e connettività; transizione energetica e resilienza climatica; comunità e qualità della vita; sicurezza e preparazione alle crisi.
Accanto alla Strategia, l’incontro di Marciana porterà al centro della discussione il tema della libertà di restare.
Ed è proprio su queste parole che vale la pena soffermarsi.
La libertà di restare non dovrebbe significare convincere gli isolani a non partire.
Dovrebbe significare creare le condizioni affinché restare, partire o tornare siano realmente delle scelte.
Un giovane deve essere libero di lasciare un’isola per studiare, lavorare, conoscere il mondo o semplicemente costruire altrove la propria vita. Ma quella partenza assume un significato completamente diverso quando non nasce da una scelta, bensì dall’impossibilità di trovare sull’isola servizi, casa, assistenza sanitaria, formazione, lavoro o collegamenti adeguati.
La questione, quindi, non è soltanto demografica.
È una questione di libertà individuale ed equità territoriale.
Elba e Corsica: due isole, due Stati, molte domande comuni
C’è poi un secondo elemento che rende particolarmente interessante l’appuntamento di Marciana: la presenza nello stesso confronto di Elba e Corsica.
Due isole appartenenti a due Stati diversi, con dimensioni, istituzioni e caratteristiche differenti.
Eppure molte delle domande sono le stesse.
Come garantire collegamenti affidabili? Come assicurare servizi sanitari adeguati? Come consentire ai giovani di formarsi senza trasformare necessariamente lo studio in un viaggio di sola andata? Come affrontare il costo e la disponibilità delle abitazioni? Come costruire economie capaci di andare oltre la stagionalità? Come preparare territori naturalmente più vulnerabili alle emergenze?
L’insularità, in fondo, attraversa i confini nazionali.
Ed è proprio per questo che una Strategia europea può avere senso: non per cancellare le differenze tra le isole, ma per riconoscere problemi strutturali che territori molto diversi possono condividere.
La prova sarà nei territori
Ad aprire l’incontro sarà il sindaco di Marciana Simone Barbi.
Interverranno Marie-Antoinette Maupertuis, Presidente del Consiglio Regionale della Corsica e Presidente del gruppo European Alliance al Comitato delle Regioni; Luca Menesini; Valeria Ronzitti, Segretaria Generale di SGI Europe e promotrice della Coalition for the Freedom to Stay; Nicola Perini, Presidente di Publiacqua e Presidente di Confservizi Cispel Toscana; e Maria Ida Bessi, Sindaca di Capraia Isola.
Le conclusioni saranno affidate a Sandra Scarpellini, Presidente della Provincia di Livorno. Modererà l’incontro la giornalista de La Nazione Valerie Pizzera.
L’evento sarà aperto alla cittadinanza.
Ma al di là del programma e dei partecipanti, Marciana può rappresentare soprattutto un piccolo banco di prova del rapporto tra Europa e territori.
Perché una Strategia europea per le isole acquista significato quando i suoi principi possono essere tradotti nella quotidianità: nel traghetto che parte, nel medico che è disponibile, nella scuola che rimane aperta, nella casa che si può permettere, nella connessione che funziona, nel lavoro che permette di progettare il futuro.
È lì che la “libertà di restare” smette di essere un’espressione istituzionale e diventa qualcosa di molto concreto.
La libertà di scegliere.
Redazione ItalyNews.it"
20260825171053,Ntr 24,https://www.ntr24.tv/2026/08/25/m5s-alto-tammaro-dallassemblea-di-morcone-nuovo-impulso-allattivita-sul-territorio/,,,,,,srclc:ita,"SANNIO
M5s Alto Tammaro: dall’Assemblea di Morcone nuovo impulso all’attività sul territorio
Ascolta la lettura dell'articolo
Si è svolta presso la sede di Morcone l’Assemblea del Gruppo Territoriale Movimento 5 Stelle Alto Tammaro, convocata per fare il punto sull’attività politica e organizzativa del Gruppo e definire le priorità e il programma di lavoro per i prossimi mesi.
L’incontro ha rappresentato soprattutto un importante momento di confronto sulla necessità di rafforzare la presenza del Movimento 5 Stelle nei comuni dell’Alto Tammaro, tornando a privilegiare, accanto agli strumenti di comunicazione digitale, il rapporto diretto con i cittadini e con le comunità locali.
L’Assemblea ha condiviso la volontà di programmare incontri pubblici, assemblee territoriali, convegni, iniziative tematiche e momenti di ascolto, con l’obiettivo di rendere il Gruppo Territoriale sempre più presente e operativo sulle questioni concrete che riguardano il presente e il futuro dell’area.
Numerosi i temi affrontati nel corso della riunione. Particolare attenzione è stata dedicata alle politiche per le Aree Interne, tema centrale per un territorio che continua a confrontarsi con lo spopolamento, la progressiva riduzione dei servizi e le difficoltà infrastrutturali. Il Gruppo intende contribuire alla costruzione di proposte capaci di offrire prospettive concrete alle comunità dell’Alto Tammaro e di contrastare il progressivo impoverimento demografico, sociale ed economico del territorio.
Tra le questioni territoriali esaminate figurano inoltre il Parco Nazionale del Matese, lo stato dei lavori e le problematiche relative alla SS87, la tutela dell’acqua pubblica e delle risorse idriche, il progetto della centrale idroelettrica Repower di Campolattaro e le sue ricadute sui territori interessati, nonché gli sviluppi della vicenda New Vision di Sassinoro, dopo i provvedimenti che hanno determinato la chiusura dell’attività nel gennaio 2026.
L’Assemblea è stata inoltre aggiornata sull’incontro avuto con l’Assessore all’Ambiente della Regione Campania, Claudia Pecoraro, sui temi affrontati e sulle iniziative che potranno essere sviluppate nei prossimi mesi.
Al di là delle questioni organizzative, dall’Assemblea è emersa soprattutto una volontà comune: riportare al centro dell’attività politica i problemi reali delle comunità dell’Alto Tammaro.
Il Gruppo Territoriale intende quindi intensificare nei prossimi mesi la propria presenza nei diversi comuni, promuovendo occasioni pubbliche di confronto e raccogliendo istanze, proposte e criticità direttamente dai cittadini.
Ascolto, partecipazione, presenza e concretezza saranno le linee guida di questa nuova fase di attività, con l’obiettivo di costruire proposte per la tutela e lo sviluppo dell’Alto Tammaro e contribuire a restituire attenzione, servizi e prospettive alle nostre Aree Interne."
