date_str,source,url,themes,locations,persons,organizations,tone,translation_info,full_text
20260923201923,Il Dolomiti,https://www.ildolomiti.it/cronaca/2026/apsp-e-rsa-la-cisl-e-dal-2017-che-lanciamo-lallarme-sullonda-demografica-non-bastano-nuovi-spazi-serve-investire-sul-personale-e-sullorganizzazione,,,,,,srclc:ita,"Apsp e Rsa, la Cisl: ""E' dal 2017 che lanciamo l'allarme sull'onda demografica. Non bastano nuovi spazi, serve investire sul personale e sull'organizzazione""
Il segretario generale e la segretaria Apsp e Terzo settore della Cisl Fp, Giuseppe Pallanch e Cindy Gallizzi: ""La sostenibilità del sistema non si costruisce riducendo surrettiziamente gli standard assistenziali. E resta una domanda semplice, alla quale prima di annunciare nuove Apsp e Rsa sarebbe opportuno rispondere: nuove strutture sì, ma con quale personale?""
TRENTO. ""I dati Ispat fotografano con chiarezza una tendenza che denunciamo da anni: il rapporto tra posti nelle Apsp e Rsa e popolazione over 65 in Trentino è sceso da 5 nei primi anni Duemila a 3,9 nel 2023, risalendo appena a 4,2 nel 2024. Vent'anni di erosione della copertura a fronte di una popolazione anziana in crescita costante"". Così Giuseppe Pallanch, segretario generale della Cisl Fp, e Cindy Gallizzi, segretaria Apsp e Terzo settore della Cisl Fp. ""E' dal 2017 che lanciamo questo allarme. Il cambiamento demografico non è più un'ipotesi, anzi è già qui, è arrivato puntuale, come previsto. Chi in questi anni ha minimizzato oggi si trova impreparato davanti a un fenomeno annunciato da tempo"".
Non solo mancano medici e infermieri, la sfida che devono affrontare le strutture nei prossimi anni è il pensionamento di un importante numero di Oss, figura centrale per l'assistenza. C'è poi il tema che ormai riguarda tutte le strutture ed è quello dell'accoglienza di persone con problemi cognitivi con un'età inferiore rispetto alla media degli ospiti: ""Le nostre strutture non sono attrezzate ad affrontare queste situazione"", le parole di Michela Chiogna, presidente di Upipa. ""Non sono fatte per accogliere persone che possono arrivare a vivere anche 20 anni in Rsa"" (Qui articolo).
Una questione di spazi fisici e di personale. "" Avevamo già segnalato che non si poteva continuare a stringere sui parametri di organico e oggi la richiesta di aumentare ulteriormente la ricettività, senza prima intervenire su quei parametri, rischia di essere l'ennesima toppa scaricata su un personale già stremato"", commentano Pallanch e Gallizzi. ""Invitiamo l'assessore Mario Tonina e la presidente di Upipa, Michela Chiogna, a concentrarsi non solo sulla risposta del sistema ai pazienti, ma anche a lavorare all'interno delle Apsp e Rsa per rendere il lavoro più agevole per chi opera ogni giorno"".
Il personale, evidenzia la Cisl, è già al limite: ""I carichi di lavoro sono cresciuti senza un corrispondente adeguamento dei parametri assistenziali e i posti esistenti nelle Apsp e Rsa sono coperti solo grazie all'impegno del personale, che sta sopperendo con lo sforzo individuale a una carenza strutturale di organico. Prima di aprire nuovi posti bisogna riconoscere questo sforzo e garantirgli le condizioni per essere sostenibile, non darlo per scontato. L'onda demografica in corso non porta con sé nuovo personale, così a farne le spese sono soprattutto gli Oss e il personale sanitario: la loro attrattività va rilanciata con decisione, alleggerendo il carico di lavoro complessivo, non continuando a scaricare su chi è già in prima linea l'aumento della domanda"".
Sull'age management ""siamo già intervenuti come organizzazione sindacale, ottenendo misure importanti per aiutare il personale. Abbiamo però registrato comportamenti resistenti da parte di alcune direzioni, anche rispetto agli accordi già sottoscritti: non basta firmare un'intesa se poi, struttura per struttura, se ne disattende l'applicazione"", proseguono Pallanch e Gallizzi. ""Per questo chiediamo che questi impegni trovino traduzione concreta a livello contrattuale, con clausole vincolanti finalizzate a ridurre il carico di lavoro e il turnover del personale, e una regia unica sulle 41 Apsp e Rsa del territorio, con le logiche conseguenti in termini di parametri, organizzazione del lavoro e applicazione uniforme degli accordi: non si può lasciare che ogni struttura interpreti a proprio modo impegni già assunti collettivamente"".
Il benessere organizzativo va messo al centro, non come iniziativa episodica ma come leva strutturale: ""E' da lì che passa la tenuta del sistema, non solo dai posti letto disponibili. Per questo non è accettabile abbassare il livello di assistenza con alchimie organizzative che, a nostro avviso, risultano irritanti per chi lavora ogni giorno sul campo: la sostenibilità del sistema non si costruisce riducendo surrettiziamente gli standard assistenziali. Anche la valorizzazione delle figure di assistenza evocata da Upipa non può restare un annuncio: servono inquadramento, stabilizzazione contrattuale e organizzazione del lavoro ripensata dall'interno. La programmazione andava fatta ieri, sui parametri e sull'organizzazione interna, non oggi rincorrendo l'emergenza con annunci sui numeri di posti. E resta una domanda semplice, alla quale prima di annunciare nuove Apsp e Rsa sarebbe opportuno rispondere: nuove strutture sì, ma con quale personale? Forse si dovrebbe pensare prima di dichiarare"", concludono Pallanch e Gallizzi."
20260923201325,Il Sole 24 Ore,https://www.ilsole24ore.com/art/cosi-manodopera-indiana-conquista-leadership-globale-AJcnd0FB,,,,,,srclc:ita,"Così la manodopera indiana conquista la leadership globale
Il Paese colmerà il vuoto lasciato dalla decrescita demografica in molte aree
dal nostro corrispondente Marco Masciaga
ai preferiti su Google
3' di lettura
I punti chiave
3' di lettura
C’è chi esporta petrolio. C’è chi esporta tecnologia. E c’è chi esporta manodopera qualificata. L’India – un Paese non così ricco di materie prime e ancora in ritardo rispetto ai campioni asiatici ed europei della manifattura – si sta specializzando nel fornire capitale umano a Paesi avviati su una traiettoria demografica opposta alla propria. Secondo le previsioni dell’International Labour Organization (Ilo) e del Boston Consulting Group (Bcg), il fenomeno del pensionamento dei baby boomer e della loro solo parziale sostituzione da parte delle coorti successive sta creando le condizioni perché nei Paesi ad alto reddito si vada creando un vuoto che potrà essere colmato solo in parte mediante i processi di automazione e l’adozione dei sistemi di intelligenza artificiale.
Chiedilo al Sole
Colmare il gap
Il gap tra domanda e offerta potrebbe arrivare a 50 milioni di posizioni entro il 2030 per poi triplicare nel decennio successivo, interessando non solo i cosiddetti “lavori che nessuno vuole più fare”, ma per quasi un terzo anche quelli svolti dai cosiddetti colletti bianchi. Tradotto per l’India: nei Paesi ricchi, specie in quelli che non si sono arresi alla decrescita portata dall’inverno demografico, non c’è solo bisogno di infermiere dal Kerala, ma anche di ingegneri dal Telangana. Non a caso l’India si è confermata il principale esportatore netto di talenti al mondo, con circa 357mila professionisti qualificati in uscita contro 132mila in entrata. Un fenomeno che neppure la contrazione del saldo migratorio verso gli Stati Uniti di Trump, con il ritorno in India di numerosi professionisti in ambito scientifico e tecnologico, è riuscita a frenare.
Non pago, il governo di New Delhi sta cercando da tempo di stringere accordi a livello internazionale per far “sposare” gli squilibri demografici dei Paesi sviluppati con i propri, anche a costo di incentivare quel brain drain che ha portato ai vertici alcune delle principali banche e società tecnologiche globali talenti in fuga dall’India. Nel tentativo di allargare la base degli impiegabili all’estero anche a figure meno apicali, lo scorso luglio il ministero degli Esteri indiano ha organizzato il primo Human Resource Mobility Forum e ha siglato dei Migration and Mobility Partnership Agreement con 26 Paesi. Non a caso, nel recente accordo di libero scambio raggiunto tra l’India e l’Unione Europea ha trovato posto anche una cornice normativa per regolare, oltre a quello delle merci, anche il movimento delle persone.
L’emigrazione indiana
Un fenomeno che, nonostante la popolosa diaspora presente in Nord America, nei Paesi del Golfo e nel Regno Unito, in India ancora non ha preso piede quanto altrove: qui gli emigrati rappresentano solo l’1,3% della popolazione, contro il 5,1% delle Filippine e il 4,3% del Bangladesh. Secondo le stime della Global Access to Talent from India Foundation, un think tank, entro il 2030 l’India potrebbe più che raddoppiare il suo export di capitale umano da 700mila a 1,5 milioni di persone. Un’operazione che, se riuscita, avrebbe ricadute anche a livello domestico: gli indiani che vivono all’estero inviano a casa rimesse di denaro per 125 miliardi di dollari, circa il 3% del Pil e si stima che nei Paesi a basso reddito un aumento del 10% della popolazione emigrata si traduca in un calo del 2,1% di coloro che vivono con meno di un dollaro al giorno.
Il tema del mismatch tra talenti e opportunità non è centrale solo per i Paesi industrializzati, ma anche per New Delhi, la cui crescita economica per quanto sostenuta non è sufficiente a creare lavori di qualità per una delle popolazioni più giovani del pianeta. Benché ad agosto il tasso di disoccupazione indiano sia sceso al 5%, il livello minimo da sei mesi, il dato nasconde una realtà meno incoraggiante di quanto sembri. In parte perché per essere considerati impiegati basta aver lavorato un’ora nella settimana precedente al sondaggio, in parte perché quel 5% è la sintesi di un aumento degli impiegati nelle zone rurali e un calo nei centri urbani, segno di un deterioramento della qualità del lavoro."
20260923183348,Corriere Dell'irpinia,https://corriereirpinia.it/rome-future-week-irpinia-protagonista-a-milano-ripensare-il-rapporto-tra-centro-e-margine/,,,,,,srclc:ita,"L’associazione Italiana Coltivatori e l’associazione Not Ordinary Innovations ETS con la partnership di ASviS Alleanza italiana per lo sviluppo sostenibile, l’associazione EnterprisinGirls e A scuola per Abitare, insieme a Roma, il 25 settembre, per una conversazione a più voci nell’ambito della manifestazione nazionale Rome Future Week.
Presso la sede dell’AIC in Via Nazionale 230 un confronto tra persone che sperimentano modelli sociali innovativi nelle aree interne secondo un approccio basato sull’analisi di cosa è CENTRO e cosa è MARGINE.
Best practice, esperienze e testimonianze sui temi dello spopolamento, del crollo demografico, dell’emigrazione giovanile e la carenza di servizi, tutti fenomeni che vanno assumendo, con il passare del tempo, contorni sempre più allarmanti. L’abbandono dei paesi lontani – e privi di collegamenti – dalle aree urbane comporta squilibri sociali, economici e ambientali che si riflettono sulla qualità della vita delle persone e la tenuta degli ecosistemi locali con ricadute nazionali. Alcuni soggetti, da anni, lavorano allo sviluppo di pratiche conducendo attività e sperimentando modelli che rispondano alle esigenze di chi, vivendo nelle aree interne, incontra difficoltà e limiti. INTERNA-mente vuol essere uno spazio di confronto aperto a reti nazionali, protagonisti del mondo agricolo, esperti di progettazione e pianificazione, amministratori e amministratrici locali, soggetti del terzo settore e ricercatori. Ripensare il rapporto tra centro e margine significa disegnare strategie condivise in cui nessuno venga escluso e ogni territorio valorizzato.
“Le aree interne rappresentano un interesse primario per il settore primario. Gli scenari demografici che abbiamo davanti sono motivo di forte preoccupazione: entro dieci anni il declino riguarderà, secondo le stime, il 78,9% dei Comuni delle aree interne, una quota destinata a salire all’82,1% entro vent’anni. Dietro questi numeri ci sono comunità che rischiano di scomparire e, con esse, imprese agricole e attività ecosistemiche che oggi contribuiscono a mantenere vivi questi territori e non solo”, dichiara Giuseppino Santoianni, presidente nazionale dell’Associazione Italiana Coltivatori.
L’incontro, diviso in due parti sarà moderato da Francesca Vitelli direttrice di Not Ordinary Innovation e presidente di EnterprisinGirls: A vivere nelle aree interne – secondo l’ISTAT – siamo circa 13 milioni e 300 mila persone, quasi un quarto (il 22,6%) dell’intera popolazione italiana. Le aree metropolitane sono interessate da spinte centrifughe relative al pendolarismo e all’inurbamento di persone, non solo giovani, in cerca di lavoro cui si aggiungono i crescenti flussi turistici. Agli inizi degli anni Duemila le regioni adottarono strumenti di pianificazione strategica per decongestionare le città individuando direttrici che si spingevano nell’entroterra. Nel 2013 fu la volta della SNAI- la strategia nazionale per le aree interne- e oggi? Oggi – continua Vitelli – dobbiamo ripensare un modello socio economico nel quale non esistano cittadini di serie A e di serie B e chi vive nelle aree interne possa essere partecipe di attività di rigenerazione sociale e culturale. L’incontro del 25 settembre sarà un momento di ascolto e confronto tra chi quotidianamente opera, sperimenta, cambia strada e riprova senza mai arrendersi”.
Nella prima parte della mattinata si alterneranno nelle relazioni Giuseppino Santonianni, presidente nazionale Associazione Italiana Coltivatori, Luigi Di Marco della segreteria generale ASviS, Gianluca Palma attivista, saggista e “sarto di comunità” salentino, ideatore del progetto civico-culturale La Scatola di Latta che promuove Daìmon – A scuola per abitare, Giuseppe Pace primo ricercatore presso l’Istituto di Ricerca su Innovazione, Diritto Internazionale e Sostenibilità del CNR, Virgilio Caivano Presidente del Coordinamento Nazionale Piccoli Comuni Italiani, Pina Foti presidente di Italian in Italy Associazione Nazionale di Scuole di Lingua e Cultura Italiana, componente del tavolo tecnico del Ministero degli Esteri sul Turismo delle Radici e Leoluca Pollara – Coordinatore Nazionale AIC Giovani e Pasquale Luca Nacca componente intergruppo parlamentare Sviluppo Sud, Aree Fragili e Isole minori, presidente dell’Associazione Insieme per Avellino e l’Irpinia e consigliere comunale della città di Avellino. Spiega Nacca: “Con l’associazione Insieme per Avellino e l’Irpinia organizziamo molteplici attività nelle aree interne dove ci impegniamo in attività che possano favorire la crescita e lo sviluppo delle comunità e dei territori concentrandoci, soprattutto, sui servizi essenziali. Il cambiamento climatico in atto è un aspetto che si aggiunge alla possibilità di valorizzare piccoli centri che, per caratteristiche geomorfologiche, godono di aria pulita e di un contesto naturale che offre ossigenazione, ombreggiamento e possibilità di evitare isole di calore”.
Lo spazio della seconda parte della mattinata sarà dedicato alle testimonianze di best practice con le Voci di dentro… Luigi Bruno presidente dell’associazione proCASTELLO APS, Viola D’Ettore architetta specializzata in restauro dei beni architettonici e libera professionista nel settore della conservazione e valorizzazione del Patrimonio culturale, Manuela Dragone, libera professionista nell’ambito della comunicazione e docente di storia e filosofia, storia dell’arte e psicologia e tecniche della comunicazione, Arduino Fratarcangeli ideatore e promotore di RESMED – Rete di Economia Solidale del Mediterraneo impegnato nella realizzazione di una ISOCOMUNITÀ, Davide Liberato lo Conte Dottore di ricerca in Management, Banking & Commodity Sciences e docente di Data Analysis Laboratory for Business Decision presso Sapienza Università di Roma e socio dell’associazione Give Back – Giovani Aree Interne, Amelia Stoduto giornalista e copywriter della narrazione territoriale, Amalia Temperini operatrice culturale specializzata in comunicazione, blogger, consigliera comunale con delega alla Cultura del Comune di Cellino Attanasio in provincia di Teramo e membro attivo di ITACA – Il Territorio Al Centro dell’Attenzione Associazione di Sviluppo Locale ETS e Felice Scaglione presidente dell’associazione Onde Giovani"
20260923180050,Varesenoi,https://www.varesenoi.it/2026/09/23/leggi-notizia/argomenti/territorio/articolo/busto-co-capoluogo-di-provincia-nessuna-obiezione-1.html,,,,,,srclc:ita,"La mozione per guadagnare alla città di Busto lo status di co-capoluogo provinciale ha ottenuto, in Commissione Affari generali, il sì convinto dagli esponenti della maggioranza e di Giuseppina Lanza (Popolo, riforme e libertà), l’astensione di Maurizio Maggioni (Pd), Cinzia Berutti (Pd) e Max Rogora (Gruppo misto, recente il suo passaggio a Futuro nazionale). Ma di vere obiezioni all’idea che la città ottenga il riconoscimento non ne sono emerse.
Un po’ perché tutti riconoscono che Busto, con il suo territorio, pesa più di Varese in termini di popolazione, imprese, infrastrutture. «Il baricentro della provincia si è spostato» ha sintetizzato Marco Lanza (Fi). «Ormai in modo netto» ha rimarcato più volte il presidente di Commissione, Simone Orsi (Lega), che ha presentato la mozione con i colleghi Alex Gorletta (Lista Antonelli), Paolo Geminiani (Fdi) e, appunto, Lanza.
Ma non si tratta solo di far valere un primato demografico ed economico, con ciò che ci sta intorno. Si tratta di ottenere quello che Orsi chiama riequilibrio. Perché, questa la lettura, una città come Busto deve affrontare problemi e garantire servizi in proporzione al numero di abitanti e imprese. Ma è esclusa da alcuni bandi e finanziamenti appannaggio esclusivo dei capoluoghi. In molti casi, quando è ammessa, può ottenere risorse inferiori rispetto a città come Varese. Che beneficia anche di altre dinamiche: «Pensiamo ai nuovi agenti di Polizia arrivati recentemente in provincia. A Varese ne sono stati assegnati 13, a Busto due. Abbiamo migliaia di cittadini in più». Perché Busto dovrebbe diventare co-capoluogo e non capoluogo e basta? Ancora Orsi: «La procedura è più semplice dal punto di vista burocratico e non occorre ridisegnare confini».
Il sindaco ha calato a sua volta il discorso nel concreto: «Da questa azione possiamo avere solo benefici. Pensate al Comune: avrebbe più assessori e più dirigenti. A me, che faccio anche il tappabuchi, servirebbero. La città sarebbe seguita meglio. Mica chiediamo di avere la sede della Provincia qui, anche perché abbiamo già quasi tutto quello che ci serve. Non vogliamo portare via niente a Varese ma avvicinarci al suo livello. Iniziativa tardiva, intrapresa a fine mandato? Chi viene dopo può proseguire, siamo anche in contatto con città che hanno intrapreso lo stesso percorso, come Sanremo».
L’osservazione sulla tempistica è arrivata dal Partito Democratico. Che, per bocca di Cinzia Berutti, ha anche chiesto informazioni più dettagliate sul numero e sulla portata dei bandi e dei finanziamenti cui Busto è attualmente costretta a rinunciare («C’erano meccanismi simili anche nel Pnrr» ha sottolineato il primo cittadino»). Maurizio Maggioni, oltre a mettere in guardia da iniziative che si basano solo sul numero degli abitanti, ha invitato a non escludere altre prospettive. Per esempio, a livello regionale, l’idea di un Piano d’area che colga la particolarità in cui Busto si trova, una conurbazione che comprende, fra l’altro, Legnano e Gallarate: «Una zona complessa con oltre 200mila abitanti»
Nessuno ha, comunque, mosso critiche sostanziali, men che meno sono state espresse bocciature. Conclusione di Orsi: «Fatto questo passaggio obbligato, ci torniamo su, con maggior precisione, in Consiglio comunale»."
20260923171500,Avvenire,https://www.avvenire.it/attualita/sei-un-adolescente-maschio-nel-bar-non-entri-la-corea-scopre-le-no-somebody-zones_113379,,,,,,srclc:ita,"Sei un adolescente maschio? Nel bar non entri: la Corea scopre le “no-somebody zones”
Ragazzi delle scuole medie, anziani, donne di mezza età: nel Paese asiatico sono sempre più diffusi i locali che vietano l’accesso a intere categorie di persone
«Qui gli studenti maschi delle scuole medie e superiori non possono entrare». Sulla porta di un bar della Corea del Sud (la località precisa non è stata rivelata) è comparso questo cartello che, fotografato e messo online, nelle scorse settimane ha acceso la polemica sui giornali locali. Perché l’età e il sesso dovrebbero essere motivi per essere rifiutati da un locale?
Il proprietario ha fornito la sua spiegazione: alcuni gruppi di ragazzi – maschi e adolescenti – avevano infastidito gli altri avventori con parolacce e schiamazzi e così al titolare, evidentemente seccato egli stesso dall'accaduto, è venuta l’idea di imporre una soluzione draconiana, ovvero: non mettere alla porta un cliente che diventa motivo di disturbo ma chi potrebbe farlo con una ipotizzata e maggiore probabilità. Se da un lato alcuni hanno difeso il diritto dell’esercente a tutelar la propria clientela, numerosi altri gridano alla discriminazione.
Anche perché il cartello non è una bizzaria estemporanea. In Corea del Sud il proliferare di locali che dichiarano indesiderate intere categorie è un fenomeno riconosciuto, persino con un termine ad hoc - ""no-somebody zones"" - e il repertorio ormai consistente. Nel 2023, per esempio, fece discutere un caffè – di cui, anche in questo caso, non furono resi noti né il nome né la località – che impediva l’ingresso agli over 60 e che sembrava aver fatto il paio a un ristorante di Sillim-dong, a sud di Seul, che rifiutava gli over 49 e a un campeggio sull’isola di Jeju che dichiarava di non accettare persone sopra i quarant’anni.
Ageismo? Affatto: esistono infatti locali che bannano i più giovani o categorie specifiche di ragazzi, tra cui i rapper e gli influencer, colpevoli - a detta degli esercenti coinvolti - di organizzare riprese e dirette in ogni angolo e di rendersi così decisamente più chiassosi della media. La tassonomia dell’avventore indesiderato è arrivata a contemplare persino determinati mestieri. Nel 2021 un bar vicino alla Pusan National University di Busan appese un avviso chiedendo ai professori dell’ateneo di non entrare. Il gestore raccontò che i tre clienti più maleducati mai incontrati erano stati proprio insegnanti, alcuni dei quali avevano ostentato il proprio stato. In questo caso, però, il ""no professor zone"" ebbe vita breve e, dopo le proteste dell’università, il cartello fu ritirato. Tra le categorie più colpite dalle zone vietate ci sono le ajumma, un termine che comunemente è usato in Corea per indicare una donna di mezza età e che spesso però assume una connotazione dispregiativa. In una palestra di Incheon nel 2024 un cartello ne vietava l’ingresso, precisando che erano invece ammesse ""donne colte ed eleganti"". Il motivo? Gli esercenti accusavano le ajumma di rubare asciugamani, sapone e di occupare gli attrezzi senza usarli. 
Sul fenomeno si è espressa la Commissione nazionale per i diritti umani della Corea che ha definito discriminatoria l’esclusione da spazi e servizi sulla base dell’’appartenenza a una certo gruppo demografico. Un esercente può pretendere che nel proprio locale non si urli, non si sporchi e non si molestino gli altri clienti. Ma non può presumere che qualcuno lo farà perché ha quindici o sessant’anni, perché è maschio, donna o insegna all’università. Anche perché la lista dei no si allunga così  velocemente che rimane solo da chiedersi: chi sarà il prossimo?
© RIPRODUZIONE RISERVATA
Seguici anche su Google Discover di Avvenire
Temi"
20260923164128,Euronews It,https://it.euronews.com/2026/09/23/crisi-del-carburante-in-francia-prezzi-alle-stelle-e-rabbia-che-pesa-sulla-campagna-presid,,,,,,srclc:ita,"Nelle ultime settimane i pescatori hanno bloccato depositi di carburante e ingressi ai porti nel sud della Francia, mentre gli agricoltori protestano per l’aumento dei prezzi. Il carburante rischia di diventare un tema esplosivo, a sette mesi dal voto.
A sette mesi dalle elezioni presidenziali in Francia, il carburante è diventato un importante terreno di scontro politico. Il continuo aumento dei prezzi dell'energia alimenta il malcontento dell'opinione pubblica, in un contesto di shock globale dell'approvvigionamento di carburante, provocato dal conflitto in Medio Oriente e dalla chiusura dello stretto di Hormuz.
Nelle ultime settimane i pescatori hanno bloccato depositi di carburante e ingressi dei porti nel sud della Francia, mentre gli agricoltori hanno organizzato manifestazioni contro il caro carburante in tutto il Paese.
Si vedono anche i primi segnali di indebolimento della domanda di carburante, dopo diversi mesi di prezzi ai massimi storici. Domenica il prezzo del diesel in Francia ha toccato un nuovo record di 2,41 € al litro.
Il prezzo della benzina ha superato a sua volta il picco registrato nel 2022, con la SP95-E10, il tipo di benzina senza piombo più diffuso in Francia, salita oltre 2,17 € al litro, mentre la SP98 ha superato in media i 2,28 € al litro.
Di fronte a questa situazione, martedì il governo francese ha annunciato l'ampliamento e la proroga delle misure mirate di sostegno sul carburante per le famiglie più colpite dal caro prezzi.
Le nuove misure avranno un costo di 450 milioni di euro, portando a 1,4 miliardi la spesa complessiva per gli aiuti sul carburante finora. Il tutto mentre il deficit di bilancio della Francia è destinato a raggiungere quest'anno il 5,4% del PIL, uno dei peggiori nell'Unione europea, e il debito pubblico si avvicina al 120% del PIL.
Il governo ha inoltre proposto una cosiddetta ""fuel golden rule"" (regola d'oro sui carburanti) per il bilancio 2027: qualsiasi gettito fiscale aggiuntivo generato dall'aumento dei prezzi dei carburanti verrebbe neutralizzato e destinato a misure a sostegno dei consumatori, per evitare che lo Stato tragga profitto dai rincari alla pompa.
Perché il carburante è così caro in Francia e chi ne incassa i profitti?
Le tasse sui carburanti in Francia sono più elevate rispetto a molti altri Paesi europei, come spiega ad Euronews Anna Creti, professoressa di economia all'Università Paris Dauphine.
""Questo rappresenta una fonte di entrate significativa per lo Stato, ma grava pesantemente sul prezzo finale dei carburanti"", ha detto.
Da marzo la Francia ha affrontato il caro energia con sussidi mirati sui carburanti, invece che con tagli generalizzati alle tasse. Il ministro dell'Economia, Roland Lescure, ha confermato lunedì ai giornalisti che questa impostazione resterà ""immutata"", nel quadro della strategia del governo per aiutare le famiglie e i settori più colpiti dall'aumento dei prezzi dei carburanti.
Le due principali imposte sui carburanti sono la TICPE (tassa interna sul consumo di prodotti energetici), che viene in genere applicata come importo fisso per litro, e l'IVA, pari a circa il 20%. L'IVA si applica al prezzo del carburante dopo l'inclusione della TICPE. Di conseguenza, gli automobilisti pagano di fatto l'IVA sia sul costo industriale del carburante, sia sulla stessa TICPE.
Nonostante la convinzione diffusa che i profitti legati ai carburanti sfuggano in larga misura ai controlli, il mercato è soggetto a una forte vigilanza e supervisione da parte dello Stato.
""I distributori, cioè le pompe di carburante, hanno contratti con le società che li riforniscono, dove sono precisati elementi come le campagne promozionali, i margini che possono realizzare e la gestione dei problemi legati ai prodotti o alle interruzioni delle catene di fornitura. Non è quindi un settore così caotico come viene talvolta descritto"", ha spiegato Creti ad Euronews.
I prezzi al dettaglio sono in generale determinati dal mercato, con alcune eccezioni regolamentari. I rivenditori di carburante sono tenuti a comunicare i loro prezzi sulla piattaforma pubblica di confronto gestita dal governo.
""Il vero margine di profitto è nella raffinazione, molto più che nella distribuzione. A valle c'è anche molta concorrenza tra stazioni di servizio indipendenti, società straniere, ma anche Total, che può controllare indirettamente i prezzi decidendo a che livello fissarli"", ha aggiunto Creti.
In Francia TotalEnergies ha introdotto periodicamente tetti ai prezzi per limitare l'importo pagato dai clienti per ogni litro, in particolare nei periodi di forte caro carburante. Grazie alla sua fitta rete di stazioni di servizio nel Paese, queste misure hanno esercitato una pressione competitiva anche sugli altri distributori, spingendoli a non alzare troppo i prezzi.
""Un numero relativamente ridotto di grandi compagnie petrolifere ed energetiche rifornisce migliaia di stazioni di servizio che competono tra loro per attirare i clienti"", ha commentato Creti.
Il fatto che la Francia abbia ""una delle flotte di veicoli diesel più numerose d'Europa"" la rende inoltre particolarmente esposta agli shock sui prezzi, osserva ancora Creti.
""Oltre alle auto private, dove il diesel è utilizzato per gli spostamenti personali, lo usano anche molte piccole e medie imprese, soprattutto per il trasporto commerciale. I motori diesel sono impiegati anche in applicazioni industriali"".
Il mercato francese del diesel dipende infatti molto di più dalle importazioni rispetto a quello della benzina, e risulta quindi più vulnerabile a carenze a livello internazionale, a prezzi all'ingrosso più elevati e ai costi di trasporto.
""Se consideriamo l'inflazione, i prezzi attuali hanno già superato i livelli che avevano innescato le proteste dei 'gilet gialli'. E li abbiamo oltrepassati più volte: in particolare nel 2021, nel periodo post-Covid, e poi di nuovo durante la crisi del 2022-2023"", ha aggiunto Creti.
Le proteste dei ""gilet gialli"" del 2018 sono state uno dei più grandi episodi di tensione sociale nella recente storia francese. Il movimento è nato dalla rabbia contro il caro vita, in particolare contro l'introduzione di una nuova tassa sul carbonio applicata ai carburanti.
I manifestanti hanno occupato e bloccato rotonde in tutto il Paese, ma hanno anche organizzato cortei di massa, spesso accompagnati da scontri con la polizia.
Quasi dieci anni dopo, la Francia è ancora tra i Paesi europei con i costi dei carburanti più alti, mentre la frustrazione della popolazione continua a crescere.
Le politiche dei candidati alla presidenza francese
Secondo Diane Bolet, professoressa associata di scienza politica a Sciences Po Paris, il movimento dei gilet gialli ha segnato una svolta, costringendo i leader politici a elaborare una posizione precisa sul tema del carburante.
""Ha obbligato i politici a dichiarare se riconoscevano l'impatto dell'aumento dei prezzi dei carburanti e in che misura sostenevano chi ne subiva le conseguenze"".
La candidata alla presidenza Marine Le Pen, leader del Rassemblement National di estrema destra, cerca di capitalizzare il malcontento sul caro carburante promettendo di ridurre l'IVA dal 20% al 5,5%, come aveva già proposto nella campagna del 2022. Ma questa misura violerebbe le regole europee in materia di IVA.
Bolet sottolinea che questa proposta si inserisce in una strategia di lungo periodo perseguita da Le Pen, strettamente legata alle caratteristiche demografiche e socioeconomiche degli elettori a cui si rivolge.
""Le Pen si è appropriata di questo tema fin dal 2018. Sa che si tratta di preoccupazioni centrali per il suo elettorato, composto in prevalenza da cittadini delle aree rurali o periurbane, dove le persone dipendono fortemente dall'auto e dai carburanti"".
Nel frattempo il candidato della sinistra radicale Jean-Luc Mélenchon e il suo partito La France Insoumise (LFI) hanno promesso di fissare un tetto ai prezzi dei carburanti, a 1,70 € al litro per la benzina e 1,80 € al litro per il diesel.
Mélenchon ha criticato il piano di Le Pen di ridurre l'IVA sui carburanti sostenendo che un taglio delle tasse non garantisce che il beneficio fiscale venga interamente ""trasferito al consumatore"", ricordando la precedente decisione di ridurre l'IVA sui pasti serviti nei ristoranti, che non aveva comportato un calo significativo dei prezzi per i clienti.
Inoltre, la base elettorale di Mélenchon è diversa da quella di Le Pen, e questo incide sul peso che il tema del carburante ha nella sua campagna, osserva Bolet.
""Mélenchon ha molti elettori nelle periferie, ma anche nelle grandi città, dove le persone usano spesso i mezzi pubblici, perché si è concentrato sulle aree urbane. Per loro il tema è certamente importante, ma non quanto lo è per l'elettorato di Marine Le Pen. Da questo confronto si capisce perché lei spinga così tanto su questa questione"".
Per ora i candidati hanno iniziato a presentare le loro proposte e i punti chiave dei rispettivi programmi, ma i manifesti completi non sono ancora stati pubblicati, il che rende difficile valutare nel dettaglio le loro politiche sui carburanti.
Al momento il centrista Gabriel Attal e il conservatore Édouard Philippe, entrambi ex primi ministri del presidente Emmanuel Macron, sostengono misure volte ad attenuare l'impatto del caro carburante sui consumatori, in linea di massima con gli strumenti già messi in campo dal governo.
Nel frattempo il candidato di sinistra Raphaël Glucksmann ha messo maggiormente l'accento sulla riduzione della dipendenza dai combustibili fossili.
Spinti dai prezzi record alla pompa, i rincari dell'energia rischiano di trasformarsi rapidamente in uno dei terreni di scontro decisivi della campagna presidenziale francese, in un quadro che ricorda da vicino le campagne politiche negli Stati Uniti, dove il caro benzina e la crisi del costo della vita sono parte integrante del dibattito."
20260923163718,Varese News,https://www.varesenews.it/2026/09/alunni-stranieri-una-provincia-a-due-velocita-nelle-citta-una-scuola-su-quattro-con-piu-del-30-ma-pochissime-nel-comuni-piu-piccoli/2687341/,,,,,,srclc:ita,"Alunni stranieri, una provincia a due velocità: nelle città una scuola su quattro con più del 30% ma pochissime nei comuni più piccoli
I dati demografici mostrano una forte distanza se analizziamo le cinque città più grandi, Varese, Busto Arsizio, Gallarate, Saronno e Cassano Magnago, e il resto della provincia
In provincia di Varese, stando agli ultimi dati disponibili, 28 scuole statali ordinarie superano il 30% di alunni con cittadinanza non italiana. Rappresentano il 7,7% delle 364 scuole analizzate, dalla primaria alla secondaria di secondo grado.
È il dato più vicino al tema entrato nel dibattito politico nazionale: la presenza degli studenti stranieri non soltanto nel sistema scolastico nel suo complesso, ma nei singoli istituti. La fotografia si riferisce all’anno scolastico 2024/2025 per le sole scuole statali e non comprende le paritarie, i corsi serali né la scuola della casa circondariale di Busto Arsizio, realtà con caratteristiche molto diverse dalle scuole frequentate ordinariamente dai minori.
Il limite del 30% per classe era già stato indicato come criterio generale da una circolare del 2010, accompagnato però dalla possibilità di deroghe. Il Governo ha annunciato l’intenzione di introdurre una norma più vincolante, affidando agli uffici scolastici territoriali il coordinamento della distribuzione degli studenti tra sezioni e scuole vicine.
Gli ultimi chiarimenti modificano però in modo sostanziale il significato della proposta. Secondo quanto spiegato dal ministro Giuseppe Valditara, il limite non dovrebbe riguardare indistintamente tutti gli studenti con cittadinanza straniera, ma quelli che non conoscono adeguatamente l’italiano. Nulla si sa ancora di come debba essere determinato.
Due fotografie diverse della scuola varesina
Per leggere correttamente il quadro provinciale occorre distinguere due fonti, che misurano fenomeni collegati ma non coincidenti.
Un’analisi può essere fatta attraverso i dati dell’anno scolastico 2024/2025, ultimi disponibili, relativi alle scuole statali dalla primaria alle superiori e ci dice che su 91.676 studenti ci sono 12.629 alunni con cittadinanza non italiana, pari al 13,8%.
A queste informazioni si affiancano i dati demografici più aggiornati sulla popolazione residente. In provincia vivono 139.656 persone tra 0 e 18 anni. I residenti stranieri della stessa età sono 17.158, pari al 12,3%.
Il dato non coincide con quello scolastico. La popolazione residente comprende bambini non ancora entrati nel sistema educativo e ragazzi che possono frequentare scuole fuori dal proprio comune. Gli iscritti, al contrario, vengono conteggiati nella scuola effettivamente frequentata. Il dato demografico è però utile per comprendere la distribuzione territoriale e l’evoluzione delle generazioni che entreranno nelle classi nei prossimi anni.
Il 7,7% delle scuole supera il 30%
Partendo dai dati dell’anno scolastico 2024/25 delle 364 scuole statali ordinarie analizzate, 28 presentano complessivamente più del 30% di alunni con cittadinanza non italiana. In questi istituti studiano 5.753 ragazzi, dei quali 2.237 stranieri. È bene precisarlo di nuovo, non è dato sapere quanti di questi giovani alunni abbiamo problemi con la lingua italiana.
Il fenomeno è rilevante, ma non generalizzato ed è bene leggerlo anche al contrario: più di nove scuole su dieci rimangono sotto il 30%.
La concentrazione cambia sensibilmente con l’ordine scolastico. Il valore più alto si registra nelle primarie, dove 23 scuole su 207 superano la soglia, pari all’11,1%. Gli alunni stranieri rappresentano complessivamente il 16,6% degli iscritti alle elementari.
Alle secondarie di primo grado le scuole sopra il 30% sono quattro su 99, il 4%, mentre l’incidenza complessiva degli studenti stranieri è del 15,6%. Nelle superiori soltanto una scuola ordinaria su 58 supera la soglia, pari all’1,7%, e la quota complessiva degli alunni con cittadinanza non italiana scende al 10,1%.
Nelle città la presenza quasi raddoppia
I dati demografici mostrano una forte distanza se analizziamo le cinque città più grandi, Varese, Busto Arsizio, Gallarate, Saronno e Cassano Magnago, e il resto della provincia.
I cinque comuni raccolgono complessivamente 43.359 residenti tra 0 e 18 anni, dei quali 7.687 stranieri, pari al 17,7%. Nel resto della provincia l’incidenza è del 9,8%, con 9.471 stranieri su 96.297 residenti della stessa fascia d’età.
Anche il quadro scolastico cambia. Nelle cinque città risultano 102 scuole statali, delle quali 25 oltre la soglia del 30%: il 24,5%. Nel resto della provincia le scuole sopra la soglia sono appena 3 su 262, l’1,1%. Nei cinque centri gli studenti sono 41.516 e quelli con cittadinanza non italiana 6.776, pari al 16,3%; negli altri comuni sono rispettivamente 50.160 e 5.853, pari all’11,7%.
Gallarate, metà delle primarie e delle medie sopra la soglia
Gallarate presenta la quota demografica più elevata tra i cinque comuni. I residenti stranieri tra 0 e 18 anni sono 1.853 su 8.884, pari al 20,9%. La presenza raggiunge il 25,8% tra 0 e 2 anni e il 24,5% nella fascia della scuola dell’infanzia. È del 22,7% nell’età della primaria, del 18,6% tra 11 e 13 anni e del 16,9% tra 14 e 18.
La maggiore presenza giovanile trova un riscontro nella distribuzione scolastica*. A Gallarate nell’anno scolastico 2024/2025 sette scuole su 21 superavano il 30%, esattamente un terzo del totale. Gli alunni con cittadinanza non italiana erano 1.684 su 9.177, pari al 18,4%.
La concentrazione è particolarmente forte nei primi due cicli. Erano sopra la soglia cinque primarie su dieci e due scuole medie su quattro. Nelle primarie gli studenti stranieri rappresentano complessivamente il 31,4% degli iscritti, mentre alle medie raggiungono il 26,4%. Nessuna delle sette scuole superiori supera il 30% e la presenza complessiva scende all’11,6%.
I dati demografici indicano inoltre che circa un bambino su quattro, nelle fasce che precedono la scuola dell’obbligo, ha cittadinanza straniera. Se questa composizione si rifletterà sulle iscrizioni, la pressione sulle primarie gallaratesi potrebbe rimanere elevata anche nei prossimi anni.
*I dati si riferiscono a due anni fa mentre attualmente è un po’ cambiata l’anagrafe delle scuole dopo alcuni accorpamenti
Varese, la concentrazione è soprattutto nelle primarie
Nel capoluogo vivono 2.233 residenti stranieri tra 0 e 18 anni su un totale di 11.643, pari al 19,2%. La presenza è piuttosto stabile nei primi cicli: 20,5% tra 0 e 2 anni, 20,2% nella fascia dell’infanzia, 20,3% in quella della primaria e 19,6% tra 11 e 13 anni. Scende al 17% tra 14 e 18 anni.
Nelle scuole statali ordinarie gli alunni senza cittadinanza italiana sono 1.874 su 11.391, il 16,5%. Nove scuole su 32 superano il 30%, pari al 28,1%.
Anche a Varese la concentrazione riguarda soprattutto la scuola primaria. Nell’anno scolastico 2024/25 erano sopra la soglia 8 primarie su 18, il 44,4%, e in questo ordine gli alunni stranieri rappresentano complessivamente il 28,7% degli iscritti. Alle medie supera il 30% una scuola su cinque, mentre l’incidenza complessiva è del 24,1%. Nessuna delle nove scuole superiori supera la soglia e la presenza straniera si ferma al 10,2%.
Il dato demografico mostra una presenza diffusa lungo quasi tutte le età scolastiche. Quello degli iscritti evidenzia invece una concentrazione molto più forte in alcune primarie rispetto alle scuole superiori.
Busto Arsizio, molti residenti stranieri ma una concentrazione più limitata
Busto Arsizio conta 2.266 residenti stranieri tra 0 e 18 anni su un totale di 13.311. È il numero assoluto più alto tra i cinque comuni, anche se la percentuale, pari al 17%, è inferiore a quella di Gallarate e Varese.
La quota raggiunge il 20,3% tra 0 e 2 anni, il 19,5% nella fascia dell’infanzia e il 19,1% in quella della primaria. Scende al 16,1% tra 11 e 13 anni e al 13,3% tra 14 e 18.
Nelle scuole statali ordinarie della città gli studenti con cittadinanza non italiana sono 1.794 su 11.751, pari al 15,3%. Le scuole sopra il 30% sono tre su 29, il 10,3%.
Tutti i superamenti riguardano le primarie: tre istituti su 16, pari al 18,8%. Nessuna delle sette scuole medie e nessuna delle sei superiori oltrepassa la soglia, anche se alle medie gli alunni stranieri rappresentano complessivamente il 20,5% degli iscritti.
Saronno, la quota più alta di scuole sopra il 30%
A Saronno i residenti stranieri tra 0 e 18 anni sono 1.022 su 6.006, pari al 17%. La quota è del 17,3% tra 0 e 2 anni, del 18,1% nella fascia dell’infanzia e della primaria e raggiunge il valore massimo, il 19%, tra 11 e 13 anni. Tra 14 e 18 anni scende al 14,5%.
Il dato scolastico mostra però la concentrazione più alta tra le cinque città. Cinque scuole su 14 nell’anno scolastico 2024/2025 superavano il 30%, pari al 35,7%. Gli alunni con cittadinanza non italiana sono 1.246 su 7.576, il 16,4%.
Nelle primarie superano la soglia tre scuole su sei, il 50%. Alle medie è sopra il 30% una scuola su tre e alle superiori una su cinque. Saronno è l’unica città del gruppo nella quale il superamento interessa tutti e tre gli ordini scolastici.
La soglia delle scuole non coincide con quella delle classi
I nuovi dati permettono di individuare le scuole nelle quali la presenza complessiva degli alunni con cittadinanza non italiana supera il 30%. Non consentono però di stabilire quante singole classi si trovino nella stessa situazione.
Una scuola può avere una percentuale complessiva inferiore al 30% e ospitare alcune classi sopra la soglia. Può accadere anche il contrario, se gli studenti vengono distribuiti in modo sufficientemente uniforme tra le sezioni. Per conoscere l’effetto concreto del provvedimento servirebbero dati per singola classe, insieme alle informazioni sulla competenza linguistica.
Questo secondo limite è ancora più importante. Tutti i dati disponibili, scolastici e demografici, classificano bambini e ragazzi in base alla cittadinanza. La norma annunciata dovrebbe invece distinguere gli studenti in base alla conoscenza dell’italiano.
Un alunno senza cittadinanza italiana può essere nato a Varese, avere frequentato qui l’infanzia e parlare italiano come i compagni. Un altro può essere arrivato da poche settimane e avere bisogno di un percorso intensivo di alfabetizzazione. Dal punto di vista statistico appartengono alla stessa categoria; dal punto di vista scolastico rappresentano situazioni differenti.
Le 28 scuole varesine sopra il 30% non corrispondono quindi necessariamente alle scuole che sarebbero interessate dalla futura norma. Il dato indica dove la presenza degli studenti stranieri è più concentrata, ma non misura il loro bisogno linguistico.
La fotografia provinciale mostra comunque con chiarezza che il territorio non è omogeneo. Il fenomeno si concentra soprattutto nelle primarie e in alcune città, mentre in gran parte della provincia la soglia rimane lontana. Qualunque meccanismo di redistribuzione dovrà fare i conti con questa geografia, con le distanze tra le scuole, con le sezioni già complete e con i quartieri nei quali la presenza straniera riguarda una parte consistente delle nuove generazioni.
Se il criterio definitivo sarà davvero la conoscenza dell’italiano, il centro del dibattito dovrebbe spostarsi dalla nazionalità al bisogno educativo. Resta da capire come verrà misurata la competenza linguistica, quali deroghe saranno previste e quali risorse verranno assegnate alle scuole chiamate a gestire l’inserimento e l’alfabetizzazione degli studenti appena arrivati."
20260923161006,Sky Tg24,https://tg24.sky.it/cronaca/2026/09/23/social-freezing-crioconservazione-ovociti-contributo-regione-toscana,,,,,,srclc:ita,"La misura è attivabile dalle donne che possiedono determinati requisiti: età tra 25 e 39 anni, residenza in Toscana da almeno un anno e Isee del nucleo familiare non superiore a 30.000 euro
Un contributo fino a un massimo di 3mila euro a donna per favorire l'accesso alla crioconservazione degli ovociti a scopo precauzionale, il cosiddetto ""social freezing"": lo ha stabilito la Toscana con una legge regionale approvata dal Consiglio.
Cosa prevede la legge
La norma è stata votata a maggioranza con voto contrario delle minoranza (FdI-Fi), astensione di Stefania Saccardi (Italia Viva-Casa riformista) e la non partecipazione al voto di Irene Galletti (M5s). Punta a introdurre interventi di sostegno economico destinati alle donne che intendono avvalersi del social freezing, considerando gli alti costi della procedura. L'articolo 1 della legge precisa che la Regione, al fine di tutelare il diritto alla genitorialità e alla procreazione quali diritti costituzionalmente garantiti e allo scopo di contrastare il calo demografico, si vuole favorire l'accesso alle tecniche di preservazione della fertilità. Si specifica che il social freezing può essere richiesto dalle donne che desiderano programmare una gravidanza in futuro e che il ricorso a questo strumento è finalizzato ad aumentare la probabilità di riuscita nel caso in cui, con il passare del tempo, si determinino difficoltà di concepimento imputabili ad una fisiologica riduzione della fertilità. Il contributo è accessibile alle donne che possiedono determinati requisiti: età tra 25 e 39 anni, residenza in Toscana da almeno un anno e Isee del nucleo familiare non superiore a 30.000 euro. L'articolo 5 della norma autorizza la Regione a una spesa fino ad un massimo di euro 50.000 euro per l'anno 2026 e di 250mila euro per ciascuno degli anni 2027 e 2028."
20260923145944,Tgcom24,https://www.tgcom24.mediaset.it/skuola/scuola-alunni-stranieri-circolari-mattarella_116915322-202602k.shtml,,,,,,srclc:ita,"Da 15mila a 900mila: ecco quanto sono cresciuti gli alunni stranieri dal tempo delle circolari di Mattarella ministro dell'Istruzione
Il richiamo del Premier alle direttive del 1989-1990 riapre il dibattito sulla presenza degli studenti non italiani in classe: da allora gli alunni di origine migratoria sono aumentati di circa 60 volte e quasi due su tre ora sono nati nel nostro Paese
© Ansa
Il dibattito sull'introduzione, per legge, di un limite numerico alla presenza di studenti con cittadinanza non italiana nelle classi italiane è stato riacceso dalle dichiarazioni del Presidente del Consiglio, Giorgia Meloni.
Per difendere la proposta dell'esecutivo, volta a evitare la formazione di ""classi-ghetto"", il Premier ha esplicitamente richiamato l'operato di Sergio Mattarella quando ricopriva la carica di Ministro della Pubblica Istruzione, tra il 1989 e il 1990.
Nelle sue direttive dell'epoca - in particolare la Circolare Ministeriale n. 301 dell'8 settembre 1989 e la Circolare Ministeriale n. 205 del 26 luglio 1990 - si raccomandava di ripartire gli alunni immigrati del medesimo gruppo linguistico in piccole unità per sezione, indicando un orientamento di massima non superiore alle 4 o 5 unità per classe.
Tuttavia, come emerge chiaramente dalle statistiche ufficiali del Ministero e dai rilievi emersi nel dibattito istituzionale, il provvedimento di fine anni '80 rispondeva a una logica e a un quadro demografico completamente diversi da quelli attuali.
Le circolari di Mattarella, innanzitutto, fornivano solo linee guida flessibili volte a promuovere l'educazione interculturale, l'integrazione, il rafforzamento della lingua italiana e la tutela del diritto allo studio garantito dall'articolo 34 della Costituzione.
Ma, come fa notare un’analisi effettuata dal portale Skuola.net sulla base degli ultimi dati ministeriali disponibili - aggiornati all’anno scolastico 2022/2023 - è soprattutto la dimensione del fenomeno ad appartenere a un'altra era della storia nazionale: all'epoca delle circolari di Mattarella gli studenti stranieri in Italia erano poco più di 15mila, rappresentando un'incidenza del tutto marginale sul totale degli iscritti. Oggi sono quasi un milione.
© Skuola.net
Alunni con cittadinanza non italiana (valori assoluti) - AA. SS. 1987/88 - 2022/23
L'evoluzione: dai seimila alunni degli anni '80 all’assestamento dei ‘90
Le serie storiche dell'Ufficio di Statistica del Ministero dell'Istruzione e del Merito, la crescita della presenza di alunni di origine migratoria nelle aule italiane traccia, infatti, la parabola di una profonda trasformazione sociale nell'arco di quattro decenni.
Nell'anno scolastico 1983/1984 - il primo a essere censito dai documenti del MIM - gli studenti stranieri in tutta Italia erano appena 6.104, pari allo 0,06% della popolazione scolastica totale.
E nel biennio 1989/1990, al momento dell'emanazione delle circolari firmate da Mattarella, gli iscritti non italiani rilevati sono passati da 13.668 unità (0,14% del totale) a 18.794 (0,19%).
Un dato che mostra come il tema dell'immigrazione muoveva allora i suoi primissimi passi nella scuola dell'obbligo e, addirittura, la stragrande maggioranza degli istituti scolastici italiani non accoglieva alcun alunno straniero o al massimo uno o due elementi per plesso.
Anche nel corso del decennio successivo la presenza è cresciuta in modo graduale, seppur costante, superando la soglia dei 30mila alunni nel 1992/1993 (0,32% sul totale degli studenti), raggiungendo i 50mila a metà anni '90, con 50.322 iscritti nel 1995/1996.
© Skuola.net
L’impennata degli anni Duemila
Bisogna attendere di essere a ridosso del cambio di Millennio per vedere sfondata quota centomila: nel 1999/2000 gli alunni stranieri nelle nostre aule sono 119.679 (ma ancora l’1,47% del totale).
È qui che parte la vera e propria accelerazione demografica: dai circa 239mila alunni del 2002/2003 (2,7%) si passa a 431.211 nel 2005/2006 (4,8%), fino ad arrivare a 673.800 nel 2009/2010 (7,52%).
Non a caso, è proprio al termine di questo decennio di fortissima pressione migratoria che la ""Circolare Gelmini"" del 2010 fisserà la nota soglia indicativa del 30% per classe.
Negli anni successivi la crescita prosegue a ritmi regolari fino a raggiungere 876.801 presenze nel 2019/2020 (10,3%). L'unico momento di stallo della serie storica si registra nel 2020/2021 durante l'emergenza pandemica, quando il numero scende a 865.388 unità (-1,3%) per via del blocco dei flussi e delle difficoltà d'iscrizione, per poi tornare a impennarsi rapidamente nel post-Covid.
Fino al record attuale di 914.860 alunni nell'anno scolastico 2022/2023, pari all'11,2% dell'intera popolazione scolastica.
Un fenomeno cresciuto di 60 volte e la svolta delle seconde generazioni
Dopo aver passato in rassegna questi numeri, appare dunque evidente come mettere a confronto la scuola del 1989 con quella contemporanea significhi paragonare due realtà numericamente ed etnograficamente incomparabili.
Rispetto agli scarsi 20mila alunni dell'epoca Mattarella, i 914.860 studenti attuali rappresentano una “popolazione” che è cresciuta di quasi 60 volte.
Inoltre, se quarant'anni fa la questione riguardava un fenomeno embrionale da gestire in poche realtà metropolitane con semplici indicazioni pedagogiche di orientamento, oggi l'11,2% degli iscritti complessivi (tanti sono gli studenti stranieri) - che sale al 13,3% nella scuola primaria e al 12,5% all'infanzia - costituisce un pilastro strutturale della demografia scolastica italiana, specialmente a fronte del progressivo calo delle nascite tra la popolazione nativa.
Infine, non bisogna più considerare solo l’elemento quantitativo, ma anche e soprattutto quello strutturale e qualitativo. Negli anni '80 e '90 la totalità dei minori non italiani arrivava direttamente dall'estero al seguito dei primi flussi migratori, affrontando da zero l'impatto con la lingua e la cultura italiana.
Ora come ora, la gran parte degli studenti definiti burocraticamente ""stranieri"" è in realtà nata e cresciuta nel nostro Paese. I dati del Ministero dell'Istruzione certificano infatti che le seconde generazioni ammontano a 598.745 alunni, pari al 65,4% del totale degli studenti con cittadinanza non italiana. Si tratta di quasi due studenti su tre che parlano l'italiano come lingua madre.
© Skuola.net
Variazione % rispetto all'anno scolastico precedente degli alunni con cittadinanza non italiana e italiana - AA. SS. 2012/13 - 2022/23"
20260923144128,Io Donna,https://www.iodonna.it/attualita/famiglia-e-lavoro/2026/09/23/tra-stime-e-realta-cosa-ce-davvero-dietro-ipotesi-di-una-pensione-piu-lontana/,,,,,,srclc:ita,"Tra stime e realtà: cosa c’è davvero dietro l’ipotesi di una pensione più lontana
Le nuove proiezioni della Ragioneria dello Stato spingono l'asticella dell'addio al lavoro più in là. Ma tra calcoli algoritmici e decisioni politiche, lo scenario è tutt'altro che definitivo
Parlare di pensione, oggi, non mette troppo di buonumore, soprattutto quando l’unica direzione possibile indicata sembra quella di un traguardo che si allontana sempre di più, costringendo a rimandare il momento in cui poter finalmente chiudere la porta dell’ufficio per dedicarsi alle proprie passioni o al semplice riposo. A rendere il quadro ancora più teso, ci si mettono anche le nuove proiezioni della Ragioneria dello Stato che ventilano l’ipotesi di una pensione a 67 anni e sei mesi a partire dal 2029. Una prospettiva che ha subito acceso il dibattito, sollevando dubbi e preoccupazioni. Ma cosa c’è di vero, e soprattutto, quanto c’è di definitivo in questi numeri?
Pensione ancora più lontana? Lo scenario della Ragioneria dello Stato
Tutto parte appunto dagli ultimi aggiornamenti tecnici della Ragioneria Generale dello Stato, che ha messo nero su bianco le nuove stime basate sull’andamento demografico del Paese. Secondo queste proiezioni, l’età per accedere alla pensione di vecchiaia rischia di salire dagli attuali 67 anni a 67 anni e sei mesi a partire dal 2029, per poi compiere un ulteriore balzo in avanti e toccare i 67 anni e otto mesi nel 2031.
L’età pensionabile e la speranza di vita
Il motore di questo movimento è il meccanismo automatico che lega l’età pensionabile alle speranze di vita calcolate dall’ISTAT. In parole semplici: se le statistiche dicono che gli italiani vivono più a lungo in media, le regole prevedono che si debba lavorare un po’ più a lungo per garantire l’equilibrio finanziario del sistema previdenziale pubblico.
L’effetto a catena sulla pensione anticipata
Quando si sposta il perno della vecchiaia, però, a subire contraccolpi è l’intero sistema delle uscite. E quindi anche i canali della cosiddetta pensione anticipata risentono del potenziale progressivo slittamento. Per chi sperava di lasciare il lavoro prima di raggiungere i requisiti anagrafici standard, magari grazie a una lunga e solida carriera contributiva, la prospettiva di un innalzamento generale dell’età di riferimento, non rende le cose più facili.
Attenzione: si tratta di proiezioni
È fondamentale, tuttavia, sottolineare un fatto importante: quelli diffusi dalla Ragioneria dello Stato sono scenari previsionali e simulazioni matematiche, non leggi dello Stato già approvate. Fotografano una tendenza di lungo periodo legata alla demografia, ma lasciano spazio a moltissime variabili. Tra il dire e il fare, infatti, c’è di mezzo la politica. L’effettivo scatto di questi aumenti, infatti, dipenderà dai decreti che i governi che verranno dovranno firmare a ridosso delle scadenze, valutando la situazione economica e sociale del momento.
I precedenti che insegnano a non disperare
Del resto, non è la prima volta che l’orizzonte della pensione si sposta solo sulla carta. La storia recente del nostro sistema previdenziale è piena di correzioni di rotta dell’ultimo minuto. Ecco perché guardare al 2029 o al 2031 come a una condanna certa rischia di essere un esercizio fuorviante: le leggi si scrivono, ma si possono anche riscrivere, e le lancette dell’orologio previdenziale hanno dimostrato più volte di saper girare anche all’indietro.
iO Donna ©RIPRODUZIONE RISERVATA"
20260923135021,Sassuolo Duemila,https://www.sassuolo2000.it/2026/09/23/osservatorio-economia-e-lavoro-modena-sta-cambiando-volto-meno-manifattura-e-piu-turismo-e-servizi/,,,,,,srclc:ita,"La fotografia che emerge dai dati più aggiornati disponibili relativi alla provincia di Modena è quella di una realtà sociale ed economica ancora solida, ma attraversata da diverse tensioni strutturali.
Sul piano demografico, la popolazione modenese cresce ancora, seppur debolmente (+0,3% nel 2025, per un totale di 713.289 residenti al 1° gennaio 2026), con dinamiche molto differenziate tra territori: la zona collinare guida la crescita di lungo periodo, mentre la montagna mostra segnali di recupero dopo anni di forte calo.
Il capoluogo perde abitanti, a vantaggio di Carpi e di alcuni comuni della cintura. L’invecchiamento resta il tratto dominante: l’indice di vecchiaia ha superato per la prima volta quota 200 nel 2026, e oltre 49.000 anziani vivono soli. La componente straniera, arrivata al 14,1% della popolazione (100.394 persone), è ormai strutturale e concentrata soprattutto in età lavorativa e nei comuni di pianura.
Sul fronte ambientale, la qualità dell’aria migliora nel medio periodo (le concentrazioni di PM10 scendono sensibilmente rispetto al picco 2016-2017), pur restando il traffico urbano — in particolare l’asse di via Giardini a Modena — la criticità principale, aggravata occasionalmente da episodi di polveri sahariane. Il 2025 è stato più siccitoso della media, nonostante alcuni eventi meteo estremi (temporali, grandinate, allagamenti) concentrati soprattutto tra la tarda primavera e l’estate; il 2026 si preannuncia come l’anno più caldo mai registrato. Il consumo di suolo continua lentamente a crescere (+0,09% nel 2024), con Modena capoluogo e Formigine tra i comuni più dinamici e Fiorano Modenese ai vertici regionali per intensità di consumo.
Sul piano economico, la provincia sconta il rallentamento internazionale e la crisi del commercio mondiale: il valore aggiunto, dopo un lieve calo nel 2024, torna a crescere solo debolmente nel 2025-2026 (+0,6%/+0,7%), trainato da servizi e costruzioni, mentre industria e agricoltura arretrano. Le esportazioni, pilastro dell’economia locale (quasi metà del PIL provinciale), calano ancora, penalizzate soprattutto dal mercato statunitense, mentre tengono Germania, Francia e i mercati asiatici emergenti. Il tessuto imprenditoriale continua a ridursi (-0,3% nel 2025), soprattutto tra le ditte individuali e le imprese artigiane, mentre le società di capitale crescono. Il turismo rappresenta invece una nota positiva, con arrivi e presenze da record trainati dalla componente estera.
Il mercato del lavoro modenese, dopo anni favorevoli, nel 2025 mostra segnali di affaticamento: crescono un po’ gli occupati ma crescono anche disoccupati e soprattutto inattivi, in controtendenza rispetto alla media regionale. Colpisce soprattutto la ricomposizione settoriale: forte calo dell’occupazione industriale, compensato da una crescita robusta nei servizi e nel lavoro autonomo. La cassa integrazione conferma le difficoltà del manifatturiero, con impennate nel meccanico e nel tessile-abbigliamento.
Infine, sul piano dei redditi, Modena conserva posizioni di vertice regionale (terza provincia per reddito imponibile medio), ma con una dinamica di crescita più contenuta rispetto a Emilia-Romagna e Italia.
Persistono forti squilibri territoriali (redditi più alti nella cintura industriale, più bassi in montagna) e un marcato divario salariale di genere, solo in parte spiegato dalla maggiore incidenza del part-time femminile.
In estrema sintesi, Modena presenta un’economia manifatturiera ancora centrale, ma sotto pressione, una popolazione che invecchia e si internazionalizza, e un mercato del lavoro che nell’ultimo anno perde parte dello slancio degli anni precedenti."
20260923134643,Huffpost Italia,https://www.huffingtonpost.it/blog/2026/09/23/news/le_circolari_di_mattarella_servivano_ad_includere_gli_stranieri_pochi_presenti_in_italia-22772090/,,,,,,srclc:ita,"Le circolari di Mattarella servivano ad includere gli stranieri (pochi) presenti in Italia
di Skuola.Net
Il dibattito sull'introduzione, per legge, di un limite numerico alla presenza di studenti con cittadinanza non italiana nelle classi italiane è stato riacceso dalle dichiarazioni del Presidente del Consiglio, Giorgia Meloni.
Per difendere la proposta dell'esecutivo, volta a evitare la formazione di ""classi-ghetto"", il premier ha esplicitamente richiamato l'operato di Sergio Mattarella quando ricopriva la carica di ministro della Pubblica Istruzione, tra il 1989 e il 1990.
Nelle sue direttive dell'epoca - in particolare la Circolare Ministeriale n. 301 dell'8 settembre 1989 e la Circolare Ministeriale n. 205 del 26 luglio 1990 - si raccomandava di ripartire gli alunni immigrati del medesimo gruppo linguistico in piccole unità per sezione, indicando un orientamento di massima non superiore alle 4 o 5 unità per classe.
Tuttavia, come emerge chiaramente dalle statistiche ufficiali del ministero e dai rilievi emersi nel dibattito istituzionale, il provvedimento di fine anni '80 rispondeva a una logica e a un quadro demografico completamente diversi da quelli attuali.
Le circolari di Mattarella, innanzitutto, fornivano solo linee guida flessibili volte a promuovere l'educazione interculturale, l'integrazione, il rafforzamento della lingua italiana e la tutela del diritto allo studio garantito dall'articolo 34 della Costituzione.
Ma, come fa notare un’analisi effettuata dal portale Skuola.net sulla base degli ultimi dati ministeriali disponibili - aggiornati all’anno scolastico 2022/2023 - è soprattutto la dimensione del fenomeno ad appartenere a un'altra era della storia nazionale: all'epoca delle circolari di Mattarella gli studenti stranieri in Italia erano poco più di 15mila, rappresentando un'incidenza del tutto marginale sul totale degli iscritti. Oggi sono quasi un milione.
L'evoluzione: dai seimila alunni degli anni '80 all’assestamento dei ‘90
Le serie storiche dell'Ufficio di Statistica del ministero dell'Istruzione e del Merito, la crescita della presenza di alunni di origine migratoria nelle aule italiane traccia, infatti, la parabola di una profonda trasformazione sociale nell'arco di quattro decenni.
Nell'anno scolastico 1983/1984 - il primo a essere censito dai documenti del MIM - gli studenti stranieri in tutta Italia erano appena 6.104, pari allo 0,06% della popolazione scolastica totale.
E nel biennio 1989/1990, al momento dell'emanazione delle circolari firmate da Mattarella, gli iscritti non italiani rilevati sono passati da 13.668 unità (0,14% del totale) a 18.794 (0,19%).
Un dato che mostra come il tema dell'immigrazione muoveva allora i suoi primissimi passi nella scuola dell'obbligo e, addirittura, la stragrande maggioranza degli istituti scolastici italiani non accoglieva alcun alunno straniero o al massimo uno o due elementi per plesso.
Anche nel corso del decennio successivo la presenza è cresciuta in modo graduale, seppur costante, superando la soglia dei 30mila alunni nel 1992/1993 (0,32% sul totale degli studenti), raggiungendo i 50mila a metà anni '90, con 50.322 iscritti nel 1995/1996.
L’impennata degli anni Duemila
Bisogna attendere di essere a ridosso del cambio di Millennio per vedere sfondata quota centomila: nel 1999/2000 gli alunni stranieri nelle nostre aule sono 119.679 (ma ancora l’1,47% del totale).
È qui che parte la vera e propria accelerazione demografica: dai circa 239mila alunni del 2002/2003 (2,7%) si passa a 431.211 nel 2005/2006 (4,8%), fino ad arrivare a 673.800 nel 2009/2010 (7,52%).
Non a caso, è proprio al termine di questo decennio di fortissima pressione migratoria che la ""Circolare Gelmini"" del 2010 fisserà la nota soglia indicativa del 30% per classe.
Negli anni successivi la crescita prosegue a ritmi regolari fino a raggiungere 876.801 presenze nel 2019/2020 (10,3%). L'unico momento di stallo della serie storica si registra nel 2020/2021 durante l'emergenza pandemica, quando il numero scende a 865.388 unità (-1,3%) per via del blocco dei flussi e delle difficoltà d'iscrizione, per poi tornare a impennarsi rapidamente nel post-Covid.
Fino al record attuale di 914.860 alunni nell'anno scolastico 2022/2023, pari all'11,2% dell'intera popolazione scolastica.
Un fenomeno cresciuto di 60 volte e la svolta delle seconde generazioni
Dopo aver passato in rassegna questi numeri, appare dunque evidente come mettere a confronto la scuola del 1989 con quella contemporanea significhi paragonare due realtà numericamente ed etnograficamente incomparabili.
Rispetto agli scarsi 20mila alunni dell'epoca Mattarella, i 914.860 studenti attuali rappresentano una “popolazione” che è cresciuta di quasi 60 volte.
Inoltre, se quarant'anni fa la questione riguardava un fenomeno embrionale da gestire in poche realtà metropolitane con semplici indicazioni pedagogiche di orientamento, oggi l'11,2% degli iscritti complessivi (tanti sono gli studenti stranieri) - che sale al 13,3% nella scuola primaria e al 12,5% all'infanzia - costituisce un pilastro strutturale della demografia scolastica italiana, specialmente a fronte del progressivo calo delle nascite tra la popolazione nativa.
Infine, non bisogna più considerare solo l’elemento quantitativo, ma anche e soprattutto quello strutturale e qualitativo. Negli anni '80 e '90 la totalità dei minori non italiani arrivava direttamente dall'estero al seguito dei primi flussi migratori, affrontando da zero l'impatto con la lingua e la cultura italiana.
Ora come ora, la gran parte degli studenti definiti burocraticamente ""stranieri"" è in realtà nata e cresciuta nel nostro Paese. I dati del Ministero dell'Istruzione certificano infatti che le seconde generazioni ammontano a 598.745 alunni, pari al 65,4% del totale degli studenti con cittadinanza non italiana. Si tratta di quasi due studenti su tre che parlano l'italiano come lingua madre."
20260923132736,Notizie Geopolitiche,https://www.notiziegeopolitiche.net/ucraina-tusk-circa-27mila-militari-uccisi-o-feriti-ogni-mese/,,,,,,srclc:ita,"L’Ucraina registrerebbe recentemente circa 27mila militari uccisi o feriti al mese. La cifra è stata riferita dal primo ministro polacco Donald Tusk davanti al Parlamento di Varsavia, sulla base delle informazioni ricevute dai partner ucraini, e mette in evidenza il crescente peso della guerra di logoramento sulla capacità militare e demografica del Paese.
Il dato non indica 27mila morti mensili, ma comprende complessivamente caduti o feriti. Se mantenuto per dodici mesi, corrisponderebbe a 324mila casi, ma non può essere utilizzato per calcolare automaticamente le perdite complessive dall’inizio dell’invasione russa nel febbraio 2022.
Tusk ha infatti parlato del livello raggiunto recentemente, collegandolo anche all’evoluzione delle tattiche russe e al crescente impiego di droni. Non è inoltre nota la ripartizione tra morti, feriti gravi o militari successivamente in grado di tornare in servizio. Uno stesso soldato potrebbe inoltre essere conteggiato più volte qualora venisse ferito in differenti occasioni.
La cifra assume comunque particolare rilevanza alla luce della situazione demografica ucraina. Anche determinare con precisione quanti abitanti vivano attualmente nei territori controllati da Kiev è diventato difficile a causa della guerra, dell’occupazione di parte del Paese e dei massicci movimenti migratori.
Il ministro delle Politiche sociali Denys Ulyutin ha indicato una popolazione compresa tra 22 e 25 milioni di persone nei territori controllati dal governo, mentre l’Istituto di demografia dell’Accademia nazionale ucraina ha fornito una stima più elevata, tra 27 e 28 milioni.
L’ultimo censimento completo risale al 2001 e la combinazione di occupazione territoriale, sfollamenti interni ed emigrazione rende difficile ottenere una fotografia aggiornata della popolazione. Per lo stesso motivo non è possibile determinare con precisione quale percentuale degli uomini in età militare sia stata definitivamente sottratta alla società ucraina.
Alla pressione delle perdite militari si aggiunge il forte calo delle nascite. Il tasso di fecondità ucraino è sceso ben al di sotto del livello necessario per garantire il ricambio generazionale, mentre milioni di cittadini, in particolare donne e bambini, hanno lasciato il Paese dall’inizio della guerra.
La disparità demografica con la Russia rappresenta uno dei problemi strutturali per Kiev. Mosca dispone di una popolazione considerevolmente maggiore e può sostenere il reclutamento attraverso incentivi economici e differenti forme di mobilitazione. In una guerra prolungata, la capacità di sostituire le perdite diventa quindi importante quanto la disponibilità di armamenti.
L’assistenza occidentale ha fornito all’Ucraina sistemi di difesa aerea, artiglieria, mezzi corazzati, munizioni e capacità di intelligence. La tecnologia può ridurre l’esposizione delle truppe, ma non elimina la necessità di personale per mantenere le posizioni, controllare il territorio e garantire la rotazione dei reparti.
La crescente presenza di droni, bombe plananti e sistemi a lungo raggio ha inoltre ampliato l’area nella quale il personale militare può essere colpito. Le retrovie, i centri logistici, le infrastrutture ferroviarie e i depositi sono diventati parte integrante del campo di battaglia.
Se il livello indicato da Tusk dovesse protrarsi, Kiev dovrebbe reclutare e addestrare decine di migliaia di uomini ogni mese soltanto per compensare numericamente le perdite. La sostituzione non sarebbe comunque immediata, poiché un nuovo mobilitato non dispone dell’esperienza accumulata da un militare impegnato da anni nelle operazioni.
Le conseguenze riguardano anche l’economia. Ogni persona mobilitata viene sottratta almeno temporaneamente al mercato del lavoro, mentre i reduci rimasti invalidi richiederanno nel lungo periodo assistenza sanitaria, riabilitazione e sostegno previdenziale.
L’emigrazione aggiunge un ulteriore elemento di pressione. Se una quota significativa dei cittadini trasferitisi all’estero decidesse di non rientrare dopo la guerra, l’Ucraina perderebbe lavoratori, contribuenti e una parte della popolazione in età fertile necessaria alla ripresa demografica.
Per il 2027 Kiev prevede inoltre una spesa militare estremamente elevata rispetto alle dimensioni dell’economia nazionale e continuerà ad avere bisogno di un consistente sostegno finanziario internazionale per coprire il disavanzo pubblico.
La sostenibilità della guerra dipende quindi contemporaneamente dalla capacità dell’Ucraina di mobilitare uomini e da quella dei Paesi occidentali di continuare a fornire risorse finanziarie e militari.
Anche la conclusione delle ostilità lascerebbe aperto il problema demografico. La ricostruzione richiederà una grande quantità di manodopera proprio mentre una parte consistente della popolazione in età lavorativa si trova all’estero, è stata mobilitata o ha subito le conseguenze dirette del conflitto.
L’invasione russa del febbraio 2022 rimane l’origine della guerra e delle conseguenze umane ed economiche che ne sono derivate. L’aumento delle perdite pone tuttavia ai governi europei anche il problema della sostenibilità nel tempo della strategia adottata a sostegno di Kiev.
Le dichiarazioni di Tusk possono essere lette anche nel quadro delle richieste polacche di un maggiore impegno europeo e di ulteriori forniture militari all’Ucraina. Il dato sulle perdite evidenzia però che, accanto alla quantità di armamenti disponibili, la disponibilità di personale è diventata una delle variabili decisive del conflitto.
Per Kiev il problema non riguarda quindi soltanto la capacità di mantenere il fronte nel breve periodo, ma quella di preservare una popolazione sufficiente a sostenere l’economia e la futura ricostruzione del Paese. In una guerra di logoramento prolungata, la dimensione demografica può diventare uno dei principali limiti strategici dell’Ucraina.
La notizia del giorno, ogni mattina alle 8:30.Un avviso solo, e quelli grossi quando capitano. Nessuna registrazione."
20260923121653,Pressenza,https://www.pressenza.com/it/2026/09/il-cortocircuito-della-politica-di-destra-fatta-anche-nel-nome-della-sinistra/,,,,,,srclc:ita,"Da oltre un decennio la propaganda politica più viscerale è legata ai nodi strutturali che bloccano la crescita economica del Paese.
 Il racconto distorto dell’immigrazione come un costo passivo è una mistificazione che ha sistematicamente scambiato cause ed effetti, trasformando una risorsa demografica e previdenziale in una minaccia ai ceti più deboli.
Ad esempio, circola sui social network una bufala secondo cui un cittadino straniero potrebbe licenziarsi volontariamente e ottenere centinaia di euro al mese dallo Stato per frequentare corsi di formazione. No, la legge esclude tassativamente dai sussidi (come il Supporto Formazione e Lavoro) chi si dimette e, tra i requisiti,  impone agli stranieri almeno cinque anni di residenza in Italia.
La genesi del meccanismo di queste dolose mistificazioni risale più o meno al 2010, quando Matteo Salvini e Giorgia Meloni edificarono le proprie fortune elettorali sul dogma dei “35 euro al giorno ai clandestini”. Quella cifra, in realtà copriva i costi di gestione di vitto e alloggio dei centri di accoglienza, rimaneva nelle mani dei migranti solo per pochi spiccioli di pocket money (2,5 euro al giorno) fu artatamente presentata come denaro contante erogato a chi “non faceva nulla”. Il sistematico ribaltamento della realtà ha inoculato nell’opinione pubblica un vero e proprio virus che produce una patologia politicamente pagante: la convinzione che lo Stato favorisca gli stranieri a discapito degli italiani.
I dati ufficiali dell’INPS raccontano però che i lavoratori stranieri regolari in Italia sono una colonna portante della tenuta sociale del Paese: producono 177 miliardi di euro di valore aggiunto (il 9% del PIL nazionale), versano ogni anno tra gli 11 e i 15 miliardi di contributi previdenziali e circa 7 miliardi di IRPEF. Inoltre, essendo una popolazione anagraficamente giovane, gravano pochissimo su pensioni e sanità. Anzi, pagano le pensioni correnti degli italiani e regalano alle casse dello Stato miliardi di euro, i cd “contributi silenti”, ovvero versamenti pensionistici effettuati regolarmente da lavoratori stranieri che, a causa del mancato rinnovo del permesso di soggiorno o della scelta di rientrare nel Paese d’origine prima di aver raggiunto i requisiti minimi di anzianità contributiva, non riscatteranno mai la propria pensione. Questi contributi rimangono così nelle casse dell’INPS, traducendosi in un altro beneficio, un indebito tuttavia, a favore dei pensionati italiani.
Il vero danno economico all’Italia non deriva quindi dalla generosità del welfare, ma dalle scelte propagandistiche e dalle mistificazioni della politica più becera.
Le strette burocratiche e legislative contro cui chi scrive si oppose invano, ma in tutti i modi,  iniziate con i decreti sicurezza del primo governo Conte (volute da Salvini e dalla Lega) e proseguite dall’attuale esecutivo con le restrizioni sulla protezione speciale, hanno prodotto un cortocircuito macroeconomico. Negare o revocare il permesso di soggiorno a chi è già inserito ed a chi potrebbe inserirsi nel tessuto produttivo non fa sparire le persone: le spinge forzatamente allo sfruttamento e verso il lavoro nero.
Questo slittamento nell’irregolarità ha un costo enorme che alimenta direttamente l’economia sommersa ed arricchisce gli sfruttatori/ evasori. Secondo i monitoraggi più recenti dell’ISTAT, l’economia non osservata in Italia vale oltre 192 miliardi di euro, incidendo per circa il 10,5% del PIL nominale. Espandere questa sacca di illegalità significa privare lo Stato delle risorse fiscali necessarie per gli investimenti e costringere i governi a manovre restrittive per contenere il deficit. Inoltre, nel sommerso la produttività crolla: senza contratti né formazione aziendale, i salari rimangono da fame e gli investimenti si azzerano.
Le stime macroeconomiche per l’Italia fotografano una crescita del PIL reale asfittica e contenuta sotto l’1%. La crescita subisce la zavorra del calo demografico e della carenza di manodopera qualificata. La retorica del “prima gli italiani”, trasformata in leggi che precludono la regolarizzazione, ci impoverisce anche individualmente.
Alimentando lo spauracchio del migrante privilegiato, la politica ha nascosto la realtà: per difendere il welfare e far crescere il PIL regolare, l’Italia ha disperatamente bisogno di legalizzare quei lavoratori che le sue stesse leggi  rendono invisibili."
20260923120204,Corriere,https://corrieredeltrentino.corriere.it/notizie/economia/26_settembre_23/banca-d-italia-in-trentino-salari-reali-calati-dell-8-dal-2008-e-la-poverta-e-piu-alta-che-a-bolzano-4917ddbb-fe34-443a-b373-beb8e038bxlk.shtml,,,,,,srclc:ita,"Banca d’Italia: «In Trentino salari reali calati dell’8% dal 2008». E la povertà è più alta che a Bolzano
Sotto la lente, la debolezza trentina rispetto al vicino Alto Adige sul fronte dell’export e della manifattura, ma anche sulle politiche per aumentare produttività, dimensione e capacità di investimento delle imprese
I dati erano stati presentati a giugno: a Bolzano, i vertici della Banca d’Italia avevano fotografato il quadro dell’economia trentina del 2025. Indicando una crescita «contenuta ma diffusa». Ieri pomeriggio, 22 settembre, in prima commissione, quell’immagine è stata tratteggiata nuovamente dal direttore della filiale di Trento Gennaro Sansone. In un confronto che ha posto l’attenzione sui nodi da tempo in cima all’agenda politica: dall’emergenza abitativa fino alla situazione dei salari, dall’occupazione femminile fino al rapporto con la vicina provincia di Bolzano.
Bene il settore delle costruzioni
Una situazione economica, quella illustrata dal direttore, condizionata dalle incertezze internazionali e da una debole domanda estera, «con prospettive — ha chiarito Sansone — più incerte per il 2026». Bene il settore delle costruzioni (sostenuto dagli investimenti per le Olimpiadi invernali) e il turismo, fanno fatica le esportazioni e l’industria. Sul fronte della casa, sono cresciuti i prezzi delle abitazioni, mentre per quanto riguarda il lavoro la situazione è migliore rispetto alla media nazionale. Eppure le retribuzioni medie reali, dal 2008, sono calate dell’8%, anche se nel 2025 il reddito disponibile reale delle famiglie è aumentato dello 0,8%, con i consumi in crescita dell’1%.
Le osservazioni politiche
E proprio su questi ultimi dati si sono concentrati i consiglieri. Con Paolo Zanella (Pd), Maria Bosin (Patt) e Lucia Coppola (Avs) che hanno posto l’accento sui nodi della casa e dei salari. «Il problema abitativo è rilevante» ha ammesso Sansone. Che ha indicato alla base del calo dei salari la minore intensità del lavoro, anche a causa della diffusione del part-time. 
Ha insistito sul tema delle disuguaglianze invece Francesco Valduga (Campobase), che ha messo in evidenza il rapporto tra indicatori «complessivamente non negativi» e una percezione delle difficoltà vissute dalle famiglie «più marcata». Così Mariachiara Franzoia (Pd), che ha rilevato il «contrasto tra l’elevata occupazione e la perdita di potere d’acquisto» delle famiglie trentine. «Nel triennio 2022-2024 — ha risposto il direttore — la povertà relativa ha riguardato l’8,9% dei trentini contro il 4,1% degli altoatesini, con un dato nazionale al 14,5%».
Il gap fra Trento e Bolzano
E se Eleonora Angeli (Gruppo misto) ha sollecitato un confronto del Trentino non solo con il resto d’Italia ma anche con le regioni europee più avanzate sulle partite della competitività e dell’export, si è concentrata sul rapporto con Bolzano invece Michela Calzà (Pd). Sotto la lente, la debolezza trentina rispetto al vicino Alto Adige sul fronte dell’export e della manifattura, ma anche sulle politiche per aumentare produttività, dimensione e capacità di investimento delle imprese. Sansone, per spiegare il divario, ha ricordato la forbice del Pil pro capite apertasi, tra Trento e Bolzano, dopo la crisi finanziaria del 2008-2009 e mai più richiusa. I motivi? «Bisogna approfondire la diversa struttura produttiva dei due territori, dalla manifattura all’offerta turistica» ha sottolineato il direttore. Con Stefania Segnana (Lega) che ha  ricordato «gli investimento della Provincia» per ridurre il divario. Infine, interrogato da Vanessa Masè (La Civica) sull’occupazione femminile, Sansone ha indicato nell’aumento della partecipazione femminile al mercato del lavoro «una delle leve per attenuare gli effetti del calo demografico sulla forza lavoro»."
20260923115700,Quicomo,https://www.quicomo.it/attualita/scuola-corridoni-como-sindacati-confronto-comune-futuro.html,,,,,,srclc:ita,"""Il Comune apra il confronto sul futuro della scuola Corridoni"", la richiesta dei sindacati
Dopo la sospensione del trasferimento delle classi, Cgil, Cisl e Uil chiedono al Comune di chiarire le proprie intenzioni e al prefetto di convocare un tavolo con scuole e famiglie
La scuola Corridoni resterà nella sede di via Sinigaglia per ora, ma quale sarà il suo futuro? È la domanda che Cgil Como, Cisl dei Laghi e Uil del Lario, insieme alle rispettive sigle della scuola, rivolgono al comune di Como. I sindacati hanno rinnovato la richiesta di un incontro con l’amministrazione e chiesto al prefetto di convocare un tavolo con tutti i soggetti coinvolti.
La precedente richiesta di confronto, riferiscono le organizzazioni sindacali, è rimasta senza risposta. Nel frattempo, un’ordinanza del Consiglio di Stato ha sospeso il trasferimento delle classi, consentendo agli alunni di rimanere nella sede di via Sinigaglia. Secondo quanto riportano i sindacati, il provvedimento ha rilevato che gli spazi di via Fiume, allo stato attuale, non sono immediatamente utilizzabili in condizioni di sicurezza e di piena funzionalità didattica.
""Il Comune dica cosa intende fare della Corridoni""
Per le sigle, ora serve una risposta sulle intenzioni dell’amministrazione. I sindacati ricordano di aver contestato fin dall’inizio la chiusura e lo smembramento della Corridoni e chiedono che nell’area oggi servita dalla scuola sia garantita una presenza scolastica anche in futuro.
""La scuola non è soltanto un edificio o una voce di bilancio"", sostengono nel comunicato, richiamando il suo ruolo educativo e sociale per il quartiere. Le organizzazioni riferiscono inoltre di aver sollecitato un controllo di Ats nella sede di via Fiume e che il sopralluogo è stato effettuato il giorno successivo.
La richiesta di un tavolo in prefettura
Il confronto, secondo i sindacati, deve riguardare anche l’eventuale riorganizzazione della rete scolastica cittadina. Il calo demografico e la necessità di rivedere i servizi sono questioni reali, osservano, ma ogni scelta deve tenere conto della continuità didattica, della vicinanza della scuola alle famiglie, del diritto allo studio e delle condizioni di lavoro del personale.
Per questo chiedono al comune di chiarire quale futuro preveda per la Corridoni e con quali criteri intenda affrontare un eventuale dimensionamento. Al prefetto chiedono invece di riunire attorno allo stesso tavolo Comune, uffici scolastici, istituzione scolastica, rappresentanti dei genitori e organizzazioni sindacali.
""La mancata risposta del comune è un fatto grave"", scrivono le sigle, che annunciano il proprio sostegno alle iniziative pubbliche incentrate sulla richiesta di dialogo. L’obiettivo, concludono, è arrivare a una soluzione stabile e condivisa per la Corridoni."
20260923113519,Pmi,https://www.pmi.it/card/pensione-vecchiaia-e-anticipata-requisiti-attuali-e-futuri,,,,,,srclc:ita,"di Anna Fabi
L’accesso alla pensione di vecchiaia e anticipata nel 2026 segue i requisiti ordinari senza nuovi adeguamenti alla speranza di vita. La Circolare INPS n. 28 del 16 marzo scorso ha invece recepito l’aumento dei requisiti pensionistici per il biennio 2027-2028, applicato gradualmente secondo le disposizioni della Legge di Bilancio.
Dal 2029 entrano poi in gioco le nuove stime RGS sull’età pensionabile, elaborate sullo scenario demografico Istat mediano base 2024. Le proiezioni indicano ulteriori aumenti fino al 2035, mentre i requisiti effettivi saranno determinati sulla base della speranza di vita accertata a consuntivo dall’Istat.
Requisiti pensione 2026: vecchiaia a 67 anni e 20 anni di contributi
Nel 2026 la pensione di vecchiaia richiede 67 anni di età e almeno 20 anni di contributi per la generalità dei lavoratori iscritti all’assicurazione generale obbligatoria (AGO) e alle forme sostitutive ed esclusive. I requisiti sono:
- requisito anagrafico, 67 anni di età per uomini e donne, dipendenti e autonomi;
- requisito contributivo, almeno 20 anni di contributi versati o accreditati;
- importo soglia, per chi ha iniziato a versare dal 1° gennaio 1996 la pensione deve raggiungere almeno l’importo dell’assegno sociale previsto per l’anno di riferimento.
Dal 2027 il requisito anagrafico sale a 67 anni e 1 mese e dal 2028 a 67 anni e 3 mesi, secondo l’adeguamento alla speranza di vita recepito dalla Circolare INPS n. 28/2026.
Deroghe e contributivi puri
Per i lavoratori contributivi puri, privi di anzianità contributiva precedente al 1° gennaio 1996, è prevista anche la possibilità di accedere alla pensione di vecchiaia a 71 anni con almeno 5 anni di contribuzione effettiva, indipendentemente dall’importo dell’assegno maturato.
Uscita anticipata nel 2026: requisiti ordinari e canale contributivo
Nel 2026 la pensione anticipata ordinaria può essere raggiunta indipendentemente dall’età anagrafica con i requisiti contributivi previsti dalla Legge Fornero:
- uomini, 42 anni e 10 mesi di contributi, pari a 2.227 settimane;
- donne, 41 anni e 10 mesi di contributi, pari a 2.175 settimane.
Per la generalità dei lavoratori si applica una finestra mobile di tre mesi tra la maturazione del requisito contributivo e la decorrenza del trattamento. Per gli iscritti alle gestioni pubbliche CPDEL, CPS, CPI e CPUG la finestra è invece di cinque mesi per i requisiti maturati nel 2026, sette mesi nel 2027 e nove mesi dal 2028.
Dal 2027 anche i requisiti contributivi per l’anticipata ordinaria aumentano con l’adeguamento alla speranza di vita: servono 42 anni e 11 mesi agli uomini e 41 anni e 11 mesi alle donne; dal 2028 salgono rispettivamente a 43 anni e 1 mese e 42 anni e 1 mese.
Esiste inoltre la pensione anticipata contributiva, che nel 2026 consente l’uscita a 64 anni con almeno 20 anni di contribuzione effettiva, con esclusione della contribuzione figurativa, e una prima rata di pensione pari almeno a 3 volte l’assegno sociale. La soglia scende a 2,8 volte per le donne con un figlio e a 2,6 volte per quelle con due o più figli.
Canali agevolati 2026: APE Sociale, Quota 41 e lavori usuranti
Nel 2026 continuano ad applicarsi alcune forme di pensionamento flessibile o agevolato destinate a categorie tutelate, con requisiti e termini specifici:
- APE Sociale, prorogata fino al 31 dicembre 2026 dalla Legge 30 dicembre 2025, n. 199, spetta dai 63 anni e 5 mesi a disoccupati, caregiver, invalidi civili almeno al 74% e addetti a lavori gravosi, con un’indennità fino a 1.500 euro lordi mensili; le domande di verifica dei requisiti sono previste entro il 31 marzo, il 15 luglio e, come ultima scadenza dell’anno, il 30 novembre 2026, secondo la Circolare INPS n. 19 del 25 febbraio 2026;
- Quota 41 precoci, con 41 anni di contributi nel 2026 per chi possiede almeno 12 mesi di lavoro effettivo prima dei 19 anni e rientra in una delle categorie tutelate; dal 2027 il requisito sale a 41 anni e 1 mese, mentre i lavoratori precoci addetti alle mansioni esentate dall’adeguamento alla speranza di vita mantengono il requisito di 41 anni;
- lavori usuranti, con accesso agevolato ai sensi del Decreto legislativo 21 aprile 2011, n. 67 e senza adeguamento alla speranza di vita anche per il biennio 2027-2028; per chi matura i requisiti nel 2027 il termine ordinario per la domanda di riconoscimento era fissato al 1° maggio 2026 dal Messaggio INPS n. 1188 del 2 aprile 2026.
Flessibilità in uscita: cristallizzazione del diritto
Nel 2026 Quota 103 e Opzione Donna non sono state prorogate per la maturazione di nuovi requisiti. Possono continuare ad accedere alle misure coloro che avevano già perfezionato le condizioni richieste entro le rispettive scadenze:
- Quota 103, utilizzabile anche nel 2026 da chi ha compiuto 62 anni e maturato 41 anni di contributi entro il 31 dicembre 2025, con assegno calcolato interamente con il sistema contributivo;
- Opzione Donna, accessibile alle lavoratrici che hanno maturato i requisiti anagrafici e contributivi previsti entro il 31 dicembre 2024 e possiedono le condizioni soggettive richieste dalla disciplina.
Finestre di uscita e decorrenza INPS
La decorrenza della pensione varia in base alla misura e alla gestione previdenziale. Per la pensione anticipata ordinaria la finestra è generalmente di tre mesi, mentre per gli iscritti CPDEL, CPS, CPI e CPUG arriva a cinque mesi per i requisiti maturati nel 2026, sette mesi nel 2027 e nove mesi dal 2028; altre forme di pensionamento prevedono termini differenti.
Date di decorrenza e requisiti e opzioni di uscita nel 2026 possono essere confrontati utilizzando il simulatore di calcolo pensione per stimare la data di pensionamento e l’importo dell’assegno in base alla propria posizione contributiva."
20260923112721,Il Reggino,https://www.ilreggino.it/rubriche/leditoriale/classi-a-numero-chiuso-e-percentuali-dumanita-il-regresso-di-una-scuola-che-etichetta-invece-di-educare-watiqxm7,,,,,,srclc:ita,"A fare da contraltare a questo slancio “punitivo” sono giunte, limpide e necessarie, le parole del Presidente della Repubblica Sergio Mattarella che, dall'inaugurazione dell'anno scolastico ad Amatrice, ha richiamato l'Articolo 34 della Costituzione: ""La scuola è aperta a tutti"".
Tutti gli articoli di L'editoriale
PHOTO
C’è una solitudine sottile che stringe il cuore di chi, ogni mattina, varca la soglia di un’aula scolastica per professione e per vocazione. È la sensazione di assistere all’ennesimo cortocircuito di un Paese che, anziché affrontare la complessità del reale con la profondità della pedagogia, sceglie la scorciatoia rassicurante, e drammaticamente sterile, della burocrazia securitaria.
Negli ultimi giorni, il dibattito pubblico è stato nuovamente infiammato dall'annuncio del Governo Meloni e del Ministero dell'Istruzione e del Merito circa l'introduzione di un tetto alla presenza di studenti stranieri o non italofoni nelle classi. Una misura presentata sotto le insegne del ""decoro"" e dell'""integrazione efficace"", ma che nei fatti risuona come un maldestro tentativo di ingegneria sociale sulle spalle dei più giovani.
A fare da contraltare a questo slancio punitivo sono giunte, limpide e necessarie, le parole del Presidente della Repubblica Sergio Mattarella che, dall'inaugurazione dell'anno scolastico ad Amatrice, ha richiamato l'Articolo 34 della Costituzione: ""La scuola è aperta a tutti"". Il Capo dello Stato ha ricordato che l'istruzione non è un privilegio condizionato né un cantiere da contingentare, bensì la più potente ed efficace leva di integrazione, coesione e costruzione di una cittadinanza comune.
L'illusione delle quote e la totale inutilità della misura
Da docente e da pedagogista, la prima domanda che sento il dovere di porre è di una semplicità disarmante: a cosa serve davvero questa misura?
Fissare una percentuale, sia essa il 20% o il 30% , non crea magicamente un docente in più, non fornisce mediatori culturali agli istituti in affanno, non riduce il sovraffollamento delle aule e non insegna a un bambino a coniugare i verbi in italiano. L'unica conseguenza concreta sarà il pendolarismo coatto di bambini costretti ad attraversare quartieri o città per non sballare i coefficienti numerici del plesso vicino. Si trasforma la scuola in un ufficio di collocamento demografico dove i minori diventano mere ""eccedenze"" da smistare. È la vittoria della forma sulla sostanza, dell'illusione contabile sulla didattica reale.
L'etichettamento preventivo: il rischio di un passo indietro catastrofico
Ma l'aspetto più insidioso di questa linea politica non è soltanto la sua palese inefficacia operativa: è il suo devastante impatto simbolico ed educativo.
Catalogare un alunno all'ingresso della scuola sulla base del suo passaporto o della sua padronanza linguistica di partenza significa compiere un passo indietro di decenni. Significa apporre un'etichetta preventiva sulla testa di un bambino. Quando stabilisci che in una classe non vi debbano essere ""troppi stranieri"", stai implicitamente inoculando nello sguardo dei compagni e delle famiglie un messaggio velenoso: che l'altro è un freno, un fattore di ritardo, una presenza problematica da contenere entro margini di tolleranza aritmetica.
Invece di concepire la classe come una comunità viva di apprendimento e di relazioni, la si trasforma in una somma di categorie contrapposte. Si sostituisce la pedagogia dell'accoglienza con la contabilità del sospetto.
Un colpo di spugna su anni di lotte e formazione docente
Come insegnanti e formatori, abbiamo lottato per anni nelle scuole di ogni ordine e grado. Abbiamo speso ore ed ore in corsi di aggiornamento, workshop, progetti didattici dedicati all'inclusione, alla prevenzione del bullismo e del razzismo, all'educazione all'alterità e alla cooperazione. Abbiamo insegnato ai nostri ragazzi che la diversità non è un ostacolo al percorso comune, ma la sua risorsa più feconda.
Oggi vediamo questo patrimonio formativo ed umano spazzato via con un disinvolto colpo di spugna istituzionale. Le parole d'ordine che hanno guidato la scuola democratica negli ultimi trent'anni rischiano di essere ridotte a cenci verbali, mentre la formazione professionale del corpo docente viene ridicolizzata da una narrazione politica che preferisce il dogma della segregazione funzionale alla complessità dell'insegnamento.
Siamo di fronte all'ennesima dimostrazione di come la storia non insegni nulla e di come i corsi e ricorsi storici teorizzati da Giambattista Vico si ripresentino ciclicamente: cambiano le formule burocratiche, cambiano gli slogan di governo, ma la sostanza rimane la medesima ansia identitaria che cerca ordine nella separazione anziché nell'incontro.
Orizzonti filosofici: le domande sulla diversità e sul nostro domani
Di fronte a questo progresso regressivo, in cui l'avanzamento dei tempi coincide paradossalmente con l'arretramento dei diritti e del pensiero critico, non possiamo limitarci alla protesta: dobbiamo ritrovare la forza della domanda filosofica ed esistenziale.
Che cos'è, in ultima analisi, la diversità se non la condizione ontologica stessa dell'essere umano? Che cos'è un'aula scolastica se non il primo specchio del mondo in cui impariamo che l'altro esiste, parla, soffre e sogna con codici differenti dai nostri?
Se la scuola inizia ad addestrare le nuove generazioni all'idea che l'umanità si gestisce per contingentamenti e che la pluralità è un rischio da contenere, cosa dobbiamo aspettarci dalla società di domani? Quale idea di comunità stiamo lasciando in eredità se il primo insegnamento dello Stato ai suoi bambini è che esistono confini ed etichette persino tra i banchi di scuola?
Non c'è merito senza equità, non c'è crescita senza accoglienza, non c'è futuro in una scuola che sbarra le porte all'altro per la paura di guardarsi allo specchio. Restituire dignità alla scuola significa ritrovare il coraggio dell'inclusione senza riserve, ricordando a chi governa che le persone non sono percentuali e che l'educazione o è emancipazione e incontro, o semplicemente non è."
20260923112556,Huffpost Italia,https://www.huffingtonpost.it/salute/2026/09/23/news/giornata_urologia_decalogo_salute_uro-andrologica-425602345/,,,,,,srclc:ita,"Invecchiare in salute non è questione di fortuna, ma di scelte corrette e abitudini salutari. E per il sesso maschile, vuol dire anche abbattere le barriere culturali che ancora oggi allontanano gli uomini dai controlli periodici. L’occasione per ricordarlo è la sesta Giornata nazionale dell’Urologia, presentata oggi a Roma presso l’Auditorium Cosimo Piccinno del ministero della Salute: un evento promosso dalla Società Italiana di Urologia (Siu), che per l’occasione ha scelto di lanciare il “Decalogo della Longevità Uro-Andrologica”, una guida pratica per promuovere la diagnosi precoce nelle diverse fasi della vita.
Un cambio di paradigma
In un contesto demografico segnato dall’invecchiamento della popolazione, la diagnosi precoce rappresenta uno strumento essenziale per la sostenibilità del sistema sanitario e la tutela dell’autonomia personale nella terza età. Il tema oggi è non è più solo aggiungere anni alla vita – per citare una celebre frase di Rita Levi Montalcini – ma vita agli anni. E in questo senso, la salute uro-andrologica interessa ambiti chiave del benessere: dalla fertilità alla funzionalità urinaria, fino alla prevenzione oncologica.
“La longevità non si misura semplicemente nel numero degli anni vissuti, ma nella qualità della vita che siamo in grado di preservare nel tempo”, spiega Giuseppe Carrieri, presidente Siu. “Accompagnare l’uomo nelle diverse stagioni della vita significa trasformare la visita urologica periodica da evento occasionale o legato all'insorgenza di sintomi a un gesto ordinario di prevenzione. Il nostro Decalogo ricorda che la prevenzione comincia quando si sta bene e che la conoscenza del proprio rischio di tumore della prostata non coincide con un singolo esame come il Psa, ma richiede una valutazione complessiva basata su età, familiarità e storia personale”.
I segnali da non sottovalutare
Il decalogo stilato dagli esperti evidenzia l’importanza di saper ascoltare i segnali inviati dal corpo. Svegliarsi frequentemente di notte per urinare, ad esempio, non è solo un potenziale disturbo prostatico, ma può indicare problematiche cardiache o metaboliche. Allo stesso modo, alterazioni del getto urinario o sensazioni di urgenza non vanno considerate inevitabili conseguenze dell’età.
La prevenzione maschile passa inoltre anche attraverso una corretta attenzione per la sfera sessuale: “La funzione sessuale è una spia fondamentale del benessere generale – conferma Bernardo Rocco, consigliere dell’Ufficio Comunicazione della Siu – un suo cambiamento può essere un primo segnale di un problema vascolare o metabolico e non va ignorato”. Le raccomandazioni pratiche includono inoltre l’adozione di abitudini quotidiane salutari, come l’alimentazione – aderendo per quanto possibile alla dieta mediterranea – un’adeguata idratazione (con riduzione dei liquidi serali per proteggere il sonno), la protezione da calore e sostanze chimiche in ambito lavorativo, l’autocontrollo dei genitali e la revisione periodica delle terapie farmacologiche in età avanzata.
Integrazione e innovazione clinica
L'approccio preventivo si affianca all'evoluzione delle tecnologie mediche, che negli ultimi anni hanno ridefinito le opzioni terapeutiche disponibili. L’avanzamento delle tecniche diagnostiche, l’impiego della chirurgia robotica e lo sviluppo di farmaci mininvasivi permettono oggi interventi mirati con tempi di recupero ridotti e un impatto contenuto sulla vita quotidiana. Strumenti che rendono sempre più curabili moltissime patologie di ambito urologico e migliorano considerevolmente la qualità di vita dei pazienti, soprattutto in caso di diagnosi e interventi precoci.
“L’evoluzione tecnologica e l’innovazione nei percorsi di cura ci consentono oggi di offrire risposte personalizzate e tempestive”, conclude Vincenzo Mirone, consigliere dell'Ufficio Pazienti della Siu. “Rafforzare l’alleanza tra urologo e paziente è il presupposto fondamentale per garantire trattamenti efficaci e tutelare appieno il benessere uro-andrologico della popolazione”."
20260923112556,La Repubblica,https://www.repubblica.it/salute/2026/09/23/news/giornata_urologia_decalogo_salute_uro-andrologica-425602345/?rss=,,,,,,srclc:ita,"Invecchiare in salute non è questione di fortuna, ma di scelte corrette e abitudini salutari. E per il sesso maschile, vuol dire anche abbattere le barriere culturali che ancora oggi allontanano gli uomini dai controlli periodici. L’occasione per ricordarlo è la sesta Giornata nazionale dell’Urologia, presentata oggi a Roma presso l’Auditorium Cosimo Piccinno del ministero della Salute: un evento promosso dalla Società Italiana di Urologia (Siu), che per l’occasione ha scelto di lanciare il “Decalogo della Longevità Uro-Andrologica”, una guida pratica per promuovere la diagnosi precoce nelle diverse fasi della vita.
Un cambio di paradigma
In un contesto demografico segnato dall’invecchiamento della popolazione, la diagnosi precoce rappresenta uno strumento essenziale per la sostenibilità del sistema sanitario e la tutela dell’autonomia personale nella terza età. Il tema oggi è non è più solo aggiungere anni alla vita – per citare una celebre frase di Rita Levi Montalcini – ma vita agli anni. E in questo senso, la salute uro-andrologica interessa ambiti chiave del benessere: dalla fertilità alla funzionalità urinaria, fino alla prevenzione oncologica.
“La longevità non si misura semplicemente nel numero degli anni vissuti, ma nella qualità della vita che siamo in grado di preservare nel tempo”, spiega Giuseppe Carrieri, presidente Siu. “Accompagnare l’uomo nelle diverse stagioni della vita significa trasformare la visita urologica periodica da evento occasionale o legato all'insorgenza di sintomi a un gesto ordinario di prevenzione. Il nostro Decalogo ricorda che la prevenzione comincia quando si sta bene e che la conoscenza del proprio rischio di tumore della prostata non coincide con un singolo esame come il Psa, ma richiede una valutazione complessiva basata su età, familiarità e storia personale”.
I segnali da non sottovalutare
Il decalogo stilato dagli esperti evidenzia l’importanza di saper ascoltare i segnali inviati dal corpo. Svegliarsi frequentemente di notte per urinare, ad esempio, non è solo un potenziale disturbo prostatico, ma può indicare problematiche cardiache o metaboliche. Allo stesso modo, alterazioni del getto urinario o sensazioni di urgenza non vanno considerate inevitabili conseguenze dell’età.
La prevenzione maschile passa inoltre anche attraverso una corretta attenzione per la sfera sessuale: “La funzione sessuale è una spia fondamentale del benessere generale – conferma Bernardo Rocco, consigliere dell’Ufficio Comunicazione della Siu – un suo cambiamento può essere un primo segnale di un problema vascolare o metabolico e non va ignorato”. Le raccomandazioni pratiche includono inoltre l’adozione di abitudini quotidiane salutari, come l’alimentazione – aderendo per quanto possibile alla dieta mediterranea – un’adeguata idratazione (con riduzione dei liquidi serali per proteggere il sonno), la protezione da calore e sostanze chimiche in ambito lavorativo, l’autocontrollo dei genitali e la revisione periodica delle terapie farmacologiche in età avanzata.
Integrazione e innovazione clinica
L'approccio preventivo si affianca all'evoluzione delle tecnologie mediche, che negli ultimi anni hanno ridefinito le opzioni terapeutiche disponibili. L’avanzamento delle tecniche diagnostiche, l’impiego della chirurgia robotica e lo sviluppo di farmaci mininvasivi permettono oggi interventi mirati con tempi di recupero ridotti e un impatto contenuto sulla vita quotidiana. Strumenti che rendono sempre più curabili moltissime patologie di ambito urologico e migliorano considerevolmente la qualità di vita dei pazienti, soprattutto in caso di diagnosi e interventi precoci.
“L’evoluzione tecnologica e l’innovazione nei percorsi di cura ci consentono oggi di offrire risposte personalizzate e tempestive”, conclude Vincenzo Mirone, consigliere dell'Ufficio Pazienti della Siu. “Rafforzare l’alleanza tra urologo e paziente è il presupposto fondamentale per garantire trattamenti efficaci e tutelare appieno il benessere uro-andrologico della popolazione”."
20260923110011,Vita It,https://www.vita.it/alzheimer-alleanza-ateneo-filantropia-riduce-i-tempi/,,,,,,srclc:ita,"Da un anno a soli tre mesi: sono i risultati ottenuti su oltre 200 casi nel 2025 , nell'accertamento della patologia. Accade al Centro integrato di ricerca e cura sulla malattia d’Alzheimer - Fondazione Roma, che unisce ricerca traslazionale, tecnologie... L'articolo Alzheimer, a Roma l’alleanza università-filantropia riduce i tempi di diagnosi proviene da Vita.it ."
20260923104841,Leccenews24,https://www.leccenews24.it/attualita/abitare-il-futuro-convegno-felici-longevi-lecce-2026.htm,,,,,,srclc:ita,"Passare dalla semplice “cura dell’anziano” a una vera e propria progettazione della longevità. È questo il filo conduttore del quarto appuntamento del percorso formativo «Felici & Longevi», dal titolo “ABITARE IL FUTURO. Non autosufficienza, casa, fisco: nuove risposte per accompagnare l’invecchiamento”.
Promosso da Cisl Lecce, Fnp CISL Lecce, Fnp CISL Puglia e Innovaal (Distretto tecnologico per l’innovazione sociale, la domotica e la robotica per la vita indipendente), l’evento si terrà giovedì 24 settembre 2026, dalle ore 8.30 alle 12.30, presso le Officine Cantelmo in Viale Michele De Pietro 8/A a Lecce.
Dopo le tappe di Bari (Ageismo), Taranto (Sessualità e affettività) e Foggia (Silver economy e turismo senior), il seminario di Lecce mette al centro tre pilastri fondamentali per il benessere della popolazione anziana: la non autosufficienza, l’abitare sociale e la fiscalità d’impatto
Il contesto demografico e le sfide della Puglia
La Puglia sta affrontando una trasformazione demografica senza precedenti, caratterizzata da tre macro-dinamiche:
- Aumento degli over 80 e delle persone sole: Crescono gli ultraottantenni e il numero di famiglie unipersonali o di nuclei che assistono un familiare non autosufficiente.
- Emergenza aree interne e desertificazione dei servizi: I piccoli comuni e le zone interne vivono una progressiva riduzione dei servizi essenziali, aggravata da fragilità digitale, povertà energetica e povertà abitativa.
- Un nuovo modello oltre la famiglia: Le nuove disuguaglianze sociali rendono insufficiente il modello assistenziale tradizionale centrato quasi esclusivamente sul carico familiare.
Di fronte a questo scenario, il seminario intende promuovere il modello della Long Term Care: un sistema integrato di cure, servizi domiciliari, supporti economici, innovazione abitativa e sostegno ai caregiver. L’iniziativa si inserisce nel solco tracciato dal Piano Regionale delle Politicas Sociali della Puglia 2026-2028 e dalla riforma nazionale della non autosufficienza (D.Lgs. n. 29/2024), che impongono di passare dalle singole prestazioni alla costruzione di veri e propri progetti di vita personalizzati.
I temi chiave: innovazione abitativa e leva fiscale
Durante i lavori verranno esplorate soluzioni concrete per garantire la dignità e la vita autonoma delle persone anziane nella propria comunità:
Abitare la Longevità
Dalla domotica avanzata alla teleassistenza, fino ai sensori antiruzzolamento e alla robotica di compagnia. Verranno discussi modelli innovativi come:
- cohousing senior
- condomini solidali
- appartamenti protetti
- borghi della longevità
- abitare intergenerazionale (esperienze di convivenza tra studenti universitari e anziani autosufficienti)
Fiscalità a supporto della domiciliarità
L’uso delle leve fiscali per agevolare la permanenza a casa. Tra le proposte principali:
- crediti d’imposta per l’adattamento domestico e l’abbattimento delle barriere architettoniche
- detrazioni per la domotica e la teleassistenza
- riduzioni IMU e TARI per forme di cohousing
- supporto mirato tramite ISEE sociosanitario, CAF e Patronati
Programma e organizzazione del convegno
L’incontro vedrà la partecipazione di qualificati esponenti istituzionali e sindacali nazionali e territoriali:
- Saluti Istituzionali:
  - Ada Chirizzi – Segretaria generale Cisl Lecce
  - Adriana Poli Bortone – Sindaco di Lecce
- Introduzione ai lavori:
  - Antonio Zippo – Segretario generale Fnp Cisl Lecce
- Relazioni tematiche:
  - Domenico Maiorano – Reggente Fnp Cisl Puglia
  - Raffaele Migliorini – Responsabile Coordinamento generale medico legale INPS nazionale (Intervento: “Longevità come nuova stagione della cittadinanza”)
  - Silvia Stefanovichj – Dipartimento politiche sanitarie e socioassistenziali Cisl nazionale (Intervento: “Non autosufficienza, progetto di vita e fiscalità”)
  - Alessandro De Robertis – Presidente Consorzio Innovaal (Intervento: “Abitare la longevità”)
- Conclusioni:
  - Roberto Pezzani – Segretario generale Fnp Cisl nazionale
L’Atto di Impegno della FNP CISL Lecce
A coronamento della giornata di studio e confronto, la sessione conclusiva vedrà la presentazione dell’Atto di Impegno della FNP CISL Lecce, affidato a Lucia Ieronimo, Segretaria territoriale Fnp Cisl Lecce.
L’Atto di Impegno intende tracciare una vera e propria mappa d’azione per il territorio salentino, proponendo l’istituzione di una «Carta della Fragilità Preventiva» e un’anagrafe dedicata per intercettare i bisogni degli anziani prima che insorga la non autosufficienza.
L’impegno si articola su tre direttrici strategiche:
- Osservatorio permanente sulla longevità e la non autosufficienza nel Salento: In collaborazione con Università, enti locali e Terzo Settore, per monitorare i bisogni emergenti e la qualità dei servizi.
- Programma «Abitare Bene» e Sportello Abitare Senior: Per sostenere cohousing, condomini solidali e rigenerazione urbana, affiancando gli anziani nell’accesso a bonus fiscali, domotica e contributi per l’accessibilità tramite la rete del CAF e del Patronato. A ciò si affiancherà la promozione della «Rete dei Custodi Sociali di Quartiere» e della «Carta dell’Abitare Sicuro».
- Piena attuazione della Riforma (D.Lgs. 29/2024): Un’azione d’interlocuzione stabile con le istituzioni pubbliche per garantire la centralità dei progetti di vita personalizzati e un concreto sostegno ai caregiver familiari."
20260923104600,Torino Oggi,https://www.torinoggi.it/2026/09/23/leggi-notizia/argomenti/attualita-31/articolo/al-via-la-prima-volta-il-progetto-per-avvicinare-7700-neo-elettori-al-voto.html,,,,,,srclc:ita,"Trasformare un dovere civico in un’esperienza pubblica, consapevole e condivisa. È questo l’obiettivo di “La Prima Volta - Un anno di incontri, percorsi ed eventi fino al tuo primo voto”, il progetto promosso dalla Città di Torino e realizzato dalla Fondazione per la Cultura Torino nell’ambito di Biennale Democrazia e sostenuto da Fondazione Compagnia di San Paolo nell’ambito del Bando “Feste del Primo Voto”.
L’iniziativa, che accompagnerà i giovani torinesi fino all'autunno 2027, debutterà ufficialmente venerdì 9 ottobre 2026.
Il progetto nasce da un dato demografico e democratico cruciale: a Torino sono circa 7.700 i giovani che tra il 2026 e il 2027 acquisiranno il diritto di voto per la prima volta, inserendosi in un contesto nazionale che vede la partecipazione elettorale in forte calo proprio tra le nuove generazioni.
“Il voto - sottolinea il sindaco Stefano Lo Russo - è uno strumento fondamentale della democrazia: ci permette di partecipare alle scelte che riguardano la nostra comunità e il suo futuro. Per questo crediamo nel valore di un’iniziativa che avvicina alla vita pubblica le ragazze e i ragazzi appena diventati maggiorenni, offrendo loro l’occasione di scoprire cosa significa diventare cittadini elettori e di riflettere sul valore di un diritto conquistato e mai scontato. Potranno conoscere da vicino i luoghi delle istituzioni, comprendere meglio come funzionano e ripercorrere tappe decisive della storia del nostro Paese, a partire dall’estensione del diritto di voto alle donne, ottant’anni fa”.
Il progetto è sostenuto dalla Fondazione Compagnia di San Paolo nell’ambito del Bando “Feste del Primo Voto”, che traduce in azione una priorità strategica della Fondazione: promuovere la partecipazione attiva e il protagonismo delle nuove generazioni, rafforzandone il ruolo nella vita democratica e nella costruzione di comunità più consapevoli e coese”.
“Con le Feste del Primo Voto – spiega Marco Gilli, Presidente della Fondazione Compagnia di San Paolo, abbiamo scelto di partire dai Comuni perché, attraverso le anagrafi, possono raggiungere tutti i nuovi elettori, senza distinzioni: è questa universalità che dà forza pubblica all’iniziativa. In Piemonte e Liguria 71 Comuni stanno sperimentando attraverso questo bando un modo nuovo per riconoscere il primo voto, accompagnarlo con strumenti di conoscenza e coinvolgere direttamente i giovani. Oltre a sostenere queste sperimentazioni la Fondazione ne valuterà i risultati: se dimostrerà di funzionare, l’auspicio è che possa diventare patrimonio delle politiche pubbliche e una pratica stabile delle nostre istituzioni democratiche”.
L’attivazione del progetto si sviluppa su due livelli. Il primo è rivolto a tutti i votanti: entro fine settembre, ciascuno dei 7.700 neo-elettori riceverà dalla Città di Torino una lettera d'invito formale cartacea. Un gesto simbolico e diretto da parte dell'istituzione verso i nuovi cittadini. Il secondo livello prevede l’avvio di laboratori di cittadinanza intensivi e inclusivi sul territorio: saranno coinvolti direttamente circa 200 studenti di 10 classi delle scuole secondarie e un centinaio di giovani tra i 17 e i 19 anni attraverso la Rete delle Case del Quartiere, il Centro Interculturale della Città di Torino e grazie al Museo Diffuso della Resistenza, della Deportazione, della Guerra, dei Diritti e della Libertà e Torino Urban Lab. Tra questi, ragazze e ragazzi con background migratorio e nuovi cittadini spesso distanti dai circuiti formativi tradizionali.
Il programma del 9 ottobre, dedicato ai giovani tra i 17 e i 19 anni, si svolgerà in piazza Palazzo di Città e a Palazzo Civico e a Torino Urban Lab, che per l'occasione resterà aperto per tutta la durata dell'evento, nel calendario di appuntamenti delle Giornate della Legalità - Spazi aperti in luoghi chiusi. L’ideazione e la produzione dell'evento sono affidate alla Fondazione Club Silencio ETS, che applicherà il collaudato format di intrattenimento culturale e svelamento degli spazi pubblici. Per una sera, la sede della vita istituzionale torinese diventerà un grande laboratorio a cielo aperto. Le attività in piazza, dalle 17, prevedono molti stand di giochi e attività curati dai partner che partecipano al progetto. Tra questi: la Scatola del Voto (laboratorio per imparare a piegare la scheda), Non ci casco (sfide di dibattito regolato su temi a sorpresa), l’Installazione Questione di Tempo (una timeline intergenerazionale dal 1950-2026) e A Prima Vista (sfida per riconoscere immagini reali da quelle generate da intelligenze artificiali). Chi completerà le tappe accederà a firmare un pannello pubblico e a ricevere il Kit Civico del progetto.
 
Oltre agli enti che cureranno i laboratori di cittadinanza, partecipano al progetto e saranno presenti in piazza Palazzo di Città anche la Consulta Provinciale degli Studenti, Torinogiovani e Centro InformaGiovani della Città di Torino, Torino 2033 Capitale Europea della Cultura - città candidata e Torino Futura – Generazione di Cultura.
L’area centrale ospiterà ""Spuntini"", talk informali dedicati alle seconde generazioni e all’alfabetizzazione digitale e IA, dalle 18.30 e dopo un momento di saluti istituzionali. Alle 20.45 è previsto l'intervento musicale delle due special guests della serata: Cara e Lil Jolie, giovani cantautrici che interpretano le voci delle nuove generazioni.
Venerdì 9 ottobre, alle 17, la Sala Rossa di Palazzo Civico, in collaborazione con il Consiglio comunale della Città di Torino, ospita il dialogo “Siamo tutti politici” a cui parteciperà anche la Presidente del Consiglio Comunale Maria Grazia Grippo. Un appuntamento curato dalle Giornate della Legalità che, a ottant’anni dal primo voto delle donne in Italia, con Marianna Aprile e Giorgia Serughetti si interrogherà su che cosa significhi davvero partecipare alla vita pubblica: un’occasione per riscoprire il suffragio femminile non come semplice ricorrenza storica ma come richiamo alla cittadinanza attiva.
Durante la serata, i giovani volontari del servizio civile accompagneranno ragazze e ragazzi in visite guidate alla scoperta delle sale auliche di Palazzo Civico (Cortile d'Onore, Scalone Monumentale, Loggiato, Sala dei Marmi, Sala delle Congregazioni, Sala Rossa).
Il 9 ottobre segna anche il lancio del Kit Civico, uno strumento di alfabetizzazione civica in chiave contemporanea. Il kit comprende una fanzine cartacea e digitale (curata da Gaia Gondino con Eliana Cocca e illustrata da Giobi) strutturata come una scheda elettorale che narra quattro storie di ""prime volte"", un gioco digitale interattivo a bivi e sei pillole video informative sul funzionamento dei seggi e l'utilità del voto come atto di responsabilità e partecipazione civica.
Il viaggio de ""La Prima Volta"" non si ferma a ottobre: da novembre 2026 alla primavera 2027 proseguiranno i laboratori di cittadinanza; ad aprile 2027, all'interno della decima edizione di Biennale Democrazia, si svolgerà una nuova festa e la restituzione pubblica dei laboratori attivati. E più avanti seguiranno momenti celebrativi diffusi nei quartieri a voto avvenuto, per concludersi nell'autunno 2027 con un bilancio pubblico dei risultati.
Tutte le info del progetto su https://www.laprimavoltatorino.it/
La Prima Volta è un progetto di Città di Torino, realizzato da Fondazione per la Cultura Torino, nell'ambito di Biennale Democrazia, sostenuto da Fondazione Compagnia di San Paolo, in collaborazione con Centro Interculturale della Città di Torino, Consulta Provinciale degli Studenti, Fondazione Club Silencio ETS, Giornate della Legalità - Spazi aperti in luoghi chiusi, Museo Diffuso della Resistenza, della Deportazione, della Guerra, dei Diritti e della Libertà, Rete delle Case del Quartiere, Torinogiovani, Torino 2033 Capitale Europea della Cultura - città candidata, Torino Futura – Generazione di Cultura, Torino Urban Lab.
Di seguito il programma completo:
17.00-18.15 - Talk “Siamo tutti politici” in Sala Rossa, Palazzo Civico
dialogo a cura delle Giornate della Legalità con Marianna Aprile e Giorgia Serughetti. Modera Massimo Cuono.
Un’occasione per riscoprire il suffragio femminile non come semplice ricorrenza storica ma come richiamo alla cittadinanza attiva.
17.00-23.00 Stand e attività in Piazza Palazzo di Città e Torino Urban Lab.
Scatola del Voto - laboratorio creativo: si costruisce una scatola per custodire la tessera elettorale e i materiali del percorso, imparando come sono fatte le schede elettorali e come si vota, tra un momento esplicativo e un gioco sui modi ""creativi"" (e sbagliati) di piegare la scheda.
Non ci casco - laboratorio di dibattito con IA con Debate Italia: si osservano contenuti persuasivi reali, tratti da dibattiti storici, contesti internazionali e pubblicità, si prova a smontarli e poi si ripete l'analisi con l'intelligenza artificiale di Camelot for Debate, confrontando i risultati.
Questione di tempo - gioco a timeline: due squadre collocano tessere-evento tra il 1950 e il 2026 su un percorso privo di riferimenti temporali, a punteggio; la sfida è aperta anche agli adulti.
Sembra facile - gioco di gruppo: un gruppo di quindici persone distribuisce gettoni su cinque aree di interesse pubblico (istruzione, salute, cultura, pensioni, politiche estere), osserva come sono state ripartite le risorse e ne affronta le conseguenze concrete, scegliendo ogni volta come decidere tra assemblea, referendum o delega.
A prima vista - discussione aperta a gruppi: davanti a un'immagine iconica, reale o falsa, si discutono dettagli e angolazioni per decidere cosa rappresenta, prima che la risposta venga svelata.
Il mio voto per la mia città - conoscenza degli organi amministrativi: sulla grande carta di Torino, a Torino Urban Lab, si indicano i luoghi più significativi rispondendo a domande tematiche; un quiz racconta come funziona il governo della città e come si eleggono i rappresentanti ai vari livelli. A cura di Torino Urban Lab.
Lascia il segno - attività riservata a chi completa il percorso: tra le postazioni in stile cabina elettorale per lasciare un pensiero scritto e un grande pannello dove lasciare un disegno di sé come segno di partecipazione.
Attività VR - gioco interattivo in realtà virtuale alla scoperta di alcuni spazi simbolici.
L'urna del primo referendum - referendum di piazza con Repeto: un seggio elettorale ricostruito in tre fasi, dai tavoli che selezionano i quesiti alla votazione anonima a flusso continuo, fino allo spoglio in diretta e alla proclamazione finale.
Spazio dedicato ai partner del progetto - a rotazione con materiali e attività divulgative proprie, presentano le loro attività dedicate a ragazzi e ragazze gli enti coinvolti nel progetto, tra cui Torinogiovani e Centro InformaGiovani della Città di Torino, Torino 2033 Capitale Europea della Cultura - città candidata, Torino Futura – Generazione di Cultura. Rete delle Case del Quartiere ets e Centro Interculturale della Città di Torino forniranno le informazioni per partecipare ai laboratori di cittadinanza a loro cura in partenza dalla festa fino alla primavera 2027.
17.00-18.30 Dj set
18.30-21 Visite guidate dentro Palazzo Civico
Visite guidate alle sale auliche (Cortile d'Onore, Scalone Monumentale, Loggiato, Sala dei Marmi, Sala delle Congregazioni, Sala Rossa), a piccoli gruppi accompagnati da giovani volontari del servizio civile.
18.30-19.45 Talk “Il diritto ad avere diritti. Accesso al voto e cittadinanza per le nuove generazioni”
Con Marianna The Influenza e testimonianze del progetto “Il Centro per i giovani”.
Per capire il valore del voto bisogna guardare a chi non ce l’ha: un contrappunto necessario, per ricordare che la cittadinanza piena non è ancora di tutti e che partecipazione e diritto di voto non coincidono. Un confronto tra generazioni e immaginari diversi su cosa significhi “sentirsi parte”. 
In collaborazione con il Centro Interculturale della Città di Torino e la Cooperativa Terremondo
19.45-20.45 Talk “Sicuro sia una tua idea? Social, algoritmi e politica tra informazione e partecipazione”
Con Serena Mazzini, Esmeralda Moretti, Enrica Sabatini.
Un'opinione non nasce mai dal nulla: nasce in un feed, tra contenuti selezionati, pubblicità travestita e immagini generate dall'IA. Chi quei meccanismi li ha costruiti, chi li usa per fare divulgazione e chi studia come decidiamo si confrontano su una domanda sola: quanto è tua l'idea con cui arrivi al voto?
20.45-21.30 Accompagnamento musicale live con Sofia Maceri
21.30-22.30 Live set di Lil Jolie. Opening: Cara
22.30-23.00 Dj set e chiusura della giornata
Eventuali variazioni e integrazioni del programma saranno aggiornate alla pagina https://www.laprimavoltatorino.it/"
20260923102805,Parmatoday,https://www.parmatoday.it/attualita/emilia-romagna-giovani-alte-competenze.html,,,,,,srclc:ita,"Emilia-Romagna, modello nazionale nella capacità di attrarre e trattenere giovani con alte competenze
I risultati di un’indagine del Cnel su 2.500 expat tra i 18 e i 34 anni
L'Emilia-Romagna si conferma punto di riferimento in Italia nelle politiche per l'attrazione e la valorizzazione delle giovani competenze. Nel Rapporto del Cnel ‘Giovani expat: Come farli tornare’, l'esperienza della Regione e il programma operativo it-ER (International Talents Emilia-Romagna) avviato da Art-ER dal 2019, vengono citati come un esempio d'eccellenza di politica territoriale per contrastare la fuga dei cervelli e attrarre risorse ad alta specializzazione.
Il rapporto evidenzia come “il caso dell’Emilia-Romagna si distingue per il carattere pionieristico e per l’ampiezza dell’impianto normativo emiliano-romagnolo”. La decisione discende da una lettura attenta delle dinamiche territoriali: a fronte di un saldo demografico naturale strutturalmente negativo e di un progressivo invecchiamento della popolazione e della crescente richiesta di personale qualificato per sostenere gli investimenti tecnologici e produttivi del territorio, la regione beneficia di un saldo migratorio positivo, sostenuto soprattutto dall’apporto di giovani provenienti da altre regioni italiane.
""Vedere l'Emilia-Romagna indicata come esperienza pionieristica e modello di eccellenza nazionale nelle politiche per l'attrazione dei talenti conferma che la strada intrapresa è quella giusta- dichiarano il presidente della Regione, Michele de Pascale, e il vicepresidente della Regione, Vincenzo Colla-. In un Paese che sta vivendo una vera emorragia di giovani competenze, abbiamo scelto di dotarci per primi di una legge dedicata e di un programma operativo, it-ER, che non si limita agli incentivi fiscali ma punta sulla qualità del lavoro, sul welfare, sui servizi alle famiglie e sul merito. Il nostro obiettivo è rendere l'Emilia-Romagna un territorio dove si sceglie di venire e restare per le opportunità professionali e per la qualità della vita. Un modello aperto, rivolto non solo a chi è partito, ma a tutti i giovani talenti italiani e internazionali che vogliono costruire qui il loro futuro. Per la Regione è una scelta strategica e strutturale nel tempo e, ovviamente, siamo impegnati ad affinare il modello e a sostenerlo con bandi di sistema dedicati"".
Il rapporto, frutto di un’indagine promossa dal Cnel su 2.500 expat tra i 18 e i 34 anni attraverso un questionario in cui venivano richieste le ragioni della partenza, il bilancio dell'esperienza e le condizioni alle quali i giovani prenderebbero in considerazione il rientro, fotografa una vera e propria emorragia generazionale: tra il 2011 e il 2024 l’Italia ha perso, al netto dei rientri, 441mila giovani tra i 18 e i 34 anni, con un saldo negativo record di oltre 61mila unità nel solo 2024.
A rispondere è stata la parte più formata di una generazione: il 93% è laureato, con il 45% in possesso di una laurea magistrale, il 22% di un master, il 14% di una laurea triennale e il 12% di un dottorato. Il 58% ha lasciato l'Italia appena terminati gli studi, senza averci mai lavorato.
Oggi l'87% dei rispondenti vive in un Paese europeo (il 60% nell'Unione europea, il 27% in Europa extra-Ue) e l'8,5% in Nord America.
La Regione, prima in Italia a dotarsi di una legge ad hoc in materia, ha approvato la legge regionale per l’Attrazione, permanenza e valorizzazione dei talenti ad elevata specializzazione in Emilia-Romagna e il Manifesto per l'attrazione dei Talenti nel maggio 2024.
Il rapporto descrive il programma operativo it-ER International Talents in Emilia-Romagna, come un vero e proprio pilastro operativo della strategia regionale, basato sulla cooperazione tra istituzioni pubbliche, sistema della formazione e dell'università e strutturato in servizi offerti attraverso un unico accesso informativo e un approccio basato sull'analisi dei dati dei flussi migratori (data-driven).
Attraverso un portale unico di accesso, la strategia non si limita al rientro dei soli connazionali o corregionali espatriati, ma si rivolge apertamente anche ai talenti provenienti da altre regioni italiane e a ricercatori o professionisti esteri.
Come rilevato dal Cnel, il modello emiliano-romagnolo supera la logica dei soli incentivi economico-fiscali, proponendo una visione olistica centrata sulla qualità del lavoro, sui servizi di welfare, sul supporto ai nuclei familiari e sul merito. L'obiettivo è rendere il territorio un luogo attraente sia per le opportunità professionali sia per le condizioni complessive di vita."
20260923102737,Pmi,https://www.pmi.it/economia/lavoro/486241/eta-pensionabile-aumento-stime-2031.html,,,,,,srclc:ita,"La Ragioneria generale dello Stato aggiorna le stime sui requisiti pensionistici e dal 2029 prevede un ulteriore aumento legato alla speranza di vita. La proiezione interessa vecchiaia e anticipata e sostituisce quella precedente, mentre i requisiti effettivi saranno determinati sui dati Istat accertati a consuntivo.
Età pensionabile 2029, la vecchiaia sale a 67 anni e 6 mesi
Dal 2029 i requisiti per pensione di vecchiaia e anticipata sono stimati rispettivamente a 67 anni e 6 mesi e a 43 anni e 4 mesi di contributi per gli uomini, 42 anni e 4 mesi per le donne, secondo le Tabelle A1.4 e A1.5 del Rapporto n. 27 della Ragioneria generale dello Stato.
L’effetto si può misurare su un caso semplice. Un lavoratore nato il 15 luglio 1962, con almeno 20 anni di contributi e in possesso delle altre condizioni richieste, maturerebbe il requisito anagrafico il 15 gennaio 2030 secondo la stima 2029. Con la soglia prevista dal 2028 lo avrebbe maturato il 15 ottobre 2029: la differenza è di tre mesi. La data della prima rata dipende poi dalle regole di decorrenza applicabili al trattamento.
Scatto 2029, la RGS calcola 4 mesi e ne applica 3
Per il 2029 la RGS stima tre mesi di aumento della speranza di vita a 65 anni nel biennio di riferimento e aggiunge un mese riportato dall’adeguamento precedente: il risultato teorico è di quattro mesi, ricondotto a tre dal limite previsto dalla legge.
Il limite massimo di tre mesi per ciascun adeguamento, con recupero dell’eccedenza nel biennio successivo, è stato introdotto dall’articolo 1, comma 146, della Legge 27 dicembre 2017, n. 205, modificando il meccanismo previsto dall’articolo 24, comma 13, del Decreto-legge 6 dicembre 2011, n. 201, convertito dalla Legge 22 dicembre 2011, n. 214. Per il 2029 il riporto al biennio successivo è quindi pari a un mese.
Il Rapporto RGS precisa che gli adeguamenti dal 2029 sono previsioni costruite sullo scenario demografico Istat mediano con base 2024. I requisiti effettivamente applicati saranno determinati utilizzando l’aumento della speranza di vita accertato a consuntivo dall’Istat.
Pensione 2031, scenario base a 67 anni e 8 mesi
Dal 2031 lo scenario mediano RGS stima la pensione di vecchiaia a 67 anni e 8 mesi e l’anticipata ordinaria a 43 anni e 6 mesi di contributi per gli uomini e 42 anni e 6 mesi per le donne, con un incremento di due mesi rispetto al biennio precedente.
La nota 242 del Rapporto contempla anche uno scenario più alto. Utilizzando per il 2025 la stima provvisoria della speranza di vita e mantenendo per il 2026 il valore dello scenario mediano, l’adeguamento teorico del 2029 sarebbe pari a quattro mesi. Poiché il tetto legale è di tre mesi, il riporto salirebbe a due mesi e l’incremento dal 2031 diventerebbe di tre mesi.
Applicando aritmeticamente quel mese aggiuntivo alla tabella, il requisito di vecchiaia arriverebbe a 67 anni e 9 mesi. Questa cifra è un’elaborazione sullo scenario alternativo indicato nella nota 242; lo scenario mediano utilizzato nella tabella principale è quello assunto dalla RGS per le proprie proiezioni.
Requisiti 2027 e 2028 già definiti: gli scatti in vigore
Per il 2027 e il 2028 i requisiti pensionistici sono già definiti: la Circolare INPS n. 28/2026 recepisce la Legge 30 dicembre 2025, n. 199 e il decreto direttoriale del Ministero dell’Economia e delle Finanze, di concerto con il Ministero del Lavoro e delle Politiche Sociali, del 19 dicembre 2025.
La pensione di vecchiaia richiede 67 anni e 1 mese nel 2027 e 67 anni e 3 mesi nel 2028. Per l’anticipata ordinaria servono rispettivamente 42 anni e 11 mesi e 43 anni e 1 mese agli uomini, con un anno in meno per le donne. Le deroghe per lavori gravosi e usuranti e le diverse finestre di decorrenza appartengono al biennio già disciplinato e non modificano la natura previsionale degli scatti stimati dal 2029."
20260923102712,Bolognatoday,https://www.bolognatoday.it/salubrita-abitativa-oltre-739mila-emiliano-romagnoli-convivono-con-problemi-in-casa-tra-umidita-strutture-danneggiate-e-scarsa-luminosita-in-emilia-romagna-le-case-con-almeno-un-problema-di-salubrita-coinvolgono-decine-di-migliaia-di-famiglie-15263426.htm,,,,,,srclc:ita,"Salubrità abitativa: oltre 739mila emiliano-romagnoli convivono con problemi in casa
• In Emilia-Romagna il 16,5% delle famiglie segnala problemi di umidità nella propria abitazione, l’11,4% strutture danneggiate, l’8,7% scarsa luminosità. In termini assoluti, parliamo di circa 335mila nuclei familiari sul fronte umidità, 231mila sulle strutture e 177mila sulla luminosità.• L'Emilia-Romagna si colloca al nono posto nella classifica delle regioni italiane per diffusione dell’umidità domestica, con il 16,5% delle famiglie interessate. Al vertice della classifica figurano Sardegna (25,7%), Friuli-Venezia Giulia (21%), Abruzzo (21%).• La gestione dell'umidità domestica passa da buone pratiche quotidiane e, quando l'involucro è inefficiente, da interventi più strutturali sulle pareti e sugli ambienti interni. Tra le soluzioni costruttive disponibili, i sistemi a secco e gli intonaci deumidificanti offrono una risposta versatile su umidità, acustica e qualità dell'aria
Sedici virgola cinque per cento. È la quota di famiglie emiliano-romagnole che convivono con problemi di umidità nella propria abitazione secondo l’ISTAT, contro una media nazionale del 16,3%. In valori assoluti, circa 335mila nuclei familiari, pari a oltre 739mila emiliano-romagnoli. Con un pesante risvolto anche sulla salute: secondo l’Organizzazione Mondiale della Sanità, il 13% delle asme croniche infantili nei Paesi industrializzati è correlato a un eccesso di umidità negli edifici. All’umidità si aggiungono altri fattori di rischio, come le case con strutture danneggiate (11,4%, 231mila famiglie), quelle con scarsa luminosità (8,7%, 177mila famiglie) e le abitazioni esposte a rumore nella zona di residenza (9%, 185mila famiglie). Quattro fronti che insieme fotografano lo stato della salubrità abitativa in Emilia-Romagna: è ciò che emerge dall’analisi realizzata da Saint-Gobain Italia su base dati ISTAT. Una sfida per il mondo delle costruzioni, che oggi propone sul mercato soluzioni innovative in grado di migliorare il comfort delle abitazioni con interventi meno invasivi rispetto al passato e dai costi più contenuti. “I dati raccontano un’urgenza concreta, vissuta dentro le case di migliaia di emiliano-romagnoli. La salubrità abitativa è oggi uno dei terreni su cui si misura la qualità del costruito – ha commentato Gaetano Terrasini, Amministratore Delegato di Saint-Gobain Italia. Nel tempo l’edilizia ha iniziato a guardare alle prestazioni energetiche come indicatore principale di qualità. Oggi però il comfort abitativo e il benessere indoor devono essere considerati altrettanto decisivi: parlano alla salute e alla qualità della vita. Continuiamo ininterrottamente a innovare i nostri prodotti perché chi abita una casa possa farlo in condizioni di benessere reale, e perché chi costruisce o ristruttura disponga di strumenti capaci di rispondere alle sfide che i dati ci raccontano.” La geografia del problema: dove si colloca l'Emilia-Romagna Sull’umidità domestica l'Emilia-Romagna occupa il nono posto nazionale con il 16,5%. Al vertice della classifica si trovano Sardegna (25,7%), Friuli-Venezia Giulia (21%) e Abruzzo (21%); all’estremo opposto Campania (11%), Umbria (13%) e Puglia (13,5%). Sulle strutture danneggiate la regione è all’undicesimo posto (11,4%), contro il 12% della media nazionale e i valori di Provincia di Bolzano (19%), Sardegna (16%). Sulla scarsa luminosità l'Emilia-Romagna è all’undicesimo posto (8,7%), contro il 9,6% della media nazionale e i valori di Provincia di Bolzano (19%), Friuli-Venezia Giulia (15,5%). Diverso il quadro del rumore nella zona di residenza: l'Emilia-Romagna si posiziona al tredicesimo posto con il 9%, tra le regioni meno esposte, molto lontano dai valori di Campania (18%), Puglia (15%) e Lazio (15%). Tre mappe diverse, un unico dato di fondo: la qualità dell’involucro edilizio incide direttamente sulla vita domestica delle famiglie emiliano-romagnole sotto forma di umidità, comfort acustico e qualità degli ambienti interni. Il profilo demografico delle famiglie più esposte: c’è anche una questione di genere Quali sono le famiglie più esposte? A livello nazionale, l’umidità risulta più diffusa nelle case delle famiglie più giovani. Nelle famiglie con principale percettore di reddito fino a 35 anni, la quota sale al 18%, quasi due punti sopra la media nazionale. Una traiettoria opposta si osserva per le strutture danneggiate: la quota cresce con l’età del percettore, dal 10% nelle famiglie 35-44 anni al 13% nelle famiglie con percettore over 65. È il profilo del patrimonio edilizio non manutenuto. Sul piano del genere, le famiglie con principale percettore donna risultano più esposte su tutti i fronti: 17% sull’umidità contro il 16% degli uomini, 10,4% sulla scarsa luminosità contro il 9%, 12% sulle strutture danneggiate contro l’11,6%. Dati aggregati su base nazionale. Il ruolo dei sistemi a secco e degli intonaci deumidificanti nelle abitazioni più esposte L'umidità domestica non è un fenomeno inevitabile. Nasce dall'incontro tra condizioni ambientali e caratteristiche dell'edificio: ponti termici nelle pareti perimetrali, ventilazione insufficiente, isolamenti datati, infiltrazioni dall'esterno. Le buone pratiche di gestione quotidiana (aerare gli ambienti più volte al giorno, evitare l'eccessiva condensazione di vapore in cucina e in bagno, tenere sotto controllo gli impianti di riscaldamento) contengono il problema, ma non lo risolvono se l'involucro è inefficiente. Ignorare l'umidità in casa, oltre a deteriorare la qualità della vita, comporta rischi concreti: degrado strutturale delle pareti, formazione di muffe, peggioramento dell'aria interna, con effetti che la letteratura sanitaria internazionale ha ormai documentato. Quando le condizioni dell'edificio chiedono un intervento più strutturale, esistono soluzioni costruttive in grado di agire in modo mirato. Tra queste, il cartongesso e i sistemi a secco offrono un approccio versatile: esistono ad esempio tecnologie capaci di assorbire e neutralizzare fino all’84% della formaldeide presente nell'aria degli ambienti chiusi. Inoltre, gli elementi di chiusura del sistema (ad esempio l’abbinamento lastra in cartongesso con tecnologia di assorbimento della formaldeide e un’idropittura specifica per cartongesso) svolgono un ruolo attivo nel purificare l’aria nel corso del tempo, riducendo la concentrazione di formaldeide e permettendo di vivere spazi sempre più salubri. Un’altra soluzione utile a limitare i danni da umidità in casa è utilizzare un intonaco deumidificante in grado di risanare tutte le tipologie di murature danneggiate. Esistono soluzioni diversificate, valide sia per esterni sia per interni, formulate con leganti cementizi o a base di calce idraulica naturale. Si tratta di interventi leggeri, rapidi da posare e coerenti con un’edilizia a minore impatto ambientale, compatibili con la ristrutturazione del patrimonio esistente e in grado di ridurre le emissioni di CO2 lungo il ciclo di vita del costruito e i consumi energetici per riscaldare e raffrescare gli ambienti."
20260923100333,Ilpiacenza,https://www.ilpiacenza.it/economia/il-cnel-certifica-l-emilia-romagna-come-modello-nella-capacita-di-attrarre-e-trattenere-giovani.html,,,,,,srclc:ita,"Il Cnel certifica l’Emilia-Romagna come modello nella capacità di attrarre e trattenere giovani
Il nuovo rapporto del Cnel su ‘Giovani expat: come farli tornare’ indica la strategia della Regione e il programma it-ER di Art-ER best practice in materia
L'Emilia-Romagna si conferma punto di riferimento in Italia nelle politiche per l'attrazione e la valorizzazione delle giovani competenze. Nel Rapporto del Cnel ‘Giovani expat: Come farli tornare’, l'esperienza della Regione e il programma operativo it-ER (International Talents Emilia-Romagna) avviato da Art-ER dal 2019, vengono citati come un esempio d'eccellenza di politica territoriale per contrastare la fuga dei cervelli e attrarre risorse ad alta specializzazione. Il rapporto evidenzia come “il caso dell’Emilia-Romagna si distingue per il carattere pionieristico e per l’ampiezza dell’impianto normativo emiliano-romagnolo”. La decisione discende da una lettura attenta delle dinamiche territoriali: a fronte di un saldo demografico naturale strutturalmente negativo e di un progressivo invecchiamento della popolazione e della crescente richiesta di personale qualificato per sostenere gli investimenti tecnologici e produttivi del territorio, la regione beneficia di un saldo migratorio positivo, sostenuto soprattutto dall’apporto di giovani provenienti da altre regioni italiane.
«Vedere l'Emilia-Romagna indicata come esperienza pionieristica e modello di eccellenza nazionale nelle politiche per l'attrazione dei talenti conferma che la strada intrapresa è quella giusta- dichiarano il presidente della Regione, Michele de Pascale, e il vicepresidente della Regione, Vincenzo Colla-. In un Paese che sta vivendo una vera emorragia di giovani competenze, abbiamo scelto di dotarci per primi di una legge dedicata e di un programma operativo, it-ER, che non si limita agli incentivi fiscali ma punta sulla qualità del lavoro, sul welfare, sui servizi alle famiglie e sul merito. Il nostro obiettivo è rendere l'Emilia-Romagna un territorio dove si sceglie di venire e restare per le opportunità professionali e per la qualità della vita. Un modello aperto, rivolto non solo a chi è partito, ma a tutti i giovani talenti italiani e internazionali che vogliono costruire qui il loro futuro. Per la Regione è una scelta strategica e strutturale nel tempo e, ovviamente, siamo impegnati ad affinare il modello e a sostenerlo con bandi di sistema dedicati».
Il rapporto, frutto di un’indagine promossa dal Cnel su 2.500 expat tra i 18 e i 34 anni attraverso un questionario in cui venivano richieste le ragioni della partenza, il bilancio dell'esperienza e le condizioni alle quali i giovani prenderebbero in considerazione il rientro, fotografa una vera e propria emorragia generazionale: tra il 2011 e il 2024 l’Italia ha perso, al netto dei rientri, 441mila giovani tra i 18 e i 34 anni, con un saldo negativo record di oltre 61mila unità nel solo 2024.
A rispondere è stata la parte più formata di una generazione: il 93% è laureato, con il 45% in possesso di una laurea magistrale, il 22% di un master, il 14% di una laurea triennale e il 12% di un dottorato. Il 58% ha lasciato l'Italia appena terminati gli studi, senza averci mai lavorato.
Oggi l'87% dei rispondenti vive in un Paese europeo (il 60% nell'Unione europea, il 27% in Europa extra-Ue) e l'8,5% in Nord America.
La Regione, prima in Italia a dotarsi di una legge ad hoc in materia, ha approvato la legge regionale per l’Attrazione, permanenza e valorizzazione dei talenti ad elevata specializzazione in Emilia-Romagna e il Manifesto per l'attrazione dei Talenti nel maggio 2024.
Il rapporto descrive il programma operativo it-ER International Talents in Emilia-Romagna, come un vero e proprio pilastro operativo della strategia regionale, basato sulla cooperazione tra istituzioni pubbliche, sistema della formazione e dell'università e strutturato in servizi offerti attraverso un unico accesso informativo e un approccio basato sull'analisi dei dati dei flussi migratori (data-driven).
Attraverso un portale unico di accesso, la strategia non si limita al rientro dei soli connazionali o corregionali espatriati, ma si rivolge apertamente anche ai talenti provenienti da altre regioni italiane e a ricercatori o professionisti esteri.
Come rilevato dal Cnel, il modello emiliano-romagnolo supera la logica dei soli incentivi economico-fiscali, proponendo una visione olistica centrata sulla qualità del lavoro, sui servizi di welfare, sul supporto ai nuclei familiari e sul merito. L'obiettivo è rendere il territorio un luogo attraente sia per le opportunità professionali sia per le condizioni complessive di vita."
20260923095923,Tele Occidente,https://www.teleoccidente.it/2026/09/castellammare-del-golfo-preliminare-del-pug-approvato-dal-consiglio-comunale/,,,,,,srclc:ita,"Castellammare del Golfo, preliminare del PUG approvato dal Consiglio comunale
Il consiglio comunale di Castellammare del Golfo ha approvato ieri sera il documento preliminare del Piano urbanistico generale (PUG), lo strumento di pianificazione territoriale che disciplina e programma la tutela, la valorizzazione e la trasformazione del territorio.
Il PUG sostituirà il vigente piano regolatore generale, non più aggiornabile, introducendo nuovi obiettivi legati alla sostenibilità, alla tutela del suolo e dell’ambiente, alla qualità della vita e allo sviluppo locale. L’approvazione del documento preliminare rappresenta una fase del procedimento di formazione del PUG, che proseguirà secondo le successive procedure previste dalla normativa regionale.
A sottolineare la rilevanza del percorso è il professore Giuseppe Trombino, già docente universitario di Urbanistica e consulente dell’ufficio di Piano di Castellammare del Golfo, che afferma:
«La progettazione del documento preliminare del PUG è un’esperienza in qualche modo pionieristica, dal momento che Castellammare è uno dei primi Comuni in Sicilia che ha dato applicazione al procedimento previsto dalla nuova legge urbanistica del 2020. Un procedimento nuovo, complesso e non privo di asperità, ancora mancante di quelle applicazioni che dovranno configurare una prassi codificata, portato avanti grazie ad una azione sinergica tra i molti soggetti interessati.
Analoga complessità ha caratterizzato la progettazione del piano, che ha dovuto abbandonare i vecchi paradigmi della pianificazione e seguire gli indirizzi della nuova legge regionale, orientati al contenimento del consumo di suolo e alla priorità del riuso, del recupero e della rigenerazione urbana, assumendo la sostenibilità ambientale come criterio guida.
Il progetto di Piano ha dunque ricercato un difficile equilibrio tra le esigenze di sviluppo di un territorio in rapida trasformazione e la necessità di conservare le risorse ambientali e paesaggistiche sulle quali deve far leva lo stesso sviluppo economico e sociale. Il piano ha assunto pertanto il carattere di un grande e unitario progetto di recupero urbanistico e riqualificazione territoriale, orientato a porre le necessarie premesse per uno sviluppo qualificato e sostenibile che –conclude il professore Trombino- consenta a Castellammare di consolidare il carattere di eccellenza che le straordinarie risorse possedute gli consentono di assumere nel panorama regionale».
Il documento preliminare è stato approvato dai 9 consiglieri presenti al momento del voto.
«L’approvazione del documento preliminare del PUG è il risultato di un lavoro amministrativo e tecnico portato avanti con continuità e determinazione -affermano il sindaco Giuseppe Fausto e la vice con delega all’Urbanistica Lorena Di Gregorio-. È uno strumento importante per programmare il futuro del territorio con una visione aggiornata alle esigenze di Castellammare del Golfo. Abbiamo seguito un percorso complesso, mettendo in campo competenze e coinvolgendo gli enti e i soggetti interessati».
«Grazie al consiglio comunale per il lavoro svolto e per l’attenzione dedicata a un provvedimento che riguarda il futuro della nostra città. Grazie al presidente del consiglio comunale Giuseppe Ancona, che ha convocato anche un consiglio comunale aperto, su richiesta di più consiglieri comunali, consentendo un ulteriore momento di confronto e partecipazione sul documentopreliminare del PUG -proseguono Giuseppe Fausto e Lorena Di Gregorio-. Un ringraziamento va inoltre all’ufficio tecnico comunale, al dirigente e ai dipendenti tecnici che hanno lavorato alla formazione del documento e seguito le diverse fasi del complesso procedimento».
«Il confronto con gli ordini professionali, i tecnici, le associazioni e gli enti competenti ha accompagnato il percorso di formazione del documento –aggiungono il sindaco Fausto e la vice Di Gregorio-. Abbiamo raccolto contributi e punti di vista diversi per arrivare a uno strumento di pianificazione organico e coerente con le caratteristiche e le esigenze del territorio. Con l’approvazione del documento preliminare possiamo ora proseguire nelle successive fasi previste dalla normativa regionale».
Nel corso della seduta, i consiglieri di maggioranza hanno indicato i 24 emendamenti presentati al documento preliminare quale «contributo concreto per rendere il nuovo strumento urbanistico sempre più aderente alle esigenze di Castellammare del Golfo».
Tra gli interventi indicati figurano la revisione della classificazione di alcune aree, il recupero del waterfront della cala marina, nuovi spazi per parcheggi, interventi sulle aree artigianali, la valorizzazione dei sentieri di Scopello e Monte Inici, il censimento dei pozzi e delle aree private destinate a parcheggio e l’attenzione alle strutture sportive.
L’obiettivo, secondo i consiglieri, è quello di «dare anima al PUG affinché sia uno strumento capace di interpretare la Castellammare di oggi e accompagnarne lo sviluppo futuro. Un passaggio significativo considerando che Castellammare del Golfo si appresta a dotarsi del nuovo Piano dopo 22 anni dall’ultimo strumento urbanistico–hanno concluso i consiglieri di maggioranza presentando gli emendamenti-, in un territorio profondamente cambiato sotto il profilo demografico, turistico, economico e infrastrutturale».
Il documento preliminare si basa su un quadro conoscitivo costruito attraverso lo studio agricolo-forestale, lo studio geologico e di compatibilità idraulica, lo studio demografico e socio-economico, la VAS e la V.Inc.A.
Il procedimento è stato avviato nel 2021 con la pubblicazione dell’avviso per raccogliere osservazioni e proposte. Nel 2023 è stato costituito l’ufficio di Piano, riorganizzato nel dicembre 2024, mentre tra il 2024 e il 2025 sono stati predisposti gli studi e le valutazioni necessari alla formazione del documento.
Nel 2025 si è svolta la prima conferenza di pianificazione. Il 12 gennaio 2026 si è tenuta la seconda conferenza, con il coinvolgimento degli ordini degli architetti e degli ingegneri, dell’associazione Actio e degli enti competenti. Sono quindi stati acquisiti i contributi del Genio Civile e dell’Autorità di Bacino.
Il 23 marzo 2026 è stato sottoscritto l’accordo di pianificazione relativo al documento preliminare del PUG, con il coinvolgimento della Regione Siciliana e degli enti competenti in materia urbanistica, ambientale, sanitaria, paesaggistica e territoriale."
20260923095706,Anconatoday,https://www.anconatoday.it/attualita/blue-zone-adriatica-longevita-attiva-over-65-riviera-conero.html,,,,,,srclc:ita,"Ad Ancona la popolazione anziana supera il 26%: nasce la “Blue Zone Adriatica” per la longevità attiva degli over 65
Il progetto pilota mette al centro la salute e la socialità della terza età, trasformando la memoria del territorio in opere d’arte collettive. Aperte fino al 9 ottobre le iscrizioni ai percorsi gratuiti che animeranno Numana e Sirolo da ottobre a gennaio
NUMANA – Tradurre il modello internazionale delle celebri “Blue Zones” – le aree del pianeta note per l’eccezionale longevità e qualità della vita – nella realtà quotidiana della provincia di Ancona. È questo il cuore di “Blue Zone Adriatica”, un progetto pilota innovativo di welfare territoriale promosso all’interno dell’iniziativa regionale RADICI e finanziato dalla Regione Marche con risorse statali del Ministero del Lavoro e delle Politiche Sociali per costruire una comunità vivace che sperimenta insieme nuovi modi di vivere all'insegna della longevità, del dinamismo e della creatività. L’intervento è ideato da una rete di realtà del Terzo Settore guidata dall’associazione capofila Mac (Manifestazioni Artistiche Contemporanee APS di Osimo), in stretta sinergia con Sanidoc (Aps), l’Università delle Tre Età - UNITRE di Numana-Sirolo (Aps) e l’associazione Cuore Vivo (Odv) con la collaborazione attiva del Comune di Numana e di Cna territoriale di Ancona.
La proposta prende forma a partire da un quadro demografico ben delineato: nella provincia di Ancona la popolazione anziana supera il 26% del totale, con oltre 33mila persone sole e una progressiva contrazione delle reti familiari di supporto. Di fronte a queste dinamiche, Blue Zone Adriatica supera la logica del puro assistenzialismo per sperimentare un welfare generativo capace di trasformare gli over 65 nei veri protagonisti della vita culturale e civile della comunità. Le attività, interamente gratuite e rivolte alla popolazione over 65 e non solo, residente tra Numana, Sirolo, Camerano e i centri limitrofi, si articoleranno dal 12 ottobre fino al 9 gennaio con un calendario settimanale fitto e armonico.
«Con ""Blue Zone Adriatica"" vogliamo proporre una visione rinnovata della terza età, trasformando la longevità da sfida demografica a straordinaria risorsa culturale e sociale per il territorio – dichiara l’architetto Monica Caputo, presidente dell’associazione capofila Mac - attraverso l'intreccio tra arte contemporanea, benessere e partecipazione attiva, il nostro obiettivo è abbattere la solitudine involontaria e creare una comunità dinamica e creativa, in cui gli over 65 si attivino in prima persona per costruire progetti di rigenerazione collettiva e nuove forme di socialità. L'arte si fa così strumento concreto di cura, relazione e ricostruzione del tessuto comunitario».
«Un'importante occasione in termini di inclusione attiva, per una significativa fascia di popolazione, quella degli over 65, che non solo non deve restare indietro ma che con iniziative simili può riscoprirsi protagonista della vita socio-culturale, attiva ed anche consapevole sugli aspetti legati alla prevenzione – fa eco il sindaco di Numana, Gianluigi Tombolini - un superamento della logica dell'assistenzialismo verso un modello di welfare generativo che abbiamo la possibilità di attuare nel nostro territorio. Sono sicuro che sarà una bella opportunità per Numana ed i territori della provincia di Ancona coinvolti».
Il programma intreccia costantemente la manualità, l'espressione artistica, il benessere corporeo e la divulgazione scientifica. Per quanto riguarda il movimento dolce e la cura del corpo, ogni lunedì e mercoledì, dalle 17 alle 18, presso il Circolo Acli Svarchi in via Valcastagno 4 a Numana, il Maestro Sergio Bozzi guiderà le lezioni di Tai Chi e Qi Gong per conto di Cuore Vivo, una pratica preziosa per rinforzare l’equilibrio psicofisico, preservare il tono muscolare e prevenire le cadute. Sul versante espressivo e laboratoriale, l’artista Allegra Corbo condurrà i partecipanti nella creazione di un’opera d’arte partecipata ispirata alle memorie orali della tradizione locale e della marineria, con riferimenti alla cultura picena.
Gli incontri si terranno presso la sede Unitre di Numana-Sirolo, in piazza del Municipio 2 a Sirolo, con due appuntamenti pomeridiani settimanali dalle 15.30 alle 18: il martedì sarà dedicato alla stampa romagnola su tessuto, mentre il venerdì sarà incentrato sulla lavorazione e decorazione della ceramica dipinta. I manufatti realizzati nel corso dei mesi confluiranno nell'installazione collettiva che verrà ufficialmente inaugurata sabato 9 gennaio alle ore 18 presso gli spazi di Umana Culture a Numana.
La salute e l'educazione alla prevenzione troveranno invece spazio nei mesi di novembre e gennaio con le cene-conferenza in programma sempre presso la sede di Umana Culture a Numana. Gli incontri conviviali, curati dal professor Roberto Antonicelli insieme a medici, geriatri e ricercatori dell’Irccs Inrca di Ancona, approfondiranno con un linguaggio divulgativo e accessibile i temi della prevenzione cardiovascolare, della corretta nutrizione e dei sani stili di vita. A garantire la tessitura delle relazioni territoriali e il monitoraggio dell’impatto sociale dell'intero percorso è Sanidoc, sotto il coordinamento di Francesca Marchetti, con l'obiettivo di rendere questa esperienza un modello virtuoso e replicabile. Le iscrizioni a tutte le attività del progetto sono gratuite e dovranno pervenire entro il 9 ottobre 2026. Per informazioni: tel 350 1695211 – mail: info@sanidoc.it"
20260923092900,La7,https://www.la7.it/omnibus/articolo/lucio-caracciolo-sulla-guerra-russia-ucraina-non-vince-nessuno-lucraina-distrutta-demograficamente-658624,,,,,,srclc:ita,"Nello studio di Omnibus, Lucio Caracciolo fa un punto sulla guerra tra Russia e Ucraina, le conseguenze disastrose del conflitto e le prospettive di una pace che appare ancora lontana: ""Non vince nessuno tra Russia e Ucraina. Ci sono vari gradi di sconfitta. Secondo me, la sconfitta più grave è che l'Ucraina è distrutta, ma non solamente materialmente, ma dal punto di vista demografico"".
Caracciolo riflette sul crollo democrafico dell'Ucraina e della possibile ricostruzione del paese: ""Prima della guerra, in Ucraina c'erano 50 milioni di persone nel momento dell'indipendenza. Adesso, secondo i servizi ucraini, siamo circa a 20 milioni. Quindi mi domando come si faccia a ricostruire un Paese avendo perso metà della popolazione. E questo è l'aspetto più grave su cui noi dovremmo fare maggiore attenzione. È inutile discutere di armi, non abbiamo più niente da mandare in Ucraina, abbiamo mandato quel poco che avevamo."
20260923092300,Avvenire,https://www.avvenire.it/chiesa/io-missionario-nella-corea-che-aspetta-la-gmg-il-paese-brilla_113362,,,,,,srclc:ita,"«Io, missionario tra i giovani di strada nella Corea che aspetta la Gmg»
di Irene Funghi
Padre Vincenzo Bordo descrive le criticità del Paese dove i suicidi crescono e sono molti i ragazzi che scappano di casa. Tra le risposte della Chiesa, i rifugi di ""Casa di Anna"" e il pullman di ""Azit"", che va a cercare chi rimane ai margini
Corri! Vai veloce, non ti fermare. «Ppalli, ppalli», «in fretta, in fretta». La chiamano così a Seul la cultura che dopo l’ultima guerra ha portato a una crescita economica repentina ed esponenziale. Tra il 1950 e 1953, Corea del Nord e Corea del Sud, così divise dopo la fine della Seconda guerra mondiale e sostenute una dall’Urss e l’altra dagli Usa, valicavano reciprocamente i propri confini. Cinquant’anni dopo, Samsung, LG, Hyundai sono diventate solo alcune delle realtà che da lì si sono diffuse in tutto il mondo assieme alla musica, il cibo, le serie televisive e persino il make-up sudcoreani. «Qui funziona tutto!», esclama il missionario oblato di Maria Immacolata padre Vincenzo Bordo, quando, dopo una giornata intensa di lavoro, a sera, si lascia raggiungere da “Avvenire”. «Chi arriverà per la Gmg rimarrà sicuramente colpito dalla tecnologia», aggiunge. I grattaceli svettano, le pareti a vetri scintillano, la metro arriva precisa al secondo. Ma i giovani, lì, come stanno? Padre Bordo, prima di rispondere, fa una pausa. La sua è una missione nata 36 anni fa per andare in cerca dei poveri. «Qui si nascondono», spiega. Non è dignitoso “perdere la faccia”, essere additati come i responsabili di un certo degrado. «Se qualcuno butta una carta a terra, entra in metro urlando o fa confusione, significa che non rispetta la comunità», dice con un esempio tanto semplice, ma capace di accendere una spia sulla cura che anche i giovani del mondo durante la Gmg di Seul dovranno avere.
In questo orizzonte, però, le crepe che spaccano le società occidentali, sottotraccia, si aprono anche in Corea. Quotidiani e statistiche governative alla mano, Vincenzo Bordo inizia a raccontarle in cifre: «Negli ultimi 5 anni, il suicidio in età scolare è aumentato del 65%. L’anno scorso i ragazzi che hanno perso la vita così sono stati 244. Abbiamo un tasso tra i più alti al mondo». Perché? «C’è una forte competizione e chi non riesce a tenere il passo, si sente un escluso». Lo stress legato all’istruzione è senz’altro molto alto, dato che la cultura che deriva dal confucianesimo le dà un grande peso e il giorno che equivale a quello del nostro esame di maturità lì è festa nazionale. È secondo, però, ai motivi familiari. In tanti, infatti, anche senza arrivare al gesto estremo, decidono di scappare di casa e vivere per strada. «Dopo il divorzio, la legge coreana prevede che i figli rimangano a vivere con il padre. La maggior parte degli uomini si risposa con una donna dello stesso livello economico e culturale, che però non accetta i figli del precedente matrimonio. Li esclude, non prepara loro da mangiare e iniziano violenze verbali, fisiche e psicologiche. Allora i ragazzi scappano di casa».
In una Corea in cui tutto brilla, dicevamo, padre Bordo i poveri li ha trovati a Sung Nam, una cittadina di un milione di abitanti poco fuori Seul. «Bisogna avere un cuore allenato, che noti i dettagli, per riconoscere chi è in difficoltà», dice. Per loro, giovani e senzatetto di diverse età, ha creato “Casa di Anna”, una onlus dove 60 assistenti sociali e 500 volontari si spendono per una mensa che offre ogni giorno la cena a 500 persone, il 70% dei quali trova lì l’unico pasto della giornata. Per loro, ci sono sportelli legali, di orientamento al lavoro, un servizio docce, dei barbieri e, una volta a settimana, la distribuzione di vestiti puliti. Mentre, per i giovani che chiedono aiuto, «c’è un rifugio, dove possono stare due anni, con lo scopo di farli tornare in famiglia, quando è possibile. Se non lo è, un altro rifugio li accoglie per circa sei anni. Lì possono diplomarsi, trovare lavoro e cercare poi una casa popolare o accedere a una nostra struttura di co-housing».
Una domanda però rimaneva inevasa: «I ragazzi che vivono per strada sono circa 250mila e nella nostra cittadina ne scappano di casa circa 2mila all’anno. Noi ne aiutiamo 200. Ci siamo chiesti dove fossero gli altri 1.800 e abbiamo organizzato un autobus con cui li andiamo a cercare per le strade della città. Ci fermiamo, sistemiamo tende e sedie e iniziamo a parlare con loro». Il missionario italiano parla così di Azit, il progetto che, per lui, mostra come la Chiesa, provata dalla secolarizzazione, in Asia e nelle società occidentali, potrebbe ricominciare a fiorire. «Ci siamo abituati a una religione di tipo scolastico, insegniamo ai giovani qualcosa scritto nei libri. E loro, col passare del tempo, se ne vanno. La fede, però, è un’esperienza», dice. Non sempre le ferite che si incontrano per strada si possono rimarginare. È il caso di una ragazza diciannovenne, vittima di violenze da parte del padre, di cui anche la madre è succube. «Ormai è maggiorenne e, se non è lei a denunciare, la polizia non può intervenire. Noi, cerchiamo di mantenerci in contatto e starle vicino». Oppure di quella giovane di 16 anni, che «diversi anni fa mi stringeva la mano mentre mi raccontava come, senza neanche accorgersene, entrò nel giro della prostituzione. Le proposi il nostro aiuto, i rifugi, il supporto degli avvocati. Se ne andò, dicendo che ormai era troppo tardi e ancora sento la sua mano che stringe la mia», racconta ancora Bordo. Quel che conta, per lui, è esserci, rimanere lì, come Maria sotto la Croce: «Non possiamo risolvere tutti i problemi dei nostri amici, ma non possiamo nemmeno abbandonarli».
E questo attira: come in tutte le società secolarizzate, anche in Corea l’inverno demografico fa calare il numero dei giovani e gli adolescenti vengono attratti dalla promessa di un benessere a portata di mano più che da una proposta di spiritualità. «La storia della nostra Chiesa, nata dai laici, figlia dei martiri, viene tramandata oralmente, ma rischia di rimanere una memoria che non riusciamo più a incarnare. Nelle parrocchie, la partecipazione alla Messa dei giovani nel ’92 era dell’80%, ora siamo al 17%, ci dicono le statistiche dei vescovi». «Ad Azit, allo stesso tempo, sono arrivati 70 giovani, che non si riconoscono in nessuna religione, per fare volontariato: lì, dove spezziamo il pane per i poveri, fanno esperienza di Dio, come i discepoli di Emmaus, mentre camminavano a fianco del Risorto senza riconoscerlo», aggiunge. «Vorrei che questa esperienza si propagasse per la Corea e anche in Italia», la sua speranza, raccontata anche nel libro “Vi aspetto a Seul”, scritto in italiano in vista della Gmg.
Il mondo intero, per quel grande evento, dal 3 all’8 agosto 2027, si confronterà con questa realtà e si chiederà come vivere la propria fede senza compromessi quando le società suggeriscono altro. La Chiesa coreana «da due anni si sta muovendo per gestire la macchina organizzativa e sta riflettendo su cosa proporre ai giovani che arriveranno. È una grande occasione, per riprendere in mano la nostra storia. C’è molto fermento», dice ancora Bordo, che nella “Casa di Anna” ospiterà gruppi provenienti da Arezzo, Viterbo e Roma e, per alcune diocesi del nord Italia sta facendo da tramite con altri parroci, che stanno mettendo a disposizione altri spazi.
“Abbiate coraggio, io ho vinto il mondo”, il sussurro che, dando il tema alla Giornata, accompagna questi giorni e farà da sfondo all’appuntamento di agosto. Non c’è secolarizzazione che tenga. Seul è pronta a lasciarsi scoprire, a provocare, a mostrare le sue contraddizioni, ma anche a svelare il suo volto più autentico. «Condivideremo quello che avremo e in mezzo a un mondo segnato dall’indifferenza e dall’egoismo saremo pronti ad ascoltare dal Papa parole di unità. Starà a tutti gli educatori, poi, aiutare a far germogliare quel seme di pace che durante la Gmg verrà piantato nel cuore di ogni giovane».
© RIPRODUZIONE RISERVATA
Seguici anche su Google Discover di Avvenire"
20260923083000,La Verita,https://www.laverita.info/cronache-dellinvasione/monfalcone-scuola-stranieri,,,,,,srclc:ita,"Signor presidente della Repubblica, le porto la testimonianza della mia comunità, della mia terra, ormai da vent’anni profondamente segnata da un cambiamento demografico, sociale ed economico calato dall’alto, frutto di scelte industriali sorde e di una politica rimasta troppo a lungo cieca davanti alle trasformazioni sociali che hanno inciso sui più basilari valori occidentali, ma anche sui servizi pubblici: dall’assistenza alla sanità, fino all’educazione.
Per troppi anni ci si è affidati al dogma dell’integrazione forzata, dando per scontato che bastasse mettere insieme realtà profondamente diverse perché l’integrazione avvenisse da sé.
Nel frattempo, chi manifestava preoccupazione veniva colpevolizzato, mentre cresceva tra i cittadini prima un senso di spaesamento e poi di discriminazione al contrario.
È iniziata così la lenta emorragia dei monfalconesi, una diaspora verso altre città, con il peso e lo stigma di sentirsi sbagliati, di sentirsi ultimi proprio lì dove era casa loro.
Questa esperienza ha insegnato a me e alla mia comunità che il «libro dei sogni» dell’integrazione e del bene comune rischia di rimanere fatto soltanto di nobili principi quando si scontra con la concretezza delle situazioni reali.
La scuola è uno dei beni più preziosi e delicati della nostra società. Se chiudiamo gli occhi davanti a processi di degenerazione educativa determinati dalla composizione di classi ghettizzanti, nelle quali si crea una segregazione per gruppi linguistici chiusi nelle proprie espressioni identitarie, abdichiamo alla nostra responsabilità.
Il primo diritto che rischia di venire meno è proprio quello dei bambini di ricevere un’educazione adeguata, equa e con gli stessi standard garantiti in tutto il Paese.
Quando nelle classi i non italofoni arrivano a rappresentare la quasi totalità degli alunni, molte famiglie italiane scappano nelle scuole delle città limitrofe.
Proprio così nascono le classi ghetto, dove la maggioranza degli alunni non condivide lingua, preparazione di base e soprattutto i riferimenti culturali e valoriali del Paese in cui vive.
Si genera in questo modo un cortocircuito rispetto alla stessa finalità educativa della scuola: l’integrazione sociale, culturale e valoriale non può realizzarsi se nelle classi viene meno proprio quella parte della comunità locale nella quale chi proviene da fuori dovrebbe inserirsi.
In questo modo, anziché abbattere le barriere, rischiamo di crearne di nuove, anche a danno degli stessi ragazzi stranieri, che rimarranno, anche da adulti, più facilmente chiusi nel proprio contesto linguistico e culturale.
Difatti, laddove a prevalere è la comunità islamica, al divario linguistico si aggiunge la persistenza di precetti religiosi incompatibili con il nostro ordinamento. Modelli che dalla famiglia si riproducono nella scuola e che colpiscono soprattutto le bambine, dalla subordinazione all’uomo alla compressione della propria identità e libertà.
Se anche la scuola diventa un ambiente chiuso e omogeneo, viene meno proprio la possibilità di emanciparsi da quei condizionamenti, che rischiano così di accompagnare i ragazzi fino all’età adulta e dunque decretare il fallimento della missione educativa.
La scuola deve essere il luogo nel quale ogni bambina scopre di poter essere libera, studiare, scegliere il proprio futuro e costruire rapporti con gli altri senza imposizioni. La classe ghetto rischia, al contrario, di diventare la prosecuzione della gabbia domestica, anziché lo strumento per uscirne.
Le istituzioni hanno invece il compito di garantire concretamente il rispetto delle nostre leggi e dell’intero sistema di valori su cui si fonda il nostro ordinamento. E il primo luogo in cui questo compito deve essere esercitato è proprio la scuola.
E questa è la rotta che segue proposta di legge dal ministro Valditara, con il quale mi sono confrontata più volte portando l’esperienza non solo della mia città.
Servono norme per garantire una composizione equilibrata delle classi, un sistema scolastico a rete e, per chi vive nel nostro Paese, non soltanto la conoscenza della lingua, ma anche la capacità di fare propri i nostri valori, la nostra cultura e i principi del nostro ordinamento. Solo così scuola e istituzioni avranno compiuto fino in fondo il loro ruolo.
Contenuto riservato agli abbonati
Prosegui con la lettura >
Contenuto riservato agli abbonati
Rinnova il tuo abbonamento per proseguire con la lettura >"
20260923081430,Teleborsa,https://www.teleborsa.it/DettaglioNews/33_2026-09-23_TLB/Figli-conto-cresce-ancora-4-in-un-anno-e-oltre-162000-euro-fino-ai-18-anni.html,,,,,,srclc:ita,"Figli, conto cresce ancora: +4% in un anno e oltre 162.000 euro fino ai 18 anni
                E' quanto emerge dai calcoli di Moneyfarm.  Numeri che spiegano anche come il costo della genitorialità incida sul calo demografico in Italia
                
                
		
                    
                
	 
                
                
		
                    (Teleborsa) - In base all'attuale costo della vita, crescere un figlio in Italia da 0 a 18 anni comporta una spesa compresa tra i 112.000 e i 212.000 euro, per una media di circa 162.000 euro (oltre 9.000 euro all'anno). E' quanto emerge dai calcoli di Moneyfarm. Numeri che spiegano anche come il costo della genitorialità incida sul calo demografico in Italia che non accenna a rallentare, con il numero di nascite che continua a contrarsi anno dopo anno.
Rispetto alla rilevazione 2025, quando il costo medio era di 156.000 euro, la spesa è aumentata di circa 6.000 euro (+4,0%), equivalente a 350 euro di extra-spesa all'anno per figlio. Nel confronto con la prima ricerca condotta da Moneyfarm nel 2022, il costo è cresciuto complessivamente del +16% – passando da circa 139.500 a 162.000 euro – con un ritmo più sostenuto rispetto alla crescita delle retribuzioni contrattuali nello stesso periodo (+12%), a testimonianza di come il peso economico della genitorialità stia aumentando più rapidamente del potere d'acquisto delle famiglie.
 L’ammontare complessivo della spesa varia naturalmente in funzione delle esigenze e della disponibilità economica di ciascuna famiglia. Già prima della nascita del bambino, tuttavia, i futuri genitori devono mettere in conto una spesa media di 4.100 euro, destinata a coprire visite, ecografie, corso preparto, sala parto e corredo per il neonato. I costi non crescono in modo lineare con l'età: dopo una prima fase fortemente condizionata dalle spese di cura e assistenza, il paniere si amplia con l'ingresso a scuola e raggiunge il livello più elevato durante l'adolescenza.
 0 – 3 anni: il costo medio è di 19.500 euro (4.900 euro all'anno), su cui pesano soprattutto prodotti per la prima infanzia, assistenza (nido o babysitter) e acquisti essenziali (passeggini, culla, ecc.);
4 – 5 anni: il conto sale a 20.800 euro (+2,5% vs 2025), con l'ingresso nella scuola dell'infanzia e i costi legati a mensa, materiale didattico, abbigliamento e prime attività extrascolastiche;
 6 – 8 anni: la spesa media è di 24.900 euro (+2,8%), con un'incidenza crescente di trasporti, mensa scolastica, doposcuola e attività sportive o culturali;
9 – 11 anni: il costo sale a 21.000 euro con un incremento più marcato, pari a +6,0% rispetto all'anno precedente;
12 – 14 anni: il costo raggiunge 22.000 euro (+7,0%), la variazione più alta tra tutte le fasce, segnale di un'accelerazione dei consumi legata all'adolescenza;
15 – 18 anni: il picco massimo con 49.700 euro totali (+5,0%), pari a oltre 12.400 euro all'anno, per effetto soprattutto di alimentazione, istruzione, tecnologia, sport, corsi di lingua, paghetta e delle nuove esigenze legate alla maggiore autonomia.
L'aumento non è distribuito uniformemente tra le diverse voci di spesa. Le variazioni più marcate riguardano servizi in abbonamento, istruzione e tecnologia, con incrementi nettamente superiori alla media. In testa alla classifica dei rincari si trovano i servizi in abbonamento, con una spesa totale di 5.814 euro e una variazione del +32,3%: un balzo legato non solo all'inflazione, ma soprattutto all'aggiornamento del paniere, con l'inserimento di servizi di intelligenza artificiale, ormai diffusi in tutte le fasce d'età. Al secondo posto la tecnologia (tablet, smartphone, computer/laptop e console), con 3.095 euro di spesa totale e un incremento del +25,5%, trainato dalla crescita dei prezzi dei nuovi modelli di riferimento. Seguono la mensa scolastica (+7,6%, 5.105 euro) e i campi estivi (+6,3%, 1.683 euro). Le voci di maggiore peso assoluto – babysitter (19.668 euro, +2,3%), alimentazione (36.114 euro, +1,2%) e attività sportive (9.510 euro, +2,0%) – crescono in linea con l'inflazione generale.
Le famiglie con due o più figli possono beneficiare di economie di scala parziali, soprattutto nei primi anni di vita, grazie alla possibilità di riutilizzare alcuni beni, come abbigliamento, passeggini e lettini, o di condividere alcuni servizi, come l’auto e la babysitter. La maggior parte delle spese, tuttavia, resta individuale, in particolare quelle relative a cibo, istruzione e sanità. Si stima che il secondo figlio comporti un incremento del 70-80% del costo sostenuto per il primo: un peso comunque significativo sul bilancio familiare, che contribuisce a rendere sempre più rare le famiglie numerose in Italia.
(Foto: standrets | 123RF)
                
	
                
    
                
                
                
                
                
                
	
                
                
```"
20260923081346,Periodico Daily,https://www.periodicodaily.com/pensioni-cosa-cambia-dal-2027-e-le-nuove-proiezioni-fino-al-2037/,,,,,,srclc:ita,"L’aggiornamento della Ragioneria generale dello Stato ridisegna il calendario previdenziale italiano. Dal 2027 aumentano i requisiti per la pensione di vecchiaia e per l’anticipata. Nel 2029 la proiezione arriva a 67 anni e 6 mesi, mentre nel 2037 potrebbe raggiungere i 68 anni. Ma per le date oltre il 2028 si tratta di stime e non di nuovi requisiti già entrati in vigore.
La pensione italiana si prepara a diventare nuovamente un tema centrale nel dibattito economico. Il nuovo rapporto della Ragioneria generale dello Stato sulle tendenze di medio-lungo periodo del sistema pensionistico e socio-sanitario aggiorna infatti le proiezioni sull’età di uscita dal lavoro alla luce dell’andamento demografico e della speranza di vita.
Il dato più immediato riguarda il 2027 e il 2028, quando scatteranno aumenti già previsti dalla normativa. Ma è soprattutto lo scenario successivo a destare attenzione: secondo le nuove stime, nel 2029 la pensione di vecchiaia potrebbe essere raggiunta a 67 anni e 6 mesi, mentre per la pensione anticipata potrebbero servire 43 anni e 4 mesi di contributi agli uomini e 42 anni e 4 mesi alle donne.
È importante precisare che queste ultime sono proiezioni: i requisiti dal 2029 in poi dipenderanno dai futuri adeguamenti alla speranza di vita e dagli eventuali interventi legislativi.
Pensione di vecchiaia: il calendario dal 2026 al 2029
Nel 2026 il requisito ordinario per la pensione di vecchiaia resta fissato a 67 anni, con almeno 20 anni di contributi per la generalità dei lavoratori.
Dal 1° gennaio 2027 il requisito salirà a 67 anni e un mese.
Nel 2028 arriverà a 67 anni e 3 mesi.
Secondo il nuovo scenario elaborato dalla Ragioneria, nel 2029 si passerebbe quindi a 67 anni e 6 mesi.
* Proiezioni della Ragioneria generale dello Stato, non requisiti definitivamente fissati dalla legge.
Il meccanismo alla base di questi adeguamenti è quello che collega i requisiti pensionistici all’evoluzione della speranza di vita. La normativa prevede aggiornamenti periodici, mentre gli interventi legislativi possono modificare, rinviare o distribuire nel tempo gli aumenti.
Perché nel 2027 l’aumento è di un mese
Il passaggio del 2027 presenta una particolarità.
L’adeguamento alla speranza di vita avrebbe determinato un incremento superiore, ma la legge di Bilancio 2026 ha previsto una distribuzione dell’aumento: un mese dal 2027 e altri due mesi dal 2028.
L’INPS ha quindi recepito ufficialmente i nuovi requisiti per il biennio 2027-2028. Per la pensione di vecchiaia si passa da 67 anni nel 2026 a 67 anni e un mese nel 2027 e a 67 anni e tre mesi nel 2028.
Questo significa che il dato del 2029 va letto in modo diverso: non si tratta oggi di un requisito già definitivo, ma della conseguenza prevista nello scenario della Ragioneria se il meccanismo di adeguamento continuerà ad applicarsi secondo le regole attuali.
Pensione anticipata: aumentano anche gli anni di contributi
L’incremento non riguarda soltanto l’età anagrafica.
Per la pensione anticipata ordinaria, infatti, il requisito è legato agli anni di contribuzione e non all’età.
Nel 2026 il requisito ordinario è pari a:
- 42 anni e 10 mesi di contributi per gli uomini;
- 41 anni e 10 mesi per le donne.
Dal 2027 salirà a:
- 42 anni e 11 mesi per gli uomini;
- 41 anni e 11 mesi per le donne.
Dal 2028 il requisito previsto sarà:
- 43 anni e 1 mese per gli uomini;
- 42 anni e 1 mese per le donne.
Le proiezioni della Ragioneria indicano poi 43 anni e 4 mesi nel 2029, con un anno in meno per le donne, e 43 anni e 6 mesi nel 2031, sempre con la riduzione di un anno per le lavoratrici.
La differenza tra norme e proiezioni
È uno degli aspetti più importanti per comprendere correttamente la notizia.
I requisiti del 2027 e del 2028 sono già stati recepiti dall’INPS e derivano dalle disposizioni vigenti.
Il quadro dal 2029 in poi, invece, è una previsione costruita dalla Ragioneria sulla base delle attuali regole e delle ipotesi demografiche disponibili.
Pertanto, dire oggi che “nel 2029 tutti andranno in pensione a 67 anni e 6 mesi” sarebbe impreciso. Più correttamente, le proiezioni indicano che, se resteranno in vigore le regole attuali e si confermerà l’evoluzione prevista della speranza di vita, il requisito potrebbe raggiungere quella soglia.
Non tutti i lavoratori sono interessati allo stesso modo
Il sistema prevede alcune specifiche deroghe.
Per il biennio 2027-2028, l’INPS conferma l’esenzione dagli adeguamenti alla speranza di vita per alcune categorie impegnate in attività gravose o particolarmente faticose e pesanti, compresi determinati lavoratori notturni, addetti alla catena di montaggio e categorie di lavori usuranti previste dalla normativa.
Sono inoltre previste disposizioni specifiche per i lavoratori precoci impegnati in mansioni pesanti, che possono mantenere il requisito contributivo ridotto di 41 anni secondo le condizioni previste. L’esenzione non si applica invece a chi accede al pensionamento beneficiando dell’APE Sociale.
Anche la pensione di vecchiaia per alcune categorie di lavoratori gravosi presenta requisiti specifici. L’INPS, ad esempio, indica fino al 31 dicembre 2028 condizioni differenziate per alcune attività gravose o particolarmente faticose, con requisiti anagrafici e contributivi diversi da quelli ordinari.
Perché l’età pensionabile continua a salire
Alla base del fenomeno c’è soprattutto la transizione demografica italiana.
La popolazione invecchia, le generazioni numerose del baby boom raggiungono progressivamente l’età della pensione e il rapporto tra pensionati e lavoratori diventa uno degli elementi centrali per la sostenibilità finanziaria del sistema.
Secondo la Ragioneria, proprio l’ingresso in quiescenza delle generazioni del baby boom contribuirà all’aumento del rapporto tra spesa pensionistica e Pil nei prossimi anni. L’incremento dei requisiti minimi e la progressiva applicazione del metodo contributivo contribuiscono invece a contenere parzialmente questa dinamica.
La spesa pensionistica raggiungerà il picco nel 2041
Il rapporto della Ragioneria non riguarda soltanto l’età di pensionamento.
Un altro dato significativo riguarda il peso della spesa pensionistica sull’economia italiana.
Secondo le stime, il rapporto tra spesa per pensioni e Pil raggiungerà il 17,1% nel 2041, mantenendosi su questo livello anche nei tre anni successivi.
Dal 2045 dovrebbe invece iniziare una progressiva riduzione: la stima indica un rapporto del 16,2% nel 2050 e del 14% nel 2070.
La successiva discesa sarebbe collegata, secondo la Ragioneria, alla progressiva uscita delle generazioni del baby boom e alla maggiore diffusione del sistema di calcolo contributivo, oltre all’adeguamento automatico dei requisiti alla speranza di vita.
La prospettiva verso il 2037
Le nuove proiezioni delineano un percorso di progressivo aumento anche oltre il 2029.
Secondo il quadro riportato da RaiNews sulla base del rapporto della Ragioneria, il requisito potrebbe raggiungere 67 anni e 8 mesi nel 2031, salire a 67 anni e 9 mesi nel 2033 e arrivare a 67 anni e 10 mesi nel 2035, fino a raggiungere 68 anni nel 2037.
Anche in questo caso si tratta di uno scenario prospettico, non di un calendario legislativo già approvato per tutti quegli anni.
Il nodo della pensione a 64 anni
Parallelamente al rapporto della Ragioneria, il dibattito politico ed economico guarda a possibili modalità alternative di uscita dal lavoro.
Tra le ipotesi discusse in vista della prossima legge di Bilancio c’è quella di consentire, per un periodo limitato, l’accesso alla pensione a 64 anni anche a lavoratori che hanno iniziato a versare contributi prima del 1996, attraverso il calcolo interamente contributivo dell’assegno e una modifica delle condizioni attualmente previste.
Si tratta però di una proposta, non di una misura vigente. Sky TG24 riferisce inoltre che il presidente dell’INPS Gabriele Fava ha sottolineato che un’eventuale modifica dei requisiti spetta al legislatore.
Cosa significa per chi sta programmando la pensione
Per chi è vicino all’uscita dal lavoro, la distinzione tra regole certe e proiezioni è fondamentale.
Chi maturerà i requisiti nel 2026 deve fare riferimento alle norme attualmente vigenti. Chi li maturerà nel 2027 o nel 2028 deve invece considerare gli aumenti già recepiti dall’INPS.
Per gli anni successivi, invece, non è possibile considerare le proiezioni della Ragioneria come una certezza normativa: il quadro potrà cambiare in funzione dei dati sulla speranza di vita e di eventuali interventi legislativi.
Pensioni, un sistema sempre più legato alla demografia
Il nuovo rapporto della Ragioneria mostra quindi un sistema previdenziale sottoposto a una doppia pressione: da una parte l’invecchiamento della popolazione e l’uscita delle generazioni del baby boom, dall’altra la necessità di mantenere sostenibile il rapporto tra pensioni, occupazione e prodotto interno lordo.
Il risultato è un progressivo spostamento in avanti dell’età pensionabile nello scenario elaborato sulla base delle regole attuali. Nel 2029 la proiezione arriva a 67 anni e 6 mesi, mentre nel 2037 potrebbe raggiungere i 68 anni.
Ma il dato più importante, soprattutto per chi deve pianificare oggi il proprio futuro previdenziale, è distinguere ciò che è già previsto dalla legge da ciò che rappresenta ancora una stima sul futuro.
[KClientError] [REQ_ERR: 500] [KTrafficClient] Something is wrong."
20260923073038,Wall Street Italia,https://www.wallstreetitalia.com/pensioni-la-demografia-presenta-il-conto-nel-2029-vecchiaia-a-67-anni-e-6-mesi/,,,,,,srclc:ita,"Credits: Getty
La speranza di vita torna a spingere in avanti i requisiti per andare in pensione. È questo il quadro che emerge dalle proiezioni della Ragioneria generale dello Stato sulle tendenze di medio-lungo periodo del sistema pensionistico e socio-sanitario. Le tabelle fotografano uno scenario nel quale l’allungamento della vita media si traduce, nel tempo, in un aumento dei requisiti necessari per accedere alla pensione.
Il primo salto è previsto già nel 2027: 67 anni e un mese per la pensione di vecchiaia. Nel 2028 si passa a 67 anni e tre mesi. Poi, secondo lo scenario della Rgs, l’asticella arriva a 67 anni e sei mesi nel 2029 e a 67 anni e otto mesi nel 2031.
C’è però un punto decisivo da tenere distinto: le proiezioni della Ragioneria non sono una nuova legge sulle pensioni. Le regole già definite prevedono infatti una sterilizzazione parziale dell’aumento dei requisiti. Nel 2027 l’età di vecchiaia sarà di 67 anni e un mese e nel 2028 di 67 anni e tre mesi. Anche il requisito per l’anticipata è già fissato, per gli stessi anni, rispettivamente a 42 anni e 11 mesi e a 43 anni e un mese.
Gli aumenti successivi indicati dalla Rgs sono invece la conseguenza dello scenario demografico e dell’applicazione del meccanismo di adeguamento alla speranza di vita. Eventuali futuri interventi legislativi potranno quindi modificarne tempi e misura.
Il conto arriva anche sulla pensione anticipata
L’effetto non riguarda soltanto chi attende di raggiungere l’età prevista per la vecchiaia. Anche per chi punta a lasciare il lavoro sulla base dei soli contributi versati, la soglia si sposta in avanti.
Nel 2027 saranno necessari 42 anni e 11 mesi di contributi, mentre nel 2028 il requisito salirà a 43 anni e un mese. Nel 2029 occorreranno 43 anni e quattro mesi, fino ad arrivare a 43 anni e sei mesi nel 2031. Per le donne il requisito contributivo previsto nello scenario resta inferiore di un anno.
È una progressione che rende sempre più rilevante il fattore tempo: per chi è vicino alla pensione pochi mesi possono cambiare la data di uscita; per le generazioni più giovani l’effetto cumulato dell’adeguamento alla speranza di vita può invece tradursi in un allungamento significativo della permanenza al lavoro.
La demografia presenta il conto
Dietro l’innalzamento dell’età pensionabile c’è soprattutto una questione demografica. Le generazioni numerose del baby boom stanno progressivamente entrando nella fase del pensionamento, mentre il numero degli occupati cresce a un ritmo insufficiente a compensare l’aumento dei pensionati. Il risultato è una pressione crescente sulla spesa previdenziale.
Secondo la Rgs, la spesa per le pensioni raggiungerà il 17,1% del Pil nel 2041, mantenendosi su questo livello anche nel triennio successivo. A determinare la crescita sarà soprattutto l’aumento del rapporto tra pensioni e occupati, solo in parte compensato dall’innalzamento dei requisiti e dalla progressiva applicazione del metodo contributivo.
Dopo il 2045 la curva cambia direzione
La pressione non è però destinata a crescere indefinitamente. Dal 2045 le proiezioni indicano una progressiva discesa del rapporto tra spesa pensionistica e Pil: 16,2% nel 2050 e 14% nel 2070.
A quel punto dovrebbe farsi sentire con maggiore intensità l’effetto del sistema contributivo, insieme alla progressiva uscita dal mercato del lavoro delle generazioni del baby boom e alla stabilizzazione del rapporto tra pensionati e occupati.
È il paradosso della previdenza italiana: nel breve e medio periodo la demografia aumenta la pressione sulla spesa; nel lungo periodo gli stessi meccanismi di adeguamento e il sistema contributivo contribuiscono a contenerla."
20260923070928,Terre Marsicane,https://www.terremarsicane.it/sviluppo-territoriale-e-ferrovia-veloce-roma-pescara-la-ricetta-del-sindaco-di-celano-per-il-futuro-della-marsica/,,,,,,srclc:ita,"Celano – La necessità di farsi trovare pronti di fronte ai grandi cambiamenti socio-economici in atto nel Paese è al centro dell’intervento di Settimio Santilli, sindaco di Celano, a margine della presentazione della strategia integrata di sviluppo territoriale della Marsica siglata tra il comune di Avezzano e l’unione dei Comuni “Montagna Marsicana”.
Nel suo intervento, il primo cittadino evidenzia un processo demografico e residenziale già visibile nelle principali metropoli italiane: “c’è un fenomeno già in atto da un pò di tempo in città come Milano, Napoli e Torino e ora anche a Roma, dove a causa dei costi proibitivi della vita, soprattutto delle abitazioni, i residenti stanno “migrando” nelle aree interne o in centri limitrofi anche fuori regione con costi più “umani”“.
Una dinamica che, secondo la riflessione del sindaco, può trasformarsi in un’opportunità di crescita per il territorio marsicano, a patto di pianificare le giuste contromisure: “Perché ho sottolineato questo fenomeno? Perché dobbiamo avere una visione territoriale competitiva a medio-lungo termine e farci trovare pronti”.
Il fattore determinante per intercettare questi flussi da Roma, situata ad appena 100 chilometri di distanza, risiede nell’efficienza dell’offerta locale: “Cosa renderebbe la Marsica attrattiva rispetto a un fenomeno migratorio più importante da Roma da cui dista appena 100 km? I servizi! Un costo della vita più sostenibile che agevoli la quotidianità delle persone e che le faccia star bene”.
In questo scenario, il tassello fondamentale rimane lo sviluppo delle infrastrutture di collegamento strategiche, sul quale Santilli ribadisce la propria posizione.
“E in questo senso torno a ripetermi per l’ennesima volta: la linea ferroviaria veloce Roma-Pescara, ha una priorità vitale ed assoluta per la nostra economia, con una sola fermata in Marsica ad Avezzano, da cui poi partano poi ulteriori servizi di TPL verso gli altri centri”, spiega il primo cittadino.
Il progetto, conclude il primo cittadino di Celano, richiede fermezza istituzionale e coesione d’intenti: “Una mera utopia? No, una visione politica su cui credere con forte determinazione in maniera compatta!”."
20260923070300,The Portugal News,https://www.theportugalnews.com/it/notizia/2026-09-23/il-portogallo-registra-i-livelli-di-pratica-sportiva-piu-bassi-dellunione-europea/1090345,,,,,,srclc:ita,"Il Portogallo è il paese dell'Unione europea in cui la popolazione dichiara di praticare meno sport: secondo un sondaggio Eurobarometro, il 68% degli intervistati afferma di non praticarne mai, mentre solo il 4% fa attività fisica quotidianamente."
20260923051113,Tutte Le Ultime Notizie,https://www.ilrestodelcarlino.it/rimini/cronaca/le-classi-con-troppi-5034a6b0,,,,,,srclc:ita,"Classi con tanti alunni stranieri, e altre che si svuotano e vengono cancellate. È il paradosso su cui pone l’attenzione Matteo Petrucci, capogruppo del Pd. ""Se la premier Giorgia Meloni e il governo hanno intenzione di occuparsi di problemi veri del mondo della scuola, suggerisco loro un’altra questione, ben più impattante: quella della soglia minima per formare le classi prime della scuola elementari"". Come accaduto a San Salvatore, dove non c’è più una prima elementare i genitori sono stati costretti a portare i figli altrove.
Meloni ha annunciato la stretta sulle classi con molti alunni stranieri. Le classi in deroga perché con presenza di alunni stranieri superiore al 30%, come è previsto alla circolare del ministero del 2010, è in costante aumento anche nel Riminese. Nell’anno scolastico 2018-’19, le classi per le quali i dirigenti scolastici avevano chiesto una deroga all’ufficio scolastico arrivava a 93. Tre anni più tardi le classi in deroga erano salite a 102. La situazione nella provincia riminese è sempre rimasta molto al di sotto alla media regionale, ma l’aumento c’è stato anche qui. In un solo anno (nel 2022-’23) si è passati da 102 a 162, un numero rimasto pressoché stabile con una sola classe in più l’anno successivo. Infine nel 2024-’25 c’è stata una piccolo flessione, con le classi in deroga scese a 159. Questi i numeri, a fronte di un costante calo complessivo di classi nella nostra provincia. Nel 2019 erano 1921: nel 2025 se ne contavano 1877.
È su questo punto che interviene Petrucci. Le minori classi sono dovute all’inverno demografico e al limite posto dal ministero che prevede un numero minimo di 15 alunni per formare una classe. ""Un parametro troppo rigido, applicato in modo lineare – attacca Petrucci – e figlio di un’epoca in cui chiaramente i tassi di natalità erano superiori a quelli odierni, che sempre più spesso determina purtroppo la mancata formazione di una classe"". E sono tagli che ""avvengono anche in territori dove abbiamo comunità scolastiche che ne avrebbero un forte bisogno, con il rischio di accorpamenti, di spostamenti degli alunni e del progressivo impoverimento dell’offerta educativa nelle zone con una minore presenza di bambini"". Per il consigliere ""è il momento di affrontare prima di tutto il tema della dimensione delle classi e della presenza capillare dei servizi scolastici"".
A contestare il nuovo decreto annunciato della premier sugli stranieri in classe è anche la segretaria del Pd di Santarcangelo Paola Donini: ""A Santarcangelo abbiamo un pensiero talmente opposto a quello della Meloni che già due anni fa, nel 2024, il consiglio comunale ha approvato la modifica all’articolo 2 dello statuto comunale per includere finalmente lo ius scholae, grazie alla mozione del Pd presentata nel 2022"".
Andrea Oliva"
20260923045425,Laleggepertutti,https://www.laleggepertutti.it/831387_eta-pensionabile-a-quanti-anni-si-andra-in-pensione-nel-2029,,,,,,srclc:ita,"Età pensionabile: a quanti anni si andrà in pensione nel 2029?
Le stime della Ragioneria generale dello Stato spostano ancora avanti il traguardo. Ma sono proiezioni, non regole già scritte: la politica è intervenuta più volte per attenuarle.
Chi si avvicina alla fine della carriera fa e rifà lo stesso calcolo: quanti anni mancano, quanti contributi sono maturati, quando si potrà smettere. Il problema è che il traguardo si sposta, perché il nostro sistema previdenziale aggancia l’età pensionabile alla durata media della vita. In questo articolo vedremo, per l’età pensionabile, a quanti anni si andrà in pensione nel 2029 secondo le ultime proiezioni. La Ragioneria generale dello Stato, nel documento sulle tendenze di medio-lungo periodo del sistema pensionistico e socio-sanitario, stima 67 anni e sei mesi per la pensione di vecchiaia nel 2029, e 67 anni e otto mesi nel 2031. Per l’anticipata serviranno 43 anni e quattro mesi di contributi nel 2029 e 43 anni e sei mesi nel 2031, un anno in meno per le donne.
Indice
Perché l’età pensionabile cambia da sola
Il meccanismo che produce questi spostamenti è l’adeguamento alla speranza di vita.
Dal 2010 i requisiti per accedere alla pensione vengono periodicamente rivisti sulla base dei dati Istat relativi alla durata media della vita. Se gli italiani vivono più a lungo, l’età per la pensione sale, e con essa l’anzianità contributiva richiesta per l’anticipata.
La logica è di sostenibilità finanziaria. Una pensione erogata più a lungo costa di più al sistema; alzando l’età di accesso si mantiene stabile il rapporto fra gli anni di contribuzione e quelli di godimento.
L’adeguamento è automatico: non richiede una legge ogni volta, ma opera con decreto ministeriale sulla base delle rilevazioni statistiche.
Le due strade per la pensione
Il sistema prevede due vie principali di uscita dal lavoro.
La pensione di vecchiaia richiede il raggiungimento di un’età anagrafica e un minimo di contributi versati, di regola venti anni. È la forma ordinaria.
La pensione anticipata prescinde dall’età: si può accedere a qualunque età purché si raggiunga un’anzianità contributiva elevata. Il requisito è differenziato: per le donne è inferiore di un anno rispetto a quello degli uomini.
Entrambi i requisiti sono soggetti all’adeguamento alla speranza di vita.
Cosa prevedono le regole oggi in vigore
Prima di guardare alle stime, conviene fissare il quadro attuale, che è quello certo.
Per la vecchiaia: nel 2027 si andrà in pensione a 67 anni e un mese, nel 2028 a 67 anni e tre mesi.
Per l’anticipata: nel 2027 serviranno 42 anni e undici mesi di contributi, nel 2028 43 anni e un mese.
Questi valori sono il risultato di un intervento legislativo, non dell’applicazione automatica dell’adeguamento.
Le stime per il 2029 e il 2031
Le proiezioni della Ragioneria generale dello Stato indicano un’ulteriore crescita.
Per la pensione di vecchiaia: 67 anni e sei mesi nel 2029, 67 anni e otto mesi nel 2031.
Per la pensione anticipata: 43 anni e quattro mesi di contributi nel 2029, 43 anni e sei mesi nel 2031. Per le donne, un anno in meno.
Va detto con chiarezza che si tratta di stime, fondate sull’andamento demografico atteso. Non sono requisiti già fissati da una norma per quegli anni: dipendono dai dati Istat che verranno rilevati e, soprattutto, da eventuali interventi del legislatore.
Chi oggi ha cinquantotto anni e programma l’uscita nel 2029 deve mettere in conto che quel numero può ancora cambiare, in un senso o nell’altro.
Le sterilizzazioni decise dai governi
L’adeguamento automatico, negli ultimi anni, è stato più volte attenuato o bloccato per scelta politica. Il termine tecnico usato è sterilizzazione.
Un primo intervento risale al 2019, con il quale gli effetti dell’aspettativa di vita sono stati neutralizzati fino al 2026.
Un secondo è contenuto nella legge di bilancio per il 2026. L’aumento di tre mesi che sarebbe dovuto scattare dal 1° gennaio 2027 è stato diluito: un solo mese dal 2027, portando il requisito a 67 anni e un mese, e altri due dal 2028, per arrivare a 67 anni e tre mesi.
È questa diluizione a spiegare perché i requisiti attuali siano più bassi di quelli che l’adeguamento automatico avrebbe prodotto.
Perché le stime possono non realizzarsi
La storia recente mostra che fra proiezione e regola effettiva c’è spazio per l’intervento politico.
Ogni adeguamento alla speranza di vita produce un effetto immediato su chi si trova vicino alla soglia, e per questo è una scelta con un costo politico elevato. I governi che si sono succeduti hanno preferito, più volte, rinviare o attenuare l’aumento, assorbendone il costo sul bilancio pubblico.
Le stime della Ragioneria, quindi, descrivono cosa accadrebbe se l’adeguamento operasse pienamente. Se il legislatore intervenisse ancora, i numeri per il 2029 e il 2031 potrebbero risultare più bassi.
Come impostare la propria programmazione
Per chi si trova a pochi anni dall’uscita, la prima cosa da fare è verificare la propria posizione contributiva attraverso l’estratto conto disponibile nell’area riservata del sito Inps. È da lì che si ricavano gli anni effettivamente accreditati, gli eventuali periodi scoperti e le contribuzioni figurative.
La seconda è distinguere fra requisiti certi e stime. Chi maturerà i requisiti entro il 2028 può fare affidamento su valori già fissati dalla legge. Chi guarda al 2029 e oltre lavora su proiezioni, e farebbe bene a verificarle ogni anno.
La terza riguarda le alternative. Accanto alla vecchiaia e all’anticipata esistono altri canali di uscita, dalle forme riservate ai lavori usuranti agli strumenti introdotti dalle singole leggi di bilancio, che cambiano con frequenza. Sono strade da valutare con una simulazione personalizzata, perché ciascuna ha requisiti propri e, spesso, un effetto diverso sull’importo dell’assegno."
20260923044600,Traniviva,https://www.traniviva.it/notizie/sanicomparto-regione-puglia-571-milioni-per-cura-dei-fragili-e-rete-accreditata/,,,,,,srclc:ita,"Sanità
            Sanicomparto | Regione Puglia, 571mln.per ""Cura dei fragili e rete accreditata""
Manovra da +6,5 milioni: fondi a Rsa, disabilità, salute mentale, autismo e dipendenze. Via al nuovo piano per i posti letto
                Trani - mercoledì 23 settembre 2026
 06.46                                            
                        
            
            
            
            
            Ammonta a 571 milioni di euro complessivi, con un incremento di 6,5 milioni rispetto allo scorso anno, il pacchetto di provvedimenti varato dalla Regione Puglia per la remunerazione delle prestazioni sociosanitarie erogate dalle strutture private accreditate. L'obiettivo della manovra è ampliare i servizi, ridurre le liste d'attesa e garantire stabilità terapeutica ai pazienti più fragili.
Nel dettaglio dei comparti, il fondo per Rsa e centri diurni per anziani e non autosufficienti sale a 224,8 milioni (+2 milioni nel 2026); alla salute mentale vanno 140 milioni a presidio della continuità delle cure, mentre per i disturbi dello spettro autistico lo stanziamento tocca i 10,6 milioni grazie a un potenziamento di 2,2 milioni. Previsti inoltre 20,2 milioni per il contrasto alle dipendenze patologiche (+1,5 milioni sui percorsi residenziali), 17 milioni per hospice e cure palliative (+800mila euro) e 158,7 milioni confermati a presidio della riabilitazione.
Parallelamente, la Giunta regionale ha varato gli indirizzi strategici per aggiornare il fabbisogno di posti residenziali e semiresidenziali per disabili e persone non autosufficienti. Il piano chiude i criteri transitori del 2019 e dà il via a un monitoraggio territoriale per definire una nuova disciplina di assegnazione dei posti, mirata ad allineare l'offerta all'invecchiamento demografico.
© Riproduzione Riservata [tl@]
                    Nel dettaglio dei comparti, il fondo per Rsa e centri diurni per anziani e non autosufficienti sale a 224,8 milioni (+2 milioni nel 2026); alla salute mentale vanno 140 milioni a presidio della continuità delle cure, mentre per i disturbi dello spettro autistico lo stanziamento tocca i 10,6 milioni grazie a un potenziamento di 2,2 milioni. Previsti inoltre 20,2 milioni per il contrasto alle dipendenze patologiche (+1,5 milioni sui percorsi residenziali), 17 milioni per hospice e cure palliative (+800mila euro) e 158,7 milioni confermati a presidio della riabilitazione.
Parallelamente, la Giunta regionale ha varato gli indirizzi strategici per aggiornare il fabbisogno di posti residenziali e semiresidenziali per disabili e persone non autosufficienti. Il piano chiude i criteri transitori del 2019 e dà il via a un monitoraggio territoriale per definire una nuova disciplina di assegnazione dei posti, mirata ad allineare l'offerta all'invecchiamento demografico.
© Riproduzione Riservata [tl@]"
20260923042138,Bergamonews,https://www.bergamonews.it/2026/09/23/denatalita-e-spopolamento-mettono-a-rischio-le-scuole-la-provincia-scrive-a-valditara-deroghe-per-salvare-le-classi/923925/,,,,,,srclc:ita,"Istruzione
|Denatalità e spopolamento mettono a rischio le scuole, la Provincia scrive a Valditara: “Deroghe per salvare le classi”
Dalla pianura alle valli aumentano le difficoltà nel mantenere attivi classi e plessi. La richiesta al ministro riguarda anche un nuovo piano pluriennale per l’edilizia scolastica
Gli effetti della denatalità si riflettono anche sulle scuole, dove sempre più spesso i banchi restano vuoti. Classi che rischiano di non partire, plessi che faticano a mantenere i numeri e piccoli Comuni che temono di perdere un presidio fondamentale per la comunità. È questo il quadro portato dalla Provincia di Bergamo all’attenzione del ministro dell’Istruzione Giuseppe Valditara, con una lettera firmata dal presidente Gianfranco Gafforelli e dal vicepresidente Umberto Valois, delegato alla pianificazione scolastica e all’edilizia. La richiesta è duplice: maggiore flessibilità nella formazione delle classi, con la possibilità di ricorrere a deroghe dove necessario, e un nuovo piano nazionale pluriennale per l’edilizia scolastica dopo la conclusione degli interventi finanziati dal Pnrr.
“La lettera – spiega Valois – al ministro è stata inviata su mia iniziativa e condivisa con il presidente perché abbiamo avuto diverse segnalazioni sulla difficoltà di far partire le classi prime in alcuni piccoli Comuni della Comunità montana, ma non solo, anche nella pianura. È una questione che riguarda quindi sia le frazioni dei piccoli Comuni sia le Comunità montane. Chiediamo al ministro un’attenzione particolare e – aggiunge – la possibilità di derogare laddove ve ne sia la necessità, perché siamo consapevoli che quando chiude una classe o un plesso viene meno un presidio sociale, culturale, formativo e di sicurezza sul territorio”.
Nella lettera vengono citati diversi casi, dalla pianura alle valli. A Pumenengo, per esempio, la prima classe della scuola secondaria di primo grado per l’anno 2026/2027 era inizialmente a rischio, prima dell’autorizzazione arrivata dall’Ufficio scolastico territoriale anche dopo una raccolta di oltre 600 firme. A Vidalengo, invece, la prima classe della primaria non è stata attivata nonostante sette alunni iscritti e la richiesta avanzata dall’istituto comprensivo con il sostegno dell’amministrazione comunale.
I numeri forniti dalla Provincia confermano il fenomeno. Gli studenti delle scuole statali bergamasche sono passati dai 129.911 del 2023/2024 ai 124.324 del 2026/2027, con una diminuzione di 5.587 alunni. Il calo riguarda soprattutto il primo ciclo: negli istituti comprensivi gli studenti sono scesi da 83.178 a 76.834. Nelle scuole superiori, invece, nello stesso periodo si registra un aumento, da 46.733 a 47.490.
Per la Provincia il tema delle classi si lega direttamente a quello dello spopolamento. “Se vogliamo invertire la rotta bisogna mettere in campo iniziative che possano almeno rallentare il processo di spopolamento. Noi – precisa il vicepresidente della Provincia – facciamo il nostro: sul settore scuola lanciamo questa richiesta, mentre sul settore infrastrutturale, per collegare le nostre valli da est a ovest e da nord a sud, puntiamo sullo sviluppo infrastrutturale e sosteniamo le richieste dei Comuni con azioni concrete. Un esempio è l’interessamento sulla Paladina-Sedrina, dove la Provincia è protagonista e sostiene convintamente l’opera”.
La Provincia, attraverso il proprio ruolo nella pianificazione della rete scolastica provinciale, si propone quindi come portavoce delle esigenze dei Comuni nei confronti del Governo. L’altra richiesta riguarda gli edifici scolastici. Con il Pnrr, ricorda la Provincia, sul territorio bergamasco sono stati investiti circa 70 milioni di euro per 38 interventi. Una cifra che, secondo la stima contenuta nella lettera, rappresenta circa un decimo del fabbisogno strutturale complessivo. Da qui la valutazione di un fabbisogno potenziale nell’ordine dei 700 milioni di euro per il territorio provinciale.
La Provincia chiede quindi al Ministero di programmare, dopo la stagione del Pnrr, un nuovo piano nazionale pluriennale con risorse certe e continuative. Le priorità indicate sono la sicurezza degli edifici, l’efficientamento energetico, l’adeguamento degli spazi alle nuove esigenze didattiche e, dove necessario, la costruzione di nuovi plessi.
L’obiettivo è evitare che il calo demografico si traduca automaticamente nella perdita di servizi. Per la Provincia, sottolinea Valois, la scuola non è soltanto un luogo dove si fa lezione, ma anche un presidio sociale e territoriale, soprattutto nei piccoli Comuni e nelle frazioni."
20260923040157,Fanpage News,https://www.fanpage.it/politica/social-freezing-umbria-vota-mozione-pd-per-sostenerlo-e-ridurre-la-denatalita-maternita-e-giustizia-sociale/,,,,,,srclc:ita,"Varie Regioni hanno già introdotto forme di sostegno alla crioconservazione degli ovociti, mentre l’Umbria si prepara al voto del 24 settembre. Una mozione del Pd chiede un sostegno economico alla crioconservazione degli ovociti e di rafforzare l’informazione sanitaria, in un quadro ancora segnato dall’assenza di una disciplina nazionale. Continua a leggere"
20260923040000,L'eco Di Bergamo,https://www.ecodibergamo.it/stories/premium/bergamo-citta/classi-spopolate-da-bergamo-lettera-al-ministro-valutare-deroghe-o_3956795_11/,,,,,,srclc:ita,"Classi «spopolate», da Bergamo lettera al ministro: «Valutare deroghe»
LA RICHIESTA. Valois e Gafforelli scrivono a Valditara: «Rivedere i minimi per le prime, a tutela di un presidio».
Lettura 3 min.
Classi prime che non riescono a partire per insufficienza di numeri, formazione di nuove pluriclassi, accorpamenti di dirigenze, riorganizzazioni degli spazi con la chiusura di plessi. Casi di questo tipo negli anni si sono registrati in vari punti del territorio – con una prevalenza delle valli. Ma se le singole vicende hanno motivazioni e scenari diversi, la vista d’insieme sembra puntare a una parola chiave: denatalità. Umberto Valois, consigliere delegato alla Pianificazione scolastica di Via Tasso, e il presidente Gianfranco Gafforelli, l’hanno posta al centro della lettera inviata nei giorni scorsi al ministro dell’Istruzione Giuseppe Valditara.
«Le tendenze demografiche – scrivono – ci indicano che il calo della popolazione più giovane continuerà a produrre effetti sul sistema scolastico nei prossimi anni». Di qui la necessità di «una scelta di programmazione»: «Non possiamo affrontare ogni anno la formazione delle classi come una successione di singole emergenze locali».
Il rischio paventato è che il calo delle nascite, e dunque progressivamente degli alunni, porti all’indebolimento della presenza del presidio scolastico sul territorio, con conseguente minore attrattività per le famiglie, in un circolo vizioso che finirebbe per favorire lo spopolamento di alcune zone.
«Condizioni motivate»
Citando quindi anche la strategia per le Aree interne e la funzione territoriale ricoperta dalle scuole, la richiesta al ministro è di «valutare la possibilità di prevedere o rafforzare strumenti di deroga rispetto ai parametri ordinari per la formazione delle classi prime, quando ricorrano motivate condizioni territoriali, demografiche, geografiche o sociali». Una richiesta che non si limita alle zone montane: «Gli effetti della denatalità stanno progressivamente interessando anche piccoli Comuni e frazioni della pianura. Non chiediamo – scrivono ancora Gafforelli e Valois – di rinunciare ad una corretta programmazione della rete scolastica, né di mantenere indistintamente ogni situazione esistente», quanto di poter «valutare puntualmente i singoli casi».
I numeri
I numeri allegati alla lettera parlano chiaro. Dai 129.911 alunni iscritti in tutti i cicli di istruzione della rete statale nel 2023/2024 in Bergamasca, nell’anno scolastico appena iniziato si è scesi a 124.324. Una diminuzione del 4,3%. Ma se si guarda ai soli istituti comprensivi (quindi dall’infanzia alle vecchie scuole medie) il calo è ben più pesante: dagli 83.178 scolari del 2023-2024, ai 76.834 dell’anno appena partito: meno 6.344, il 7,6%.
«Si tratta di una problematica profonda, che tocca molti aspetti e che colpisce in particolare i piccoli Comuni – rileva Valois –. Se vogliamo creare le condizioni affinchè certi territori non si spopolino, dobbiamo valutare come mantenere i servizi. La Provincia, in questo senso, è al lavoro anche sugli aspetti legati alle infrastrutture». La missiva è nata pure da segnalazioni del territorio: «Il confronto costante con gli amministratori locali ci restituisce una crescente preoccupazione da parte di diversi sindaci, rispetto alla difficoltà di raggiungere i parametri numerici necessari alla formazione delle classi prime».
La situazione in provincia
Alla primaria per formare una classe prima occorrono almeno 15 alunni e non più di 26, ma nei Comuni montani il limite di legge scende a 10. Per le pluriclassi la «forbice» di riferimento è 8-18 alunni. Da una ricognizione della primavera scorsa risultavano oltre una trentina le sedi di scuola primaria senza una classe prima assegnata, ma le situazioni sono varie ed evolvono poi in molti casi tra pluriclassi – che sul territorio provinciale, sempre da una valutazione provvisoria dei mesi scorsi, sono 67 – e altri sviluppi. Resta però il fatto che in alcune realtà del territorio, per esempio a Peia, Gromo, Vidalengo di Caravaggio, la prima primaria non è effettivamente partita per quest’anno.
«Fenomeno strutturale»
La lettera – che evidenzia «il positivo rapporto di collaborazione istituzionale che la Provincia mantiene con l’Ufficio scolastico territoriale e con il suo dirigente Vincenzo Cubelli» e con l’assessore regionale competente Simona Tironi – cita «l’esperienza di Pumenengo, dove la classe prima della scuola secondaria di primo grado, inizialmente a rischio per il mancato raggiungimento dei parametri numerici, è stata successivamente autorizzata. Si tratta di un esempio positivo di ascolto del territorio e della capacità delle istituzioni di individuare soluzioni nell’interesse della comunità».
Proprio in quest’ottica, «riteniamo che la possibilità di ricorrere a deroghe motivate non debba essere considerata esclusivamente come una risposta emergenziale, ma possa rappresentare uno degli strumenti attraverso i quali accompagnare gli effetti della transizione demografica sul sistema scolastico».
Il punto è infatti «governare un fenomeno demografico strutturale che nei prossimi anni sarà inevitabilmente destinato a riproporre situazioni analoghe. Difendere un presidio scolastico laddove esistano condizioni oggettive che ne giustifichino la permanenza e continuare ad investire nella qualità degli edifici significa perseguire il medesimo obiettivo: garantire pari opportunità ai nostri ragazzi e un futuro alle nostre comunità». La lettera si chiude con la disponibilità a un incontro per discutere dei temi sollevati.
© RIPRODUZIONE RISERVATA"
20260923022534,Corriere Adriatico,https://www.corriereadriatico.it/fermo/fermo_dossier_stranieri_scuola_fermano_30_solo_istituti-9779307.html,,,,,,srclc:ita,"FERMO Classi scolastiche con un tetto massimo del 30% di studenti stranieri: la misura che sarà discussa dal Consiglio dei Ministri nel Fermano, dati alla mano, non creerebbe molti allarmismi.
L’incidenza
Gli studenti stranieri in provincia sono infatti 3434 su 20205, con una incidenza complessiva sugli istituti di ordine e grado, secondo i dati dell’ufficio scolastico regionale del 16,99%. Nelle Marche le concentrazioni più elevate interessano diciassette sedi, cinque delle quali ospitano un Cpia, ovvero i centri provinciali per l’istruzione degli adulti, rivolto spesso per sua natura a un’utenza in larga parte straniera: tra questi c’è anche l’Itet Carducci Galileo di Fermo, che su 1036 alunni iscritti, conta 403 stranieri, una percentuale dunque del 39,39%.
Tra le scuole con un alto tasso di stranieri c’è anche l’Isc Rita Levi Montalcini di Porto Sant'Elpidio, dove la percentuale è del 30,78% e l'istituto professionale “Ostilio Ricci” di Fermo, dove gli studenti stranieri sono Appena sopra il 31%.
La costa
Lungo la costa, dove la presenza di famiglie straniere è comunque maggiore, non si registra nessun caso di classi con un numero di stranieri superiore al fatidico 30%, una situazione che si riflette in maniera regolare anche nei comuni dell’entroterra, fatta qualche piccola eccezione. Ad esempio alle scuole medie di Montottone o alla scuola elementare di Ortezzano, si registrano classi che sforano il tetto del 30%. Nei rari casi in cui la percentuale viene superata, la soglia è di norma comunque superata con un
o scarto minimo. C’è poi anche un altro elemento da sottolineare in questa dinamica che vede affiancata l’istituzione scolastica con la demografia. Considerando i dati che sono stati recentemente diffusi dall’Istat, le nascite di bambini stranieri nella provincia di Fermo restano molto al di sotto del 30% rispetto a quelle dei bambini italiani, che già sono basse: un dato che dunque si riflette successivamente anche nelle aule scolastiche.
I sindaci
Nei piccoli paesi collinari anzi, la presenza di alunni stranieri è in qualche caso benedetta dai sindaci, che hanno in questo modo la possibilità di raggiungere il numero considerato minimo di iscritti e mantenere le proprie scuole aperte, in particolare per quanto riguarda la scuola materna, che in molti casi è proprio quella che soffre maggiormente del calo demografico verticale che si sta verificando negli ultimi anni."
20260923004000,Quotidiano Nazionale,https://www.quotidiano.net/politica/elezioni-politiche-del-2027-la-destra-e-le-sue-priorita-identita-ordine-sicurezza-la-campagna-elettorale-della-maggioranza-sara-piu-politica-che-economica-llwgw1j6,,,,,,srclc:ita,"Roma, 23 settembre 2026 – L’abolizione del bollo auto rischia di essere, al tempo stesso, la più popolare e l’ultima misura di politica economica apertamente elettorale che il governo possa permettersi. Non perché a Palazzo Chigi sia improvvisamente tramontata la tentazione di parlare al ceto medio attraverso il portafoglio – tentazione connaturata a ogni democrazia competitiva – ma perché il contesto europeo e i conti pubblici italiani hanno ristretto drasticamente il margine della politica.
Molti governi hanno coltivato l’illusione che ogni legge di bilancio fosse una sorta di mercato elettorale: si distribuivano detrazioni, bonus, proroghe e micro-incentivi nella convinzione che il consenso potesse essere acquistato a rate, con coperture spesso provvisorie e risultati strutturali quasi sempre modesti. La disciplina fiscale europea, insieme alla procedura di rientro dal disavanzo prevista dal nuovo patto di stabilità, rende oggi questi tentativi molto meno praticabili. Non si tratta soltanto di rispettare parametri astratti dettati da Bruxelles, ma di finanziare un debito enorme in un ambiente internazionale più instabile, con tassi ancora più alti di quelli ai quali l’Italia si era abituata nel decennio precedente e una crescita troppo debole per assorbire con disinvoltura nuove promesse di spesa.
In questo quadro, l’abolizione del bollo auto ha una logica politica episodica verso una tassa visibile, largamente impopolare e percepita come particolarmente irritante su un bene di uso quotidiano diffuso come l’automobile.
Ma proprio per questo il provvedimento ha i caratteri dell’eccezione, non dell’avvio di una manovra spendi tutto. Di fatti, una volta imboccato il sentiero previsto dal patto di stabilità che Meloni stessa ha firmato, il governo avrà davanti a sé una scelta inevitabile: preservare la credibilità conquistata nei confronti dei mercati e dei partner europei, oppure tentare una manovra pre-elettorale di dimensioni tali da mettere in discussione la traiettoria del deficit. La seconda opzione sarebbe costosa, rischiosa e in fondo contraddittoria rispetto alla principale risorsa politica dell’esecutivo: l’immagine di un governo di destra che, diversamente da molte esperienze precedenti, non ha trasformato l’accesso al potere in una prova di improvvisazione finanziaria e che grazie a questa responsabilità può custodire la stabilità.
Giorgia Meloni ha costruito una parte essenziale della propria legittimazione sul fatto di aver normalizzato la destra di governo senza dissolverne l’identità. Ha conservato toni netti su immigrazione, sovranità, sicurezza e difesa dell’interesse nazionale, ma ha evitato le fughe in avanti che avrebbero potuto allarmare investitori, istituzioni europee e apparati dello Stato. È una formula che può apparire meno spettacolare delle promesse del passato, ma è politicamente più solida: in un Paese gravato da debito, bassa produttività e declino demografico, la stabilità diventa essa stessa una prestazione di governo.
Per questa ragione, la prossima campagna elettorale della destra non sarà verosimilmente dominata da promesse economiche. Sarà una campagna più politica che economica, più identitaria che redistributiva. Al centro vi saranno la sicurezza urbana e territoriale, il contrasto all’immigrazione irregolare, il controllo delle frontiere, il rapporto fra legalità e degrado nelle periferie. Temi che parlano a una domanda sociale profonda e che consentono alla coalizione di ricomporre elettorati diversi: il ceto medio impaurito dalla perdita di status, l’anziano che chiede protezione, il piccolo imprenditore ostile alle politiche green, l’elettore moderato che teme il ritorno dell’instabilità.
L’altro argomento sarà il più difficile da rendere emotivamente efficace, ma forse il più importante: la stabilità. Non soltanto la stabilità dei governi, che in Italia resta un bene raro, bensì quella della postura internazionale, delle scelte di bilancio, dei rapporti con l’Europa e della continuità amministrativa. La promessa implicita sarà questa: non abbiamo risolto tutti i problemi, ma abbiamo impedito che il Paese finisse fuori strada in un ambiente internazionale difficile. La campagna elettorale, dunque, guarderà a ciò che, di questi tempi, può mobilitare l’elettorato: identità, sicurezza, ordine e affidabilità del potere."
20260923000000,L'opinione Delle Libertà,http://www.opinione.it/politica/2026/09/23/riccardo-scarpa-questione-demografica-studenti-italiani-stranieri-scuola/,,,,,,srclc:ita,"Di quanto annunciato da Giorgia Meloni, al momento presidente il Consiglio dei ministri, durante il discorso al raduno dei ragazzi di Gioventù nazionale, si discute sulle misure inerenti alla percentuale di studenti italiani o forestieri presenti nelle classi delle scuole di ogni ordine e grado. Il problema sorge, però, da ben altro: il calo demografico che colpisce la popolazione italiana. Ricordiamoci come la cosa si riproduca, più volte, nei secoli, sulla penisola. Nelle fasi di benessere, gli esseri umani se la godono risparmiandosi il fastidio di procreare e allevare la prole. L’Italia romana, nell’evo antico, attrasse popolazioni barbariche quando tese, nel basso impero, a spopolarsi.
Quindi la questione è incentivare le giovani donne a procreare, a prescindere da matrimoni, convivenze o rapporti occasionali; fatti loro. Giorgio Dell’Arti, il quale a suo tempo fondò il Venerdì di Repubblica, quindi non classificabile come di destra o addirittura “neofascista”, ha proposto di dare alle donne che mettono al mondo un bimbo, una somma di danaro, per incentivare la procreazione. L’ha quantificata in 25mila euro a neonato. Ritiene questo comporti una spesa di circa quattordici miliardi l’anno. La presidente del Consiglio dei ministri ha agito, fino ad oggi, con lo stesso obiettivo, sul versante delle esenzioni fiscali. Però, sul versante dell’incentivo diretto, c’è l’esempio di Singapore, dove “si fa bene all’amore”. Lì, il Governo concede 43mila euro a ogni mamma, la quale fa nascere un bambino. Vale la pena di riflettere, e non accapigliarsi su uno degli effetti dell’infertilità. Almeno fino a quando qualche italiano, sullo Stivale, c’è ancora.
Aggiornato il 23 settembre 2026 alle ore 13:17"
20260923000000,L'eco Di Bergamo,https://www.ecodibergamo.it/stories/premium/bergamo-citta/la-fede-parli-alla-vita-delle-persone-o_3956791_11/,,,,,,srclc:ita,"«La fede parli alla vita delle persone»
DIOCESI. Il Vescovo Beschi alla presentazione del Bilancio di missione: «È positivo che si effettui una verifica». Nel documento i numeri, le azioni e le «opere - segno» compiute nell’ambito delle quattro «Terre esistenziali».
Lettura 2 min.
Un’occasione per guardare alla ricchezza di quanto fatto, ma anche per valutare ed eventualmente correggere. È stato presentato nella serata di martedì 22 settembre al Centro congressi Papa Giovanni XXIII il Bilancio di missione della Diocesi con cui si traccia un racconto di quanto operato nella Diocesi nel corso dell’anno 2025.
Il Bilancio di missione
Il Bilancio, redatto per il secondo anno, è costituito non solo da numeri, ma rappresenta soprattutto la condivisione di progetti, percorsi, opere-segno realizzate nelle 13 Comunità ecclesiali territoriali attraverso le quattro «Terre esistenziali», ovvero gli ambiti nei quali la Diocesi ha scelto di strutturare l’azione pastorale: Famiglia ed educazione, Vita sociale e mondialità, Prossimità e cura, Cultura e comunicazione.
«Positivo che si compia una verifica»
Al termine della presentazione, il Vescovo Francesco Beschi ha sottolineato alcuni aspetti, a partire proprio da una delle ragioni che hanno portato alla scelta di compilare il bilancio, e che riguarda l’esigenza di condivisione: «È positivo che si compia una verifica avvertendo la necessità di soffermarsi, guardare la ricchezza delle nostre iniziative, valutare ed, eventualmente, correggere». È una scelta, ha ricordato il Vescovo, che si sta consolidando nella vita della Chiesa «anche per spinta di Papa Leone che ha indicato i criteri: incontrare Cristo e farlo incontrare, generare comunità, abitare e servire la città, formare il popolo di Dio secondo una visione della vita alimentata dal Vangelo».
Uno degli aspetti su cui interrogarsi riguarda la contrazione dei numeri legati all’attività specifica del Vangelo: battesimi e matrimoni si sono ridotti negli ultimi anni di un terzo, fenomeno legato anche all’inverno demografico. «Già 50 anni fa - ha ricordato monsignor Beschi - si parlava del permanere di una tradizione, ma sempre più fragile. Era già in atto una crisi che ora necessita di una fede più profonda e consapevole. Non si deve essere pessimisti, ma rilanciare la consapevolezza di una missione, perché la fede parli alla vita delle persone, una fede che sia capace di dire una parola di significato nella vita, altrimenti rassegnata alla marginalità».
Monsignor Michelangelo Finazzi, vicario episcopale per i laici e per la pastorale, introducendo i delegati delle Terre esistenziali, ha spiegato che «il documento non è solo un bilancio economico, non un’autocelebrazione. Come dire che cosa ha operato il Signore nella sua Chiesa? Non sono misurabili amore e carità e l’effetto della Grazia».
Alcuni numeri
Don Carlo Nava, delegato vescovile per la Famiglia e l’educazione, ha indicato alcuni numeri: oltre 32mila ragazzi nella catechesi, 3.600 catechisti, 600 insegnanti di religione. Opera segno è «La Casa» a San Paolo D’Argon, luogo di fraternità ed accoglienza per genitori separati o in crisi coniugale, mentre una storia significativa arriva dalla Cet13 Stezzano, che ha colto la difficoltà delle famiglie con bambini piccoli nella partecipazione alla Messa, da qui la proposta di una Messa speciale celebrata a «Casa Guanella».
Don Cristiano Re, delegato vescovile per la Vita sociale e mondialità, ha presentato alcuni dati che toccano anche l’attività del Centro missionario diocesano e di «Fileo», con le proposte formative: 110 gruppi missionari, 410 missionari bergamaschi nel mondo, 15 realtà che hanno ospitato la mostra sull’ambiente «Cura ogni piccolo gesto». «Al centro - ha detto don Re - temi caldi che toccano la pastorale per i migranti, il dialogo ecumenico e religioso, la costruzione del bene comune, la giustizia sociale, la pace». Tra le opere segno il progetto Munaypata in Bolivia, mentre la Cet 9 Valle Imagna - Villa d’Almè è stata protagonista di un incontro che ha coinvolto i gruppi missionari e altre realtà come Sermig-Arsenale della Pace di Bonate e Mato Grosso.
Per la Terra esistenza Prossimità e cura, il delegato vescovile Giuseppe Giovanelli ha evidenziato che «si è lavorato per costruire una cultura della prossimità. Tanti i volontari, oltre 1.500, che agiscono non solo per buona volontà, ma anche formandosi, unendo cuore e competenza». Una storia emblematica riguarda la Val di Scalve, in cui è nata una Caritas interparrocchiale, presidio in un territorio in cui si colgono solitudine e isolamento. L’opera segno è la Casa minori e famiglia Marina Lerma, inaugurata a giugno 2025.
Sabrina Penteriani, delegata vescovile per Cultura e comunicazioni, ha ricordato le Settimane della Cultura con 120 eventi sul territorio e sviluppate in particolare dai giovani della Cet 12 di Dalmine, l’attenzione al patrimonio artistico. Opera-segno il nuovo Museo Bernareggi che ad oggi ha già registrato oltre 40mila visitatori. L’economo della diocesi Don Enrico Minuscoli ha presentato i dati economici, con un raffronto con lo scorso anno, che indica stabilità. Stella Gubelli di Altis Advisory, spin-off dell’Università Cattolica di Milano, che ha curato il bilancio, ha spiegato il metodo con cui sono stati raccolti i dati.
© RIPRODUZIONE RISERVATA"
20260922223256,Unione,https://www.unionesarda.it/lunione-in-edicola/storie-di-suore-jzv9v8al,,,,,,srclc:ita,Storie di “Suore” . L'Unione in edicola - L'Unione Sarda.it
20260922210048,Il Riformista,https://www.ilriformista.it/i-migranti-ci-fanno-ancora-paura-531369/,,,,,,srclc:ita,"Da Ceuta alla scalata di AFD
I migranti ci fanno ancora paura?
La crisi di Ceuta di quest’estate ha posto di nuovo sotto i riflettori il tema della gestione del fenomeno migratorio. L’esito delle recenti elezioni in Sassonia-Anhalt e quelle di domenica nei Land di Berlino e Meclemburgo-Pomerania Anteriore, che hanno oltremodo premiato il partito di estrema destra AFD, conferma come le opinioni pubbliche e l’elettorato percepiscano come carenti, insufficienti o addirittura inesistenti le attuali politiche migratorie (il gradiente dipende dai punti di vista dell’osservatore). In questo contesto depurare il dibattito da suggestioni propagandistiche, separando i fatti dalle opinioni è sempre più difficile. Il rischio che si corre è quello di trasformare slogan propagandistici in scorciatoie salvifiche, tanto più suggestive quanto maggiore è la distanza di chi le sbandiera da responsabilità di governo e quanto più vicini sono gli appuntamenti elettorali.
Classico esempio è la cosiddetta “remigrazione”, intesa come rimpatrio consensuale o forzoso di chi non ha titolo legale per stare in Italia: se la si intende nella sua definizione letterale, la remigrazione nel nostro Paese esiste già. Chi obietta che andrebbe applicata in maggior misura e su larga scala dovrebbe spiegare almeno un paio di cose: come definire le necessarie intese con i Paesi di origine e, soprattutto, come superare i vincoli imposti dai trattati internazionali (Convenzione di Ginevra sui rifugiati del 1951, Trattato di Dublino) che consentono, tra l’altro, a chiunque giunga, e in qualsiasi modo, sul territorio europeo (navi militari comprese) di presentare richiesta di asilo politico o di essere sottoposto a misure temporanee per motivi umanitari.
Il punto vero è superare nel dibattito interno la sterile dicotomia blocco navale versus accoglienza indiscriminata per ragionare nel merito su come costruire politiche pubbliche capaci di distinguere le condizioni giuridiche e sociali degli stranieri (in ingresso o già presenti sul territorio nazionale) costruendo percorsi di inclusione socio-lavorativa legali, solidi, trasparenti e verificabili nel tempo. La stratificazione normativa in materia (“legge Martelli” del 1990, “Turco-Napolitano” del 1998, “Bossi-Fini” del 2002, “Minniti-Orlando” del 2017, poi modificata dal c.d. “decreto Salvini” del 2018, anch’esso modificato dal c.d. “Decreto Lamorgese”) testimonia l’obsolescenza di un approccio che ha provato a definire un legame immigrazione-inclusione con strumenti e modalità oramai superati dalla realtà del nostro mercato del lavoro. Basti pensare al caos dei famigerati “click day”, alla rigida predeterminazione ex ante dei fabbisogni e delle quote di ingresso ed a una burocrazia incapace di impedire storture o infiltrazioni della criminalità organizzata con forme di “accaparramento” delle quote, come denunciato dalla stessa Premier.
L’incontro tra domanda e offerta di lavoro deve necessariamente essere assicurato, e garantito nel tempo, da politiche ad hoc imperniate sulla rete dei Servizi al Lavoro presenti nel nostro Paese (soggetti privati autorizzati/accreditati, a livello nazionale e regionale, insieme ai Centri per l’impiego, senza sovrapposizioni operative) capaci di distinguere la formazione (pure necessaria) dall’inserimento lavorativo. Vanno quindi definite politiche distinte per i flussi in entrata nel nostro Paese e per lo stock di stranieri già presenti sul territorio. Per i primi occorre valorizzare fortemente il ruolo degli intermediari privati che oltre ad essere autorizzati e vigilati dal Ministero del lavoro detengono un know how di cui non si può fare a meno: la conoscenza del reale fabbisogno delle imprese, la capacità di organizzare percorsi di formazione, anche in loco, coerenti con questa domanda, la possibilità di garantire, d’intesa con l’azienda, il reale inserimento lavorativo, risolvendo questioni complesse come l’housing e l’accoglienza. Vanno definite norme e procedure capaci di blindare l’intero processo depurandolo da lungaggini burocratiche o rendite parassitarie (come la creazione di aule di discenti che rimangono poi inoccupati).
È del tutto evidente come questo approccio trasparente e tracciabile ridurrebbe fortemente anche il rischio di creare un “esercito di manodopera di riserva”, per dirlo in termini marxiani, di lavoratori sottopagati e ricattabili dalle mafie ma non solo. Per quanto riguarda gli stranieri già (legalmente) presenti sul territorio nazionale va effettuato uno screening distinguendo chi può essere destinatario di politiche formative tese a creare le condizioni per un inserimento lavorativo reale da coloro che vanno indirizzati verso percorsi di reinserimento/recupero sociale in funzione delle fragilità rilevate. Disoccupati (cioè soggetti che hanno già avuto esperienze di lavoro, magari diversificate e discontinue, che possono essere capitalizzate in termini di competenze acquisite) e inattivi andranno trattati in maniera differenziata con il supporto, per questa seconda platea, degli enti del terzo settore che si occupano di inclusione sociale. Tutte le azioni andrebbero personalizzate in funzione delle caratteristiche di ciascuna platea con strumentazioni ad hoc oggi ben note agli operatori delle politiche attive. Non vanno trascurate azioni di supporto all’imprenditorialità, visto che secondo il Ministero del lavoro sono quasi 680 mila le imprese di migranti in Italia, di cui il 79% extra UE. Tutti i finanziamenti pubblici alla formazione professionale dei migranti occupabili andrebbero subordinati all’effettivo inserimento/accompagnamento al lavoro dei discenti.
Queste politiche potrebbero essere definite mediante avvisi multi-misura finanziati con fondi di programmi regionali o nazionali già esistenti, attivabili nel finanziamento dell’intera filiera dei servizi di Politica Attiva e Welfare. Le risorse per fare tutto questo ci sono ed i ritorni in termini di incremento del Pil e dei livelli di sicurezza sarebbero notevoli. L’urgenza di governare il fenomeno migratorio viene spesso legata al declino demografico e alla necessità di supportare il sistema produttivo e garantire la sostenibilità presente e futura del nostro sistema di welfare. Ma c’è di più. La crisi di Ceuta, ultima in ordine di tempo, ha mostrato ancora una volta come l’immigrazione incontrollata possa essere utilizzata come fattore di destabilizzazione.
Nulla di nuovo: analoghe situazioni si registrarono durante le crisi tra Turchia e Grecia (2020), Bielorussia e Polonia (2021), Russia e Finlandia (2023). Tutti precedenti poco incoraggianti per il nostro Paese se guardiamo cosa accade di fronte alle nostre coste, nel caos libico, principale snodo dei flussi migratori illegali verso l’Europa. È dalla Libia, o da ciò che ne resta, che parte oltre il 90% degli sbarchi ed è lì che è presente quasi un milione di migranti prigionieri di organizzazioni criminali. Anche per ragioni geostrategiche serve dare vita a un Patto Nazionale che riunisca Istituzioni, Agenzie per il lavoro e corpi sociali intermedi volto a garantire un coordinamento istituzionale e operativo. Il rafforzamento di canali legali di ingresso è anche il prerequisito necessario per mettere in campo decise azioni di contrasto, sul piano militare e di polizia internazionale, all’inaccettabile traffico di esseri umani in raccordo con i Paesi di origine e sulla base di intese bilaterali o multilaterali.
© Riproduzione riservata"
20260922184800,Milano Finanza,https://www.milanofinanza.it/news/calcio-il-brasile-mette-un-tetto-agli-stranieri-per-rilanciare-la-selecao-202609222045399584,,,,,,srclc:ita,"Il calcio brasiliano sceglie la via del protezionismo virtuoso e vara una profonda svolta regolamentare per difendere il proprio modello industriale e tecnico.
I club di Série A e Série B hanno approvato un piano congiunto con la Cbf (Confederação Brasileira de Futebol), che a partire dal 2027 ridisegnerà la fisionomia delle rose: il tetto massimo di calciatori stranieri convocabili a referto per partita scenderà gradualmente dagli attuali nove a cinque nel 2030 (otto nel 2027, sette nel 2028, sei nel 2029). Contestualmente, entrerà in vigore una quota minima obbligatoria di atleti under 23 nelle liste ufficiali dei 50 tesserati: partirà da 20 giovani nel 2027 per raggiungere le 25 unità nel 2030, arrivando a occupare esattamente la metà dell'organico.
La decisione della Cbf poggia su basi statistiche impietose presentate nel dossier di riforma. Tra il 2020 e il 2026, la percentuale di minuti disputati da talenti brasiliani under 23 è crollata vertiginosamente dal 28,3% all’11,5%. Nello stesso arco temporale, l'impiego sul terreno di gioco di atleti stranieri over 23 è esploso, passando dal 7,1% del 2021 al 25% del 2026.
L’effetto immediato è stato un rapido invecchiamento del Brasileirão, la cui età media complessiva ha toccato il record di 28,5 anni, superando i cinque grandi campionati europei. L'importazione massiccia di profili sudamericani già formati ha finito per intasare i canali dei vivai, erodendo l'identità del futebol bailado e privando la Seleção del necessario ricambio generazionale. La Federazione interviene per invertire questo declino demografico e salvaguardare la fabbrica di asset patrimoniali che alimenta l'export calcistico globale.
Il caso brasiliano offre un parallelo illuminante e impietoso con la Serie A. Anche il massimo campionato italiano sconta da oltre un decennio un’eccessiva esterofilia (alimentata a lungo dagli sgravi fiscali del Decreto Crescita) che ha ridotto ai minimi termini il minutaggio dei giovani convocabili per le selezioni azzurre, con ricadute drammatiche sul rendimento della Nazionale.
Tuttavia, mentre l'Italia resta imbrigliata nei rigidi vincoli comunitari di libera circolazione dei lavoratori sanciti dalla sentenza Bosman e si affida al palliativo delle seconde squadre tra veti incrociati di Lega e Figc, il Brasile dimostra la determinazione di una nazione leader: imporre una terapia d'urto regolamentare per riappropriarsi della propria vocazione formativa. (riproduzione riservata)"
