date_str,source,url,themes,locations,persons,organizations,tone,translation_info,full_text
20260922210048,Il Riformista,https://www.ilriformista.it/i-migranti-ci-fanno-ancora-paura-531369/,,,,,,srclc:ita,"Da Ceuta alla scalata di AFD
I migranti ci fanno ancora paura?
La crisi di Ceuta di quest’estate ha posto di nuovo sotto i riflettori il tema della gestione del fenomeno migratorio. L’esito delle recenti elezioni in Sassonia-Anhalt e quelle di domenica nei Land di Berlino e Meclemburgo-Pomerania Anteriore, che hanno oltremodo premiato il partito di estrema destra AFD, conferma come le opinioni pubbliche e l’elettorato percepiscano come carenti, insufficienti o addirittura inesistenti le attuali politiche migratorie (il gradiente dipende dai punti di vista dell’osservatore). In questo contesto depurare il dibattito da suggestioni propagandistiche, separando i fatti dalle opinioni è sempre più difficile. Il rischio che si corre è quello di trasformare slogan propagandistici in scorciatoie salvifiche, tanto più suggestive quanto maggiore è la distanza di chi le sbandiera da responsabilità di governo e quanto più vicini sono gli appuntamenti elettorali.
Classico esempio è la cosiddetta “remigrazione”, intesa come rimpatrio consensuale o forzoso di chi non ha titolo legale per stare in Italia: se la si intende nella sua definizione letterale, la remigrazione nel nostro Paese esiste già. Chi obietta che andrebbe applicata in maggior misura e su larga scala dovrebbe spiegare almeno un paio di cose: come definire le necessarie intese con i Paesi di origine e, soprattutto, come superare i vincoli imposti dai trattati internazionali (Convenzione di Ginevra sui rifugiati del 1951, Trattato di Dublino) che consentono, tra l’altro, a chiunque giunga, e in qualsiasi modo, sul territorio europeo (navi militari comprese) di presentare richiesta di asilo politico o di essere sottoposto a misure temporanee per motivi umanitari.
Il punto vero è superare nel dibattito interno la sterile dicotomia blocco navale versus accoglienza indiscriminata per ragionare nel merito su come costruire politiche pubbliche capaci di distinguere le condizioni giuridiche e sociali degli stranieri (in ingresso o già presenti sul territorio nazionale) costruendo percorsi di inclusione socio-lavorativa legali, solidi, trasparenti e verificabili nel tempo. La stratificazione normativa in materia (“legge Martelli” del 1990, “Turco-Napolitano” del 1998, “Bossi-Fini” del 2002, “Minniti-Orlando” del 2017, poi modificata dal c.d. “decreto Salvini” del 2018, anch’esso modificato dal c.d. “Decreto Lamorgese”) testimonia l’obsolescenza di un approccio che ha provato a definire un legame immigrazione-inclusione con strumenti e modalità oramai superati dalla realtà del nostro mercato del lavoro. Basti pensare al caos dei famigerati “click day”, alla rigida predeterminazione ex ante dei fabbisogni e delle quote di ingresso ed a una burocrazia incapace di impedire storture o infiltrazioni della criminalità organizzata con forme di “accaparramento” delle quote, come denunciato dalla stessa Premier.
L’incontro tra domanda e offerta di lavoro deve necessariamente essere assicurato, e garantito nel tempo, da politiche ad hoc imperniate sulla rete dei Servizi al Lavoro presenti nel nostro Paese (soggetti privati autorizzati/accreditati, a livello nazionale e regionale, insieme ai Centri per l’impiego, senza sovrapposizioni operative) capaci di distinguere la formazione (pure necessaria) dall’inserimento lavorativo. Vanno quindi definite politiche distinte per i flussi in entrata nel nostro Paese e per lo stock di stranieri già presenti sul territorio. Per i primi occorre valorizzare fortemente il ruolo degli intermediari privati che oltre ad essere autorizzati e vigilati dal Ministero del lavoro detengono un know how di cui non si può fare a meno: la conoscenza del reale fabbisogno delle imprese, la capacità di organizzare percorsi di formazione, anche in loco, coerenti con questa domanda, la possibilità di garantire, d’intesa con l’azienda, il reale inserimento lavorativo, risolvendo questioni complesse come l’housing e l’accoglienza. Vanno definite norme e procedure capaci di blindare l’intero processo depurandolo da lungaggini burocratiche o rendite parassitarie (come la creazione di aule di discenti che rimangono poi inoccupati).
È del tutto evidente come questo approccio trasparente e tracciabile ridurrebbe fortemente anche il rischio di creare un “esercito di manodopera di riserva”, per dirlo in termini marxiani, di lavoratori sottopagati e ricattabili dalle mafie ma non solo. Per quanto riguarda gli stranieri già (legalmente) presenti sul territorio nazionale va effettuato uno screening distinguendo chi può essere destinatario di politiche formative tese a creare le condizioni per un inserimento lavorativo reale da coloro che vanno indirizzati verso percorsi di reinserimento/recupero sociale in funzione delle fragilità rilevate. Disoccupati (cioè soggetti che hanno già avuto esperienze di lavoro, magari diversificate e discontinue, che possono essere capitalizzate in termini di competenze acquisite) e inattivi andranno trattati in maniera differenziata con il supporto, per questa seconda platea, degli enti del terzo settore che si occupano di inclusione sociale. Tutte le azioni andrebbero personalizzate in funzione delle caratteristiche di ciascuna platea con strumentazioni ad hoc oggi ben note agli operatori delle politiche attive. Non vanno trascurate azioni di supporto all’imprenditorialità, visto che secondo il Ministero del lavoro sono quasi 680 mila le imprese di migranti in Italia, di cui il 79% extra UE. Tutti i finanziamenti pubblici alla formazione professionale dei migranti occupabili andrebbero subordinati all’effettivo inserimento/accompagnamento al lavoro dei discenti.
Queste politiche potrebbero essere definite mediante avvisi multi-misura finanziati con fondi di programmi regionali o nazionali già esistenti, attivabili nel finanziamento dell’intera filiera dei servizi di Politica Attiva e Welfare. Le risorse per fare tutto questo ci sono ed i ritorni in termini di incremento del Pil e dei livelli di sicurezza sarebbero notevoli. L’urgenza di governare il fenomeno migratorio viene spesso legata al declino demografico e alla necessità di supportare il sistema produttivo e garantire la sostenibilità presente e futura del nostro sistema di welfare. Ma c’è di più. La crisi di Ceuta, ultima in ordine di tempo, ha mostrato ancora una volta come l’immigrazione incontrollata possa essere utilizzata come fattore di destabilizzazione.
Nulla di nuovo: analoghe situazioni si registrarono durante le crisi tra Turchia e Grecia (2020), Bielorussia e Polonia (2021), Russia e Finlandia (2023). Tutti precedenti poco incoraggianti per il nostro Paese se guardiamo cosa accade di fronte alle nostre coste, nel caos libico, principale snodo dei flussi migratori illegali verso l’Europa. È dalla Libia, o da ciò che ne resta, che parte oltre il 90% degli sbarchi ed è lì che è presente quasi un milione di migranti prigionieri di organizzazioni criminali. Anche per ragioni geostrategiche serve dare vita a un Patto Nazionale che riunisca Istituzioni, Agenzie per il lavoro e corpi sociali intermedi volto a garantire un coordinamento istituzionale e operativo. Il rafforzamento di canali legali di ingresso è anche il prerequisito necessario per mettere in campo decise azioni di contrasto, sul piano militare e di polizia internazionale, all’inaccettabile traffico di esseri umani in raccordo con i Paesi di origine e sulla base di intese bilaterali o multilaterali.
© Riproduzione riservata"
20260922184800,Milano Finanza,https://www.milanofinanza.it/news/calcio-il-brasile-mette-un-tetto-agli-stranieri-per-rilanciare-la-selecao-202609222045399584,,,,,,srclc:ita,"Il calcio brasiliano sceglie la via del protezionismo virtuoso e vara una profonda svolta regolamentare per difendere il proprio modello industriale e tecnico.
I club di Série A e Série B hanno approvato un piano congiunto con la Cbf (Confederação Brasileira de Futebol), che a partire dal 2027 ridisegnerà la fisionomia delle rose: il tetto massimo di calciatori stranieri convocabili a referto per partita scenderà gradualmente dagli attuali nove a cinque nel 2030 (otto nel 2027, sette nel 2028, sei nel 2029). Contestualmente, entrerà in vigore una quota minima obbligatoria di atleti under 23 nelle liste ufficiali dei 50 tesserati: partirà da 20 giovani nel 2027 per raggiungere le 25 unità nel 2030, arrivando a occupare esattamente la metà dell'organico.
La decisione della Cbf poggia su basi statistiche impietose presentate nel dossier di riforma. Tra il 2020 e il 2026, la percentuale di minuti disputati da talenti brasiliani under 23 è crollata vertiginosamente dal 28,3% all’11,5%. Nello stesso arco temporale, l'impiego sul terreno di gioco di atleti stranieri over 23 è esploso, passando dal 7,1% del 2021 al 25% del 2026.
L’effetto immediato è stato un rapido invecchiamento del Brasileirão, la cui età media complessiva ha toccato il record di 28,5 anni, superando i cinque grandi campionati europei. L'importazione massiccia di profili sudamericani già formati ha finito per intasare i canali dei vivai, erodendo l'identità del futebol bailado e privando la Seleção del necessario ricambio generazionale. La Federazione interviene per invertire questo declino demografico e salvaguardare la fabbrica di asset patrimoniali che alimenta l'export calcistico globale.
Il caso brasiliano offre un parallelo illuminante e impietoso con la Serie A. Anche il massimo campionato italiano sconta da oltre un decennio un’eccessiva esterofilia (alimentata a lungo dagli sgravi fiscali del Decreto Crescita) che ha ridotto ai minimi termini il minutaggio dei giovani convocabili per le selezioni azzurre, con ricadute drammatiche sul rendimento della Nazionale.
Tuttavia, mentre l'Italia resta imbrigliata nei rigidi vincoli comunitari di libera circolazione dei lavoratori sanciti dalla sentenza Bosman e si affida al palliativo delle seconde squadre tra veti incrociati di Lega e Figc, il Brasile dimostra la determinazione di una nazione leader: imporre una terapia d'urto regolamentare per riappropriarsi della propria vocazione formativa. (riproduzione riservata)"
20260922175200,La Sicilia,https://www.lasicilia.it/news/italia-mondo/3075646/all-assemblea-generale-onu-il-resto-del-mondo-condanna-israele-il-segretario-guterres-rischio-pulizia-etnica-in-cisgiordania.html,,,,,,srclc:ita,"new york
All'assemblea generale Onu il resto del mondo condanna Israele, il segretario Guterres: «Rischio pulizia etnica in Cisgiordania»
Il segretario generale denuncia una trasformazione territoriale che può rendere impraticabile lo Stato palestinese. Il re di Giordania accusa Israele di perseguire un trasferimento forzato della popolazione.
A New York davanti all’Assemblea generale delle Nazioni Unite, António Guterres ha avvertito che la combinazione di violenza, sfollamenti ed espansione degli insediamenti israeliani può cancellare ogni prospettiva di pace e alimentare il rischio di «una pulizia etnica in Cisgiordania». Poco dopo, il re di Giordania Abdallah II ha indicato negli stessi episodi i segni di una politica di trasferimento forzato della popolazione palestinese.
Il segretario generale ha descritto una dinamica in cui operazioni militari, demolizioni, restrizioni alla circolazione, violenze dei coloni ed espansione degli insediamenti non sono fenomeni separati. Nel loro insieme, ha avvertito, modificano la realtà demografica e territoriale della Cisgiordania occupata, riducono gli spazi per uno Stato palestinese continuo e rischiano di distruggere la prospettiva stessa della pace.
Il richiamo alla pulizia etnica porta il confronto oltre il consueto linguaggio diplomatico. Guterres non ha presentato il termine come una formula generica, ma come il rischio prodotto dal trasferimento forzato e permanente di comunità palestinesi. È una preoccupazione già espressa dalle strutture delle Nazioni Unite: un rapporto dell’Alto commissariato ONU per i diritti umani, pubblicato il 19 febbraio 2026, aveva rilevato come attacchi, distruzioni e trasferimenti forzati potessero essere diretti a determinare un cambiamento demografico duraturo nei territori palestinesi occupati.
I campi profughi svuotati nel nord
A rendere più concreto l’allarme è la situazione nei campi profughi di Jenin, Nur Shams e Tulkarem, nel nord della Cisgiordania. Un rapporto ONU diffuso il 4 settembre 2026 sostiene che, durante l’operazione israeliana denominata “Iron Wall”, le popolazioni dei tre campi siano state interamente sfollate e che il ritorno degli abitanti sia rimasto impedito.
Secondo l’indagine, oltre 33.000 palestinesi sono stati costretti a lasciare le proprie case. Entro ottobre 2025 risultava distrutto o danneggiato il 52% delle strutture nel campo di Jenin, il 48% a Nur Shams e il 36% a Tulkarem. L’ONU riferisce inoltre di abitazioni demolite, strade e reti essenziali compromesse, accesso umanitario ostacolato e impiego di mezzi militari pesanti in aree densamente popolate. Il rapporto considera la durata e la sistematicità dello sfollamento motivo di grave preoccupazione per un possibile trasferimento forzato, che in determinate circostanze può configurare un crimine contro l’umanità.
Israele sostiene generalmente che le operazioni in Cisgiordania siano necessarie per contrastare gruppi armati e prevenire attentati. Contesta inoltre le accuse di pulizia etnica, giudicandole espressione di un pregiudizio politico nei suoi confronti. Sul piano giuridico, considera la Cisgiordania un territorio conteso il cui status definitivo dovrebbe essere stabilito attraverso negoziati. La maggioranza della comunità internazionale, al contrario, ritiene illegali gli insediamenti israeliani nei territori occupati.
Abdallah II: “Un tentativo di cancellare la presenza palestinese”
Dal podio dell’Assemblea generale, re Abdallah II di Giordania ha usato parole altrettanto nette. Il sovrano ha definito la distruzione a Gaza e quella che considera un’annessione di fatto di terre in Cisgiordania come parti di un tentativo di cancellare la presenza palestinese e rendere impossibile la nascita di uno Stato indipendente.
Per Abdallah, l’allontanamento dei palestinesi dalle loro abitazioni non è una conseguenza episodica degli scontri, ma rientra in una politica di trasferimento forzato. Il re ha anche accusato Israele di manifestare ambizioni espansionistiche capaci di trasformarlo in una minaccia per l’intera regione. È una presa di posizione particolarmente significativa perché la Giordania ha firmato un trattato di pace con Israele nel 1994, condivide con la Cisgiordania un confine strategico e ospita una vasta popolazione di origine palestinese.
I ministeri degli Esteri di Pakistan, Egitto, Indonesia, Giordania, Qatar, Arabia Saudita, Turchia ed Emirati Arabi hanno rilasciato una dichiarazione congiunta dopo aver incontrato ieri a New York, a margine dell'Assemblea generale dell'Onu, chiedendo l'immediata attuazione degli impegni previsti dalla prima fase di un piano di pace globale per Gaza, tra cui la fornitura senza ostacoli di aiuti umanitari, di beni per la ripresa iniziale e il ripristino delle infrastrutture critiche. Esprimendo profonda preoccupazione per le continue sofferenze umanitarie a Gaza ed esortando Israele ad adempiere agli impegni previsti dal piano, hanno sottolineato la necessità di preservare il cessate il fuoco e porre fine alle violazioni.
In risposta l'ufficio del premier israeliano Netanyahu ha diffuso un video che presenta l'Onu come un ""coro di pappagalli che accusa Israele "" e la didascalia ""Ripetere una bugia non la rende vera"". Il video fa parte della campagna ""L'industria delle bugie dell'Onu"" - del ministero israeliano per la Diaspora e la lotta all'antisemitismo in collaborazione con il sistema di comunicazione dell'Ufficio del primo ministro - che ""espone il pregiudizio sistematico e falso contro Israele "".
Nel video diffuso si vedono pappagalli di diverso colore (per rappresentare i diversi Paesi) e specie, che indossano anche copricapo turchi e arabi, che svolazzano verso il microfono del podio delle Nazioni Unite e ripetono 'Blame Israel' (date la colpa a Israele ), fino a che l'intera sala si riempie di pennuti che ripetono la stessa frase. Poi, un rimando al sito della campagna che ""espone le bugie ei pregiudizi nelle pubblicazioni dell'Onu, lanciato dal Ministero per la Diaspora la scorsa settimana""."
20260922175111,La Gazzetta Del Mezzogiorno,https://www.lagazzettadelmezzogiorno.it/news/in-salute/2141703/fertilita-indagine-sestre-6-donne-su-10-mai-informate-il-70-cerca-risposte-con-l-ia.html,,,,,,srclc:ita,"Sei donne su dieci dichiarano di non aver mai ricevuto informazioni sulla fertilità e sul benessere riproduttivo, mentre il 70% delle intervistate ha utilizzato più volte l’intelligenza artificiale nell’ultimo anno per cercare risposte su fertilità, ovulazione, ricerca di una gravidanza e salute riproduttiva. È quanto emerge dall’indagine condotta sulla community di Sestre e presentata oggi all’Università di Bari, in occasione della Giornata nazionale della fertilità, durante il primo appuntamento dei Sestre Talks.
Tra gli argomenti più ricercati figurano integratori, alimentazione e stili di vita (57,1%) e le possibili ragioni per cui una gravidanza non arriva (56%). Parallelamente, circa il 40% delle intervistate dichiara di essersi rivolto a un medico per ottenere informazioni e indicazioni affidabili.
I dati fotografano, secondo Sestre, un diffuso bisogno di informazione sulla salute riproduttiva, con il digitale e l’intelligenza artificiale sempre più utilizzati come strumenti di primo orientamento. «Il vuoto informativo sulla fertilità non è solo un dato statistico, ma un’urgenza sociale», afferma Sabrina Fiorentino, CEO e direttrice scientifica di Sestre. «L’intelligenza artificiale e il digitale possono orientare verso una maggiore consapevolezza, ma non bastano: dobbiamo unire tecnologia, ascolto e competenza medico-scientifica per offrire risposte attendibili».
A sottolineare il ruolo centrale del medico è anche Isamaria Loiudice, ginecologa esperta in medicina della riproduzione e direttrice della clinica di PMA IVI di Bari: «Affidarsi all’intelligenza artificiale o al web può rappresentare un primo stimolo utile per orientarsi, ma non può e non deve sostituire il confronto con lo specialista».
Il programma dei Sestre Talks proseguirà con consulenze multidisciplinari online dal 22 al 25 settembre, realizzate con il supporto dell’associazione “In Becco alla Cicogna”, quindi il 24 settembre a Torino con un Open Day dedicato alla fertilità e, infine, il 26 settembre, con una diretta streaming da Trinitapoli dedicata a fertilità, medicina, supporto alle coppie e nuove tecnologie FemTech."
20260922160715,Fanpage News,https://www.fanpage.it/politica/lavoratori-stranieri-fisco-stipendi-e-pensioni-le-proposte-della-cisl-al-governo/,,,,,,srclc:ita,"La Cisl propone il recupero annuale del potere d’acquisto, più contrattazione decentrata, un fondo garantito per gli investimenti, un conto personale per la formazione e una “Start Tax” per i giovani. La segretaria Daniela Fumarola a Fanpage.it: ""Non è un documento contro qualcuno, la Cisl non dà voti ai governi"" Continua a leggere"
20260922160011,Il Riformista,https://www.ilriformista.it/la-sfida-della-cisl-al-governo-partiti-e-parti-sociali-ecco-le-priorita-del-paese-e-per-governare-le-transizioni-531339/,,,,,,srclc:ita,"Non un documento chiuso, ma una piattaforma aperta al confronto
La sfida della Cisl al governo, partiti e parti sociali: ecco le priorità del Paese e per governare le transizioni
Non un documento chiuso, ma una piattaforma aperta al confronto. La Cisl mette sul tavolo il suo «Libro Verde per il Patto sociale – Costruiamo insieme l’Italia di domani» e prova a spostare il dibattito dal terreno dell’emergenza permanente a quello delle scelte di medio e lungo periodo. Undici priorità che tengono insieme crescita, salari, formazione, industria, welfare, demografia, previdenza e partecipazione.
Una proposta, costruita con il contributo di un pool di economisti e studiosi, che la segretaria generale Daniela Fumarola rivolge al governo, alle parti sociali, alle istituzioni e al mondo della cultura e della ricerca. «L’Italia ha bisogno di tornare a discutere del proprio futuro, superando la logica dell’emergenza permanente e delle risposte di corto respiro», afferma Fumarola. La sfida, secondo la leader della Cisl, è governare le grandi transizioni – tecnologica, digitale, ambientale e demografica – senza lasciare indietro lavoratori, famiglie, giovani e territori. Da qui l’idea di un nuovo Patto sociale costruito «attraverso il dialogo e la responsabilità condivisa», con l’obiettivo di distribuire in modo equo vantaggi e costi del cambiamento.
Il punto di partenza è un’Italia che, secondo il sindacato di Via Po, si trova davanti a un bivio. Produttività e crescita deboli continuano a pesare sulle retribuzioni, mentre il declino demografico mette sotto pressione il sistema produttivo e il welfare. A questo si aggiunge un mercato del lavoro nel quale giovani e donne rappresentano ancora una risorsa non pienamente utilizzata. Nel frattempo intelligenza artificiale, digitalizzazione, transizione ecologica e nuova globalizzazione stanno modificando profondamente il modo di produrre e di lavorare. Il primo capitolo del Libro Verde riguarda proprio salari e contrattazione. La Cisl conferma la centralità del contratto collettivo e propone di far evolvere l’assetto contrattuale, rafforzando il rapporto tra livello nazionale, aziendale e territoriale. Al centro c’è il recupero del potere d’acquisto, insieme a una diversa distribuzione del carico fiscale, con lo spostamento della tassazione dal lavoro alle rendite improduttive. Ma la questione salariale, per la Cisl, non può essere separata da quella della produttività e degli investimenti. Da qui la proposta di un fondo capace di mobilitare una parte del risparmio privato e degli investitori istituzionali, a partire dalla previdenza complementare, verso infrastrutture e investimenti produttivi di lungo periodo. Uno dei passaggi più rilevanti riguarda il capitale umano.
La Cisl individua nel disallineamento tra competenze richieste e competenze disponibili una delle principali criticità del mercato del lavoro. L’intelligenza artificiale viene affrontata con un approccio che punta ad «amplificare» il lavoro umano, non a sostituirlo. Da qui la richiesta di rafforzare informazione, consultazione e partecipazione dei lavoratori nei processi di trasformazione tecnologica. La formazione diventa così un diritto da esercitare lungo tutto l’arco della vita. Il Libro Verde propone un conto personale della formazione alimentato da risorse pubbliche, contrattazione, bilateralità, imprese e fondi interprofessionali. L’obiettivo è rendere le competenze più facilmente aggiornabili, certificabili e spendibili nel mercato del lavoro. La stessa logica viene applicata alle politiche attive. La Cisl chiede una strategia nazionale di lungo periodo, un sistema di accreditamento degli operatori basato sulla valutazione dei risultati e un utilizzo dell’intelligenza artificiale per profilazione e matching, sempre sotto supervisione umana.
Altro capitolo centrale è quello dell’occupazione femminile. Per il sindacato, bassa partecipazione delle donne al mercato del lavoro, denatalità, carichi di cura e divari retributivi sono fenomeni strettamente collegati. La proposta è spostare progressivamente le risorse dai bonus ai servizi, attraverso un Fondo nazionale per la cura, rafforzando asili nido, servizi per l’infanzia e sostegni alla non autosufficienza. Tra le proposte anche un congedo di paternità più lungo e non trasferibile alla madre e strumenti per accompagnare il rientro dopo la maternità. «Questi undici capitoli compongono una proposta organica che mette al centro la persona, il lavoro e la responsabilità collettiva», sottolinea Fumarola. Il messaggio della Cisl è dunque quello di aprire una stagione di confronto sulle scelte che accompagneranno il Paese nei prossimi anni. Non una piattaforma pensata soltanto per l’oggi, ma un’agenda per affrontare le trasformazioni che stanno già cambiando l’economia e la società italiana.
© Riproduzione riservata"
20260922153655,Il Reggino,https://www.ilreggino.it/cultura/villa-san-giovanni-la-piccola-manchester-in-un-viaggio-tra-storia-seta-e-innovazione-epej0689,,,,,,srclc:ita,"Grande successo al Teatro Primo per il libro di Maria Giovanna Quaranta
Tutti gli articoli di Cultura
PHOTO
Una straordinaria immersione nelle radici storiche, economiche e sociali di Villa San Giovanni. Si è svolta domenica 20 settembre, alle ore 18:00, nello scenario del Teatro Primo, la presentazione del volume ""I Caracciolo, il vino e la seta. Le «Reali Fabbriche» di Villa San Giovanni"" di Maria Giovanna Quaranta.
 L'evento ha visto la partecipazione di un pubblico numeroso e attento, accolto dai saluti istituzionali del Sindaco della Città di Villa San Giovanni, Giusy Caminiti, e del Presidente del Consiglio Comunale, Caterina Trecroci. La presentazione, moderata e arricchita dagli interventi di autorevoli relatori come il medico oculista Cosimo Antonio Calabrò, la già docente dell'Università di Messina Michela D'Angelo e la docente dell'Università Mediterranea di Reggio Calabria Enza Caracciolo, ha offerto molteplici chiavi di lettura sull'importanza della memoria storica per il territorio.
 Nel corso del suo intervento, l'autrice Maria Giovanna Quaranta ha guidato i presenti in un affascinante percorso visivo, proiettando le numerose immagini contenute nel libro attraverso una sequenza “immersiva” in spazi e vicende del tempo industriale delle filande. Il racconto ha preso le mosse dalla genealogia della famiglia Caracciolo, le cui radici affondano nel Cinquecento, per poi focalizzarsi sul memento cruciale e di svolta successivo al devastante terremoto del 1783.
 Al centro della narrazione vi è stata la nascita, nel 1790, delle Reali Fabbriche, con le annesse Scuole Reali inaugurate nel 1792. L'autrice ha evidenziato con forza il ruolo delle donne all'interno di questo tessuto produttivo: un primo, fondamentale esempio di emancipazione femminile che ha inciso profondamente anche sullo sviluppo demografico dell'epoca.
 Le lungimiranti imprese dei fratelli Caracciolo hanno dato vita a un vero e proprio e virtuoso processo di industrializzazione, culminato nella presenza di ben 56 filande nel 1864. Una fioritura economica e produttiva di tale portata da valere a Villa San Giovanni il prestigioso e suggestivo appellativo di ""piccola Manchester""
 “Nella cornice della rassegna Correnti festival d’arte e cultura - ricorda la Presidente del consiglio Caterina Trecroci- questa serata si è così configurata non solo come la presentazione di un'opera storiografica di altissimo profilo, ma come un momento collettivo e comunitario di riscoperta identitaria, dovuto e voluto, per una Città che della cultura ha fatto radici e memoria, confermando quanto lo studio del passato possa illuminare le sfide e le potenzialità del presente e ispirare la visione di domani”."
20260922151105,Corriere Dell'umbria,https://www.corrieredellumbria.it/news/terni/465557/terni-ospita-l-umbria-lavoro-fest-149-posti-di-lavoro-offerti-dalle-aziende-gia-oltre-300-candidati-ecco-le-figure-ricercate.html,,,,,,srclc:ita,"AL CENTRO DIREZIONALE ""IL TULIPANO""
Al ""Tulipano"" di Terni l'incontro tra offerta e domanda di lavoro, con 149 posti dislocati in Umbria e una grande varietà di figure e profili professionali ricercati: arriva la due-giorni di ""Umbria Lavoro Fest"".
L'evento è stato presentato martedì 22 settembre dall’assessore allo Sviluppo Economico e alle Politiche del Lavoro della Regione Umbria, Francesco De Rebotti, e dall’amministratrice unica di Arpal, Tiziana Ciprini.
Un appuntamento, dedicato all’occupazione promosso dalla Regione Umbria e da Arpal Umbria nell’ambito delle politiche di coesione del Programma regionale FSE+ 2021-2027.
""Umbria Lavoro Fest"", in programma l’1 e il 2 ottobre presso il Centro Direzionale 'Il Tulipano' di Terni, si presenta con un claim che ne sintetizza lo spirito: “Partecipa ai colloqui di lavoro, scopri le aziende, ascolta gli esperti, incontra le istituzioni”.
La manifestazione si aprirà con l’inaugurazione ufficiale dei nuovi spazi del Centro per l’Impiego di Terni, appena ultimati all’interno de ‘Il Tulipano’ grazie ai fondi del Pnrr.
Al taglio del nastro sarà presente la presidente della Regione Umbria, Stefania Proietti, che darà anche il via ai lavori del tavolo strategico ""Lavoro, sviluppo, giovani: verso Umbria 2030"", un momento cruciale in cui istituzioni, sindacati e associazioni datoriali tracceranno le linee guida del futuro economico umbro.
La due giorni sarà animata da un programma pensato per rispondere alle esigenze di ogni categoria professionale con un taglio particolarmente rivolto ai giovani. Ogni convegno (nella Sala ""Santoloci"") sarà a cura dell’assessore di riferimento con il cardine della trasversalità rispetto ai temi del lavoro:
- Cultura e Creatività, il vicepresidente della Regione Tommaso Bori guiderà il panel dedicato alla nuova legge regionale, tra tutele per i lavoratori e opportunità per le imprese creative;
- Transizione Ecologica, l’assessore Thomas De Luca condurrà il confronto sull’economia green, le nuove filiere del lavoro a Terni e le competenze del futuro;
- Agricoltura e Legalità, sarà l’assessore Simona Meloni a presiedere i lavori su sviluppo rurale, lavoro agricolo e strumenti di lotta al caporalato;
- Giovani e Formazione, un panel dedicato al progetto di Pentima e alla formazione professionale con Università, ITS e IFTS, con la partecipazione dell’assessore Fabio Barcaioli;
- Inclusione e mercato del lavoro, Francesco De Rebotti curerà i focus sul lavoro come strumento di inclusione sociale, sul benessere organizzativo e sulle riforme del mercato del lavoro.
Parallelamente all’attività istituzionale la 'Piazzetta Il Tulipano' e gli spazi del CPI ospiteranno circa 20 workshop pratici e interattivi per chi cerca lavoro: si parlerà di autoimpiego per gli under 35 (con le novità del DL 60/2024), di come usare l’intelligenza artificiale 'senza ansia' con l’esperta Sonia Montegiove.
Di IA si parlerà anche con Fabiana Andreani divulgatrice e tiktoker specialista in orientamento e lavoro per under 35, anche su come “smontare le leggende metropolitane sul mondo professionale e sull’uso dell’IA”. A questo si aggiungono i “Corner Permanenti” sempre attivi: spazi per la revisione del CV in tempo reale, simulazioni di colloqui, orientamento Eures per l’estero e consulenze su misura.
“La prima edizione dell’Umbria Lavoro Fest riporta in Umbria un evento interamente dedicato al lavoro e alle politiche attive e lo fa scegliendo Terni, una città che rappresenta uno dei cuori produttivi della nostra regione”, ha dichiarato l’assessore regionale allo Sviluppo Economico e alle Politiche del Lavoro, Francesco De Rebotti. “È un segnale importante per il valore che vogliamo attribuire alle politiche capaci di accompagnare le trasformazioni economiche. Il programma è ricchissimo per costruire un appuntamento realmente utile, capace di far incrociare domanda e offerta e di affrontare le grandi questioni per il futuro dell’Umbria”.
Visualizza questo post su Instagram
“Per l’Agenzia, Umbria Lavoro Fest – ha aggiunto Tiziana Ciprini, Amministratrice Unica di Arpal Umbria - rappresenta un nuovo punto di partenza, l’occasione per presentare ai cittadini una profonda riforma orientata all’efficienza. L’Umbria Lavoro Fest vuole togliere ansia e negatività dalla ricerca del lavoro e trasformarla in un momento di confronto e di azione, con workshop pratici dedicati alla scrittura del CV, alla gestione dei colloqui e all’utilizzo dell’Intelligenza Artificiale. Anche l’area bimbi gratuita va nella direzione di rendere l’iniziativa realmente accessibile, aiutando chi deve conciliare famiglia e ricerca attiva di lavoro. È questa la nuova ARPAL che vogliamo raccontare”.
La risposta del territorio è stata immediata.
La campagna social per sensibilizzare la categoria dei neet partita da settimane (con l’hashtag #ULF), supportata dalla stampa locale e da campagne di affissione nei maggiori centri umbri, ha incuriosito oltre 5.000 utenti che in questi 10 giorni hanno cliccato sul link alle offerte di lavoro. Significativo è stato l’invio da parte di ARPAL di circa 20.000 email mirate a tutti gli iscritti al Centro per l’Impiego, invitandoli a candidarsi alle posizioni aperte. Ad oggi circa 300 colloqui sono stati già fissati per la prima giornata, attraverso la piattaforma web dell’evento generando un intenso calendario di incontri mirati tra candidati e imprese che si svolgeranno direttamente in fiera. Oltre all’area colloqui, i candidati e i visitatori potranno interagire liberamente con oltre 50 desk informativi animati da aziende del territorio, Università, Adisu, ITS, Sviluppo Lavoro Italia, Ministero del Lavoro e Camera di Commercio.
Paolo Sereni, direttore di Arpal Umbria, ha sottolineato come i dati sulle candidature restituiscano una platea eterogenea e trasversale: “I candidati ai colloqui dell’Umbria Lavoro Fest presentano un profilo demografico molto vario, con una maggioranza femminile che raggiunge il 56%, rispetto al 44% di presenze maschili. L’età dei partecipanti attraversa praticamente l’intera vita lavorativa, dai neo-maggiorenni fino ai profili senior di 65 anni: l’età media è di 35,3 anni e la metà esatta della platea è composta da under 32. La fascia più numerosa è quella tra i 18 e i 25 anni, che rappresenta il 29,6% dei candidati, seguita dai 26-35enni con il 28,8%. Significativa anche la presenza di persone in cerca di ricollocamento tra i 46 e i 55 anni, che rappresentano il 20% del totale. Seguono le fasce 36-45 anni, con il 14,4%, e gli over 55, con il 7,2%. Anche sul fronte della provenienza emerge una componente diversificata: l’81,6% dei candidati è nato in Italia, mentre il 18,4% è nato all’estero”.
L’Umbria Lavoro Fest nasce anche come un momento di festa e networking per tutta la comunità. L’evento avrà una spiccata dimensione digitale: la postazione 'Terrazza On Air' trasmetterà dirette streaming e interviste a getto continuo per raccontare l’evento live.
L’inclusività sarà, inoltre, un valore fondante: altre all’Agorà digitale per le connessioni e interventi anche a distanza, per supportare concretamente le famiglie è stata predisposta un’Area Bimbi gratuita, permettendo ai genitori di sostenere i colloqui o seguire i convegni con la massima serenità. Infine, a chiudere l’intensa agenda delle due giornate, non mancheranno momenti di networking informale con aperitivo e musica, per celebrare il lavoro in un clima contemporaneo, sereno e costruttivo.
Tutti i dettagli, il programma completo, gli orari e le offerte di lavoro sono disponibili tramite la web app dedicata sul sito www.umbrialavorofest.it"
20260922143417,Unione,https://www.unionesarda.it/economia/le-imprese-sarde-riprendono-a-crescere-grazie-a-servizi-turismo-e-trasporti-eobk2kys,,,,,,srclc:ita,"Le imprese sarde riprendono a crescere grazie a servizi, turismo e trasporti
La Camera di Commercio ha presentato lo studio ""La Sardegna che conta""
Per restare aggiornato entra nel nostro canale Whatsapp
Buone notizie dall'economia isolana. Dopo gli anni di flessione, il tessuto produttivo è tornato a salire attestandosi al +0,92%, riallineandosi quasi perfettamente alla media nazionale. È uno dei dati che emerge dal ponderoso studio dell’Ufficio Statistica della Camera di Commercio del Nord Sardegna, che questa mattina ha lanciato la decima edizione dell’Osservatorio Economico ""La Sardegna che conta"", una radiografia dettagliata dello stato di salute dell'economia e della società dell'isola.
A guidare la ripresa è proprio la provincia di Sassari (con la Gallura a fare da traino), che si conferma la più vivace dell'isola con un incremento del +1,55% e un saldo attivo di oltre ottocento imprese, seguita a distanza da Cagliari e Nuoro.
Per quanto riguarda invece i settori i Servizi registrano un +3,3% e da soli producono poco più della metà del Prodotto Interno Lordo che nel 2024 è arrivato a 43, 4 miliardi. Seguono il turismo con +1,6% e i trasporti con +0,2%. Prosegue invece la crisi del commercio: -2% e del Primario e Industria, entrambi con -1,3%.
Nel commentare i dati, il presidente della Camera di Commercio del Nord Sardegna Stefano Visconti ha sottolineato il valore di questo traguardo e la reattività del territorio: «Siamo di fronte a segnali di grande vitalità che confermano la straordinaria capacità di reazione del nostro sistema economico, guidato dalla spinta del Nord Sardegna. Ci sono numerose sfide che ci attendono e che richiedono visioni strategiche a lungo termine e un impegno corale per sostenere le imprese nel loro percorso di crescita».
L'analisi ha riguardato anche l'aspetto demografico, l'export/import, l'occupazione e l'approfondimento dei vari settori."
20260922141217,Vision Gt,https://www.vision-gt.eu/news/seminario-lindia-nel-nuovo-ordine-globale-6-ottobre-2026/,,,,,,srclc:ita,"Author: Vision & Global Trends
L’India nel nuovo ordine globale
Autonomia strategica, connettività e trasformazione della potenza
Roma, 6 ottobre 2026 ore 9.30–13.00
Università degli Studi Link
Via del Casale di San Pio V, 44 – 00165 Roma
R.S.V.P.: info@vision-gt.eu
A cura di:
CERIPI – Centro di Ricerca sulle Politiche Internazionali, Università degli Studi Link
Vision & Global Trends – International Institute for Global Analyses
Programma
9.30 – Apertura dei lavori e saluti istituzionali
Carlo Alberto Giusti – Magnifico Rettore, Università degli Studi Link
Michele Pigliucci -Direttore, CERIPI – Centro di Ricerca sulle Politiche Internazionali, Università degli Studi Link
Tiberio Graziani – Presidente, Vision & Global Trends – International Institute for Global Analyses
9.45 – Keynote Address
S.E. Vani Rao – Ambasciatrice dell’India in Italia
India and the Emerging Global Order: Strategic Autonomy, Partnerships and New Geographies of Cooperation
10.15 – Prima sessione
L’India e la trasformazione dell’ordine internazionale
Autonomia strategica, multiallineamento, rapporti con i principali centri di potenza e ruolo dell’India nella formazione di un sistema internazionale multipolare.
Come Carpentier de Gourdon – India Foundation (online)
L’India come Paese-mondo: civiltà, autonomia strategica e ordine multipolare
Antonio Virgili – Presidente, Centro Studi Internazionali
Il ruolo dell’India nel sistema internazionale anche alla luce delle strategie indiane sull’IA
Maurizio Melani – Università Link
L’India e i conflitti in Ucraina e in Medio Oriente”
Sergio Lugaresi – CeSPI – Centro Studi di Politica Internazionale
Il ruolo geopolitico dell’India tra tratti distintivi, problemi attuali e prospettive
Modera: Alessandro Sansoni
11.15 – Pausa caffè
11.30 – Seconda sessione
Dall’Indo-Pacifico al Mediterraneo: l’India e la geopolitica della connettività
IMEC, corridoi infrastrutturali, reti energetiche e digitali, Mediterraneo, Europa e ruolo dell’Italia nelle nuove geografie della connessione eurasiatica.
Carmelo Barbarello – Coordinatore IMEC, Ministero degli Affari Esteri e della Cooperazione Internazionale
L’IMEC a tre anni dal suo lancio: evoluzione, governance e posizionamento italiano
Massimo Khairallah – Med-Or Italian Foundation
L’impatto sull’IMEC delle crisi nell’Indo-Mediterraneo: situazione e potenziali soluzioni
Andrea Perrone – Università degli Studi Link
L’IMEC e le nuove geografie della connettività globale: tra cooperazione geoeconomica e rivalità geopolitiche
Modera: Alessandro Sansoni
12.30 – Discussione con il pubblico
13.00 – Conclusioni e chiusura dei lavori
13:30 – Colazione di lavoro riservata ai relatori
La partecipazione è gratuita, previa registrazione.
Per partecipare è necessario registrarsi scrivendo a info@vision-gt.eu entro sabato 3 ottobre 2026.
Per partecipare da remoto: https://meet.goto.com/BIBLIOTECA_RM_LCU
https://www.unilink.it/ateneo/eventi/lindia-nel-nuovo-ordine-globale
L’India occupa una posizione sempre più rilevante nella trasformazione degli equilibri internazionali. Il suo peso demografico, la crescita economica, lo sviluppo tecnologico, le capacità militari e nucleari e la crescente proiezione diplomatica ne fanno uno degli attori centrali nella formazione di un sistema internazionale più articolato e multipolare.
La politica estera di Nuova Delhi presenta, inoltre, caratteristiche particolarmente significative per comprendere l’attuale fase di transizione. Dall’esperienza storica del non allineamento alla più recente formulazione dell’autonomia strategica e del multiallineamento, l’India ha sviluppato una capacità di relazione con differenti centri di potenza, mantenendo rapporti con Stati Uniti ed Europa, consolidando la cooperazione con la Russia e partecipando, insieme alla Cina, a organismi quali BRICS e Shanghai Cooperation Organisation. Al tempo stesso, la sua presenza nel QUAD e la crescente attenzione verso l’Indo-Pacifico testimoniano una politica estera orientata alla tutela dell’interesse nazionale e al mantenimento di ampi margini di autonomia decisionale.
Il seminario prende le mosse dal recente volume collettaneo India potenza eurasiatica. Le sfide della crescita economica, del posizionamento strategico e delle relazioni internazionali in evoluzione, assumendolo come punto di partenza per un confronto più ampio sulla collocazione dell’India nel sistema internazionale emergente e sulle implicazioni della sua ascesa per l’Europa, il Mediterraneo e lo spazio eurasiatico.
Una particolare attenzione sarà dedicata alla geopolitica della connettività. Corridoi infrastrutturali, rotte marittime, reti energetiche e digitali stanno acquisendo un peso crescente nella definizione delle nuove geografie della potenza. In questo quadro, l’India si propone sempre più come nodo di collegamento tra Indo-Pacifico, Medio Oriente, Africa, Mediterraneo ed Europa. L’India–Middle East–Europe Economic Corridor (IMEC) costituisce uno dei principali terreni su cui valutare le trasformazioni in corso e le possibilità di una più intensa cooperazione tra India, Europa e Italia.
Il seminario intende quindi mettere a confronto rappresentanti diplomatici e istituzionali, studiosi, centri di ricerca e analisti, approfondendo il ruolo dell’India nella trasformazione dell’ordine internazionale, le sue relazioni con i principali centri di potenza e il significato strategico delle nuove infrastrutture di connessione eurasiatica.
La riflessione riguarda direttamente anche l’Italia: la posizione geografica nel Mediterraneo, le relazioni con Nuova Delhi e il possibile sviluppo dei nuovi corridoi di connettività rendono il nostro Paese un interlocutore potenzialmente significativo nelle relazioni tra India ed Europa."
20260922135429,Telerama News,https://trnews.it/2026/09/22/scuola-il-tetto-agli-stranieri-e-la-fotografia-in-puglia-e-basilicata,,,,,,srclc:ita,"Un tetto al numero degli studenti stranieri per classe. La proposta è stata annunciata dal Governo Meloni, insieme ad altre misure per favorire l’integrazione e l’apprendimento dell’italiano, evitando eccessive concentrazioni nelle singole classi. Ma qual è la situazione nel nostro territorio? I dati dell’Anagrafe nazionale degli studenti per l’anno scolastico fotografano in Puglia e nel Salento una presenza complessivamente contenuta: 19.875 alunni con cittadinanza non italiana su oltre 532mila frequentanti, il 3,74%. Nella provincia di Bari sono 7.654, a Foggia 3.874, a Lecce 3.598, a Taranto 1.795, a Brindisi 1.586 e nella Bat 1.368. Le percentuali oscillano dal 4,61% di Foggia al 2,39% di Taranto.
Numeri che mostrano dunque una realtà molto lontana da una presenza maggioritaria. E anche all’interno delle singole province la distribuzione è fortemente disomogenea. Guardando ai residenti stranieri, secondo i dati Istat al primo gennaio 2025, nel Barese il massimo è nel capoluogo, con 15.231 cittadini stranieri, il minimo a Binetto con 28. Nel Foggiano si passa dai 10.564 di Foggia ai 5 di Celle di San Vito; nel Leccese dagli 8.332 di Lecce ai 15 di Palmariggi.
A Taranto sono 5.947, mentre Roccaforzata ne conta 17; nel Brindisino il primato spetta a Brindisi con 2.724 residenti stranieri e il dato più basso a Erchie, 44. Nella Bat si va dai 2.513 di Barletta ai 105 di Minervino Murge.
In Basilicata gli studenti stranieri sono invece 3.767, pari al 5,3% della popolazione scolastica regionale, e 1.616 erano nati in Italia. Sul piano demografico, nel Materano la maggiore presenza si registra a Matera, 3.872 residenti stranieri, e la minore a Oliveto Lucano, appena 7. Nel Potentino si passa dai 1.901 del capoluogo ai 5 di Teana.
Il tetto annunciato dal Governo non riduce il diritto degli studenti stranieri all’istruzione, ma punta a evitare concentrazioni eccessive nelle singole classi e a favorire una distribuzione più equilibrata, accompagnata dal rafforzamento dell’apprendimento dell’italiano. Una soglia del 30%, peraltro, esiste già dal 2010 attraverso una circolare ministeriale, seppure con possibilità di deroga. In territori come Puglia e Basilicata, dove l’incidenza complessiva degli alunni stranieri resta contenuta, la misura potrebbe riguardare soprattutto situazioni circoscritte e non tradursi in una separazione generalizzata. L’intento del provvedimento, dunque, è quello di agevolare l’integrazione: classi più equilibrate per l’apprendimento della lingua, la didattica e la piena partecipazione alla vita scolastica."
20260922135102,La Repubblica,https://www.repubblica.it/economia/rapporti/obiettivo-capitale/mercati/2026/09/22/news/immobiliare_zurigo_e_tokyo_tra_i_mercati_piu_esposti_al_rischio_di_bolla-425600442/?rss=,,,,,,srclc:ita,"Tra le città esaminate nell’UBS Global Real Estate Bubble Index 2026, Zurigo e Tokyo figurano nella fascia ad alto rischio di bolla immobiliare. Miami, che nelle due edizioni precedenti presentava il rischio più elevato, è rientrata nella fascia di rischio accentuato, insieme a Dubai, Seul, Ginevra e Lisbona.
Il rischio appare più moderato a Los Angeles, Sydney, Toronto, Vancouver, Hong Kong e Singapore. In Europa rientrano nella stessa fascia Amsterdam, Madrid, Francoforte, Monaco di Baviera e Milano, mentre Parigi e Londra presentano un basso rischio di bolla. Fuori dall’Europa, soltanto New York, San Francisco e San Paolo figurano nella categoria a basso rischio.
Lisbona e Seul hanno registrato quest’anno il maggiore aumento del rischio di bolla. Si sono accentuati alcuni squilibri anche a Milano, Hong Kong, Madrid e Dubai, sebbene a Dubai il rischio si sia attenuato da marzo. In Svizzera, i bassi costi di finanziamento hanno continuato ad alimentare il rischio a Zurigo e Ginevra. Al contrario, piazze come Tokyo e Sydney hanno visto un ridimensionamento degli squilibri, che sono invece rimasti stabili a Singapore. Nelle città nordamericane, il rischio di bolla è diminuito: gli elevati costi di finanziamento hanno reso ancora più difficile l’acquisto di un’abitazione, frenando la possibilità di acquisto e la domanda. In Europa, Francoforte e Amsterdam hanno registrato le riduzioni più marcate dei punteggi di rischio.
Tassi elevati più a lungo frenano la domanda
Nell’ultimo anno, in termini reali, prezzi delle abitazioni, affitti e redditi sono rimasti nel complesso stabili, pur con forti differenze tra le diverse città. Seul, Lisbona, Madrid e Hong Kong hanno registrato gli aumenti più consistenti, con prezzi reali delle abitazioni in crescita di circa il 10%. All’estremo opposto, Vancouver e Toronto hanno segnato cali di circa il 10%. Anche a Francoforte e Monaco di Baviera i prezzi sono diminuiti, seppure più moderatamente.
“Il permanere di costi di finanziamento elevati dovrebbe contenere l’aumento dei prezzi delle abitazioni nel breve periodo – ha dichiarato Matthias Holzhey, autore principale dello studio ed economista presso il Chief Investment Office di UBS Global Wealth Management - Nella maggior parte delle città, i costi annui legati all’acquisto di un’abitazione di 60 mq (650 sq ft), compresi interessi ipotecari e spese di manutenzione, superano il 40% del reddito lordo di un lavoratore altamente qualificato, a conferma delle crescenti difficoltà di accesso alla casa. Oggi possedere un immobile costa nettamente più che affittarlo, soprattutto in città come Monaco di Baviera, Hong Kong e Sydney”.
Protezione disomogenea dall’inflazione
In oltre la metà delle città analizzate, negli ultimi cinque anni gli immobili residenziali non hanno protetto dall’inflazione. I mercati che nel 2021 erano stati classificati ad alto rischio di bolla hanno poi registrato i cali più marcati, con una flessione media dei prezzi di circa il 15%. Hanno inciso anche l’intensità e la durata dello shock inflazionistico: nelle città con un’inflazione superiore alla media, i prezzi reali delle abitazioni sono diminuiti mediamente di circa il 5%; in quelle con un’inflazione inferiore alla media, nello stesso periodo i prezzi reali sono invece cresciuti in media di circa il 10% all’anno.
""Ai livelli di valutazione attuali, nella maggior parte delle città gli immobili residenziali dovrebbero comunque offrire una protezione dall’inflazione nel medio periodo”. La domanda di abitazioni nelle aree urbane è rimasta solida, come mostra l’andamento degli affitti, che negli ultimi cinque anni ha generalmente seguito la crescita dei redditi e, in molti casi, l’ha superata. Le persistenti limitazioni dell’offerta rafforzano queste prospettive”, le parole di Maciej Skoczek, autore dello studio ed economista presso il Chief Investment Office di UBS Global Wealth Management.
Focus regionali
Zurigo: crescente sensibilità ai tassi d’interesse
Negli ultimi 20 anni, Zurigo ha l’aumento più significativo dei prezzi delle abitazioni tra le città oggetto dello studio, sostenuto dai bassi tassi d’interesse e dai forti vincoli all’offerta. Il mercato è rimasto eccezionalmente teso, con tassi di sfitto vicini allo zero e un’offerta di abitazioni di proprietà nettamente inferiore ai livelli storici. La forte competitività della città e la domanda costante di talenti internazionali, soprattutto nei settori della tecnologia e dell’intelligenza artificiale, hanno sostenuto la richiesta di abitazioni. Tuttavia, il rischio di bolla resta elevato: il rapporto tra prezzi e affitti, già eccezionalmente alto e ancora in crescita, segnala una dipendenza sempre maggiore del mercato zurighese dai bassi costi di finanziamento.
Tokyo: vulnerabilità crescenti
Il mercato immobiliare di Tokyo continua a presentare un elevato rischio di bolla speculativa dopo un lungo periodo di forti rincari, nettamente superiori alla crescita dei redditi. Sebbene di recente gli affitti siano aumentati in linea con i prezzi, l’accessibilità è diventata un vincolo sempre più importante. La domanda ha continuato a beneficiare del maggiore potere d’acquisto delle famiglie, dei flussi migratori internazionali e dell’interesse degli investitori esteri per gli appartamenti prime. Allo stesso tempo, l’aumento dei costi abitativi ha spinto i residenti verso le aree suburbane e il mercato degli affitti. Un ulteriore aumento dei costi di finanziamento potrebbe ridurre sensibilmente l’attrattiva dell’acquisto immobiliare come investimento, aumentando la probabilità di una correzione.
Lisbona: accessibilità in primo piano
Le politiche introdotte per attrarre capitali e residenti stranieri hanno contribuito al boom del mercato residenziale di Lisbona. Nell’ultimo decennio, i prezzi reali delle abitazioni sono saliti di quasi il 7% all’anno, il ritmo più rapido tra le città esaminate, e dalla metà del 2025 hanno registrato un ulteriore incremento del 10%. Ora che Lisbona è diventata uno dei mercati residenziali meno accessibili d’Europa, diversi fattori che ne avevano trainato la crescita stanno perdendo forza. Il passaggio a politiche migratorie più selettive ha contribuito a una dinamica demografica negativa, la crescita degli affitti si è arrestata e la domanda si sta spostando verso aree più accessibili fuori città.
Francoforte: la ripresa rimane contenuta
La forte domanda e l’offerta limitata rimangono le caratteristiche distintive del mercato immobiliare di Francoforte. L’immigrazione, la riduzione delle dimensioni dei nuclei familiari e la persistente carenza di abitazioni hanno continuato a spingere gli affitti al rialzo, mentre gli elevati costi di costruzione e finanziamento hanno frenato lo sviluppo di nuovi progetti. Il segmento delle abitazioni di proprietà, invece, è rimasto debole. Nel 2026 i prezzi sono scesi ulteriormente e, in termini reali, si collocano ora quasi il 25% al di sotto del picco del 2021. Sebbene gli squilibri di mercato si siano sensibilmente ridotti e il rischio di bolla sia considerato moderato, una ripresa significativa delle abitazioni di proprietà appare improbabile senza un rafforzamento della fiducia nell’economia o una riduzione dei costi di finanziamento.
Londra: crescita assente
Il mercato residenziale di Londra è rimasto debole per il quinto anno consecutivo e i prezzi delle abitazioni, al netto dell’inflazione, si collocano ora oltre il 15% sotto i livelli del 2021. Di conseguenza, la città è entrata in una fase caratterizzata da un basso rischio di bolla speculativa Nel frattempo, gli affitti sono rimasti vicini ai massimi storici a causa della cronica carenza di abitazioni e della scarsa attività edilizia. Il segmento di fascia alta ha beneficiato della domanda degli investitori internazionali, attratti dal calo dei prezzi immobiliari e dalla debolezza della sterlina. Tuttavia, la scarsa accessibilità, la maggiore pressione fiscale sugli immobili costosi e il recente calo demografico hanno continuato a frenare una ripresa più ampia del mercato.
Miami: la dinamica del mercato rallenta
Dopo aver registrato la crescita più forte dei prezzi immobiliari reali tra tutte le città incluse nello studio negli ultimi 15 anni, il boom immobiliare di Miami ha perso slancio. Le pressioni sull’accessibilità economica e i costi di finanziamento persistentemente elevati hanno indebolito la domanda, provocando una flessione dei prezzi reali e un deciso raffreddamento del mercato. Sebbene le condizioni dell’offerta varino a seconda della tipologia di immobile, l’aumento dei costi legati alla proprietà e dei premi assicurativi ha pesato sulla domanda. Una correzione generalizzata appare comunque improbabile, perché i flussi migratori dagli Stati americani più costosi e la persistente vivacità del segmento del lusso continuano a sostenere i prezzi."
20260922134941,Huffpost Italia,https://www.huffingtonpost.it/politica/2026/09/22/news/dalla_calabria_ad_asti_litalia_delle_scuole_che_non_sopravviverebbero_senza_bimbi_stranieri-22764133/,,,,,,srclc:ita,"Dalla Calabria ad Asti: l'Italia delle scuole che non sopravviverebbero senza bimbi stranieri
di Federica Olivo
A San Basile, paese di 877 anime sul versante calabrese del Pollino, la scuola era data per chiusa. Pochissimi iscritti, impossibile tenerla in piedi. Quell’istituto stava per fare la fine delle 3mila scuole (il 46% al Sud) che secondo lo Svimez potrebbero chiudere nel futuro prossimo. A causa dello spopolamento e dell’inverno demografico. A salvare quella scuola, e tante altre in Calabria, è stato un progetto di accoglienza per gli stranieri. Sono stati i figli dei circa 30 migranti accolti in paese a ripopolare quei banchi ormai vuoti. La consigliera comunale Caterina Pugliese, che cura il progetto, si è augurata che “questa vicenda non venga ridotta a una mera questione di numeri”. Eppure, questa storia, così simile a tante che si scoprono attraversando la Calabria interna ma anche altre zone d’Italia, racconta l’altra faccia della medaglia del dibattito sul tetto agli stranieri in classe.
La premier, Giorgia Meloni, ha annunciato un provvedimento per limitare al 30% la presenza di ragazzi stranieri che non parlano italiano. Una misura che sta causando polemiche e che il governo sostiene di voler prendere per evitare che ci siano istituti con pochi italiani e tanti stranieri, con storie di migrazione alle spalle diverse tra loro. Una misura pensata per alcune città - Mestre, Monfalcone, Milano - che però non tiene conto di un pezzo di realtà: ci sono aree, quelle lontane dai grandi centri, in cui se non fossero arrivati dei bimbi stranieri non esisterebbero più le scuole. E, tra qualche anno, non esisterebbero più i paesi.
Il caso di San Basile è quello più eclatante ma a 40 km da lì, ad Acquaformosa, qualcosa di molto simile è successo: su 43 alunni 16 non hanno la cittadinanza italiana. Si tratta del 37,21%. Il paradosso è che se la norma voluta dal governo fosse applicata senza deroghe, questa scuola rischierebbe di chiudere. Sarebbe facile l’effetto a catena: rimodulare la composizione di anche una sola classe, riducendone i numeri per rispettare il tetto, rischierebbe di far venire meno il numero minimo che consente il mantenimento della scuola. Risultato? Anche in questo caso: scuola chiusa, paese a rischio estinzione.
A Riace, terra di Mimmo Lucano, era stato evidente sin dal 2015 cosa significasse l’integrazione a scuola: su 11 bambini, 6 erano stranieri. Lo è ancor di più a Cerzeto, ancora in provincia di Cosenza, dove il sindaco ha ammesso di recente che senza i bambini figli dei migranti accolti nel Comune la scuola non esisterebbe più.
“La Calabria è una terra d’accoglienza - dice a HuffPost Alfonso Marcuzzo, segretario regionale Flc Cgil, che si occupa di scuola - casi come questi ce ne sono tanti. Gli alunni di origine straniera permettono la formazione delle classi e contribuiscono a fronteggiare l’enorme spopolamento dei piccoli centri”. Marcuzzo è molto critico sulla misura che vuole varare il governo: “È demagogica e si vede che è stata pensata da chi non ha mai messo piede a scuola”.
Risalendo appena lo stivale, una storia interessante arriva dalla Basilicata. E riguarda le scuole secondarie di secondo grado. A Rivello, borgo di poco più di 2mila persone in provincia di Potenza, c’è un progetto gestito dall’Arci che accoglie 12 minori stranieri non accompagnati e supporta otto neomaggiorenni migranti nella prosecuzione degli studi. Si tratta di 20 giovani che vogliono integrarsi e vanno a scuola. “Quando abbiamo iniziato, qualche anno fa - racconta a HuffPost Sergio Panza, coordinatore del progetto - le scuole secondarie dell’area non erano pronte a inserire in classe alunni con background migratorio. Mancavano gli strumenti, non si conoscevano le regole, abbiamo dovuto lottare a lungo. Ora invece sono quelle stesse scuole, alcune in gravi difficoltà per il calo degli iscritti, a chiedere se ai ragazzi che accogliamo va di seguire il percorso di studi nel loro istituto”. Una sinergia che è stato difficile raggiungere, ma che funziona. Nonostante il momento storico e la rincorsa a destra non faciliti l’integrazione, in città come in provincia.
Anche in Molise, dove quest’anno ci sono 688 studenti in meno dell’anno scorso, la presenza dei bambini di origine straniera, soprattutto nei borghi più piccoli, è vista come un fattore positivo. All’apertura dell’anno scolastico i presidi facevano notare come la presenza dei bimbi di origine non italiana desse un grandissimo contributo al mantenimento delle scuole. Soprattutto di quelle per l’infanzia.
Il fenomeno non riguarda solo il Sud. Come riporta La Stampa, il primo commento che è stato fatto da un preside della provincia di Asti quando ha saputo delle intenzioni del governo sul tetto agli studenti è stato: “Molte delle nostre scuole restano in piedi grazie ai bambini di origine straniera”. Dati e voci di cui tener conto in un Paese in cui, come testimonia l’ultimo rapporto Idos, in 11 anni è calato del 12,5% il numero degli studenti figli di italiani. Ed è aumentato del 16% quello degli studenti di origine straniera. Numeri di una società che cambia, al di là dei provvedimenti spot e delle proposte più o meno praticabili."
20260922134426,Teleborsa,https://www.teleborsa.it/DettaglioNews/111_2026-09-22_TLB/UBS-Global-Real-Estate-Bubble-Index-2026-Zurigo-e-Tokyo-a-rischio-bolla.html,,,,,,srclc:ita,"UBS Global Real Estate Bubble Index 2026: Zurigo e Tokyo a rischio bolla
                
                
                
		
                    
                
	 
                
                
		
                    (Teleborsa) - Tra le città esaminate nell’UBS Global Real Estate Bubble Index 2026, Zurigo e Tokyo figurano nella fascia ad alto rischio di bolla immobiliare. Miami, che nelle due edizioni precedenti presentava il rischio più elevato, è rientrata nella fascia di rischio accentuato, insieme a Dubai, Seul, Ginevra e Lisbona.
Il rischio appare più moderato a Los Angeles, Sydney, Toronto, Vancouver, Hong Kong e Singapore. In Europa rientrano nella stessa fascia Amsterdam, Madrid, Francoforte, Monaco di Baviera e Milano, mentre Parigi e Londra presentano un basso rischio di bolla. Fuori dall’Europa, soltanto New York, San Francisco e San Paolo figurano nella categoria a basso rischio.
Lisbona e Seul hanno registrato quest’anno il maggiore aumento del rischio di bolla. Si sono accentuati alcuni squilibri anche a Milano, Hong Kong, Madrid e Dubai, sebbene a Dubai il rischio si sia attenuato da marzo. In Svizzera, i bassi costi di finanziamento hanno continuato ad alimentare il rischio a Zurigo e Ginevra. Al contrario, piazze come Tokyo e Sydney hanno visto un ridimensionamento degli squilibri, che sono invece rimasti stabili a Singapore. Nelle città nordamericane, il rischio di bolla è diminuito: gli elevati costi di finanziamento hanno reso ancora più difficile l’acquisto di un’abitazione, frenando la possibilità di acquisto e la domanda. In Europa, Francoforte e Amsterdam hanno registrato le riduzioni più marcate dei punteggi di rischio.
Tassi elevati più a lungo frenano la domanda
Nell’ultimo anno, in termini reali, prezzi delle abitazioni, affitti e redditi sono rimasti nel complesso stabili, pur con forti differenze tra le diverse città. Seul, Lisbona, Madrid e Hong Kong hanno registrato gli aumenti più consistenti, con prezzi reali delle abitazioni in crescita di circa il 10%. All’estremo opposto, Vancouver e Toronto hanno segnato cali di circa il 10%. Anche a Francoforte e Monaco di Baviera i prezzi sono diminuiti, seppure più moderatamente.
Matthias Holzhey, autore principale dello studio ed economista presso il Chief Investment Office di UBS Global Wealth Management, afferma: ""Il permanere di costi di finanziamento elevati dovrebbe contenere l’aumento dei prezzi delle abitazioni nel breve periodo"". Nella maggior parte delle città, i costi annui legati all’acquisto di un’abitazione di 60 mq (650 sq ft), compresi interessi ipotecari e spese di manutenzione, superano il 40% del reddito lordo di un lavoratore altamente qualificato, a conferma delle crescenti difficoltà di accesso alla casa. Oggi possedere un immobile costa nettamente più che affittarlo, soprattutto in città come Monaco di Baviera, Hong Kong e Sydney"".
Protezione disomogenea dall’inflazione
In oltre la metà delle città analizzate, negli ultimi cinque anni gli immobili residenziali non hanno protetto dall’inflazione. I mercati che nel 2021 erano stati classificati ad alto rischio di bolla hanno poi registrato i cali più marcati, con una flessione media dei prezzi di circa il 15%. Hanno inciso anche l’intensità e la durata dello shock inflazionistico: nelle città con un’inflazione superiore alla media, i prezzi reali delle abitazioni sono diminuiti mediamente di circa il 5%; in quelle con un’inflazione inferiore alla media, nello stesso periodo i prezzi reali sono invece cresciuti in media di circa il 10% all’anno.
Maciej Skoczek, autore dello studio ed economista presso il Chief Investment Office di UBS Global Wealth Management, spiega: ""Ai livelli di valutazione attuali, nella maggior parte delle città gli immobili residenziali dovrebbero comunque offrire una protezione dall’inflazione nel medio periodo"".
La domanda di abitazioni nelle aree urbane è rimasta solida, come mostra l’andamento degli affitti, che negli ultimi cinque anni ha generalmente seguito la crescita dei redditi e, in molti casi, l’ha superata. Le persistenti limitazioni dell’offerta rafforzano queste prospettive"".
Focus regionali
Zurigo: crescente sensibilità ai tassi d’interesse
Negli ultimi 20 anni, Zurigo ha l’aumento più significativo dei prezzi delle abitazioni tra le città oggetto dello studio, sostenuto dai bassi tassi d’interesse e dai forti vincoli all’offerta. Il mercato è rimasto eccezionalmente teso, con tassi di sfitto vicini allo zero e un’offerta di abitazioni di proprietà nettamente inferiore ai livelli storici. La forte competitività della città e la domanda costante di talenti internazionali, soprattutto nei settori della tecnologia e dell’intelligenza artificiale, hanno sostenuto la richiesta di abitazioni. Tuttavia, il rischio di bolla resta elevato: il rapporto tra prezzi e affitti, già eccezionalmente alto e ancora in crescita, segnala una dipendenza sempre maggiore del mercato zurighese dai bassi costi di finanziamento.
Tokyo: vulnerabilità crescenti
Il mercato immobiliare di Tokyo continua a presentare un elevato rischio di bolla speculativa dopo un lungo periodo di forti rincari, nettamente superiori alla crescita dei redditi. Sebbene di recente gli affitti siano aumentati in linea con i prezzi, l’accessibilità è diventata un vincolo sempre più importante. La domanda ha continuato a beneficiare del maggiore potere d’acquisto delle famiglie, dei flussi migratori internazionali e dell’interesse degli investitori esteri per gli appartamenti prime. Allo stesso tempo, l’aumento dei costi abitativi ha spinto i residenti verso le aree suburbane e il mercato degli affitti. Un ulteriore aumento dei costi di finanziamento potrebbe ridurre sensibilmente l’attrattiva dell’acquisto immobiliare come investimento, aumentando la probabilità di una correzione.
Lisbona: accessibilità in primo piano
Le politiche introdotte per attrarre capitali e residenti stranieri hanno contribuito al boom del mercato residenziale di Lisbona. Nell’ultimo decennio, i prezzi reali delle abitazioni sono saliti di quasi il 7% all’anno, il ritmo più rapido tra le città esaminate, e dalla metà del 2025 hanno registrato un ulteriore incremento del 10%. Ora che Lisbona è diventata uno dei mercati residenziali meno accessibili d’Europa, diversi fattori che ne avevano trainato la crescita stanno perdendo forza. Il passaggio a politiche migratorie più selettive ha contribuito a una dinamica demografica negativa, la crescita degli affitti si è arrestata e la domanda si sta spostando verso aree più accessibili fuori città.
Francoforte: la ripresa rimane contenuta
La forte domanda e l’offerta limitata rimangono le caratteristiche distintive del mercato immobiliare di Francoforte. L’immigrazione, la riduzione delle dimensioni dei nuclei familiari e la persistente carenza di abitazioni hanno continuato a spingere gli affitti al rialzo, mentre gli elevati costi di costruzione e finanziamento hanno frenato lo sviluppo di nuovi progetti. Il segmento delle abitazioni di proprietà, invece, è rimasto debole. Nel 2026 i prezzi sono scesi ulteriormente e, in termini reali, si collocano ora quasi il 25% al di sotto del picco del 2021. Sebbene gli squilibri di mercato si siano sensibilmente ridotti e il rischio di bolla sia considerato moderato, una ripresa significativa delle abitazioni di proprietà appare improbabile senza un rafforzamento della fiducia nell’economia o una riduzione dei costi di finanziamento.
Londra: crescita assente
Il mercato residenziale di Londra è rimasto debole per il quinto anno consecutivo e i prezzi delle abitazioni, al netto dell’inflazione, si collocano ora oltre il 15% sotto i livelli del 2021. Di conseguenza, la città è entrata in una fase caratterizzata da un basso rischio di bolla speculativa Nel frattempo, gli affitti sono rimasti vicini ai massimi storici a causa della cronica carenza di abitazioni e della scarsa attività edilizia. Il segmento di fascia alta ha beneficiato della domanda degli investitori internazionali, attratti dal calo dei prezzi immobiliari e dalla debolezza della sterlina. Tuttavia, la scarsa accessibilità, la maggiore pressione fiscale sugli immobili costosi e il recente calo demografico hanno continuato a frenare una ripresa più ampia del mercato.
Miami: la dinamica del mercato rallenta
Dopo aver registrato la crescita più forte dei prezzi immobiliari reali tra tutte le città incluse nello studio negli ultimi 15 anni, il boom immobiliare di Miami ha perso slancio. Le pressioni sull’accessibilità economica e i costi di finanziamento persistentemente elevati hanno indebolito la domanda, provocando una flessione dei prezzi reali e un deciso raffreddamento del mercato. Sebbene le condizioni dell’offerta varino a seconda della tipologia di immobile, l’aumento dei costi legati alla proprietà e dei premi assicurativi ha pesato sulla domanda. Una correzione generalizzata appare comunque improbabile, perché i flussi migratori dagli Stati americani più costosi e la persistente vivacità del segmento del lusso continuano a sostenere i prezzi.
(Foto: Tierra Mallorca on Unsplash)
                
	
                
    
                
                
                
                
                
                
	
                
                
```"
20260922130228,Teleborsa,https://www.teleborsa.it/DettaglioNews/107_2026-09-22_TLB/Ristorazione-25239-chiusure-contro-10062-aperture-nel-2025.html,,,,,,srclc:ita,"Ristorazione: 25.239 chiusure contro 10.062 aperture nel 2025
                Consumi a 100 miliardi ma -5,4% in volume sul 2019: a Milano metà chiude entro 5 anni
                
                
		
                    
                
	 
                
                
		
                    (Teleborsa) - I consumi nella ristorazione italiana hanno raggiunto nel 2025 i 100 miliardi di euro, in crescita del 3,7% a prezzi correnti sull'anno precedente, ma a prezzi costanti restano inferiori del 5,4% ai livelli del 2019. Il dato emerge dal Rapporto Ristorazione 2026 di Fipe- Confcommercio, presentato il 9 aprile scorso, che quantifica in 59,3 miliardi il valore aggiunto del comparto, in aumento dello 0,5%, a fronte di 324.436 imprese attive, in calo dell'1%: 194.899 ristoranti (-0,4%), 124.917 bar (-2,2%) e 3.984 strutture di ristorazione collettiva e banqueting (+3,5%), unico segmento in espansione. I listini sono saliti nell'anno del 3,2%.
Il saldo demografico delle imprese è il dato più netto del rapporto: a fronte di 10.062 nuove iscrizioni, nel 2025 si sono registrate 25.239 cessazioni, per un saldo negativo di 15.177 unità. Sul fronte occupazionale il lavoro dipendente si è attestato a 1.000.328 addetti, con una flessione di 114.338 unità pari al 10,3%, mentre le unità di lavoro complessive, che includono lavoro autonomo e familiare, crescono dell'1,7% superando 1,3 milioni.
Milano segue la stessa curva. Secondo i dati del registro imprese, le attività tra bar, ristoranti ed esercizi affini nel capoluogo sono passate dalle 16.360 del giugno 2014 alle 18.409 del 2021, per scendere a 17.438 nel giugno 2025; nell'arco degli undici anni la città ha perso 1.651 bar e guadagnato 2.340 ristoranti. Circa metà delle attività aperte cessa entro cinque anni, mentre i canoni di locazione sono cresciuti del 10% per effetto della sola inflazione, come rilevato dal presidente Fipe Lino Stoppani. Nello stesso comparto gli imprenditori di origine straniera sono saliti dai 5.371 del 2020 agli attuali 5.634.
È in questo perimetro che si colloca l'apertura, sette mesi fa nel quartiere Isola, di ""Ça va sans dire"", locale dedicato alla galette bretone avviato da Arnaud Bazin, parigino con una carriera trentennale in maison della moda come Hermès, Dior, Versace e Roberto Cavalli. ""Lusso non significa rendere le cose complicate, ma straordinarie nella semplicità"", afferma Bazin, che descrive il cambio di settore come una trasposizione di metodo: ""Quando sceglievo un pellame per Hermès o i dettagli per una collezione Dior, lavoravo con la stessa attenzione che oggi dedico alla scelta di una farina biologica da un piccolo mulino bretone o del burro semi-salato della Normandia"". La selezione dei fornitori, dichiara l'imprenditore, ha richiesto un anno.
La galette nella ricetta tradizionale prevede tre ingredienti: grano saraceno, acqua e sale. La cottura avviene su piastre a 220 gradi e la varietà di grano saraceno impiegata non coincide con quella italiana usata per i pizzoccheri: le coltivazioni si concentrano in Francia, nell'Europa orientale e in Giappone, dove il cereale alimenta la produzione di pasta soba. Il menu accosta alla base bretone ingredienti italiani a denominazione — guanciale per una versione carbonara, tartufo di Alba, pistacchio di Bronte, nocciola del Piemonte — e affianca alle galette salate una carta di sidri normanni, categoria di consumo marginale nella ristorazione italiana. ""La Francia mi ha insegnato il savoir-faire, cioè come si fanno le cose"", osserva Bazin. ""L'Italia mi ha insegnato il culto dell'ingrediente"".
Per l'autunno l'imprenditore annuncia l'introduzione di galette stagionali: ""In Italia la stagionalità degli ingredienti è molto più rispettata che in Francia, e io devo seguire questo percorso"". I piani dichiarati prevedono la replica del formato in altre città italiane e in Spagna.
                
	
                
    
                
                
                
                
                
                
	
                
                
```"
20260922123944,Ternitoday,https://www.ternitoday.it/attualita/remigrazione-terni-come-sarebbe-citta-senza-stranieri-dati.html,,,,,,srclc:ita,"“Remigrazione” a Terni, ecco come sarebbe la città dell'acciaio senza stranieri
Dalla natalità alle imprese, passando per carcere e famiglie: i numeri e lo scenario
Un esperimento “statistico” senza obiettivi politici, sociali o ideologici. Solo numeri a partire da un “concetto”, quello della remigrazione. Sicuramente esasperato, almeno nella declinazione che segue. Ma insomma, è per cercare di inquadrare una situazione che è sicuramente molto più complessa di quanto le sole cifre possono descrivere. Però, la domanda è la seguente: come sarebbe Terni “senza” stranieri? Cosa accadrebbe se i 13.240 residenti stranieri lasciassero definitivamente la città dell’acciaio?
Sottraendo la componente straniera dai dati attuali, Terni vedrebbe la propria popolazione scendere repentinamente da 106.310 a circa 93.070 abitanti, registrando un crollo del 12,4% della popolazione totale. Il profilo demografico vedrebbe una modifica strutturale: l’età media aumenterebbe di 4,2 anni, passando da 48,5 a circa 52,7 anni, mentre l’indice di vecchiaia salirebbe da 283,6 a ben 340 punti, arrivando a contare circa 3,4 anziani over 65 per ogni bambino con meno di 14 anni. La quota di over 65 salirebbe al 31,5% della popolazione globale, mentre i bambini tra 0 e 14 anni calerebbero all’8,5%, con la perdita diretta di quasi 2mila minori. La popolazione in età lavorativa compresa tra 15 e 64 anni perderebbe tra le 8mila e le 9mila persone, concentrate soprattutto nella fascia tra i 30 e i 44 anni.
Dal punto di vista della natalità, il collasso sarebbe immediato. Nel 2025 i nati stranieri sono stati 118 su un totale di 558, rappresentando il 21% delle nuove nascite. Senza di loro, la città si fermerebbe a soli 440 nati, con un tasso di natalità che crollerebbe sotto il 4,5 per mille, aggravando un trend già storicamente minimo. Inoltre, il 13,2% dei nuclei familiari attuali include almeno un cittadino straniero, quota che verrebbe totalmente azzerata.
Nel tessuto economico e lavorativo, dove il 63 per cento della popolazione straniera ha meno di 45 anni e presenta un tasso di occupazione del 58,5%, le ripercussioni sarebbero sistemiche. La forza lavoro complessiva scenderebbe da 47.476 a circa 41mila persone, con la perdita diretta di oltre 6mila occupati. Settori chiave come la manifattura, il commercio, i servizi e l’assistenza alle persone soffrirebbero per un’immediata carenza di manodopera, spingendo diverse realtà industriali a ridurre le attività o delocalizzare. A questo si aggiunge l’impatto sul tessuto imprenditoriale locale: secondo i dati di Unioncamere e InfoCamere, nella provincia di Terni operano circa 2.316 imprese a titolarità straniera, la cui gran parte risiede proprio nel capoluogo. L’assenza di questi imprenditori, significherebbe la chiusura immediata di centinaia di attività artigianali, commerciali e di servizio, riducendo ulteriormente il gettito fiscale locale legato a Irpef, Iva, Tari e Imu.
La presenza di oltre 6mila famiglie in meno svuoterebbe l’offerta abitativa, aggravando la percentuale di case non occupate, che oggi sfiora già il 16,2 per cento e causando il depauperamento dei quartieri periferici.
Sul fronte dell’assistenza, un numero ridotto di lavoratori si troverebbe a sostenere un carico pensionistico e sanitario crescente, con oltre il 31% della popolazione in età avanzata.
Un ambito in cui la presenza straniera registra una dinamica differente, ma rilevante nel dibattito pubblico, riguarda l’istituto penitenziario di vocabolo Sabbione. Su una popolazione carceraria complessiva di circa 577 detenuti, gli stranieri sono circa 156. In uno scenario privo di presenza straniera sul territorio, la pressione all’interno della struttura penitenziaria ternana conoscerebbe un ridimensionamento numerico, fermo restando che l’istituto continuerebbe comunque a soffrire le criticità strutturali legate al sovraffollamento e alle dotazioni dell’organico penitenziario."
20260922122339,Positano News,https://www.positanonews.it/2026/09/la-conferenza-dei-sindaci-della-costa-damalfi-si-spacca-nodi-regolamentari-o-spinte-riformiste/3857638/,,,,,,srclc:ita,"Lo scambio di ""missive"" tra Atrani e Tramonti riapre il dibattito sull’assetto giuridico dell’organo e sul suo peso politico nei dossier chiave, a partire dalla sanità.
|Cronaca
/
Politica
/
Territorio
/
La Conferenza dei Sindaci della Costa d’Amalfi si spacca: nodi regolamentari o spinte riformiste?
22 settembre 2026 | 14:23
Un organismo senza statuto, senza regolamento e senza un atto costitutivo formale può davvero guidare in modo democratico e autorevole il futuro della Costiera Amalfitana?
È questo l’interrogativo politico che sta agitando i palazzi municipali del territorio, innescando un inedito e teso confronto sulla natura stessa della Conferenza dei Sindaci della Costa d’Amalfi, un tavolo nato originariamente per favorire il dialogo spontaneo tra i primi cittadini, oggi al centro di un dibattito sulla trasparenza dei processi decisionali e sulla parità di rappresentanza.
Il confronto istituzionale Siravo-Amatruda
Un post su Facebook di Michele Siravo mostra esplicitamente la faglia profonda che separa due visioni amministrative distinte.
Il sindaco di Atrani ha trovato una sponda decisiva nel primo cittadino di Maiori, Gianpiero Romano, che ha declinato la battaglia per la trasparenza in una proposta politica e tecnica ben precisa: superare il modello spontaneo per stipulare una Convenzione formale ai sensi dell’art. 30 del TUEL, e dotare la Conferenza di un disciplinare, verbali ufficiali e criteri di voto certi, e dare una veste giuridica stabile all’organo, evitando che le decisioni vengano pesate sui meri rapporti di forza politici anziché in modo paritario.
Di contro, il sindaco di Tramonti, Domenico Amatruda, difende la natura spontanea e flessibile del tavolo, paventando il rischio di una “ingessatura” burocratica che potrebbe rallentare l’azione amministrativa.
Il nodo sollevato dai riformisti resta però centrale: in assenza di regole scritte, l’informalità rischia di premiare l’allineamento morbido con i referenti politici della Provincia e della Regione – che controllano i flussi dei fondi europei, della sanità e dei trasporti – lasciando le voci fuori dal coro o le comunità demograficamente minori esposte al rischio di un isolamento istituzionale.
Tramonti tra specificità e realpolitik 
In questo scenario, il posizionamento di Tramonti riflette logiche profonde più che legittime. La reazione netta di Amatruda e l’invito formale a Siravo di interrompere eventuali comunicazioni sulla questione,  sono dovute sostanzialmente all’essere amministratore di un comune collinare. Esigenze geografiche, agricole e di viabilità interne radicalmente diverse rispetto ai centri costieri dominati dall’overtourism portano Amatruda a ritenere, evidentemente, che uno statuto basato rigidamente sul peso demografico o economico non possa che penalizzare le aree interne.
C’è poi l’aspetto della realpolitik, legata ai risultati concreti portati a casa dall’amministrazione: il comune collinare è stato infatti scelto come centro per importanti investimenti regionali, dai finanziamenti per il “Borgo del Gusto – L’alba di Tramonti” alla nuova Casa di Comunità dell’ASL con Centrale Operativa Territoriale. Risultati amministrativi straordinari per i quali l’attuale modello informale, basato su relazioni dirette e diplomazia istituzionale con i vertici regionali, ha dimostrato di funzionare perfettamente nell’interesse del territorio.
I limiti pratici dell’informalità 
Eppure, i limiti strutturali di un organo privo di poteri deliberativi vincolanti emergono chiaramente proprio nel dossier sanità, in particolare sulla vicenda dell’ex ospedale San Michele di Pogerola.
A seguito dell’ultimo tavolo, la Conferenza dei Sindaci ha espresso una formale richiesta unanime all’ASL Salerno per recuperare la struttura a fini socio-sanitari pubblici. Come un muro di gomma l’azienda ha confermato l’alienazione, motivandola con l’insostenibilità dei costi di ripristino e la mancanza di coperture regionali.
Qui il cortocircuito istituzionale si fa evidente: l’unanimità informale dei sindaci non ha alcuna forza giuridica nei confronti dei vertici sanitari nominati dalla Regione. Di fronte alla fermezza dell’ASL, i primi cittadini della Costiera hanno dovuto optare per una transazione di mediazione, chiedendo almeno di reinvestire i proventi della futura vendita nelle Case di Comunità del territorio. Come evidenziato da un recente articolo del direttore Michele Cinque, la vera sfida resta quella di “riempirle di servizi, medici e assistenza”, una condizione che per l’ente sanitario dovrebbe essere d’obbligo a prescindere. Si è trattato quindi di una mediazione pragmatica, che ha lasciato l’amaro in bocca a comitati civici e cittadini, sollevando non poche perplessità.
Vincoli urbanistici e Silver Economy 
Se la concertazione politica si è dovuta piegare alle logiche regionali, la partita sul San Michele resta aperta su un terreno puramente tecnico. L’ASL può decidere di vendere l’immobile, ma chi acquista si spera non abbia carta bianca: la struttura deve restare blindata dal Piano Urbanistico Territoriale (P.U.T.) e dal PUC di Amalfi, che classifica l’area come “Attrezzatura di Interesse Generale”, escludendo cambi di destinazione d’uso meramente speculativi.
Il vincolo non è affatto una condanna al degrado: in un contesto demografico in cui l’Italia risulta il secondo Paese al mondo per quota di popolazione anziana, Pogerola rappresenta il terreno ideale per una partnership pubblico-privata legata alla silver economy. La sfida si sposta ora nel Consiglio Comunale di Amalfi, chiamato a trasformare un potenziale monumento allo spreco in un modello di eccellenza.
Una voce fuori dal coro che porta a guardare oltre
Il disinteresse di Amatruda nello strutturare la Conferenza non va considerato quindi come ostruzionismo, quanto come presa d’atto di una diversità legittima. Più che un’occasione mancata, si tratta forse di un’opportunità per guardare oltre, verso ipotesi di nuove aggregazioni territoriali tra realtà che condividono invece, medesime caratteristiche e urgenze gestionali.
Se le forme di coordinamento attuali mostrano davvero il fiato corto, forse serve un salto di qualità normativo e strutturale. Il parallelismo più calzante, in questo senso, arriva dal diritto civile con la “riforma del supercondominio”, figura giuridica resasi necessaria a colmare un vuoto: l’impossibilità oggettiva di autogovernarsi e gestire servizi e spazi comuni di agglomerati complessi di grandi dimensioni attraverso le regole del singolo condominio.
Similmente si inizia ad interrogarsi in Costa d’Amalfi, se sia ancora idoneo continuare ad amministrare su frammentari accordi di buon vicinato o se sia giunto il momento di fare un salto di qualità: dotarsi di governance snella ma istituzionalizzata, in grado di rispondere alle reali esigenze di macro-aree ormai interconnesse.
Leggi Anche"
20260922112345,Ilpescara,https://www.ilpescara.it/attualita/la-provincia-pensa-a-un-nuovo-convitto-con-mensa-per-gli-studenti-dell-alberghiero-de-cecco-foto.html,,,,,,srclc:ita,"La Provincia pensa a un nuovo convitto con mensa per gli studenti dell'Alberghiero De Cecco [FOTO]
Durante l'evento di riapertura del convitto dell'istituto alberghiero di Pescara, è intervenuto il presidente della Provincia di Pescara Giorgio De Luca
Il presidente della Provincia di Pescara Giorgio De Luca, durante la giornata per la riapertura del convitto dell'Alberghiero De Cecco di Pescara, ha fatto sapere che l'ente sta lavorando alla progettazione e realizzazione del nuovo Convitto con annessa mensa all’interno del complesso scolastico
La nuova struttura, che sarebbe di proprietà dell’Ente, da far sorgere nell’attuale area di parcheggio dell’ex palestra, situata tra la sede di via Italica e via dei Sabini, ci consentirebbe di abbattere i costi dell’affitto, che oggi ammontano a circa 200mila euro l’anno, e al tempo stesso di dotarci di un manufatto riutilizzabile, anche nel periodo estivo, per i progetti Erasmus ospitando studenti provenienti dall’estero. Quest'anno sono 109 i convittori e 40 i semiconvittori provenienti da tutto l'Abruzzo ma anche da Puglia, Campania e Molise.
L’Istituto ‘De Cecco’ vanta una lunga tradizione nella gestione del convitto, puntando a instaurare un rapporto speciale con le famiglie dei convittori e semiconvittori per migliorare l’azione formativa ed educativa. Fondato nel 1969 con 10 studenti, oggi accoglie oltre 100 ragazzi in sezioni maschili e femminili, diventando una realtà importante del territorio. Il convitto, integrato nel ‘De Cecco’, offre un alto valore formativo grazie a educatori specializzati che accompagnano gli studenti nello studio pomeridiano, favorendo la crescita non solo didattica ma anche personale. Gli studenti partecipano a numerose attività extracurriculari, ricreative, sportive e musicali, con l’obiettivo di garantire una formazione completa. La struttura ha un grande valore relazionale, offrendo ai ragazzi una vera e propria comunità scolastica in cui la scuola diventa anche famiglia. L’accento è posto sull’educazione all’affettività e sulla costruzione di relazioni sane con coetanei, docenti ed educatori. Il convitto promuove l’impegno nello studio e il rispetto delle regole come pilastri fondamentali.
“Tutte le scuole hanno registrato quest’anno un calo demografico sotto il profilo delle iscrizioni, alcune stanno soffrendo e sono a rischio chiusura – ha detto il rresidente De Luca -, l’lstituto ‘De Cecco’ marcia in netta controtendenza, segno della grande vitalità della scuola e dell’ottima azione di chi la guida. Il convitto che anche quest’anno ospiterà i ragazzi è sempre a Montesilvano, la Provincia sostiene il costo dell’affitto della struttura, 105 mila euro l’anno, e il trasporto in autobus dei ragazzi, 92mila euro l’anno. A fronte di tale spesa, circa 200 mila euro l’anno, abbiamo pensato di costruire un nuovo Convitto all’interno della scuola che per noi è un investimento, una struttura che in estate sarebbe al servizio di altre attività, e potrebbe per esempio ospitare studenti dall’estero. I nostri uffici stanno già facendo qualche bozza di studio progettuale preliminare raccogliendo la sfida”.
L’iniziativa rappresenta un importante progresso per la scuola dopo l’inaugurazione dell’Aula Magna. Il personale, tra cui il professor Ivo Mordente, è impegnato nello studio degli spazi per realizzare il progetto a medio termine conclude Di Pietro. Nel frattempo, il servizio per i convittori resta d’eccellenza: alloggio in un albergo a 4 stelle con stanze doppie separate per ragazze e ragazzi, trasporto quotidiano dedicato, pasti preparati da un team di 4 cuochi con menu supervisionati da nutrizionisti e presenza costante di personale infermieristico. L’apertura del Liceo del Made in Italy e del percorso quadriennale ha dato nuovo slancio all’istituto ‘De Cecco’, promettendo agli studenti un anno ricco di aspettative."
20260922112112,La Gazzetta Del Mezzogiorno,https://www.lagazzettadelmezzogiorno.it/news/in-salute/2141285/alzheimer-da-un-anno-a-tre-mesi-per-la-diagnosi-i-numeri-del-campus-bio-medico.html,,,,,,srclc:ita,"Roma, 21 set. (Adnkronos) - Ridurre da un anno a tre mesi il tempo necessario per arrivare a una diagnosi di Alzheimer. Nove mesi guadagnati per costruire un percorso terapeutico e assistenziale, valutare l’accesso alle terapie emergenti e coinvolgere il paziente quando la malattia è ancora nelle sue fasi iniziali. È uno dei risultati raggiunti dal Centro Integrato di Ricerca e Cura sulla malattia d’Alzheimer – Fondazione Roma del Campus Bio-Medico, che nel 2025 ha seguito 200 pazienti.
Il progetto, promosso dalla Biomedical University Foundation e sostenuto dalla Fondazione Roma, mette insieme ricerca traslazionale, attività clinica e supporto socioassistenziale con l’obiettivo di accorciare la distanza tra laboratorio e paziente. Al Policlinico Universitario Campus Bio-Medico sono state installate una risonanza magnetica 3 Tesla e un laboratorio di neurofisiologia clinica, mentre all’Università Campus Bio-Medico di Roma sono stati realizzati laboratori e strutture per la ricerca e la validazione preclinica.
L’obiettivo è creare un unico percorso nel quale ricerca avanzata, diagnostica e assistenza possano dialogare, favorendo l’individuazione precoce della malattia e una maggiore personalizzazione delle scelte cliniche.
I risultati del Centro sono stati presentati in occasione della Giornata mondiale dell’Alzheimer durante un incontro all’Università Campus Bio-Medico di Roma che ha riunito ricercatori, professionisti sanitari, rappresentanti delle istituzioni e del terzo settore. Al centro del confronto anche il ruolo dei centri diurni nell’assistenza alle persone affette dalla malattia e alle loro famiglie.
“La malattia di Alzheimer non coinvolge soltanto chi ne riceve la diagnosi, ma incide profondamente anche sulla vita delle famiglie”, ha sottolineato Carlo Tosti, presidente dell’Università e della Fondazione Policlinico Campus Bio-Medico. Per questo, ha spiegato, è necessario “un approccio che unisca ricerca e cura e riconosca, in ogni fase della malattia, la dignità e l’identità della persona”.
Il Centro, secondo Tosti, traduce in pratica la scelta di mettere insieme “competenze scientifiche e cliniche al servizio dei pazienti”, riunendo professionalità differenti per affrontare una patologia la cui complessità non riguarda soltanto gli aspetti strettamente medici, ma coinvolge l’intero nucleo familiare.
Una sfida destinata a diventare sempre più rilevante con l’invecchiamento della popolazione. Franco Parasassi, presidente della Fondazione Roma, ha ricordato che in Italia vivono “oltre 1,4 milioni di persone con demenza, di cui circa 600.000 affette dalla malattia di Alzheimer”. Numeri che, ha osservato, sono destinati ad aumentare con il progressivo invecchiamento demografico.
Fondazione Roma è già impegnata nell’assistenza attraverso il proprio Villaggio residenziale dedicato alle persone con Alzheimer lieve e moderato. Con il Centro integrato, ha spiegato Parasassi, l’obiettivo è far incontrare ricerca e assistenza per “sviluppare modelli di diagnosi sempre più precisi e tempestivi” e trasformare l’innovazione scientifica in strumenti utilizzabili nella vita dei pazienti.
Uno degli elementi centrali del progetto è l’integrazione tra discipline diverse. “Il nostro lavoro di ricerca si concentra sui meccanismi patogenetici della malattia e punta a una sempre migliore definizione dell’evoluzione dell’Alzheimer”, ha spiegato Marcello D’Amelio, ordinario di Fisiologia umana e responsabile dell’Unità di neuroscienze molecolari dell’Università Campus Bio-Medico.
Neurologia, neuropsicologia, neurofisiologia sperimentale, medicina di laboratorio, genetica e diagnostica per immagini vengono messe in relazione in un unico percorso. “Per i pazienti e le famiglie significa accedere a un percorso diagnostico più lineare e tempestivo. Per la ricerca – ha aggiunto D’Amelio – disporre di un contesto in cui ogni osservazione clinica può generare nuova conoscenza e ogni scoperta sperimentale può essere verificata e valorizzata nella pratica di cura”.
A cambiare lo scenario sono anche i nuovi strumenti diagnostici e i biomarcatori. “Negli ultimi anni la ricerca sull’Alzheimer ha reso disponibili strumenti che stanno cambiando profondamente il modo in cui possiamo diagnosticare la malattia e intervenire sui meccanismi che ne stanno alla base”, ha spiegato Vincenzo Di Lazzaro, direttore dell’Unità operativa complessa di Neurologia della Fondazione Policlinico Universitario Campus Bio-Medico.
La novità, secondo Di Lazzaro, non sta soltanto nella disponibilità delle tecnologie, ma nella possibilità di integrarle in un percorso costruito intorno al singolo paziente: dalla valutazione neurologica e neuropsicologica agli esami biologici e alla diagnostica per immagini. L’obiettivo è definire con maggiore precisione il profilo della malattia, valutarne la possibile evoluzione e orientare le decisioni cliniche.
Per Alessandro Pernigo, presidente della Biomedical University Foundation, il Centro rappresenta il risultato della capacità di “mettere in connessione competenze, risorse e visioni”, trasformando un progetto di innovazione in una struttura dedicata concretamente alla ricerca e alla cura.
All’incontro sono intervenuti anche Paolo Arullani, presidente dell’Advisory Board della Biomedical University Foundation, e Armando Magrelli, dirigente dell’Ufficio Relazioni Internazionali dell’Aifa. Una tavola rotonda, curata dalla Fondazione Alberto Sordi, è stata inoltre dedicata al ruolo dei centri diurni e alla continuità dell’assistenza per le persone con Alzheimer e le loro famiglie."
20260922110227,Gds,https://gazzettadelsud.it/articoli/cronaca/2026/09/22/una-sezione-su-otto-della-scuola-dellinfanzia-supera-il-30-di-bimbi-stranieri-5da15efb-a4a2-496f-8a62-327bce45c6d4/,,,,,,srclc:ita,"Sono 5.023 su 40.059 quindi il 12,5% ovvero circa 1 su 8 le sezioni dell’infanzia che superano il 30% di bambini stranieri. E sono 420 le scuole dell’infanzia dove la percentuale di bambini stranieri supera il 50% e nelle quali i bambini italiani sono in minoranza. In queste 420 scuole ci sono 1.406 sezioni con oltre il 50% di bambini stranieri.
Nei prossimi anni il trend demografico con un mix crescente di studenti stranieri si proietterà sui gradi successivi del sistema scolastico. I dati arrivano da uno studio della rivista specializzata Tuttoscuola che riguarda la scuola dell’infanzia (bambini tra i 4 e i 6 anni), che rappresenta l’""avamposto» della scuola italiana: nei prossimi anni il quadro si proietterà sui gradi successivi del sistema scolastico. E l’incidenza degli alunni stranieri nella scuola dell’infanzia è destinata ad aumentare, in base al trend demografico: negli ultimi 6 anni il numero di alunni italiani è crollato del 14%, mentre quello degli alunni stranieri è aumentato, seppur di poco (+1%). Sono complessivamente 13.027 le scuole statali dell’infanzia sul territorio, che ospitano 768.256 bambini, di cui 105.327 stranieri (pari al 13,7%). Sono suddivisi in 40.059 sezioni. Le classi con oltre il 30% di bambini stranieri - in base all’elaborazione esclusiva svolta da Tuttoscuola - sono 5.023 (il 12,5%), inserite in 1.523 scuole. Sono 45.506 i bambini stranieri presenti in queste 1.523 scuole su un totale di 105.327. Tali scuole con una percentuale di alunni stranieri superiore al 30% ospitano dunque il 43% di tutti gli alunni stranieri della scuola dell’infanzia."
20260922110145,Riminitoday,https://www.riminitoday.it/cronaca/bellaria-igea-marina-petizione-natalita-bene-comune.html,,,,,,srclc:ita,"Natalità, Giorgetti mette la prima firma: a Bellaria parte la raccolta per la legge regionale
Il sindaco Giorgetti prima firma locale. Raccolta aperta fino al 15 ottobre in Comune e presso uno studio pediatrico
Il sindaco di Bellaria Igea Marina, Filippo Giorgetti, ha apposto la prima firma bellariese sulla petizione ""Natalità bene comune"", promossa dal Forum delle associazioni familiari dell'Emilia Romagna. L'iniziativa chiede alla regione l'approvazione di una proposta di legge organica sulla natalità e sul sostegno alle famiglie.
Con il sostegno dell'amministrazione comunale, i cittadini maggiorenni residenti in Emilia Romagna potranno sottoscrivere la petizione entro il 15 ottobre presso la segreteria del sindaco (piano secondo della residenza comunale in piazza del Popolo) oppure presso lo studio pediatrico della dottoressa Maria Cecilia Argentina (via Lamone 14).
La campagna punta a ottenere una legge regionale capace di superare la logica dei bonus temporanei e costruire politiche strutturali su lavoro, casa, servizi per l'infanzia, conciliazione, sostegno alla genitorialità e alle famiglie. L'obiettivo di fondo è rendere la natalità una priorità stabile nell'agenda regionale, creando condizioni concrete per chi sceglie di avere figli.
Le parole del sindaco
""Firmare per la petizione significa tradurre una richiesta chiara, ossia una legge che investa sul futuro delle famiglie e dell'intera comunità, nella consapevolezza che natalità ed inverno demografico siano temi del tempo in cui viviamo a cui amministratori ed enti locali non possono sottrarsi"", spiega il primo cittadino. ""Su questo fronte"", evidenzia, ""siamo perfettamente allineati al ventaglio di associazioni, trasversale ed autorevole, che ha promosso l'iniziativa. Opportuno sottolineare"", aggiunge poi, ""come il nostro sia demograficamente il comune più giovane della provincia di Rimini, aspetto ricordato di recente anche dal Direttore del Distretto Sanitario Tamagnini in occasione dell'inaugurazione della Casa di Comunità di Bellaria Igea Marina: non un traguardo, ma la fotografia di quegli standard di vita nell'istruzione, nella cura delle fragilità, nei servizi alle famiglie, nelle proposte per il tempo libero, in cui tanto abbiamo investito e che puntiamo a consolidare ulteriormente. In primis attraverso un welfare che trova nella famiglia e nella genitorialità la sua bussola: penso ad esempio ai contributi extra stanziati dal nostro Comune ai nuclei numerosi sia per affitti che per le bollette, al sistema di incentivi per aiutare le famiglie nel pagamento dei corsi sportivi dei minori, a quelli che riguardano i nidi ed il servizio mensa, agli importanti investimenti fatti per gli stessi nidi e per le nuove scuole, a quelli definiti annualmente per non lasciare soli nel percorso didattico coloro che crescono ragazzi con disabilità, senza dimenticare le iniziative ed i servizi garantiti quotidianamente"", conclude, ""da un polo d'eccellenza qual è il nostro Centro per le Famiglie Giovanni Paolo II""."
20260922103328,Sardegna Live,https://www.sardegnalive.net/adnkronos/alzheimer-da-un-anno-a-tre-mesi-per-la-diagnosi-i-numeri-del-campus-bio-medico-x7ijasl8,,,,,,srclc:ita,"Roma, 21 set. (Adnkronos) - Ridurre da un anno a tre mesi il tempo necessario per arrivare a una diagnosi di Alzheimer. Nove mesi guadagnati per costruire un percorso terapeutico e assistenziale, valutare l’accesso alle terapie emergenti e coinvolgere il paziente quando la malattia è ancora nelle sue fasi iniziali. È uno dei risultati raggiunti dal Centro Integrato di Ricerca e Cura sulla malattia d’Alzheimer – Fondazione Roma del Campus Bio-Medico, che nel 2025 ha seguito 200 pazienti.
Il progetto, promosso dalla Biomedical University Foundation e sostenuto dalla Fondazione Roma, mette insieme ricerca traslazionale, attività clinica e supporto socioassistenziale con l’obiettivo di accorciare la distanza tra laboratorio e paziente. Al Policlinico Universitario Campus Bio-Medico sono state installate una risonanza magnetica 3 Tesla e un laboratorio di neurofisiologia clinica, mentre all’Università Campus Bio-Medico di Roma sono stati realizzati laboratori e strutture per la ricerca e la validazione preclinica.
L’obiettivo è creare un unico percorso nel quale ricerca avanzata, diagnostica e assistenza possano dialogare, favorendo l’individuazione precoce della malattia e una maggiore personalizzazione delle scelte cliniche.
I risultati del Centro sono stati presentati in occasione della Giornata mondiale dell’Alzheimer durante un incontro all’Università Campus Bio-Medico di Roma che ha riunito ricercatori, professionisti sanitari, rappresentanti delle istituzioni e del terzo settore. Al centro del confronto anche il ruolo dei centri diurni nell’assistenza alle persone affette dalla malattia e alle loro famiglie.
“La malattia di Alzheimer non coinvolge soltanto chi ne riceve la diagnosi, ma incide profondamente anche sulla vita delle famiglie”, ha sottolineato Carlo Tosti, presidente dell’Università e della Fondazione Policlinico Campus Bio-Medico. Per questo, ha spiegato, è necessario “un approccio che unisca ricerca e cura e riconosca, in ogni fase della malattia, la dignità e l’identità della persona”.
Il Centro, secondo Tosti, traduce in pratica la scelta di mettere insieme “competenze scientifiche e cliniche al servizio dei pazienti”, riunendo professionalità differenti per affrontare una patologia la cui complessità non riguarda soltanto gli aspetti strettamente medici, ma coinvolge l’intero nucleo familiare.
Una sfida destinata a diventare sempre più rilevante con l’invecchiamento della popolazione. Franco Parasassi, presidente della Fondazione Roma, ha ricordato che in Italia vivono “oltre 1,4 milioni di persone con demenza, di cui circa 600.000 affette dalla malattia di Alzheimer”. Numeri che, ha osservato, sono destinati ad aumentare con il progressivo invecchiamento demografico.
Fondazione Roma è già impegnata nell’assistenza attraverso il proprio Villaggio residenziale dedicato alle persone con Alzheimer lieve e moderato. Con il Centro integrato, ha spiegato Parasassi, l’obiettivo è far incontrare ricerca e assistenza per “sviluppare modelli di diagnosi sempre più precisi e tempestivi” e trasformare l’innovazione scientifica in strumenti utilizzabili nella vita dei pazienti.
Uno degli elementi centrali del progetto è l’integrazione tra discipline diverse. “Il nostro lavoro di ricerca si concentra sui meccanismi patogenetici della malattia e punta a una sempre migliore definizione dell’evoluzione dell’Alzheimer”, ha spiegato Marcello D’Amelio, ordinario di Fisiologia umana e responsabile dell’Unità di neuroscienze molecolari dell’Università Campus Bio-Medico.
Neurologia, neuropsicologia, neurofisiologia sperimentale, medicina di laboratorio, genetica e diagnostica per immagini vengono messe in relazione in un unico percorso. “Per i pazienti e le famiglie significa accedere a un percorso diagnostico più lineare e tempestivo. Per la ricerca – ha aggiunto D’Amelio – disporre di un contesto in cui ogni osservazione clinica può generare nuova conoscenza e ogni scoperta sperimentale può essere verificata e valorizzata nella pratica di cura”.
A cambiare lo scenario sono anche i nuovi strumenti diagnostici e i biomarcatori. “Negli ultimi anni la ricerca sull’Alzheimer ha reso disponibili strumenti che stanno cambiando profondamente il modo in cui possiamo diagnosticare la malattia e intervenire sui meccanismi che ne stanno alla base”, ha spiegato Vincenzo Di Lazzaro, direttore dell’Unità operativa complessa di Neurologia della Fondazione Policlinico Universitario Campus Bio-Medico.
La novità, secondo Di Lazzaro, non sta soltanto nella disponibilità delle tecnologie, ma nella possibilità di integrarle in un percorso costruito intorno al singolo paziente: dalla valutazione neurologica e neuropsicologica agli esami biologici e alla diagnostica per immagini. L’obiettivo è definire con maggiore precisione il profilo della malattia, valutarne la possibile evoluzione e orientare le decisioni cliniche.
Per Alessandro Pernigo, presidente della Biomedical University Foundation, il Centro rappresenta il risultato della capacità di “mettere in connessione competenze, risorse e visioni”, trasformando un progetto di innovazione in una struttura dedicata concretamente alla ricerca e alla cura.
All’incontro sono intervenuti anche Paolo Arullani, presidente dell’Advisory Board della Biomedical University Foundation, e Armando Magrelli, dirigente dell’Ufficio Relazioni Internazionali dell’Aifa. Una tavola rotonda, curata dalla Fondazione Alberto Sordi, è stata inoltre dedicata al ruolo dei centri diurni e alla continuità dell’assistenza per le persone con Alzheimer e le loro famiglie."
20260922102700,Il Tempo,https://www.iltempo.it/adnkronos/2026/09/22/news/alzheimer-da-un-anno-a-tre-mesi-per-la-diagnosi-i-numeri-del-campus-bio-medico-49204989/,,,,,,srclc:ita,"Roma, 21 set. (Adnkronos) - Ridurre da un anno a tre mesi il tempo necessario per arrivare a una diagnosi di Alzheimer. Nove mesi guadagnati per costruire un percorso terapeutico e assistenziale, valutare l'accesso alle terapie emergenti e coinvolgere il paziente quando la malattia è ancora nelle sue fasi iniziali. È uno dei risultati raggiunti dal Centro Integrato di Ricerca e Cura sulla malattia d'Alzheimer – Fondazione Roma del Campus Bio-Medico, che nel 2025 ha seguito 200 pazienti. Il progetto, promosso dalla Biomedical University Foundation e sostenuto dalla Fondazione Roma, mette insieme ricerca traslazionale, attività clinica e supporto socioassistenziale con l'obiettivo di accorciare la distanza tra laboratorio e paziente. Al Policlinico Universitario Campus Bio-Medico sono state installate una risonanza magnetica 3 Tesla e un laboratorio di neurofisiologia clinica, mentre all'Università Campus Bio-Medico di Roma sono stati realizzati laboratori e strutture per la ricerca e la validazione preclinica. L'obiettivo è creare un unico percorso nel quale ricerca avanzata, diagnostica e assistenza possano dialogare, favorendo l'individuazione precoce della malattia e una maggiore personalizzazione delle scelte cliniche. I risultati del Centro sono stati presentati in occasione della Giornata mondiale dell'Alzheimer durante un incontro all'Università Campus Bio-Medico di Roma che ha riunito ricercatori, professionisti sanitari, rappresentanti delle istituzioni e del terzo settore. Al centro del confronto anche il ruolo dei centri diurni nell'assistenza alle persone affette dalla malattia e alle loro famiglie. “La malattia di Alzheimer non coinvolge soltanto chi ne riceve la diagnosi, ma incide profondamente anche sulla vita delle famiglie”, ha sottolineato Carlo Tosti, presidente dell'Università e della Fondazione Policlinico Campus Bio-Medico. Per questo, ha spiegato, è necessario “un approccio che unisca ricerca e cura e riconosca, in ogni fase della malattia, la dignità e l'identità della persona”. Il Centro, secondo Tosti, traduce in pratica la scelta di mettere insieme “competenze scientifiche e cliniche al servizio dei pazienti”, riunendo professionalità differenti per affrontare una patologia la cui complessità non riguarda soltanto gli aspetti strettamente medici, ma coinvolge l'intero nucleo familiare. Una sfida destinata a diventare sempre più rilevante con l'invecchiamento della popolazione. Franco Parasassi, presidente della Fondazione Roma, ha ricordato che in Italia vivono “oltre 1,4 milioni di persone con demenza, di cui circa 600.000 affette dalla malattia di Alzheimer”. Numeri che, ha osservato, sono destinati ad aumentare con il progressivo invecchiamento demografico. Fondazione Roma è già impegnata nell'assistenza attraverso il proprio Villaggio residenziale dedicato alle persone con Alzheimer lieve e moderato. Con il Centro integrato, ha spiegato Parasassi, l'obiettivo è far incontrare ricerca e assistenza per “sviluppare modelli di diagnosi sempre più precisi e tempestivi” e trasformare l'innovazione scientifica in strumenti utilizzabili nella vita dei pazienti. Uno degli elementi centrali del progetto è l'integrazione tra discipline diverse. “Il nostro lavoro di ricerca si concentra sui meccanismi patogenetici della malattia e punta a una sempre migliore definizione dell'evoluzione dell'Alzheimer”, ha spiegato Marcello D'Amelio, ordinario di Fisiologia umana e responsabile dell'Unità di neuroscienze molecolari dell'Università Campus Bio-Medico. Neurologia, neuropsicologia, neurofisiologia sperimentale, medicina di laboratorio, genetica e diagnostica per immagini vengono messe in relazione in un unico percorso. “Per i pazienti e le famiglie significa accedere a un percorso diagnostico più lineare e tempestivo. Per la ricerca – ha aggiunto D'Amelio – disporre di un contesto in cui ogni osservazione clinica può generare nuova conoscenza e ogni scoperta sperimentale può essere verificata e valorizzata nella pratica di cura”. A cambiare lo scenario sono anche i nuovi strumenti diagnostici e i biomarcatori. “Negli ultimi anni la ricerca sull'Alzheimer ha reso disponibili strumenti che stanno cambiando profondamente il modo in cui possiamo diagnosticare la malattia e intervenire sui meccanismi che ne stanno alla base”, ha spiegato Vincenzo Di Lazzaro, direttore dell'Unità operativa complessa di Neurologia della Fondazione Policlinico Universitario Campus Bio-Medico. La novità, secondo Di Lazzaro, non sta soltanto nella disponibilità delle tecnologie, ma nella possibilità di integrarle in un percorso costruito intorno al singolo paziente: dalla valutazione neurologica e neuropsicologica agli esami biologici e alla diagnostica per immagini. L'obiettivo è definire con maggiore precisione il profilo della malattia, valutarne la possibile evoluzione e orientare le decisioni cliniche. Per Alessandro Pernigo, presidente della Biomedical University Foundation, il Centro rappresenta il risultato della capacità di “mettere in connessione competenze, risorse e visioni”, trasformando un progetto di innovazione in una struttura dedicata concretamente alla ricerca e alla cura. All'incontro sono intervenuti anche Paolo Arullani, presidente dell'Advisory Board della Biomedical University Foundation, e Armando Magrelli, dirigente dell'Ufficio Relazioni Internazionali dell'Aifa. Una tavola rotonda, curata dalla Fondazione Alberto Sordi, è stata inoltre dedicata al ruolo dei centri diurni e alla continuità dell'assistenza per le persone con Alzheimer e le loro famiglie."
20260922095840,Forlìtoday,https://www.forlitoday.it/cronaca/la-cgil-no-al-tetto-per-gli-studenti-stranieri-la-scuola-pubblica-deve-unire-e-non-creare-ghetti.html,,,,,,srclc:ita,"La Cgil: ""No al tetto per gli studenti stranieri, la scuola pubblica deve unire e non creare ghetti""
""E' una misura propagandistica che rischia di legittimare la creazione di alunni di serie A e di serie B, tradendo il mandato stesso del nostro sistema di istruzione""
“Le recenti dichiarazioni della Presidente del Consiglio Giorgia Meloni, che sostengono l'introduzione di un tetto massimo di alunni di origine straniera per classe, rappresentano una visione inaccettabile e profondamente lontana dalla realtà delle nostre scuole. Respingiamo con fermezza un'idea di istruzione pubblica che, anziché unire, rischia di segregare e discriminare. La scuola della Costituzione è, e deve rimanere, il luogo primario dell'uguaglianza, dei diritti e della coesione sociale. Fissare delle quote basate sulla provenienza geografica o sul background migratorio non è la soluzione alle sfide educative di oggi. Al contrario, è una misura propagandistica che rischia di legittimare la creazione di alunni di serie A e di serie B, tradendo il mandato stesso del nostro sistema di istruzione”. Lo scrivono in una nota Maria Giorgini, segretaria generale della Cgil Forlì Cesena e Alexander Fiorentini, segretario generale Flc Cgil Forlì Cesena.
""Chi vive e lavora quotidianamente negli istituti del nostro territorio - dettaglia la Cgil - sa bene quali siano le reali necessità per garantire a tutte e tutti il diritto allo studio e un’integrazione effettiva. Per fare vera inclusione non servono i tetti massimi, ma investimenti strutturali che la politica continua a negare: riduzione del numero di alunni per classe: il fenomeno delle ‘classi pollaio’ penalizza la didattica per tutti gli studenti, italiani e stranieri; risorse professionali adeguate: servono assunzioni stabili di docenti e personale Ata, cancellando la precarietà che mina la continuità didattica; supporto specifico: è urgente l'inserimento strutturale, e non precario o legato a fondi saltuari, di mediatori linguistico-culturali e di figure di supporto pedagogico. Il territorio di Forlì Cesena vanta una lunga storia di accoglienza e di costruzione di comunità solidali. Le nostre aule sono laboratori quotidiani di convivenza democratica e di cittadinanza. Limitare la presenza di alunni stranieri significa frammentare il tessuto sociale e ostacolare processi di arricchimento reciproco che sono fondamentali per il futuro del nostro Paese"".
""Dal 2010 nella nostra provincia le nascite sono calate di oltre il 42% e in vent’anni abbiamo perso circa 20 mila giovani, con il rischio concreto di chiusura di scuole, soprattutto in Appennino - afferma Maria Giorgini -. Oggi quasi un bambino su cinque nasce da genitori stranieri. Questi bambini contribuiscono a contrastare l’inverno demografico, a tenere aperte le scuole e a mantenere servizi fondamentali, come il trasporto pubblico. Ma soprattutto sono già il nostro futuro: saranno insegnanti, medici, imprenditori, operai, esattamente come tutti gli altri. Pensare di separarli in base alla loro origine è un concetto aberrante, come lo è quello delle classi separate per i bambini con disabilità che rientra spesso nel dibattito pubblico. L’integrazione si costruisce facendo crescere insieme i bambini, non separandoli in base all’origine etnica o alle abilità. La Flc Cgil di Forlì Cesena continuerà a mobilitarsi e a lottare affinché il diritto all'istruzione sia garantito a ogni bambina, bambino, ragazza e ragazzo presente sul nostro territorio, senza alcuna distinzione. – aggiunge Fiorentini - Invitiamo il Governo ad abbandonare la logica dei divieti e a convocare le parti sociali per discutere dei veri problemi che affliggono la scuola italiana""."
20260922095840,Cesenatoday,https://www.cesenatoday.it/cronaca/la-cgil-no-al-tetto-per-gli-studenti-stranieri-la-scuola-pubblica-deve-unire-e-non-creare-ghetti.html,,,,,,srclc:ita,"La Cgil: ""No al tetto per gli studenti stranieri, la scuola pubblica deve unire e non creare ghetti""
""E' una misura propagandistica che rischia di legittimare la creazione di alunni di serie A e di serie B, tradendo il mandato stesso del nostro sistema di istruzione""
“Le recenti dichiarazioni della Presidente del Consiglio Giorgia Meloni, che sostengono l'introduzione di un tetto massimo di alunni di origine straniera per classe, rappresentano una visione inaccettabile e profondamente lontana dalla realtà delle nostre scuole. Respingiamo con fermezza un'idea di istruzione pubblica che, anziché unire, rischia di segregare e discriminare. La scuola della Costituzione è, e deve rimanere, il luogo primario dell'uguaglianza, dei diritti e della coesione sociale. Fissare delle quote basate sulla provenienza geografica o sul background migratorio non è la soluzione alle sfide educative di oggi. Al contrario, è una misura propagandistica che rischia di legittimare la creazione di alunni di serie A e di serie B, tradendo il mandato stesso del nostro sistema di istruzione”. Lo scrivono in una nota Maria Giorgini, segretaria generale della Cgil Forlì Cesena e Alexander Fiorentini, segretario generale Flc Cgil Forlì Cesena.
""Chi vive e lavora quotidianamente negli istituti del nostro territorio - dettaglia la Cgil - sa bene quali siano le reali necessità per garantire a tutte e tutti il diritto allo studio e un’integrazione effettiva. Per fare vera inclusione non servono i tetti massimi, ma investimenti strutturali che la politica continua a negare: riduzione del numero di alunni per classe: il fenomeno delle ‘classi pollaio’ penalizza la didattica per tutti gli studenti, italiani e stranieri; risorse professionali adeguate: servono assunzioni stabili di docenti e personale Ata, cancellando la precarietà che mina la continuità didattica; supporto specifico: è urgente l'inserimento strutturale, e non precario o legato a fondi saltuari, di mediatori linguistico-culturali e di figure di supporto pedagogico. Il territorio di Forlì Cesena vanta una lunga storia di accoglienza e di costruzione di comunità solidali. Le nostre aule sono laboratori quotidiani di convivenza democratica e di cittadinanza. Limitare la presenza di alunni stranieri significa frammentare il tessuto sociale e ostacolare processi di arricchimento reciproco che sono fondamentali per il futuro del nostro Paese"".
""Dal 2010 nella nostra provincia le nascite sono calate di oltre il 42% e in vent’anni abbiamo perso circa 20 mila giovani, con il rischio concreto di chiusura di scuole, soprattutto in Appennino – afferma Maria Giorgini - Oggi quasi un bambino su cinque nasce da genitori stranieri. Questi bambini contribuiscono a contrastare l’inverno demografico, a tenere aperte le scuole e a mantenere servizi fondamentali, come il trasporto pubblico. Ma soprattutto sono già il nostro futuro: saranno insegnanti, medici, imprenditori, operai, esattamente come tutti gli altri. Pensare di separarli in base alla loro origine è un concetto aberrante, come lo è quello delle classi separate per i bambini con disabilità che rientra spesso nel dibattito pubblico. L’integrazione si costruisce facendo crescere insieme i bambini, non separandoli in base all’origine etnica o alle abilità. La Flc Cgil di Forlì Cesena continuerà a mobilitarsi e a lottare affinché il diritto all'istruzione sia garantito a ogni bambina, bambino, ragazza e ragazzo presente sul nostro territorio, senza alcuna distinzione. – aggiunge Fiorentini - Invitiamo il Governo ad abbandonare la logica dei divieti e a convocare le parti sociali per discutere dei veri problemi che affliggono la scuola italiana"".
La replica della Lega: “Interpretazione strumentale della Cgil”
“Interpretazione pregiudizievole e strumentale quella della Cgil provinciale sul provvedimento del Governo in tema di scuola. Chiunque sia addentro alla materia sa che è indispensabile. Noi siamo del parere che la scuola debba dotare chi la frequenta di pensiero critico e di una solida formazione culturale di base, accessibile a tutti per garantire un’effettiva parità e fungere da ascensore sociale. È evidente che se molti studenti conoscono poco o nulla la lingua italiana e non riescono a seguire i programmi scolastici a rimetterci sono loro in primo luogo, poi i loro compagni di lingua italiana, perché inevitabilmente si creano corsie di apprendimento diversificate, e, ancora più grave, il processo di integrazione subisce gravi contraccolpi"". Così in una nota Antonella Celletti, responsabile Enti locali Lega Romagna, e Enrico Sirotti Gaudenzi, capogruppo Lega Consiglio comunale Cesena.
Dettaglia la nota: ""Il tetto massimo previsto dal Governo è ancora realizzabile perché concentrato in ‘casi’ numerosi ma ancora non eccessivi, soprattutto nel nord Italia, e il limite riguarda solo gli studenti che non hanno una conoscenza sufficiente della lingua italiana. L’obiettivo dell’esecutivo nazionale è quindi l’opposto di quanto affermano i sindacalisti cigiellini: nessuna segregazione, nessuna discriminazione ma esattamente il contrario. Chi ha come obiettivo la vera inclusione dovrebbe puntare a rendere accessibili a tutti cultura e formazione, evidentemente per la Cgil non è così. Il provvedimento governativo punta proprio a evitare che ci siano studenti di serie A e di serie B, che ci siano ‘classi ghetto’ dove metà degli studenti comprende poco o nulla degli insegnamenti impartiti. Senza mettere una soglia il rischio di concentrazione estrema è reale, come in casi già documentati altrove (classi con punte del 70-75% di stranieri). È quindi più che evidente che senza regole e criteri numerici si rischiano contesti dove il modello dell'integrazione per contatto diretto semplicemente non funziona più. Il criterio numerico è quindi oggettivo ed equo. Tra l’altro, il problema della concentrazione di alunni stranieri era già stato previsto nel 2010 con grande lungimiranza, ma poi evidentemente le successive diverse sensibilità e programmazioni politiche non hanno dato importanza a un fenomeno che si è rivelato sempre più esplosivo. Ci tocca quindi osservare ancora una volta come la Cgil sia lontana anni luce dall’inquadramento obiettivo di un problema reale e dalla presentazione di proposte non ideologiche per la sua concreta soluzione”."
20260922092122,Corriere,https://www.corriere.it/esteri/26_settembre_22/germania-politologo-schroeder-intervista-7a9b33cd-a08f-477b-99df-2573ce3a5xlk.shtml,,,,,,srclc:ita,"Elezioni in Germania, il politologo Schröder: «Il successo della Linke è un fenomeno berlinese. L'ultradestra conquista voti perché offre idee unificatrici»
Intervista al politologo Schröder dopo la vittoria della Afd in Maclemburgo-Pomerania Anteriore e della Linke a Berlino
DALLA NOSTRA CORRISPONDENTE
BERLINO 
Professor Wolfgang Schröder, lei è uno dei massimi politologi tedeschi. Cosa sta succedendo nella sinistra tedesca, la Spd continuerà a sostenere Merz?
«Non lo sappiamo, ma per ora non ci sono alternative. Perché se la Spd smettesse di farlo, ci sarebbero nuove elezioni, e la Spd  perderebbe clamorosamente. Quindi ha interesse a presentarsi come un partner stabile».
Che cosa significa per la Spd la crescita della Linke?
«In realtà, questa crescita c’è soltanto a Berlino. Negli altri Land orientali, la Linke è perfino arretrata. Si tratta di un fenomeno specificamente berlinese, perché nella capitale  esiste una cultura liberale di sinistra e una situazione sociale precaria alla quale la Linke può agganciarsi».    
Lei vede la possibilità che  Linke e Spd si avvicinino?
«In linea teorica, sì.   Tuttavia non è semplice. La Linke si rivolge ai giovani, a una popolazione intellettuale e di sinistra, interessata alla politica dell’identità, che discute di guerra e pace: vuole affrontare le cose in maniera più radicale e ha sviluppato un proprio stile di vita. È una sorta di  partito 2.0».
Mentre la Spd mantiene un approccio tradizionale
«La Linke è un fenomeno urbano, quanto  l’AfD è  un fenomeno rurale. Ciò che finora ha contraddistinto la Spd è il tentativo di creare un equilibrio tra città e campagna».
Come spiegherebbe il fenomeno Manuela Schwesig, che ha recuperato sull’AfD in Meclemburgo? Può essere una formula per la Spd?
«Ha personalizzato molto. Ha sfruttato il vantaggio della carica di ministra-presidente e ha criticato il governo, e quindi anche il proprio partito. E così appare più autentica. L’ha fatto molto bene. Ma è un Land molto piccolo, un terzo di Berlino».
Può diventare una leader nazionale della Spd?
«Sì, potrebbe. È molto presente, molto impegnata e molto chiara nel modo in cui si presenta: qualità necessarie.  Se però abbia una sorta di mappa strategica, se sul piano programmatico abbia davvero delle idee,  non lo so».
La Linke è antisemita e perfino anti-democratica, come ha detto  Merz?
«No, non si può dire così. Semmai è un fenomeno particolare della Linke a Berlino, dove c’è un gruppo forte, ma piccolo.  Per esistere, esiste: ma poiché la politica vive di  polarizzazioni, si dice che l’intera Linke è antisemita. Naturalmente è una sciocchezza. Siccome la Linke è un partito di giovani, una sorta di Verdi 2.0, qualcuno può avere  l’impressione che nella soluzione del conflitto palestinese vi sia una sorta di salvezza del mondo intero».
Lei crede che sia la fine dei «Volksparteien», dei grandi partiti popolari?
«Sì, lo penso. Esiste questa perdita di attrattiva, ma ha a che fare con la nostra  società più plurale e frammentata: per i partiti popolari è difficile rapportarsi ai  diversi ambienti sociali. L’individualizzazione, la digitalizzazione, il cambiamento demografico hanno reso le cose più complesse rispetto a 30 anni fa. Ci sono tanti  gruppi più piccoli con i propri interessi. Da qui, penso, il fascino dell’AfD, dei populisti di destra: sta nel fatto che tornino a offrire una sorta di elemento unificante».
E i partiti tradizionali?
«Hanno reagito a questa individualizzazione soprattutto con soluzioni tecnocratiche. E la tecnocrazia non è necessariamente attraente. Può certamente risolvere problemi, ma non può offrire una patria».
La Cdu proverà a liberarsi di Friedrich Merz?
«La Cdu vorrebbe andare avanti senza Merz, ma non sa come  fare»."
20260922091843,Corriere,https://www.corriere.it/economia/tasse/26_settembre_22/start-tax-per-i-giovani-fino-a-35-anni-la-proposta-della-cisl-per-tagliare-le-tasse-3a1dacf4-740d-41b6-a259-af7f358a7xlk.shtml,,,,,,srclc:ita,"Tfr, Meloni: «La clausola di salvaguardia non è stata abolita». Cosa è cambiato (e i dubbi sollevati dalle opposizioni)
di Fabio Savelli
La Cisl propone una ""Start tax"" per i lavoratori under 35, estesa fino a 39 anni per laureati e diplomati tecnico-scientifici. L’obiettivo è ridurre il peso fiscale, favorire l’occupazione giovanile e frenare la fuga di talenti dall’Italia
Una «Start tax» per i giovani fino a 35 anni (39 per i laureati e i diplomati degli Istituti tecnico-scientifici). È una delle proposte forti del Libro Verde presentato dalla Cisl, un testo programmatico che il sindacato guidato da Daniela Fumarola sottopone al governo e alle altre forze sociali. La proposta prefigura un «taglio delle tasse in favore dei lavoratori giovani sia subordinati che parasubordinati e autonomi» come «strumento di equità intergenerazionale, oltre che di incentivo alla permanenza in Italia» dei giovani. E si riallaccia a un’intenzione analoga manifestata di recente dal ministro dell’Economia, Giancarlo Giorgetti.
«L'Italia è a un bivio. Produttività e crescita deboli tengono ferme le retribuzioni, il declino demografico mette a rischio la capacità produttiva e la tenuta del welfare, i giovani e le donne restano una risorsa largamente inutilizzata. Nel frattempo rivoluzione digitale, intelligenza artificiale, transizione ecologica e nuova globalizzazione stanno ridisegnando in profondità la società e il mercato del lavoro. Il dibattito pubblico, però, resta bloccato su questioni di breve respiro anziché sul futuro». Queste le altre riflessioni che la Cisl mette a disposizione in un decalogo di analisi e proposte, elaborato da un pool di economisti in vista della manovra del dibattito politico-elettorale sulle reali emergenze del paese. L'obiettivo è la redistribuzione equa dei vantaggi e dei costi delle transizioni. Il documento sarà presentato e discusso nelle prossime settimane in specifiche iniziative confederali. Il libro verde è stato approvato all'unanimità dal comitato esecutivo del sindacato.
Le proposte vanno dalla contrattazione al pensionamento sostenibile. «La strada maestra resta la contrattazione e non il salario minimo legale», afferma la Cisl: «Occorre far evolvere l'assetto del 1993 con due livelli contrattuali di pari dignità, un contratto nazionale ampiamente integrabile e adattabile in azienda e sul territorio, il pieno recupero annuale del potere d'acquisto senza automatismi dannosi sconfitti dalla storia e un'aggiornata regolazione della rappresentanza definita dalle parti sociali». La Cisl propone poi un fondo per sostenere l'economia reale: «Il risparmio delle famiglie italiane è tra i più consistenti d'Europa, ma resta in gran parte immobilizzato su conti che non rendono, mentre gli investimenti produttivi, le infrastrutture, le opere pubbliche languono» e «con l'esaurirsi del PNRR il problema diventa urgente. Serve mobilitare il risparmio delle famiglie e degli investitori istituzionali non speculativi». In tema di intelligenza artificiale, serve un «approccio di amplificazione del lavoro umano, non di sostituzione».
di Claudia Voltattorni
Sulle politiche attive, la Cisl chiede «una strategia nazionale di lungo periodo, un accreditamento degli enti fondato sulla valutazione d'impatto anziché su requisiti formali e un uso dell'intelligenza artificiale per profilazione e matching sotto costante supervisione umana». Quanto poi alle pensioni, «la previdenza va riformata con le parti sociali, affermando tre principi: stabilità delle regole, perché gli interventi ripetuti scaricano i costi sui più giovani; separazione contabile tra previdenza e assistenza; correzione delle iniquità, a partire da una speranza di vita che varia per reddito, professione e territorio, mentre i requisiti non tengono conto delle mansioni svolte». La Cisl chiede quindi APE sociale strutturale, anticipi legati ai figli, valorizzazione previdenziale del lavoro di cura e una pensione contributiva di garanzia per le carriere meno dinamiche e discontinue. Il secondo pilastro va potenziato, mantenendolo però dentro la contrattazione collettiva e sostenendolo con un regime fiscale più favorevole.
Bollo auto, il taglio sotto la lente della Ue: «Valuteremo». Bruxelles fredda sull’utilizzo delle risorse del Pnrr inutilizzate
Abolizione del bollo, il centrosinistra: «Così è propaganda». Le Regioni si dividono sul gettito
Caro carburanti, taglio delle accise sul diesel verso la proroga: allo studio anche lo sconto sul bollo auto
Il bonus casa (per l’efficienza energetica) torna al 65% per la prima casa. Sostegni a giovani e ceto medio. Salvini: riformare l’Isee
Rimborso 730, quando arriva l'accredito Irpef? Come funziona e chi può dover aspettare 6 mesi"
20260922091100,Newsrimini,https://www.newsrimini.it/ultima-ora/petrucci-pd-sulla-scuola-basta-tagli-alle-prime-governo-riveda-tetti-minimi,,,,,,srclc:ita,"Mentre il Governo concentra l'attenzione su interventi ""ideologici"" come il tetto agli alunni stranieri, la scuola italiana affronta una criticità reale: il limite minimo di 15 iscritti per formare le"
20260922091100,Newsrimini,https://www.newsrimini.it/ultima-ora/tetto-al-numero-di-alunni-stranieri-le-reazioni-dal-pd-riminese-alla-premier,,,,,,srclc:ita,"Tetto al numero di alunni stranieri. Le reazioni dal PD riminese alla premier
Mentre il Governo concentra l'attenzione su interventi ""ideologici"" come il tetto agli alunni stranieri, la scuola italiana affronta una criticità reale: il limite minimo di 15 iscritti per formare le prime classi elementari. A dirlo è Matteo Petrucci, capogruppo del PD in consiglio comunale a Rimini, che dopo aver sottolineato come il tetto del 30% di stranieri riguardi in Italia appena 2.000 classi su 300.000, evidenzia invece come il calo demografico e regole rigide stiano compromettendo i servizi educativi sul territorio. L'applicazione di questo parametro rischia di cancellare le sezioni nei comuni collinari e nei quartieri decentrati, come accaduto alla scuola primaria di San Salvatore a Rimini, che per il 2026/2027 non vedrà la formazione di una classe prima. Per Petrucci, smantellare i presidi educativi viola il diritto allo studio e favorisce indirettamente la denatalità. Da qui l'appello all'esecutivo: ""abbassare la soglia minima di alunni e introdurre criteri flessibili"" per mantenere aperte le scuole locali. Un intervento urgente che richiede pianificazione, assunzione di insegnanti e risorse per l'edilizia scolastica.
La segretaria del Pd Santarcangelo Paola Donini all’indomani dell’annuncio della premier, ricorda: “A Santarcangelo abbiamo un pensiero talmente opposto a quello della Meloni che già quattro anni fa, il 29 settembre 2022, il Consiglio Comunale approvò la mozione presentata dal gruppo consiliare del Pd per modificare l’articolo 2 dello Statuto Comunale e includere lo Ius Scholae. Una richiesta che ovviamente non si poteva sostituire all’assenza dello Stato, ma voleva porre l’attenzione, attribuendo la cittadinanza onoraria a questi bambini, la volontà di farli sentire uguali a tutti gli altri, perché lo sono. Se qualcuno non parla italiano ci vogliono infatti più insegnanti, non bambini spostati dalle loro classi. La modifica fu poi sancita in consiglio con il voto favorevole della sola maggioranza nel febbraio 2024, perché crediamo sia fondamentale che i bambini siano trattati tutti allo stesso modo e che caso di difficoltà di qualunque tipo si debba investire sul numero degli insegnanti, su migliori strutture, un maggior sostegno più investimenti, non certo con le classi differenziali o i ghetti etnici”."
20260922090048,Il Riformista,https://www.ilriformista.it/la-destra-e-la-contraddizione-con-i-migranti-prometteva-di-fermare-limmigrazione-ma-ha-firmato-il-decreto-flussi-piu-grande-531373/,,,,,,srclc:ita,"Politica
La destra e la contraddizione con i migranti: prometteva di fermare l’immigrazione ma ha firmato il decreto flussi più grande
Nel 2025 il governo italiano ha firmato il decreto flussi più grande nella storia della Repubblica: 497.550 ingressi regolari di lavoratori stranieri per il triennio 2026-2028, contro i 452 mila del triennio precedente. A firmarlo è stato un governo arrivato al potere promettendo di fermare l’immigrazione. La contraddizione è più apparente che reale, perché dietro quella firma non c’è un cedimento ideologico ma una tabella demografica che non lascia molte alternative.
Nel 2024 in Italia sono nati 370 mila bambini e ne sono morti 651 mila. Il saldo naturale, in un anno, è stato negativo di 281 mila persone, con la fecondità scesa a 1,18 figli per donna, il valore più basso mai registrato. La popolazione diminuisce, e l’unico motivo per cui non crolla è l’arrivo dall’estero di 244 mila persone in saldo. Le proiezioni dell’ISTAT dicono che di qui al 2050 la fascia in età da lavoro, i quindici-sessantaquattro anni, perderà quasi otto milioni di persone, mentre gli over sessantacinque saliranno dal 24 a quasi il 35 per cento del totale. Ogni anno che passa cala chi produce e versa contributi e cresce chi riceve pensioni e assistenza, e su quell’equilibrio poggiano il welfare e la sostenibilità del debito. Per un’economia che vive di manifattura e di esportazioni, otto milioni di lavoratori in meno non sono una proiezione astratta ma un collo di bottiglia che si vede già oggi. Il sistema Excelsior di Unioncamere calcola che quasi la metà delle assunzioni programmate dalle imprese, il 46,8 per cento, riguardi posti che restano scoperti perché il profilo giusto non si trova. La carenza è più acuta proprio nei settori che tengono in piedi l’export: nella metallurgia due posizioni su tre sono difficili da coprire, nella meccatronica più di una su due, e lo stesso vale per l’edilizia e il tessile. Le filiere che ci hanno reso la seconda manifattura d’Europa faticano a trovare chi ci lavori, e più di un’assunzione su cinque, ormai, riguarda un cittadino straniero.
Che l’apporto sia rilevante lo mostrano i conti. I lavoratori stranieri sono due milioni e mezzo, il 10,5 per cento degli occupati, e generano secondo la Fondazione Leone Moressa 177 miliardi di valore aggiunto, intorno al 9 per cento del PIL, con punte di un quinto in agricoltura e di un sesto nell’edilizia. Versano 11,6 miliardi di IRPEF e, a conti fatti, lasciano nel bilancio pubblico un saldo positivo, sia pure contenuto, poco sopra il miliardo. Numeri che raccontano un contributo, più che un costo da sopportare. Nemmeno la Banca d’Italia la mette diversamente. Ha calcolato che, in assenza di correttivi al declino demografico, nei prossimi decenni il prodotto potrebbe arretrare fino al 13 per cento e il reddito pro capite di quasi il 10, e ha indicato in un afflusso di immigrati regolari superiore a quello ipotizzato dall’ISTAT uno degli strumenti per contenere il danno. Detto dalla banca centrale, e non da un movimento politico, il problema smette di essere una bandiera e diventa una voce di contabilità nazionale.
Il prezzo più alto è quello della finzione. Dire di tenere le porte chiuse e intanto firmare mezzo milione di ingressi produce il risultato peggiore possibile: i lavoratori arrivano comunque, ma arrivano male, regolati da decreti d’emergenza anziché da una programmazione, e senza le politiche di lingua, casa e formazione che trasformano un immigrato in un cittadino. È difficile integrare qualcuno mentre in pubblico si giura di volerlo respingere, e quella distanza tra le parole e i fatti si paga in coesione sociale ancor prima che in punti di crescita. Il numero da cui siamo partiti, del resto, non l’ha diffuso una ong ma il ministero del Lavoro: 497.550 lavoratori stranieri che l’Italia ha deciso di accogliere nei prossimi tre anni. Si può continuare a litigare sul fatto che l’immigrazione sia un bene o un male; nel frattempo il conto lo ha già chiuso lo Stato, in silenzio, sulla base della propria demografia. Quello che resta davvero da decidere è se questi arrivi verranno governati oppure lasciati all’improvvisazione.
© Riproduzione riservata"
20260922090000,Il Reggino,https://www.ilreggino.it/societa/tetto-agli-studenti-stranieri-in-classe-la-preoccupazione-di-el-mazi-non-e-una-soluzione-equa-temiamo-complicazioni-skbocvbd,,,,,,srclc:ita,"VIDEO | La popolosa comunità marocchina di Reggio Calabria, giunta già alla quarta generazione, manifesta i suoi timori dopo i nuovi provvedimenti relativi alla scuola di recente annunciati dalla premier. Il presidente del centro culturale islamico: «Noi rispettiamo le leggi e l’Italia ma non possiamo essere discriminati»
Tutti gli articoli di Società
PHOTO
Ancora non è approdato in consiglio dei Ministri per divenire norma vigente ma già il solo annuncio del limite a studentesse e studenti stranieri nelle classi delle scuole italiane, sta generando polemiche politiche e non solo. Si registrano anche le preoccupazioni delle comunità straniere, tra queste quella marocchina di Reggio Calabria.
Il numero massimo di studenti stranieri in una classe è necessario secondo la premier Giorgia Meloni perchè «troppi bambini stranieri che non parlino bene l’italiano in una stessa classe rischiano la marginalizzazione» e anche perchè «i bambini italiani non possono sentirsi minoranza».
Nel decreto che dovrebbe essere discusso dal Cdm domani sarà fissato al 30 per cento del totale per classe il tetto massimo per studentesse e studenti stranieri. Un limite già introdotto da una circolare nel 2010 del ministro Mariastella Gelmini, di fatto rimasta inapplicata e che adesso entrerà a pieno titolo nell’ordinamento con apposito atto avente forza di legge.
Gli studenti vanno in prima istanza distribuiti in tutte le classi della scuola e in caso in cui le classi non bastino sarà l'Ufficio scolastico regionale a determinare la collocazione in altre scuole che il ministro dell’Istruzione Giuseppe Valditara ha assicurato terrà conto delle distanze.
Secondo quanto dichiarato in queste ultime ore dal Governo, la misura non riguarderà tutti i circa 950mila studenti con “background migratorio”. resteranno fuori coloro che, pur non avendo la cittadinanza italiana, hanno passaporto dell'unione europea e per legge sono equiparati, e tutti gli studenti di seconda generazione che parlano la lingua italiana.
Registriamo le prime reazioni della comunità marocchina residente a Reggio Calabria ormai da quattro generazioni, con bambini nati in Italia anche se non tutti ancora cittadini italiani.
Complicazioni e non soluzioni
«Viviamo in Italia e ne rispettiamo le leggi crediamo tuttavia che da questa norma annunciata dalla presidente Meloni potrebbero derivare solo eventuali trasferimenti in altre scuole e dunque complicazioni per le famiglie della nostra comunità, piuttosto che soluzioni al problema della prevalenza degli studenti stranieri nelle scuole.
Il dato sul quale si vorrebbe intervenire è dovuto piuttosto al calo demografico e alla denatalità che colpisce l’Italia. Ma crediamo non sia questo decreto la soluzione.
Per i genitori che lavorano, viste anche le difficoltà del trasporto pubblico, un possibile allontanamento della scuola dall’abitazione potrebbe creare difficoltà. Quello dei bambini e dei ragazzi allo studio è un diritto e quindi speriamo che si trovi una soluzione non sia un aggravio per i nostri fratelli e per le nostre sorelle», spiega Hassan El Mazi, presidente del Centro culturale islamico di Reggio Calabria e sindacalista Immigrati Uil Reggio.
Rischio di discriminazione
Teme, dunque, una complicazione della quotidianità in cui è già necessario organizzarsi per conciliare le esigenze lavorative con quelle di cura dei figli, la comunità marocchina che non è altrettanto preoccupata dalle altre misure annunciate, come la conoscenza della lingua italiana per genitori e il divieto del burqa e del niqab a scuola.
«La nostra comunità composta solo sul territorio metropolitano di Reggio Calabria da oltre 5mila persone è consapevole dell’importanza di conoscere la lingua di questo Paese che per noi è la seconda terra madre dopo la nostra terra di origine. Anche con riferimento al burqa e del niqab, rispettiamo il fatto che in Italia occorra in pubblico avere il volto scoperto. Siamo consapevoli del nostro dovere di persone, e anche di cittadine e cittadini che molti di noi sono diventati, di rispettare le leggi e le regole e tuttavia questo annuncio reca per noi un odore di discriminazione laddove la soluzione ad un problema potrebbe diventare una complicazione per la nostra comunità e un pregiudizio al diritto allo studio riconosciuto dalla Costituzione», conclude Hassan El Mazi, presidente del Centro culturale islamico di Reggio Calabria e sindacalista Immigrati Uil Reggio.
A scuola per essere liberi
Sul tema significativi alcuni passaggi del discorso del presidente della Repubblica, Sergio Mattarella, ad Amatrice per aprire l’anno scolastico a dieci anni dal terremoto:
«La Scuola è la leva più importante ed efficacie per costruire integrazione e alimentare coesione sociale. È aperta a tutti come sancito dall’articolo 34 della nostra Costituzione. Formare legami non ghetti. È chiamata a unire non a lacerare. Lo studio e la conoscenza tracciano la strada della libertà autentica che tale è se esiste per tutti».
Il presidente della Cei, il cardinale Matteo Zuppi, ha inteso anche lui sottolineare la vocazione inclusiva della scuola: «Non possiamo accettare che il luogo di nascita o la condizione sociale determinino le opportunità di apprendimento. La scuola, ha aggiunto, deve essere un luogo in cui nessuno si senta escluso, in cui essere accompagnati nel diventare persone libere. La scuola è uno dei più potenti strumenti di giustizia e di pace»."
20260922084800,Avvenire,https://www.avvenire.it/attualita/a-monfalcone-il-60-degli-studenti-e-straniero-ma-il-problema-piu-che-lorigine-e-se-sanno-litaliano_113317,,,,,,srclc:ita,"L'annuncio di Giorgia Meloni sul futuro tetto agli alunni stranieri nelle classi tocca da vicino Monfalcone, uno dei territori del Friuli Venezia Giulia dove la presenza di studenti con cittadinanza non italiana è più elevata. I dati dell’Ufficio scolastico regionale riferiti al 2022/23 indicavano che i due istituti comprensivi cittadini raggiungevano complessivamente circa il 60% di alunni stranieri. In regione erano 17 su 143 le scuole oltre il 30%, soglia prevista dalla circolare ministeriale del 2010, ma con possibilità di deroga. Le differenze interne alla città sono però significative. Al Comprensivo “Randaccio” nel 2023 la percentuale sfiorava il 60%, con quasi il 70% alla scuola dell’infanzia, circa il 50% alla primaria e il 53% alle medie. La maggior parte di questi bambini, inoltre, era nata in Italia. Al “Giacich”, per il 2023/24, gli alunni stranieri rappresentavano il 78,56% dei 1.407 iscritti, mentre al Randaccio erano il 68,96% su 1.156. Proprio al Giacich, nelle scuole primarie, quest’anno si sono iscritti 560 bambini stranieri su 734 totali.
Il quadro demografico aiuta a spiegare il fenomeno. Al 1° gennaio 2025 Monfalcone contava 9.832 residenti con cittadinanza straniera, pari al 32,4% della popolazione. La comunità bangladese rappresentava il 57,7% degli stranieri residenti. Tra i bambini più piccoli la presenza è ancora maggiore: nel 2023 i cittadini stranieri rappresentavano il 63,4% dei residenti con 0 anni, il 64% a un anno e il 52% a cinque anni. Il confronto con i comuni vicini mostra una situazione diversa: la quota di residenti stranieri non tocca il 9% da nessuna parte. Ma per chi lavora nelle scuole il problema va oltre la cittadinanza. Stefano Piredda, docente di italiano alla media “Randaccio”, racconta di avere in prima 18 ragazzi che non hanno «nessun genitore italiano». Eppure, osserva, «la gran parte dei figli di immigrati che abbiamo sono nati in Italia e scolarizzati in Italia». Per il docente «abbiamo problemi di insegnamento» e occorre prima affrontare anche «che cos’è per noi un italiano». Anna Maria Furfaro, per quarant’anni insegnante alle elementari, ricorda invece una classe nella quale aveva «solo quattro bambini italofoni». Per lei una delle difficoltà nasceva già dalla scuola dell’infanzia. La risposta, spiega, passa dalla collaborazione con le famiglie e da una didattica diversa: «Bisogna portarli a fare più esperienze possibili e integrarli fra loro».
Più cauta la lettura di Marco Fragiacomo, attuale sindaco di Staranzano ed ex dirigente dell’Isis “Bem” di Gradisca. Le dichiarazioni nazionali, dice, sono per ora «inesatte» e vanno attesi i provvedimenti. Soprattutto, «ad essere un problema, non è l’origine ma le competenze linguistiche». Fragiacomo richiama la necessità di evitare discriminazioni e di verificare chi realmente non comprende l’italiano. Dall’Isis “Pertini” di Monfalcone arriva invece un’apertura prudente. La dirigente Carmela Piraino considera positiva «ogni iniziativa finalizzata ad agevolare il lavoro dei docenti», ma attende di conoscere strumenti e risorse. Anche per lei è più corretto parlare di «alunni non italofoni che hanno difficoltà con la lingua italiana», perché «nelle nostre scuole abbiamo studenti di origine straniera ma nati in Italia e qui scolarizzati». A Monfalcone, aggiunge, c’è «una rosa di situazioni molto diverse e da valutare istituto per istituto». Nel frattempo le scuole utilizzano test d’ingresso, docenti aggiuntivi e corsi L2.
La questione, dunque, non sarà soltanto stabilire una percentuale: se il Governo renderà effettivo un numero massimo per classe, bisognerà capire come distribuire gli alunni, con quali criteri e a quale distanza dalla scuola di riferimento, se il parametro sarà la cittadinanza oppure la reale conoscenza dell’italiano. In tutto ciò, anche capire spazi e modalità: a Monfalcone negli ultimi anni tanti alunni italiani sono già “migrati” nei comuni contermini di Ronchi dei Legionari e Staranzano per evitare l’alta presenza di stranieri. Con il tetto massimo l’intera situazione prenderebbe un corso decisamente diverso.
© RIPRODUZIONE RISERVATA
Seguici anche su Google Discover di Avvenire
Temi"
20260922075625,Open,https://www.open.online/2026/09/22/scuola-infanzia-percentuale-bambini-stranieri/,,,,,,srclc:ita,"Scuole dell’infanzia, quante sezioni superano la quota del 30% di bambini stranieri
Sono 5.023 su 40.059 quindi il 12,5% ovvero circa 1 su 8 le sezioni dell’infanzia che superano il 30% di bambini stranieri. E sono 420 le scuole dell’infanzia dove la percentuale di bambini stranieri supera il 50% e nelle quali i bambini italiani sono in minoranza. In queste 420 scuole ci sono 1.406 sezioni con oltre il 50% di bambini stranieri. Nei prossimi anni il trend demografico con un mix crescente di studenti stranieri si proietterà sui gradi successivi del sistema scolastico.
Lo studio di Tuttoscuola
I dati arrivano da uno studio della rivista specializzata Tuttoscuola che riguarda la scuola dell’infanzia (bambini tra i 4 e i 6 anni). La quale rappresenta l’«avamposto” della scuola italiana. Nei prossimi anni il quadro si proietterà sui gradi successivi del sistema scolastico. L’incidenza degli alunni stranieri nella scuola dell’infanzia è destinata ad aumentare, in base al trend demografico: negli ultimi 6 anni il numero di alunni italiani è crollato del 14%, mentre quello degli alunni stranieri è aumentato, seppur di poco (+1%).
Le scuole statali dell’infanzia
Sono complessivamente 13.027 le scuole statali dell’infanzia sul territorio. Ospitano 768.256 bambini, di cui 105.327 stranieri (pari al 13,7%). Sono suddivisi in 40.059 sezioni. Le classi con oltre il 30% di bambini stranieri – in base all’elaborazione esclusiva svolta da Tuttoscuola – sono 5.023 (il 12,5%), inserite in 1.523 scuole. Sono 45.506 i bambini stranieri presenti in queste 1.523 scuole su un totale di 105.327. Tali scuole con una percentuale di alunni stranieri superiore al 30% ospitano dunque il 43% di tutti gli alunni stranieri della scuola dell’infanzia."
20260922073846,Ansa,https://www.ansa.it/canale_legalita_scuola/speciali/back-to-school/2026/09/22/1-sezione-su-8-della-scuola-dellinfanzia-supera-il-30-di-bimbi-stranieri_690abe5f-470d-4065-a13a-0aa2733c8073.html,,,,,,srclc:ita,"Sono 5.023 su 40.059 quindi il 12,5% ovvero circa 1 su 8 le sezioni dell'infanzia che superano il 30% di bambini stranieri. E sono 420 le scuole dell'infanzia dove la percentuale di bambini stranieri supera il 50% e nelle quali i bambini italiani sono in minoranza. In queste 420 scuole ci sono 1.406 sezioni con oltre il 50% di bambini stranieri. Nei prossimi anni il trend demografico con un mix crescente di studenti stranieri si proietterà sui gradi successivi del sistema scolastico.
I dati arrivano da uno studio della rivista specializzata Tuttoscuola che riguarda la scuola dell'infanzia (bambini tra i 4 e i 6 anni), che rappresenta l'""avamposto"" della scuola italiana: nei prossimi anni il quadro si proietterà sui gradi successivi del sistema scolastico. E l'incidenza degli alunni stranieri nella scuola dell'infanzia è destinata ad aumentare, in base al trend demografico: negli ultimi 6 anni il numero di alunni italiani è crollato del 14%, mentre quello degli alunni stranieri è aumentato, seppur di poco (+1%).
Sono complessivamente 13.027 le scuole statali dell'infanzia sul territorio, che ospitano 768.256 bambini, di cui 105.327 stranieri (pari al 13,7%). Sono suddivisi in 40.059 sezioni. Le classi con oltre il 30% di bambini stranieri - in base all'elaborazione esclusiva svolta da Tuttoscuola - sono 5.023 (il 12,5%), inserite in 1.523 scuole. Sono 45.506 i bambini stranieri presenti in queste 1.523 scuole su un totale di 105.327. Tali scuole con una percentuale di alunni stranieri superiore al 30% ospitano dunque il 43% di tutti gli alunni stranieri della scuola dell'infanzia.
Riproduzione riservata © Copyright ANSA"
20260922071924,Il Cittadino Online,https://www.ilcittadinoonline.it/lettere/il-governo-sostenga-gli-studenti-internazionali-e-i-bambini-che-crescono-in-italia/,,,,,,srclc:ita,"L'appello congiunto dei rettori di Unistrapg e Unistrasi De Cesaris e Montanari
SIENA/PERUGIA. Le parole della presidente del Consiglio Giorgia Meloni sui bambini stranieri nelle scuole italiane meritano qualche precisazione. Occorre innanzitutto ricordare che la gran parte di coloro che sono censiti come “studenti stranieri” – o meglio “alunni con cittadinanza non italiana” (CNI) – sono nati in Italia e in Italia hanno sempre vissuto: 607mila su 931mila, oltre il 65%. Ciò non toglie, ovviamente, che pure il restante 35%, composto da coloro che sono nati all’estero e arrivati in Italia da piccoli, abbia pieno diritto alla scuola e un trattamento paritario rispetto ai propri compagni, poiché sempre di bambini si tratta. Quei 931mila bambini sono pari all’11,6% della popolazione scolastica italiana, con un’incidenza più elevata nella scuola primaria, dove rappresentano il 13,7% del totale, rispetto alla secondaria di primo grado (12,6%) e alla secondaria di secondo grado (9%). La presenza varia molto da regione a regione e oltre il 65% degli alunni con CNI frequenta le scuole delle regioni settentrionali. Il 37,6% si trova nel Nord-Ovest e il 27,4% nel Nord-Est. Seguono il Centro con il 21,4%, il Sud, con il 9,5%, e le Isole, con il 3,8%.
I risultati dei test INVALSI dimostrano che l’andamento delle classi, con relative capacità degli alunni di acquisire le conoscenze e le competenze previste per la loro età, non dipende dal numero degli alunni con cittadinanza non italiana. Secondo l’ultimo Rapporto INVALSI sugli apprendimenti, infatti, la quota di studenti e studentesse che concludono il primo ciclo d’istruzione con apprendimenti di base del tutto inadeguati rispetto a quello che si dovrebbe possedere dopo otto anni di scolarità (con forte rischio conseguente di futuro insuccesso scolastico e di marginalità sociale) è sceso dal 16,6% del 2021 al 12,3% del 2026, il più basso da inizio rilevazione. In particolare, si osserva che i tassi più bassi riguardano le regioni del Nord (8,5% circa), dove le percentuali di alunni CNI sul totale degli alunni sono le più alte a livello nazionale. Per converso, nelle regioni del sud e nelle isole, dove le percentuali di alunni CNI oscillano tra il 3% e l’8,5% sul totale degli alunni, il tasso di studenti con apprendimenti del tutto inadeguati raggiunge il 21,2%.
Questi dati dimostrano in maniera chiara che l’alto numero di alunni di cittadinanza non italiana è parte di un positivo sviluppo  dell’apprendimento. Evidenziano semmai un’altra problematica, legata al ritardo del sud Italia nel campo dell’istruzione, tema su cui bisognerebbe investire maggiormente in termini di risorse e di progettualità politiche.
Al di là dei dati, va pure ricordato che l’Italia è un grande paese, con istituzioni solide e una scuola inclusiva: è fuorviante ritenere che non si possa essere in grado di accompagnare i bambini a un apprendimento efficace della lingua italiana, anche in classi in cui gli alunni CNI sono numerosi. Nella realtà l’integrazione è già un fatto e le scuole sono capaci di accogliere alunni di ogni provenienza elaborando persino progetti linguistici coraggiosi e di respiro internazionale, ispirati al principio del rafforzamento della lingua italiana attraverso la traduzione delle altre lingue parlate nelle classi.
Quello di cui c’è bisogno è semplicemente di potenziare e valorizzare la presenza dei docenti della classe A023, ovvero docenti di
lingua italiana per discenti alloglotti. È una figura prevista dalla legge, ci sono tante persone che si sono formate e specializzate presso le nostre università per svolgere questa professione, eppure ancora il reclutamento è scarso e spesso questi docenti sono inseriti nelle scuole solo per prestare servizio in ore di potenziamento, non nelle cattedre curriculari. Per sostenere il percorso scolastico dei bambini figli di immigrati, che devono migliorare la loro conoscenza della lingua italiana, non servono quote o discorsi propagandistici, serve potenziare la
presenza di docenti d’italiano nelle scuole.
Come rettori delle due Università per Stranieri, non possiamo infine non richiamare un tema diverso, seppure collegato, che riguarda gli studenti internazionali iscritti nelle università italiane. C’è una consapevolezza diffusa, anche al Ministero dell’Università e della Ricerca, di come essi siano preziosi, tanto che si ragiona su come aumentare l’attrattività degli atenei italiani all’estero anche in risposta al calo demografico del nostro paese.
Ebbene, proprio perché abbiamo compreso l’importanza di attrarre studenti internazionali che potranno un domani contribuire alla crescita, anche economica, del paese, cerchiamo pure di valorizzare la presenza di alunni nelle nostre scuole, quale sia la loro provenienza. Sono ancor più una ricchezza, in un tempo di scarsa natalità, e sono gli studenti universitari di domani. Aiutiamoli ad amare l’italiano e la cultura italiana, tanto ricca e capace di far riflettere, apriamoci al cambiamento pacifico che portano, potenziamo l’inserimento nelle scuole dei docenti della classe di concorso A023 e valorizziamo la loro professionalità. Sono queste le risposte necessarie e utili al paese.
La Costituzione della Repubblica scolpisce il principio fondamentale che deve regolare ogni politica scolastica: «la scuola è aperta a tutti». Per un’Italia capace di futuro è essenziale che questo sia sempre più vero, concreto, universale.
Valerio De Cesaris, rettore dell’Università per Stranieri di Perugia, e Tomaso Montanari, Rettore dell’Università per Stranieri di Siena"
20260922070052,Traniviva,https://www.traniviva.it/notizie/dimensionamento-scolastico-a-trani-1-182-firme-dei-genitori-inviate-agli-enti-contro-lo-scorporo-del-plesso-rocca/,,,,,,srclc:ita,"DIMENSIONAMENTO SCOLASTICO A TRANI: 1.182 FIRME DEI GENITORI INVIATE AGLI ENTI CONTRO LO SCORPORO DEL PLESSO «ROCCA»
Le famiglie dell'I.C. «Rocca-Bovio-Palumbo - D'Annunzio» trasmettono l'atto formale a Comune, Provincia, USR e Regione chiedendo lo stralcio della proposta.
Trani, 21 settembre 2026 Dimensionamento scolastico a Trani: la valanga di firme dei genitori travolge la proposta del Comune. Oltre 1182 adesioni al momento, formale l'invio agli enti e la mobilitazione continua A pochi giorni dalla prima presa di posizione ufficiale, la protesta dei genitori dell'Istituto Comprensivo ""Rocca-Bovio-Palumbo-D'Annunzio"" di Trani non solo non si placa, ma si trasforma in un vero e proprio tsunami civico. Il dato che inchioda l'Amministrazione Comunale alle proprie responsabilità è di quelli che non ammettono repliche: a fronte di una popolazione scolastica di 1170 alunni, sono ben 1182 le firme raccolte dai genitori. Un numero straordinario e persino superiore al totale degli studenti iscritti, destinato ulteriormente a salire grazie alle tantissime sottoscrizioni che continuano ad arrivare ininterrottamente in queste ore da parte delle famiglie. Proprio in queste ore, l'imponente pacchetto di 1182 sottoscrizioni è stato formalmente trasmesso agli enti istituzionali competenti (Comune di Trani, Provincia BAT, USR Puglia e Regione Puglia) a suggello del Documento di indirizzo e della ferma opposizione della comunità scolastica. Una risposta corale e irriducibile che dimostra come la base non sia disposta a tollerare lo smembramento di un presidio formativo d'eccellenza, nato appena due anni fa e capace di distinguersi a livello nazionale ed europeo. La cittadinanza ha risposto con una compattezza senza precedenti al tentativo comunale di forzare i tetti massimi regionali (D.G.R. n. 1108/2026) a discapito della continuità didattica, del prestigioso indirizzo musicale e della compattezza e contiguità sociale costruita dalla scuola nei quartieri serviti dall'istituto. Forti di questo plebiscito di coscienze — in cui ogni singola firma rappresenta la voce vigile di una famiglia — i genitori ribadiscono con energia inflessibile la richiesta di immediato ritiro e totale stralcio della incondivisibile ipotesi di scorporo del plesso ""Giustina Rocca"". Il messaggio indirizzato al Comune di Trani, alla Provincia BAT, all'Ufficio Scolastico Regionale e alla Regione Puglia è limpido e perentorio: non si possono ignorare la legge, i parametri di sicurezza e, soprattutto, la volontà di una comunità intera che ha deciso di difendere con le unghie e con i denti il futuro dei propri figli. La mobilitazione democratica e legale continuerà a oltranza, giorno dopo giorno, fino al definitivo accantonamento del provvedimento."
20260922065000,L'adige.it,https://www.ladige.it/attualita/1-sezione-su-8-della-scuola-dellinfanzia-supera-il-30-di-bimbi-stranieri-i58y2p1w,,,,,,srclc:ita,"PHOTO
(ANSA) - ROMA, 22 SET - Sono 5.023 su 40.059 quindi il 12,5% ovvero circa 1 su 8 le sezioni dell'infanzia che superano il 30% di bambini stranieri. E sono 420 le scuole dell'infanzia dove la percentuale di bambini stranieri supera il 50% e nelle quali i bambini italiani sono in minoranza. In queste 420 scuole ci sono 1.406 sezioni con oltre il 50% di bambini stranieri. Nei prossimi anni il trend demografico con un mix crescente di studenti stranieri si proietterà sui gradi successivi del sistema scolastico. I dati arrivano da uno studio della rivista specializzata Tuttoscuola che riguarda la scuola dell'infanzia (bambini tra i 4 e i 6 anni), che rappresenta l'""avamposto"" della scuola italiana: nei prossimi anni il quadro si proietterà sui gradi successivi del sistema scolastico. E l'incidenza degli alunni stranieri nella scuola dell'infanzia è destinata ad aumentare, in base al trend demografico: negli ultimi 6 anni il numero di alunni italiani è crollato del 14%, mentre quello degli alunni stranieri è aumentato, seppur di poco (+1%). Sono complessivamente 13.027 le scuole statali dell'infanzia sul territorio, che ospitano 768.256 bambini, di cui 105.327 stranieri (pari al 13,7%). Sono suddivisi in 40.059 sezioni. Le classi con oltre il 30% di bambini stranieri - in base all'elaborazione esclusiva svolta da Tuttoscuola - sono 5.023 (il 12,5%), inserite in 1.523 scuole. Sono 45.506 i bambini stranieri presenti in queste 1.523 scuole su un totale di 105.327. Tali scuole con una percentuale di alunni stranieri superiore al 30% ospitano dunque il 43% di tutti gli alunni stranieri della scuola dell'infanzia. (ANSA)."
20260922062206,Gazzetta Di Mantova,https://www.gazzettadimantova.it/territorio-mantovano/mantova-scuola-tetto-studenti-stranieri-1.13131285,,,,,,srclc:ita,"Tetto traballante, quello del 30% agli studenti stranieri (per classe) annunciato dalla presidente del consiglio Giorgia Meloni, perché inapplicabile alla realtà attuale, come ripetono gli operatori della scuola. Al di là dell’ideologia, del «non esiste che in una classe italiana a sentirsi in un angolo siano bambini italiani perché sono diventati la minoranza» (cit. Meloni), del sospetto di campagna elettorale e rincorsa a destra. A bocciare la proposta, che sarà codificata in un decreto legge, sono anche i dirigenti dei tre Istituti comprensivi cittadini. La proposta, non il principio didattico, che se fosse reso applicabile - e venisse poi applicato - potrebbe togliere tutti dall’angolo, italiani e non, incoraggiando l’inclusione. Come rendere praticabile questo tetto? «Con più fondi per potenziare gli organici e aumentare il numero delle classi» concordano le tre presidi.
I numeri
Il tetto del 30% agli studenti stranieri per classe esiste già, è previsto da una circolare dell’allora ministro Mariastella Gelmini, datata 2010, sulla base di un’indagine avviata da un altro ministro di centrodestra, Letizia Moratti. Ma il limite è stato quasi sempre disatteso (in deroga) di fronte alla complessità della situazione. Che, sedici anni dopo, appare pure più ingarbugliata. A partire dalla definizione stessa di straniero.
Affidandosi al criterio della cittadinanza, secondo i dati del ministero dell’Istruzione riferiti all’anno scolastico 2024/2025, nella provincia di Mantova gli studenti stranieri sono 11.620 su 52.472 (il 22%). Ma dentro ci sono anche gli italiani di seconda, quando non terza, generazione. Che spesso sono italiani di abitudini e sentimento, ma senza il conforto dei documenti. A complicare ulteriormente le cose sono i paletti del decreto venturo, secondo le indicazioni lasciate filtrare: il tetto sarà applicato agli studenti che non parlano bene la lingua italiana, i non italofoni, ad esclusione di chi ha un passaporto dell’Unione europea.
A livello nazionale, la Fondazione Ismu stima in mille, su 300mila, le classi con una concentrazione di studenti stranieri di prima generazione sopra il 20%, come riportava il Corriere della Sera. Insomma, poche gocce nel mare della complessità. Ma è anche vero che, in generale, il 65% degli studenti stranieri vive nelle regioni del nord e, in particolare, in Lombardia: la proporzione è di 234.599 a 912mila. In ogni caso, oltre i numeri e le percentuali, il tema dell’inclusione in classe e, di riverbero, nella società, resta più che mai attuale.
Voci dalla scuola
«Il tetto del 30%? Ha un senso se favorisce l’inclusione degli alunni stranieri, distribuendoli in maniera omogenea tra le classi» interviene la dirigente dell’Istituto comprensivo Mantova 1, Francesca Palladino. Ma il principio di realtà suggerisce altro: «Capita che, già al momento dell’iscrizione, la percentuale degli alunni stranieri superi il 30%. E, finché non li incontriamo, non siamo in grado di valutarne la competenza linguistica. È questa la popolazione studentesca di Mantova». Che poi, quella della cittadinanza, non è la sola dimensione di cui tener conto nella composizione delle classi, secondo i criteri adottati da ogni scuola, nell’orizzonte delle norme nazionali. Un esercizio di equilibrismo spinto, che dovrebbe considerare anche il numero di studenti con disabilità, con disturbi specifici dell’apprendimento e, almeno sulla carta, anche di quelli non vaccinati. Missione impossibile. Altra norma futura, l’obbligo di imparare l’italiano per i genitori degli studenti con gravi problemi di inserimento: «Potrebbe essere positiva, se incontra la volontà di imparare la lingua - osserva Palladino - Diversamente, entra di forza nel tempo delle famiglie».
«Il tetto del 30% sarebbe una buona cosa, nella misura in cui si prevedessero più classi e organici potenziati. Altrimenti non è praticabile» avverte Carmen Barbieri, preside reggente dell’Istituto comprensivo 2, che già organizza laboratori e percorsi di alfabetizzazione per i bambini che non parlano l’italiano. «Senza affrettare troppo il passo, stiamo a vedere come il governo intende gestire la cosa, quali idee ha in proposito - aggiunge Barbieri - Sicuramente, saranno previsti dei fondi specifici». A breve, la prova del nove.
Calo demografico
«Parlare di un tetto agli studenti stranieri non ha senso, non in un momento nel quale le nostre scuole restano aperte grazie ai processi migratori» ammonisce la dirigente dell’Istituto comprensivo Mantova 3, Francesca Iannetti. Detto altrimenti, sono stati e sono tuttora gli studenti stranieri ad attutire i morsi del calo demografico, un crollo verticale che «manifesta i suoi effetti ogni cinque anni». Attualmente, la popolazione studentesca del comprensivo 3 conta 363 alunni stranieri su 1.200, dalla materna alle medie.
Ma la proporzione è destinata ad aumentare, con l’ingresso degli studenti “fuori termine”, secondo la formula burocratica: storicamente, tra dicembre e gennaio, arrivano bambini e ragazzi dal Sudamerica, soprattutto dal Brasile. Sono i Nai, neo-arrivati in Italia. Morale, in alcune classi delle elementari si sfiora il 70% di stranieri. Altro che trenta. «Il governo dovrebbe garantirci strumenti veri - sollecita Iannetti - come le ore di alfabetizzazione e la mediazione linguistica nel rapporto con la famiglia, una delle basi fondamentali su cui costruire una buona scuola». Più ponti e meno tetti.
Gazzetta di Mantova è su Whatsapp. Clicca qui per iscriverti al nostro canale e rimanere aggiornato in tempo reale."
20260922061727,Unione,https://www.unionesarda.it/news-sardegna/gallura/la-maddalena-i-primi-cento-giorni-il-sindaco-lai-si-promuove-h4qp8vno,,,,,,srclc:ita,"La Maddalena, i primi cento giorni: il sindaco Lai si promuove
Il primo cittadino traccia il bilancio del secondo mandato tra cantieri conclusi e nodi ancora da sciogliere, dalla demografia ai parcheggi
Per restare aggiornato entra nel nostro canale Whatsapp
Opere concluse e procedimenti sbloccati, ma anche dossier strategici ancora aperti. Il sindaco Fabio Lai si promuove, e traccia il bilancio dei primi cento giorni della nuova consiliatura e indica le priorità dei prossimi mesi. «Sono più che soddisfatto – dichiara Lai – prima ancora che per i risultati, per il modo in cui il gruppo di maggioranza è entrato pienamente nella mentalità richiesta da questo secondo mandato».
Tra gli obiettivi indicati in campagna elettorale c’era la chiusura, entro i primi cento giorni, di almeno tre opere già avviate. Sono state completate la struttura sportiva della Faravelli, che resterà nella disponibilità del Comune fino al 2043 grazie alla convenzione con il ministero della Difesa, la prima oasi felina e la riqualificazione del lungomare dell’ex ospedale militare, con pista ciclopedonale, alberature e nuovi arredi. L’inaugurazione di quest’ultimo intervento è stata rinviata per l’emergenza che ha interessato l’isola di Santa Maria.
Due, però, sono i procedimenti sui quali Lai insiste maggiormente: il “Dopo di noi”, arrivato alla conclusione dell’iter amministrativo con lavori previsti dalla fine di settembre, e il Museo Lamboglia, per il quale è stato completato il procedimento e affidato l’intervento alla ditta incaricata. Il sindaco promuove anche i nuovi ingressi in maggioranza: «Si sono perfettamente amalgamati nella squadra, stanno studiando e sono già particolarmente avanti nella conoscenza dei procedimenti amministrativi». E aggiunge che il loro contributo di idee rappresenta «un valore aggiunto». Riconoscimento anche agli uffici comunali: «Meritano davvero il mio elogio pubblico, sono stati eccezionali».
Restano però sul tavolo questioni attese da tempo e che necessitano soluzioni: il Piano Regolatore della Portualità, il Travel Lift, il rifacimenti di via Garibaldi e piazza Umberto I, la carenza estiva dei parcheggi; e perché no, il calo demografico, l’indebolimento economico del paese, la carenza di vigili urbani."
20260922055701,Qui Brescia News,https://www.quibrescia.it/scuola/2026/09/22/tetto-agli-studenti-stranieri-i-dubbi-delle-scuole-bresciane/841004/,,,,,,srclc:ita,"Tetto agli studenti stranieri, i dubbi delle scuole bresciane
Il limite del 30% annunciato dal Governo riapre un dibattito già affrontato nel 2010. Secondo presidi e docenti èdifficile applicarlo nei quartieri dove la presenza è più alta.
Più informazioni su
Brescia. Il tetto del 30% di studenti stranieri per classe annunciato dalla presidente del Consiglio Giorgia Meloni riapre una questione che nel mondo della scuola bresciano è tutt’altro che nuova.
La misura, sulla quale il Governo dovrebbe intervenire con un provvedimento in Consiglio dei ministri, riprende infatti una soglia già prevista da una circolare del 2010 dell’allora ministra Mariastella Gelmini, rimasta in larga parte inapplicata per le difficoltà organizzative e per la possibilità di deroghe.
Brescia è tra i territori maggiormente interessati. Secondo i dati citati nel dibattito nazionale, nel capoluogo gli studenti con cittadinanza non italiana sono circa 32.747, il numero più alto dopo Milano, Roma e Torino. A livello nazionale sono invece oltre 931 mila, pari all’11,6% della popolazione scolastica, e circa il 65% è nato in Italia.
Il problema, spiegano i dirigenti scolastici, è soprattutto la distribuzione territoriale. La presenza di alunni di origine straniera non è uniforme e in alcuni istituti bresciani supera ampiamente la soglia indicata. Al Centro 3, per esempio, il vice preside Giovanni Pasini sottolinea le difficoltà di intervenire sulle classi già formate ed invita ad evitare trasferimenti degli alunni come soluzione automatica. Nell’istituto, inoltre, i nuovi arrivi sarebbero ormai limitati, mentre molti degli studenti di origine straniera sono inseriti da anni nel sistema scolastico.
Una situazione analoga emerge all’Ovest 2, dove la percentuale raggiunge il 40%. La dirigente Patrizia Galeri individua nella possibilità di sdoppiare le classi una delle soluzioni praticabili, ma sottolinea che servirebbero risorse aggiuntive.
Anche all’Est 1, dove la media arriva al 38%, il tema viene affrontato con prudenza: per molti studenti si tratta infatti di ragazzi di seconda o terza generazione, che hanno frequentato fin dall’inizio le scuole italiane.
Il nodo della definizione di “studente straniero” è uno degli aspetti ancora da chiarire. Il Governo ha annunciato il limite del 30%, ma restano da definire criteri e modalità di applicazione. Le anticipazioni indicano che non tutti gli alunni con background migratorio verrebbero automaticamente conteggiati allo stesso modo, con possibili esclusioni per cittadini dell’Unione europea e per alcuni studenti di seconda generazione che dimostrino una buona conoscenza dell’italiano.
All’Itis Castelli, per esempio, la dirigente Simonetta Tebaldini segnala una situazione molto diversa da quella suggerita dal dibattito nazionale: su circa 2 mila studenti, quelli che necessitano di alfabetizzazione in italiano sono soltanto tre, mentre gli studenti senza cittadinanza italiana non arrivano al 10%. Per la dirigente, dunque, il problema principale della scuola tecnica riguarda piuttosto le risorse, gli organici, le strutture e il calo demografico.
Ancora più evidente è il caso della scuola primaria Volta di Fiumicello, dove i bambini italiani rappresentano appena l’1-2% dei circa 250 iscritti. La scuola riflette la composizione del quartiere e, secondo l’ex coordinatrice Maria Mercanti, senza la presenza dei bambini di origine straniera il plesso avrebbe rischiato da tempo la chiusura. Il punto, in questo caso, sarebbe quindi intervenire con più risorse per alfabetizzazione, compresenze e sostegno agli insegnanti, piuttosto che redistribuire gli alunni.
Anche fuori città il quadro conferma la difficoltà di applicare una soglia uniforme. All’Istituto comprensivo di Leno, nell’anno scolastico 2025/26 gli alunni con cittadinanza straniera erano 354 su 1.435, pari al 24%. La percentuale era superiore al 25% l’anno precedente, mentre nel 2010 superava il 30%. Proprio in quegli anni la scuola aveva chiesto più volte la deroga prevista dalla circolare Gelmini, senza ottenere risposta, fino a interrompere le richieste.
A Rovato, all’istituto superiore Lorenzo Gigli, la dirigente Anna Di Domenico esclude invece l’ipotesi di percorsi selettivi e indica come priorità il potenziamento dell’insegnamento dell’italiano L2, la presenza stabile di mediatori culturali e maggiori risorse per accompagnare gli studenti appena arrivati.
Il dibattito riguarda anche il rapporto tra numero di studenti e qualità dell’integrazione. Secondo l’Associazione nazionale presidi, in Italia le classi con una forte concentrazione di alunni che non parlano italiano sono circa un migliaio, ma l’applicazione concreta del limite resta complessa soprattutto nelle zone dove la popolazione straniera è maggioritaria. Il criterio della vicinanza alla scuola, particolarmente importante per infanzia e primaria, rende infatti difficile spostare gli alunni verso altri istituti.
Nel Bresciano, quindi, il confronto sul nuovo tetto si intreccia con una realtà scolastica molto diversificata: da istituti dove la presenza di studenti stranieri è contenuta a plessi nei quali rappresentano la quasi totalità degli iscritti. Il punto decisivo sarà ora capire come il Governo tradurrà l’annuncio in regole concrete e quali strumenti metterà a disposizione delle scuole per applicarle."
20260922054000,Huffpost Italia,https://www.huffingtonpost.it/politica/2026/09/22/news/eraldo_affinati_gli_studenti_stranieri_sono_risorse_e_pericolosa_una_legge_basata_sulla_contrapposizione-22757738/,,,,,,srclc:ita,"Eraldo Affinati: ""Gli studenti stranieri sono risorse, è pericolosa una legge basata sulla contrapposizione""
di Mariagloria Fontana
Eraldo Affinati, scrittore, conferenziere, formatore e docente, torna in libreria con il suo ultimo libro, Nella palude del padre (Feltrinelli, 2026). Dapprima insegnante nelle scuole pubbliche, nel 2008 insieme alla moglie, Anna Luce Lenzi, ha fondato la Scuola Penny Wirton per l’insegnamento gratuito della lingua italiana ai migranti. Huffpost lo intervista dopo la proposta di legge sulla scuola della presidente del Consiglio Giorgia Meloni: tetto agli stranieri, burqa, integrazione e lingua.
La presidente del Consiglio ha detto che non è accettabile che in una classe italiana i bambini italiani possano sentirsi in un angolo perché diventati minoranza. Come giudica questa rappresentazione della classe? È il numero degli studenti stranieri a determinare la possibilità o meno di integrarsi? Un limite era già stato indicato ai tempi dell’ex ministra Gelmini.
Sì, un tetto c’è già. Non venne applicato perché ci si rese conto, già dai tempi di Gelmini, che questo approccio era sbagliato e, in molti casi, irrealizzabile. In diverse parti del Paese esistono classi con una larga maggioranza di immigrati e sarebbe impossibile pensare di scorporarle e ridistribuirle in un altro modo. Questo potrebbe implicare anche la chiusura di molti istituti scolastici. Ma soprattutto considero sbagliata, dal punto di vista educativo e didattico, questa impostazione basata sulla contrapposizione fra maggioranza e minoranza, fra immigrati e italiani. Ho insegnato per tanti anni in molte classi composte da immigrati e c’erano soltanto tre o quattro italiani, per esempio alla Città dei Ragazzi. E spesso erano le mie classi più belle.
Perché?
Quei pochi ragazzi italiani imparavano moltissimo dai loro compagni. Gli afghani raccontavano come avevano raggiunto l’Italia, gli arabi spiegavano il Ramadan, i moldavi parlavano della dissoluzione dell’Unione Sovietica. Detto questo, è evidente che possa esistere il rischio delle cosiddette classi ghetto, cioè classi composte quasi esclusivamente da immigrati. Però accade perché spesso i genitori italiani non vogliono iscrivere i figli nelle scuole multietniche perché temono che possano perdere qualcosa. In realtà è nel confronto che ci si arricchisce. Se la tua identità, religiosa, culturale o di qualsiasi altro tipo, la tieni soltanto per te, rischia di inaridirsi, di condurti nella solitudine. La scuola deve costruire il bene comune, mettere a confronto le identità e fare in modo che possano convivere nel rispetto reciproco. Altrimenti, le persone si sentono isolate e possono entrare in una logica di conflitto. Per questo, l’impostazione di questo provvedimento è profondamente sbagliata. Trovo particolarmente grave che argomenti di questo tipo possano essere utilizzati dalla politica soltanto per conquistare consenso, parlando alla pancia del Paese ed esasperando le differenze. Il dibattito politico deve svolgersi nella legittima contrapposizione, ma esistono temi sui quali non dovremmo utilizzare la contrapposizione in maniera strumentale. Non dovremmo semplicemente dividerci per ottenere consenso.
Chi consideriamo “studente straniero”? Molti ragazzi risultano stranieri per l’anagrafe scolastica, ma sono nati in Italia, appartengono alle seconde generazioni e parlano perfettamente italiano.
Alla Penny Wirton, per esempio, lavoriamo con ragazze figlie di genitori egiziani, ma nate e cresciute in Italia, che parlano benissimo italiano e arabo. Diventano professoresse nella nostra scuola; spesso sono le più richieste dai ragazzi appena arrivati, perché percepiscono che hanno avuto genitori che un tempo si trovavano nella loro stessa condizione. La catalogazione è inevitabilmente insufficiente perché l’essere umano è complesso.
Chi sono questi ragazzi definiti riduttivamente ""stranieri""?
Questi ragazzi stanno attraversando una vera rivoluzione personale. Possiedono una cultura spesso molto diversa dalla nostra e contemporaneamente vivono nel nostro mondo. Questo passaggio può essere positivo. Se invece una legge tende a radicalizzare le posizioni, allora può diventare pericoloso e, nelle personalità più fragili, rischia anche di generare reazioni violente. Quando il confronto avviene attraverso il ragionamento, invece, può produrre arricchimento per noi e per loro. Abbiamo bisogno di loro. Sono risorse. E non soltanto sul piano demografico, perché facciamo meno figli, oppure economico. Ne abbiamo bisogno anche sul piano culturale e spirituale.
Anche su burqa e niqāb, i dati dicono che numericamente, riguardano una minoranza estremamente ridotta. Secondo un dato del ministero dell’Interno del 2010, ultima ricerca che fu fatta, si era arrivati alla conclusione che le donne che indossavano niqāb e burqa in Italia fossero meno di quelle della Francia, che sono stimate tra 300 e 2000 (e in Francia ci sono molte più persone di religione musulmana rispetto all’Italia). È una priorità della scuola italiana?
Invece di concentrarci su questioni che rischiano di essere soltanto propagandistiche, dovremmo affrontare la struttura dell’istruzione. Il ministro Valditara aveva annunciato l’assunzione di duemila insegnanti per sostenere linguisticamente gli studenti appena arrivati in Italia. Sono figure necessarie. Quando un bambino entra in una classe e non parla una parola d’italiano, i consigli di classe spesso devono affrontare da soli la situazione. In quel caso servirebbe un insegnante con competenze specifiche nell’italiano come seconda lingua, capace di accompagnare il ragazzo nell’inserimento. C’è poi tutta la questione dello spazio didattico, che non dovrebbe coincidere esclusivamente con la classe tradizionale. Oggi abbiamo studenti con caratteristiche diverse e la classe, intesa come contenitore nel quale tutti restano chiusi per ore con un insegnante che parla, non sempre è lo strumento migliore.
Se potesse parlare con Giorgia Meloni, quale aspetto della sua esperienza le chiederebbe di tenere presente affinché il dibattito sugli stranieri non perda di vista le persone che siedono realmente dietro a quei banchi?
Le consiglierei di andare nelle classi e vedere che cosa succede realmente al loro interno, senza limitarsi a raccogliere osservazioni dall’esterno e pregiudizi. Dentro una classe possono esserci situazioni di tensione fortissima, con fenomeni di bullismo pericolosi, quando gli studenti sono tutti italiani e magari provengono tutti da famiglie considerate socialmente solide. E, viceversa, potresti aspettarti tensioni in una classe multietnica che invece non si verificano affatto. Molto dipende dagli insegnanti. Conta la vita reale delle persone, non gli schemi. Concentrarsi sulla realtà delle persone aiuta a capire meglio persino il proprio elettorato, che non può essere considerato semplicemente un bacino di voti."
20260922052459,Unione,https://www.unionesarda.it/news-sardegna/scuola-sarda-pochi-stranieri-il-problema-sono-i-banchi-vuoti-m5hkvte6,,,,,,srclc:ita,"Scuola sarda, pochi stranieri. «Il problema sono i banchi vuoti»
Zuppi: «L’inclusione è uno strumento di pace». Portas: «No alla retorica discriminatoria»
Per restare aggiornato entra nel nostro canale Whatsapp
«Non possiamo accettare che il luogo di nascita, la condizione economica, fisica o il contesto sociale determinino le opportunità di apprendimento di un ragazzo. Una scuola autenticamente inclusiva è uno dei più potenti strumenti di giustizia e di pace», dice il cardinale Matteo Zuppi. E mentre tutti esprimono preoccupazione, chiedono un dialogo, e parlano di “discriminazione”, il Governo tira dritto e lavora veloce a rendere legge l’annuncio della premier sul tetto massimo agli studenti stranieri e il divieto di indossare il velo a scuola.
La crisi
In Sardegna – dove a causa del crollo demografico soltanto in un anno la scuola ha perso 5.600 alunni (35mila in meno di 10 anni) – i numeri sugli stranieri sono esigui ma il dibattito è acceso. La prima a intervenire è l’assessora regionale alla Pubblica istruzione Ilaria Portas: «Nel sistema che noi vogliamo ci sono indirizzi chiari e strumenti operativi per sostenere l'inclusione reale. È così che crediamo si debba affrontare la gestione dei contesti scolastici, non con la retorica discriminatoria. Il limite del 30% di alunni immigrati per classe non è altro che propaganda ideologica. La crisi della scuola inclusiva non nasce dall’eterogeneità delle classi, ma dal definanziamento cronico del sistema: servono risorse strutturali, formazione per i docenti, educatori specializzati e mediatori linguistici e culturali».
L’ARTICOLO COMPLETO SUL GIORNALE IN EDICOLA E NELL’APP UNIONE DIGITAL"
20260922051307,Tutte Le Ultime Notizie,https://www.ilrestodelcarlino.it/modena/cronaca/vaccari-dirigente-cpia-corsi-per-977c1dcb,,,,,,srclc:ita,"Oggi è dirigente scolastico del liceo Muratori San Carlo oltre che ricoprire un ruolo di dirigente anche nel Cpia (Centro provinciale istruzione per gli adulti), nel suo percorso professionale Luigi Vaccari ha diretto per anni istituti comprensivi, scuole primarie e dell’infanzia anche nei quartieri a forte flusso migratorio di Modena.
Professor Vaccari, cosa pensa del tetto massimo di alunni stranieri per classe? ""Sulla carta potrebbe anche essere un’idea condivisibile, ma la realtà dei fatti ci dice altro. Il tetto massimo, previsto fin dal 2010 nella circolare Gelmini seppur con ampie possibilità di deroga, ha mostrato enormi difficoltà applicative"".
Quali? ""In alcuni quartieri di Modena ci sono plessi scolastici – penso ad esempio alle scuole della Cittadella o al San Giovanni Bosco – dove la presenza di alunni con cittadinanza non italiana è intorno al 75%. Cosa fai in quel caso? Trasferisce gli alunni in altri quartieri? E dove invece sono di meno cosa fai: ne aggiungi altri?"".
La considerazione è che un’alta presenza di stranieri in classe rallenti il programma? ""Il concetto rigido di ’programma ministeriale da svolgere’ non esiste più da trent’anni. La scuola contemporanea si basa sui profili di apprendimento personalizzati, non si blocca la classe, ed è impostata per essere inclusiva, non esclusiva. Per gli alunni stranieri di nuovo arrivo in Italia sarebbe opportuno attivare corsi intensivi di italiano e laboratori specifici per allenare e potenziare la competenza linguistica"".
Pensa che la strada per riequilibrare sia quella? ""Non dobbiamo guardare al passaporto, ma al livello di competenza linguistica ed effettiva dell’alunno. Oggi circa il 65% degli studenti con cittadinanza straniera è nato in Italia, è perfettamente integrato ed è di fatto madrelingua o bilingue. Se consideriamo la sola scuola primaria, la quota di alunni madrelingua o con piena padronanza dell’italiano raggiunge l’80%. Quelli che partono da una reale situazione di svantaggio linguistico sono una minoranza numericamente contenuta: ragazzi con le medesime potenzialità degli altri, ma che necessitano di un supporto mirato"".
In qualità di dirigente Cpia lei ritiene possa compensare questo gap intensificando la formazione per i genitori? ""In effetti migliorare l’apprendimento per gli adulti può essere un percorso valido per il miglioramento dell’apprendimento di tutta la famiglia. Il problema è che ci sono lunghe file d’attesa: disponiamo di cinque sedi in tutta la provincia"".
Ma i genitori italiani che le è capitato di incontrare manifestano disagio quando c’è un’alta presenza di stranieri in classe? ""In realtà no. Ricordo con grande piacere momenti come le feste di Natale in cui bambine e bambini di ogni origine cantavano insieme la Ghirlandeina in dialetto modenese. Per la mia esperienza, l’integrazione sul campo è molto più avanti di come viene spesso raccontata"".
E d’altronde la natalità italiana è bassa, si parla di inverno demografico. ""La società modenese e il suo tessuto economico e sociale reggono anche grazie all’apporto dell’immigrazione, con famiglie che si insediano sul territorio e scelgono di fare figli qui. La scuola ha il dovere e l’opportunità di accompagnare questa trasformazione, garantendo a ogni alunno le stesse possibilità di crescita"".
Gianpaolo Annese"
20260922051118,Tutte Le Ultime Notizie,https://www.ilrestodelcarlino.it/rimini/cronaca/meloni-e-il-giro-di-07a67db6,,,,,,srclc:ita,"Rimini, 22 settembre 2026 – Un tetto al numero di alunni stranieri in classe. L’annuncio della premier Giorgia Meloni ha riaperto un tema che nella scuola si affronta da anni. Con l’inverno demografico che colpisce le famiglie italiane, nelle classi aumentano sempre di più gli studenti di nazionalità straniera. Per la premier, il tetto massimo di stranieri deve essere del 30%. Questo limite c’è da tempo, fin da quando era ministro all’istruzione Mariastella Gelmini. La circolare è del 2010, ma molto spesso si va in deroga. In altri termini: un istituto che si ritrova con molte iscrizioni di bambini e ragazzi di cittadinanza straniere chiede all’ufficio scolastico regionale di poter andare in deroga.
Nella provincia di Rimini, nell’anno scolastico 2024-’25 – ultimo dato disponibile – le classi in deroga, con oltre il 30% di stranieri, erano pari all’8,5% del totale. Si tratta della percentuale più bassa in tutta la regione. A Parma si raggiunge il 33,3%, a Piacenza il 34%. Guardando al resto della Romagna, dopo Rimini ci sono Forlì e Cesena con il 14,5%.
I numeri più alti nella scuola dell’infanzia
Guardando nei dettagli la situazione riminese, il maggiore numero di bambini stranieri è nelle scuole dell’infanzia. Il numero di sezioni in deroga rispetto al limite del 30% è di 15, su un totale di 148. Salendo alle elementari, si arriva a 74 classi su 619. Alle medie le classi in deroga sono 39 su 401. Il ’peso’ degli alunni stranieri crolla alle superiori: appena 31 le classi in deroga su 709 totali. Nel complesso, nell’anno scolastico 2024-’25 le sezioni e classi in deroga nelle scuole statali sono state 159 su 1.877.
Nel panorama regionale Rimini appare in controtendenza, tanto che la richiesta da parte dei dirigenti scolastici di classi che sforano il limite 30% si è ridotta rispetto all’anno scolastico precedente, il 2023-2024, del 4,8%. Al contrario il dato aumenta in tutte le altre province, esclusa Bologna (-1,2%). Se Rimini va controcorrente rispetto all’andamento regionale delle richieste di classi in deroga, resta il fatto che la presenza di studenti stranieri negli istituti resta in costante aumento. Per stranieri la legge identifica gli alunni che non hanno la cittadinanza italiana, cosa possibile anche se si è nati in Italia.
Il caso delle scuole Ferrari, nel quartiere di Borgo Marina
A Rimini, negli ultimi anni, una delle situazioni che ha fatto spesso discutere è quella delle scuole Ferrari, nel quartiere di Borgo Marina. Qui da tempo si registrano classi con un numero di alunni stranieri molto alto. Alcuni anni fa c’erano state anche le proteste da parte di alcune famiglie, che avevano posto la questione dell’equilibrio da trovare ai fini della didattica. Ma le Ferrari rappresentano anche l’esempio virtuoso di come si sia affrontato il tema dell’aumento di bambini figli di famiglie straniere all’interno del sistema scolastico.
Gli stranieri nelle statali sono il 15% delle statali
Complessivamente a Rimini gli alunni stranieri nelle scuole statali di ogni ordine e grado – dalle materne alle superiori – si aggirano intorno ai 6mila. Un numero di certo considerevole: gli studenti stranieri rappresentanto – circa – il 15% del totale. E nel solo comune di Rimini si arriva alla percentuale del 15,6%. Si tratta di statistiche che tendono ad aumentare di anno in anno, anche se Rimini resta per ora, in Emilia-Romagna, la provincia con la minore percentuale di alunni stranieri. Nulla a che vedere con realtà come Piacenza, dove si supera il 24%."
20260922050454,Il Sole 24 Ore,https://www.ilsole24ore.com/art/badanti-se-non-rispondono-entro-36-ore-piattaforma-online-restituisce-l-importo-speso-AJ1prmJB,,,,,,srclc:ita,"Badanti, se non rispondono entro 36 ore la piattaforma online restituisce l’importo speso
La startup WeCare mette in contatto le professioniste con le famiglie: il pagamento avviene però solo in caso di successo, se la lavoratrice selezionata non risponde, alla famiglia viene restituito il credito
2' di lettura
2' di lettura
Vuoi per il trend demografico che vede crescere la curva degli over 60 e diminuire quella dei nuovi nati, vuoi per la scarsità di persone disposte a fare questo mestiere, la badante è una delle professioni più richieste. Qualche numero per capire: in Italia ci sono appena 8,5 badanti ogni 100 persone sole con più di 60 anni, secondo il rapporto Family (Net) Work realizzato dal Censis e promosso da Assindatcolf. Una prova del nove arriva da quanto accaduto alla startup WeCare srl (Lebadanti.it), una piattaforma che mette in contatto diretto famiglie e caregiver. «I numeri raggiunti in soli due mesi di attività ci dicono quanto sia forte il bisogno di strumenti più semplici per far incontrare chi cerca assistenza e chi cerca lavoro», spiega il ceo e fondatore Valerio Carboni che in luglio ha pubblicato online una nuova versione del sito. «Sono stati subito superati 6mila iscritti tra famiglie e badanti, con più di 3.000 profili di lavoratrici disponibili e oltre 3.500 offerte di lavoro pubblicate», spiega.
La ricerca di una badante nel nostro Paese è una di quelle più difficili, in parte perché ricade su persone che hanno una forte vulnerabilità, in parte perché è in corso da anni una progressiva riduzione del lavoro domestico regolare: nel 2025 i lavoratori con almeno un contributo versato all’Inps sono stati 804.464, in calo per il quarto anno consecutivo, con circa 173mila addetti in meno rispetto al 2021. Le badanti rappresentano ormai il 51,3% del totale, superando per il secondo anno consecutivo le colf. «Quando una famiglia cerca una badante, nella maggior parte dei casi non ha settimane a disposizione - ragiona Carboni -. Il bisogno nasce dopo un ricovero, una caduta o un peggioramento improvviso delle condizioni di un genitore e bisogna trovare qualcuno in tempi rapidi».
La piattaforma consente alle badanti di iscriversi gratuitamente, creare il proprio profilo e candidarsi alle offerte, mentre le famiglie possono cercare le persone disponibili nella propria zona e contattarle attraverso un sistema a crediti: si paga solo quando si contatta una badante, non per la semplice possibilità di cercare. La tariffa parte da 9 euro a contatto e non richiede alcun abbonamento. Se la badante selezionata non risponde entro 36 ore, il credito utilizzato viene restituito automaticamente. In prospettiva, nei prossimi 12 mesi, Lebadanti.it punta a raggiungere 25mila utenti."
20260922050151,Il Giorno,https://www.ilgiorno.it/milano/cronaca/il-tetto-di-stranieri-nelle-af3f2fb8,,,,,,srclc:ita,"La prima ad andare all’attacco, domenica, è stata la vicesindaco con delega all’Istruzione Anna Scavuzzo: ""Giorgia Meloni, se parli di scuola meno propaganda sulla pelle delle bambine e dei bambini e più realtà e amore per la verità"". Nel mirino della numero due di Palazzo Marino e aspirante candidata sindaco del centrosinistra il provvedimento annunciato dalla premier sul tetto di studenti stranieri nelle classi durante il suo intervento alla festa di Gioventù nazionale.
""Le proposte su tetti rigidi per gli alunni stranieri e controlli identitari non rispondono a nessuno dei veri problemi della scuola italiana – continua la vicesindaca –. A Milano investiamo 26,5 milioni nel piano di diritto allo studio perché l’integrazione funziona quando ci sono serietà, investimenti e risorse. Garantiamo sostegno a oltre 5.000 alunni, 19,8 milioni di euro sono dedicati all’integrazione scolastica, 4 sono i Poli Start per l’inserimento dei minori neoarrivati con tutor per contrastare la dispersione. Questi numeri dicono che gli studenti con un cognome straniero non possono essere considerati il problema della scuola"".
Parere diametralmente opposto per la vicesegretaria della Lega nonché candidata sindaca del Carroccio proposta agli alleati di centrodestra Silvia Sardone: ""A Milano ci sono 35 plessi scolastici dove oltre il 50% degli iscritti è di origine straniera. Nelle 24 elementari dove gli italiani sono meno della metà ci sono ben 122 nazionalità diverse e nelle 11 medie 115. Da Quarto Oggiaro a San Siro, da Corvetto a Lorenteggio, fino in via Padova: in tutti i quartieri multietnici della città, alimentati dalla propaganda immigrazionista del Pd, le classi ghetto sono una costante. Questo cosa comporta? Che tutti gli alunni, sia quelli italiani sia gli stessi stranieri, non raggiungono un’adeguata formazione scolastica per evidenti motivi di rallentamento dei programmi. Il sindaco e la sua Giunta hanno preferito puntare sulla finta integrazione a discapito della qualità dell’istruzione e dell’apprendimento degli alunni"".
Il tema degli alunni stranieri nelle classi milanesi è affrontato anche dallo scrittore e giornalista Mario Calabresi, aspirante candidato sindaco del centrosinistra, nel suo nuovo libro “Le voci degli altri“, che l’autore presenterà giovedì alle 18.30 al Teatro Franco Parenti. Le prime pagine sono dedicate alla scuola, al ricordo della sua scuola elementare, la Giuseppe Lombardo Radice di via Paravia 83. Nel 1976 frequentavano la Lombardo Radice 806 bambini, oggi ci sono 108 alunni, ma il motivo spiega Calabresi non è solo il calo demografico. C’è anche la scelta di molti genitori italiani di non iscrivere i loro figli a scuola per il timore che l’alto numero di bambini stranieri ritardi il loro apprendimento. ""Trovo ingiusto definire straniero un bambino che è nato in Italia"", dice il giornalista nel libro che racconta come quella che era la sua scuola oggi cerchi di andare oltre i muri del quartiere e gli stereotipi.
Contro il provvedimento annunciato dalla Meloni interviene anche l’assessore al Welfare Lamberto Bertolè: ""Il problema non è quanti cognomi stranieri ci sono in una classe. Il problema è quanti strumenti diamo a quella scuola per garantire a tutte e a tutti un percorso educativo di qualità""."
20260922050005,Il Sole 24 Ore,https://www.infodata.ilsole24ore.com/2026/09/22/brexit-10-anni-dopo-6-milioni-di-elettori-anziani-sono-gia-morti/,,,,,,srclc:ita,"Dieci anni fa esatti il Regno Unito si espresse sulla Brexit: il 51,9% votò per lasciare l’Unione Europea, il 48,1% per restarvi. Un margine strettissimo, che però il tempo ha eroso in modo silenzioso e inesorabile: non tanto perché gli elettori abbiano cambiato idea in massa, quanto perché l’elettorato stesso è cambiato.
Secondo un‘analisi pubblicata sulla newsletter Substack di Peter Kellner, sondaggista e fondatore di YouGov, la società internazionale di ricerche di mercato e sondaggi d’opinione nata nel Regno Unito nel 2000, circa sei milioni di elettori anziani, la fascia demografica che dieci anni fa votò in massa per il “Leave”, sono morti dal 2016 a oggi. Nello stesso periodo, parallelamente, circa otto milioni di giovani britannici hanno raggiunto l’età per votare: una nuova generazione che si dichiara schiacciantemente filoeuropea. Il risultato, calcola Kellner, è che anche se nessun elettore del 2016 avesse mai cambiato opinione, il solo ricambio demografico avrebbe comunque cancellato la maggioranza euroscettica che dieci anni fa decise l’esito del referendum.
Un consenso ai minimi storici
A questo ricambio anagrafico si somma un vero e proprio cambio di opinione tra chi ha votato. Secondo l’ultima rilevazione sempre di YouGov, pubblicata il 9 giugno 2026, il fronte di chi considera l’uscita dall’UE un errore storico ha ormai superato di gran lunga i nostalgici del “Leave”: il 57% degli intervistati si dice convinto che la scelta sia stata sbagliata, contro appena il 30% che difende ancora la bontà della secessione. È la prima volta, da quando YouGov traccia la domanda, che il sostegno alla Brexit scende sotto la soglia psicologica del 30%.
Come si voterebbe oggi
Interessante è anche vedere come si sono mossi i due schieramenti del 2016. Oggi il 64% di chi votò per l’uscita dall’UE conferma la propria scelta, ma quasi un quarto (23%) ritiene ormai che il Regno Unito abbia sbagliato a lasciare l’Unione. Sul fronte opposto il ripensamento è quasi assente: ben l’89% di chi nel 2016 votò per restare considera tuttora errata la decisione scaturita dal referendum, e appena il 6% ritiene che il Paese abbia fatto la scelta giusta, nonostante il proprio voto.
Il giudizio dipende chiaramente anche dall’appartenenza politica. La stragrande maggioranza degli elettori di Reform UK ritiene che il Regno Unito abbia fatto bene a lasciare l’UE (80%), mentre tra i conservatori la quota di chi la pensa allo stesso modo è nettamente inferiore (56%). All’opposto, una percentuale compresa tra il 79% e l’85% di chi ha sostenuto Labour, Liberal Democratici o Verdi alle elezioni del 2024 giudica la Brexit una decisione sbagliata.
Chi votò cosa, dieci anni fa
Non deve stupire che sia proprio la generazione più anziana quella che oggi si sta assottigliando per ragioni anagrafiche: furono le fasce più mature della popolazione a spingere per l’uscita dall’UE. Nel 2016 votò per il “Leave” il 27% dei 18-24enni, il 38% dei 25-34enni, il 48% dei 35-44enni, il 56% dei 45-54enni, il 57% dei 55-64enni e il 60% degli over 65: un gradiente quasi perfetto tra età e propensione al voto euroscettico.
Anche il livello di istruzione ha pesato in modo netto: la maggioranza delle persone laureate votò per la permanenza nell’UE (il 57% di chi ha una laurea e il 65% di chi ha un titolo di istruzione superiore), e l’81% di chi all’epoca era impegnato in un percorso di studi a tempo pieno votò per restare. Chi invece aveva concluso il proprio percorso formativo a livello di scuola secondaria o inferiore votò, in generale, per l’uscita.
Anche l’origine etnica raccontava una spaccatura netta, in un referendum in cui l’immigrazione fu tema centrale della campagna: i dati del sondaggista Lord Ashcroft mostrano che la maggioranza degli elettori bianchi (53%) sostenne l’uscita, mentre due terzi delle persone che si identificarono come asiatiche votarono per restare, così come il 73% degli elettori neri. Sette elettori musulmani su dieci scelsero la permanenza nell’UE.
Il dilemma del Labour e il veto di Bruxelles
Questi numeri, osserva Kellner, mettono il Partito Laburista davanti a un delicato equilibrismo politico, specialmente nelle circoscrizioni operaie storicamente pro-Brexit, dove il distacco nazionale tra “giusto” e “sbagliato” si azzera in un testa a testa locale attorno al 45%.
Se da un lato difendere pubblicamente l’esito della Brexit è ormai in contrasto con i dati, dall’altro ipotizzare una richiesta formale di reinserimento nell’UE verrebbe giudicato dagli analisti “bonkers”, folle, nell’immediato.
Quali benefici si aspettano i britannici da un eventuale rientro?
Il sondaggio YouGov di giugno 2026 ha indagato anche su cosa i cittadini britannici si aspetterebbero, in concreto, da un ritorno nell’Unione Europea. Sul piano macroeconomico la fiducia è relativamente diffusa: una modesta maggioranza (tra il 51% e il 55%, a seconda dell’indicatore) ritiene che rientrare nell’UE avrebbe un impatto positivo sull’economia britannica, sulle imprese e sul livello degli scambi commerciali internazionali. Quasi la metà degli intervistati (46-47%) si aspetta benefici anche sul piano dell’influenza diplomatica del Regno Unito in Europa e sulla sicurezza nazionale. In entrambi i casi, non più del 19% degli intervistati prevede un impatto negativo, mentre tra il 16% e il 23% ritiene che non cambierebbe granché.
Il quadro cambia però quando si passa dal livello nazionale a quello personale: i britannici sono molto meno convinti di poterne beneficiare direttamente. Solo il 31% pensa che le proprie finanze familiari migliorerebbero rientrando nell’UE, contro un 32% che si aspetta nessuna differenza e un 17% che teme addirittura un peggioramento.
Allo stesso modo, appena il 30% ritiene che il Servizio Sanitario Nazionale (NHS) trarrebbe beneficio dall’appartenenza all’UE, e solo il 28% pensa che la politica britannica sarebbe più stabile in caso di adesione. Sul fronte dell’immigrazione, quattro britannici su dieci (41%) credono che rientrare nell’UE porterebbe a un aumento dei flussi migratori verso il Regno Unito, una quota sostanzialmente equivalente al 37% che invece non si aspetta cambiamenti significativi nei numeri.
Anche su questo tema, però, la spaccatura tra i due schieramenti del 2016 resta profonda: il 65% di chi votò di lasciare l’UE si aspetta che un rientro nell’UE farebbe salire l’immigrazione, mentre tra chi votò di rimanere la stessa convinzione è condivisa solo dal 25%, con il 50% che prevede invece livelli sostanzialmente stabili."
20260922041511,Noi Notizie,https://www.noinotizie.it/22-09-2026/salubrita-abitativa-in-puglia-oltre-522mila-pugliesi-convivono-con-problemi-in-casa/,,,,,,srclc:ita,"Di seguito un comunicato diffuso da Saint-Gobain:
Tredici virgola cinque per cento. È la quota di famiglie pugliesi che convivono con problemi di umidità nella propria abitazione secondo l’ISTAT, un valore inferiore alla media nazionale del 16,3%. In valori assoluti, circa 237mila nuclei familiari, pari a oltre 522mila pugliesi. Con un pesante risvolto anche sulla salute: secondo l’Organizzazione Mondiale della Sanità, il 13% delle asme croniche infantili nei Paesi industrializzati è correlato a un eccesso di umidità negli edifici. All’umidità si aggiungono altri fattori di rischio, come le case con strutture danneggiate (12,5%, 219mila famiglie), quelle con scarsa luminosità (8,5%, 149mila famiglie) e le abitazioni esposte a rumore nella zona di residenza (15,1%, 265mila famiglie). Quattro fronti che insieme fotografano lo stato della salubrità abitativa in Puglia: è ciò che emerge dall’analisi realizzata da Saint-Gobain Italia su base dati ISTAT. Una sfida per il mondo delle costruzioni, che oggi propone sul mercato soluzioni innovative in grado di migliorare il comfort delle abitazioni con interventi meno invasivi rispetto al passato e dai costi più contenuti.
“I dati raccontano un’urgenza concreta, vissuta dentro le case di migliaia di pugliesi. La salubrità abitativa è oggi uno dei terreni su cui si misura la qualità del costruito – ha commentato Gaetano Terrasini, Amministratore Delegato di Saint-Gobain Italia. Nel tempo l’edilizia ha iniziato a guardare alle prestazioni energetiche come indicatore principale di qualità. Oggi però il comfort abitativo e il benessere indoor devono essere considerati altrettanto decisivi: parlano alla salute e alla qualità della vita. Continuiamo ininterrottamente a innovare i nostri prodotti perché chi abita una casa possa farlo in condizioni di benessere reale, e perché chi costruisce o ristruttura disponga di strumenti capaci di rispondere alle sfide che i dati ci raccontano.”
La geografia del problema: dove si colloca la Puglia
Sull’umidità domestica la Puglia si colloca il quindicesimo posto nazionale con il 13,5%, tra le regioni meno esposte del Paese. Al vertice della classifica si trovano Sardegna (25,7%), Friuli-Venezia Giulia (21%) e Abruzzo (21%). Sulle strutture danneggiate la regione è al settimo posto (12,5%), contro il 12% della media nazionale e i valori di Provincia di Bolzano (19%), Sardegna (16%). Sulla scarsa luminosità la Puglia è al dodicesimo posto (8,5%), lontana dai valori di Provincia di Bolzano (19%), Friuli-Venezia Giulia (15,5%), Sicilia (11,7%). Diverso il quadro del rumore nella zona di residenza: la Puglia si posiziona al secondo posto con il 15%, tra le regioni più esposte insieme a Campania (18%) e Lazio (15%). Tre mappe diverse, un unico dato di fondo: la qualità dell’involucro edilizio incide direttamente sulla vita domestica delle famiglie pugliesi sotto forma di umidità, comfort acustico e qualità degli ambienti interni.
Il profilo demografico delle famiglie più esposte: c’è anche una questione di genere
Quali sono le famiglie più esposte? A livello nazionale, l’umidità risulta più diffusa nelle case delle famiglie più giovani. Nelle famiglie con principale percettore di reddito fino a 35 anni, la quota sale al 18%, quasi due punti sopra la media nazionale. Una traiettoria opposta si osserva per le strutture danneggiate: la quota cresce con l’età del percettore, dal 10% nelle famiglie 35-44 anni al 13% nelle famiglie con percettore over 65. È il profilo del patrimonio edilizio non manutenuto. Sul piano del genere, le famiglie con principale percettore donna risultano più esposte su tutti i fronti: 17% sull’umidità contro il 16% degli uomini, 10,4% sulla scarsa luminosità contro il 9%, 12% sulle strutture danneggiate contro l’11,6%. Dati aggregati su base nazionale.
Il ruolo dei sistemi a secco e degli intonaci deumidificanti nelle abitazioni più esposte
L’umidità domestica non è un fenomeno inevitabile. Nasce dall’incontro tra condizioni ambientali e caratteristiche dell’edificio: ponti termici nelle pareti perimetrali, ventilazione insufficiente, isolamenti datati, infiltrazioni dall’esterno. Le buone pratiche di gestione quotidiana (aerare gli ambienti più volte al giorno, evitare l’eccessiva condensazione di vapore in cucina e in bagno, tenere sotto controllo gli impianti di riscaldamento) contengono il problema, ma non lo risolvono se l’involucro è inefficiente. Ignorare l’umidità in casa, oltre a deteriorare la qualità della vita, comporta rischi concreti: degrado strutturale delle pareti, formazione di muffe, peggioramento dell’aria interna, con effetti che la letteratura sanitaria internazionale ha ormai documentato. Quando le condizioni dell’edificio chiedono un intervento più strutturale, esistono soluzioni costruttive in grado di agire in modo mirato. Tra queste, il cartongesso e i sistemi a secco offrono un approccio versatile: esistono ad esempio tecnologie capaci di assorbire e neutralizzare fino all’84% della formaldeide presente nell’aria degli ambienti chiusi. Inoltre, gli elementi di chiusura del sistema (ad esempio l’abbinamento lastra in cartongesso con tecnologia di assorbimento della formaldeide e un’idropittura specifica per cartongesso) svolgono un ruolo attivo nel purificare l’aria nel corso del tempo, riducendo la concentrazione di formaldeide e permettendo di vivere spazi sempre più salubri.
Un’altra soluzione utile a limitare i danni da umidità in casa è utilizzare un intonaco deumidificante in grado di risanare tutte le tipologie di murature danneggiate. Esistono soluzioni diversificate, valide sia per esterni sia per interni, formulate con leganti cementizi o a base di calce idraulica naturale.
Si tratta di interventi leggeri, rapidi da posare e coerenti con un’edilizia a minore impatto ambientale, compatibili con la ristrutturazione del patrimonio esistente e in grado di ridurre le emissioni di CO2 lungo il ciclo di vita del costruito e i consumi energetici per riscaldare e raffrescare gli ambienti.
Nota metodologica
I dati sui problemi abitativi provengono dall’Indagine ISTAT su Reddito e Condizioni di Vita (EU-SILC), nelle sezioni dedicate ai problemi nell’abitazione e ai problemi della zona di residenza (rilevazione più recente disponibile), distribuiti per regione, tipo di comune e caratteristiche del principale percettore di reddito. I valori percentuali sono riferiti alle famiglie residenti nella regione. L’elaborazione dei numeri assoluti è a cura di Saint-Gobain Italia: il numero di famiglie regionali è stato stimato dividendo la popolazione residente al 1° gennaio 2026 (fonte ISTAT, Popolazione al 1° gennaio, dataset DCIS_POPRES1) per la dimensione media familiare nazionale di 2,2 componenti (fonte ISTAT, Indicatori demografici 2024). I numeri di persone sono stati ricavati moltiplicando le famiglie coinvolte per lo stesso coefficiente. Il dato sull’impatto sanitario dell’umidità domestica è tratto dal rapporto OMS sulla qualità dell’aria indoor, ripreso dall’Istituto Superiore di Sanità.
Il Gruppo Saint-Gobain
La storia di Saint-Gobain in Italia ha origine nel 1889 con la costruzione dello stabilimento di Pisa per la produzione del vetro. Oggi conta42 siti, circa 2.100 dipendenti e un fatturato di 1 Mld di euro nel 2025. Saint-Gobain si propone come polo tecnologico di riferimento per il mercato della costruzione sostenibile e il punto di riferimento globale nell’utilizzo efficiente delle risorse naturali, nel rispetto dell’ambiente. Tutte le soluzioni proposte sono pensate per costruire edifici più efficienti dal punto di vista energetico, per ridurre consumi ed emissioni inquinanti, puntando a raggiungere la neutralità delle nostre emissioni entro il 2050.
Attraverso marchi forti e noti sul mercato, offre una gamma completa di soluzioni innovative per l’edilizia, tra cui involucri opachi e trasparenti, tetti e coperture, architettura d’interni e pareti, pavimenti e controsoffitti con i brand Glass, Gyproc, Isover, Weber, Ecophon e Logli, e soluzioni per le infrastrutture, additivi per il calcestruzzo, cemento e sistemi di costruzione in cls e soluzioni complete del ciclo idrico, con i marchi Chryso, GCP e PAM.
Leader mondiale nell’edilizia leggera e sostenibile, Saint-Gobain progetta, produce e distribuisce materiali e servizi per i mercati della costruzione e dell’industria. Le soluzioni integrate per la ristrutturazione di edifici pubblici e privati, l’edilizia leggera e la decarbonizzazione dell’edilizia e dell’industria si sviluppano attraverso un processo di innovazione continua e garantiscono sostenibilità e performance. Il Gruppo, che ha celebrato il suo 360° anniversario nel 2025, rimane più impegnato che mai nella sua ragion d’essere “MAKING THE WORLD A BETTER HOME”."
20260922040703,Montagna Tv,https://www.montagna.tv/281796/la-coesistenza-tra-uomo-e-orso-marsicano-e-una-maratona-non-una-gara-di-velocita/,,,,,,srclc:ita,"La coesistenza tra uomo e orso marsicano è una maratona, non una gara di velocità
Promuovere la convivenza tra orso e comunità non è un concetto astratto ma un processo concreto che richiede tempo e collaborazione: è questo uno dei messaggi chiave emersi a Pescasseroli nell'evento di lancio della 29ª Conferenza Mondiale sull’Orso. Un incontro a porte aperte nel cuore del PNALM, in cui partner di progetto e cittadini hanno tracciato il bilancio di 5 anni del LIFE Bear-Smart Corridors, trasformando un traguardo di lavoro condiviso in un punto di partenza per il futuro dell'orso marsicano e delle comunità stesse.
La coesistenza non conosce confini amministrativi né barriere geografiche. È questo lo spirito che aleggia tra i vicoli di Pescasseroli, storico fulcro del Parco Nazionale d’Abruzzo, Lazio e Molise (PNALM), in questa settimana speciale. La cittadina ospita infatti dal 20 al 25 settembre la 29ª Conferenza Internazionale dell’IBA (International Association for Bear Research & Management), summit che vede riuniti in Abruzzo esperti di plantigradi da tutto il mondo, per parlare di una convivenza complessa ma possibile. Una sfida che vede come protagonisti i territori e i loro abitanti. È per questa ragione che gli organizzatori hanno ritenuto essenziale, nonostante la conferenza scientifica sia riservata agli addetti ai lavori, promuovere una serie di eventi aperti al pubblico.
Ed è stato proprio un evento ad accesso libero a dare il via all’intensa settimana dedicata all’orso: una mattinata di dialogo costruttivo, tenutasi domenica 20 settembre, in cui partner di progetto, amministratori e cittadini si sono ritrovati per tracciare il bilancio di cinque anni del progetto LIFE Bear-Smart Corridors, avviato nell’ottobre 2021. Un momento di ascolto e confronto che ha permesso alle comunità locali di portare testimonianze, dubbi e proposte, trasformando un percorso condiviso di lavoro sul campo in un punto di partenza per il futuro dell’orso e delle comunità stesse.
La scommessa delle Comunità a Misura d’Orso
Un investimento quinquennale da 5,8 milioni di euro sostenuto dall’Unione Europea, quasi 400.000 ettari complessivi di corridoi ecologici riqualificati (attraverso la potatura di oltre 600 alberi da frutto abbandonati e la messa in sicurezza di 27 pozzi e vasche a rischio annegamento), e ancora centinaia di recinti elettrificati, cassonetti, pollai e porte a misura d’orso installati nei paesi: sono alcuni dei dati che raccontano i traguardi raggiunti dal LIFE Bear-Smart Corridors, numeri che rischiano di raccontare solo la superficie di un progetto che ha visto come protagonisti non solo i luoghi fisici, ma anche e soprattutto le persone, in un grande gioco di squadra.
Accanto alle innumerevoli iniziative di prevenzione, il dato su cui focalizzare maggiormente l’attenzione è il seguente: 18 Comunità a Misura d’Orso (Bear-Smart Communities) nate tra Italia e Grecia. Andiamo a scoprirne la ragione, facendo un passo indietro, in termini sia di tempo che di spazio, osservando per un istante l’Europa dall’alto.
Il LIFE nasce da un’evidenza: in Europa diverse popolazioni di orso bruno sono considerate a rischio, ne sono esempio emblematico il nostro orso bruno marsicano — sottospecie endemica e simbolo unico dell’Appennino centrale — così come le popolazioni di orso lungo le catene montuose del Pindo e dei Rodopi in Grecia. Se il ritorno di questi grandi carnivori rappresenta un successo ecologico, sul piano pratico si accompagna a una sfida quotidiana di convivenza con chi vive nei territori attraversati dall’orso. Vi è modo di favorire la naturale espansione dei plantigradi senza generare conflitti insostenibili con le comunità locali?
La risposta del progetto, coordinato da Rewilding Europe insieme a una rete di dodici partner internazionali tra Italia e Grecia — tra cui Rewilding Apennines, Parco Nazionale d’Abruzzo, Lazio e Molise, Parco Nazionale del Gran Sasso e Monti della Laga, Salviamo l’Orso, Comune di Pettorano sul Gizio / Riserva Naturale Regionale Monte Genzana Alto Gizio e Parco Regionale Sirente Velino — è stata il puntare sulla realizzazione dei “corridoi di coesistenza”.
Superando la pura logica dell’emergenza o dell’intervento a danno avvenuto, il progetto ha puntato a un approccio preventivo ma anche proattivo lungo le vie di espansione dell’orso che, come ci raccontava Rewilding Apennines, nell’Appennino Centrale si presentano come “ponti” virtuali di connessione tra aree protette. Lungo questi corridoi l’orso non trova un’autostrada comoda e diretta ma aree abitate da un’altra specie animale: l’uomo. Nel progetto si è tentato di giocare d’anticipo sull’emergere di conflitti derivanti da questa convivenza-non-per-scelta, da un lato mettendo in sicurezza le fonti d’attrazione nelle vicinanze dei paesi, dall’altro fornendo agli abitanti gli strumenti e la consapevolezza per non percepire il selvatico come una minaccia, un limite al proprio benessere, anzi come presenza da cui beneficiare, ad esempio attraverso la promozione dell’ecoturismo.
La nascita delle Comunità a Misura d’Orso (Bear-Smart Communities) rappresenta la concreta messa in pratica di questa visione: una metodologia nata in Nord America e adattata alle specificità territoriali — già avviata in forma sperimentale una decina di anni fa nell’Appennino Centrale a Pettorano sul Gizio, su iniziativa di Rewilding Apennines insieme a Salviamo l’Orso e alla Riserva Naturale Regionale Monte Genzana Alto Gizio, a seguito dell’uccisione per mano umana di un orso — per favorire nei territori la fattiva collaborazione tra cittadini e istituzioni, a dimostrazione del fatto che la tutela della natura può viaggiare su un binario parallelo allo sviluppo economico dei territori, senza necessariamente collidere in maniera rovinosa.
La parola al territorio
Costruire una Comunità a Misura d’Orso significa intraprendere un articolato percorso di ricerca di un equilibrio tra esigenze della natura e dell’uomo. Una bella scommessa, che il LIFE Bear-Smart Corridors si è impegnato nel vincere. Nella mattinata di domenica 20 settembre, la narrazione si è articolata proprio attraverso le tappe che hanno reso possibile la nascita delle 18 Bear-Smart Communities, di cui 16 in Italia, con il coinvolgimento di circa 15.000 abitanti della core area dell’orso marsicano e delle aree “corridoio” dell’Appennino Centrale.
Mario Cipollone (Rewilding Apennines) e Spyros Psaroudas (CALLISTO) hanno ripercorso le iniziative e i traguardi raggiunti, in termini sia di misure preventive e interventi di messa in sicurezza, ma anche e soprattutto di collaborazione e dialogo con gli abitanti del territorio, compresi i più piccoli, e le lezioni apprese lungo questo viaggio condiviso. Valerio Reale (Rewilding Apennines) e Antonio Di Nunzio (PNALM) hanno spinto lo sguardo oltre la naturale conclusione del progetto, illustrando l’eredità di un percorso che si candida a diventare modello replicabile in altre aree di fragile coesistenza.
Il LIFE è giunto in sintesi al suo termine con grande soddisfazione dei suoi promotori, ma i territori coinvolti, cosa ne pensano effettivamente? La scommessa è stata vinta? La risposta è arrivata chiaramente durante la tavola rotonda moderata da Daniela D’Amico (PNALM), quando la parola è passata direttamente ai rappresentanti dei neonati Comitati per la Coesistenza, gruppi di partecipazione locale creati per promuovere la convivenza tra comunità appenniniche e orso bruno marsicano.
È stato proprio attraverso le testimonianze arrivate dai comuni coinvolti, quali Campoli Appennino (FR), Lecce dei Marsi (AQ), Morino (AQ), Ortona dei Marsi (AQ), Pettorano sul Gizio (AQ), Pizzone (IS), Scanno (AQ), Vastogirardi (IS) e Villetta Barrea (AQ), che il dato tecnico si è trasformato in racconto vissuto. Dagli interventi è emerso chiaramente come il confronto aperto tra Parco, associazioni, amministrazioni e portatori di interesse del territorio, quali cacciatori, allevatori, agricoltori, abbia permesso di superare ostacoli operativi, tra cui storiche diffidenze. “La coesistenza è una parola modulata dalla percezione di ognuno: ci siamo scontrati, abbiamo vissuto momenti di fatica”, ha evidenziato Daniela D’Amico, esprimendo forte apprezzamento per lo sforzo congiunto.
Attraverso il dialogo tra le parti l’orso ha modo di trasformarsi da ostacolo per il benessere e lo sviluppo delle comunità a componente identitaria di un territorio che, dalla sua presenza, in maniera rispettosa e oculata, può ricavare come premesso anche vantaggi economici. “L’orso potrebbe dare valore aggiunto a un Molise che non esiste”, l’ironico e significativo commento del sindaco di Vastogirardi, comune molisano alle porte del Parco in cui l’orso marsicano ancora non ha trovato casa, ma sta iniziando a dare uno sguardo. Vantaggi economici che, in territori alle prese con un progressivo crollo demografico, come testimoniato dalla giovane rappresentante del Comitato di Scanno, possono incentivare i giovani alla scelta del restare. Chi la strada della Comunità a Misura d’Orso già l’ha intrapresa da tempo — è il caso del virtuoso comune di Pettorano sul Gizio — si dice pronto a passare al livello 2.0, a diventare Comunità a Misura di Biodiversità, pronti a convivere con la fauna selvatica in termini più ampi.
“Nella coesistenza siamo maratoneti”
Tra testimonianze condivise e momenti di dibattito costruttivo, quanto emerso dall’incontro dedicato alla chiusura del progetto LIFE Bear-Smart Corridors è che la parola fine non fa necessariamente rima con punto di arrivo. Finiscono i finanziamenti — per certo essenziali per passare dalle idee all’azione —, ma resta l’eredità più preziosa, quella morale, di un territorio che ha imparato a guardarsi dentro e a riconoscere nel selvatico un valore da tutelare, per il bene della natura e delle comunità stesse.
In chiusura dei lavori, il Direttore del PNALM Luciano Sammarone ha tenuto a ricordare a tal proposito che “sul percorso della coesistenza siamo maratoneti, non corridori dei 100 metri”, invitando a rispettare i tempi di un cambiamento che vede in gioco tutela dell’orso marsicano e sviluppo del territorio, conservazione e progresso. Dopotutto, come egregiamente sintetizzato da Piero Genovesi (ISPRA), “la coesistenza non è una parola facile o romantica: è una parola che parla di fatica”, di impegno condiviso, di conflitti che bisogna imparare ad abitare."
20260922040100,Qds,https://qds.it/piu-occupati-meno-produttivita-il-paradosso-del-lavoro-italia/,,,,,,srclc:ita,"ROMA – Gli indici sull’occupazione in costante crescita hanno portato più volte il Governo Meloni a rivendicare risultati da record e massimi storici. È però sul fronte della produttività del lavoro che restano le criticità, con valori che regrediscono di anno in anno. La Penisola si trova a vivere immersa in un paradosso: si lavora sempre di più, ma gli sforzi degli occupati restano incastrati in un sistema incapace di convertire questa operosità in crescita economica reale.
Produttività del lavoro in Italia, il confronto con l’Europa
Secondo gli ultimi dati Eurostat, l’Italia è l’unico Paese tra le maggiori economie europee (e non solo tra quelle) ad aver registrato un calo della produttività. Questo non significa che gli italiani lavorino male o di meno, ma che il valore economico generato per occupato o per ogni ora lavorata è inferiore a quello degli altri Paesi dell’Ue. Un problema, dunque, da ricercare non tanto nella quantità di persone che svolgono un impiego o nella durata dei turni di lavoro, quanto nella qualità dell’occupazione, nella distribuzione e nell’organizzazione delle attività produttive.
Italia, produttività in calo per occupati e ore lavorate
Nel dettaglio, la statistica europea ha rilevato nel primo trimestre di quest’anno, rispetto allo stesso periodo del 2025, un calo della produttività italiana sia per occupato (-0,3%) che per ora lavorata (-0,1%). Nel frattempo, tutti i più grandi partner europei hanno invece incrementato la quantità di output generata per unità di lavoro: in Germania il +1,1% per persona e il +0,9% per ora lavorata. In Francia, rispettivamente, il +0,7% e il +1%. Risultati positivi anche in Spagna, con il +0,3% e il +0,5%, e in Polonia, con significativi aumenti percentuali del +2,3 e +2,8.
Produttività italiana in calo da anni
Le cattive performance italiane, messe ancor più in risalto da un quadro europeo che invece fa progressi, non sono comunque una novità del momento. Il trend negativo della produttività persiste da anni. All’inizio del 2025 il valore economico generato per occupato e ora di lavoro in Italia era diminuito dello 0,8% e dello 0,4% rispetto all’anno precedente. E anche nei primi mesi del 2024 si registravano contrazioni pari al -1% e al -2%. In questi anni, insomma, la produttività ha avuto un crollo verticale, riflettendo, inoltre, evidenti disuguaglianze interne.
Produttività in Sicilia e nel Sud Italia
Eurostat, infatti, offre anche una panoramica a livello regionale, seppur in questo caso i dati annuali più aggiornati risalgano al 2024. Scendendo nel dettaglio dei singoli territori italiani, il maggior calo della produttività per lavoratore riguarda le Isole (-2,1%) e il Sud (-1,2%), con riduzioni più contenute al Centro (-1%), al Nord-Est (-0,8%) e al Nord-Ovest (-0,6%). Quanto alle specifiche regioni, il dato peggiore in assoluto è quello di Sicilia e Umbria. In entrambi i casi, il calo è stato del 2,4% rispetto all’anno precedente. Seguono Toscana (-2,1%), Piemonte e Molise (-1,9%), Liguria (-1,7%) e Campania (-1,5%).
Occupazione in crescita ma produttività in calo
Come si diceva, però, il crollo della produttività italiana non è connesso a un calo dei lavoratori, che anzi stanno aumentando. Nel gruppo delle maggiori economie europee, l’Italia ha ottenuto tra il 2024 e il 2025 uno dei risultati migliori sia in termini di tasso d’occupazione (+0,5 punti percentuali) sia in quanto a numero di occupati (oltre 290 mila nuovi lavoratori). Da questo punto di vista, la nostra Penisola è preceduta solo dalla Spagna. Un’ulteriore dinamica che (visti i dati sulla produttività in controtendenza) sembra suggerire come l’occupazione creata in Italia in questi anni non abbia caratteristiche tali da portare all’economia del Paese quel contributo che ci si aspetterebbe.
I settori con più occupati ma bassa produttività
Si offrono così spunti di analisi che coinvolgono diversi aspetti del mondo del lavoro. Tra gli altri, l’effettivo livello di produttività dei comparti in cui i lavoratori sono aumentati di più. Già l’anno scorso, Istat segnalava come l’occupazione fosse cresciuta soprattutto in settori ad alto impiego di forza lavoro ma a scarsa produttività (costruzioni, ricettività, servizi alla persona). Ma, a far da sfondo al quadro occupazionale, c’è anche la questione anagrafica, con l’aumento dei lavoratori che ha riguardato tutte le fasce d’età esclusi i più giovani, e con maggior riguardo per la fascia 50-64 anni, complici anche invecchiamento demografico e riforme pensionistiche. Una cornice che lascia meno spazio ai giovani più qualificati, generando anche un effetto collaterale: la dispersione dell’investimento pubblico sostenuto per la formazione di questo capitale umano, che viene di fatto “regalato” al Paese o al luogo in cui il lavoratore decide di trasferirsi."
