date_str,source,url,themes,locations,persons,organizations,tone,translation_info,full_text
20260708192942,Macitynet.it,https://www.macitynet.it/da-azienda-europea-un-programma-per-la-prossima-generazione-di-robot-umanoidi/,,,,,,srclc:ita,"Un robot che impara guardando, non con il codice. È questo il cuore dell’annuncio di UMA al Machina Summit: la startup europea di IA fisica ha mostrato il suo primo robot umanoide, costruito attorno a Real-Time Learning, un’architettura che sostituisce la programmazione manuale con l’apprendimento per dimostrazione. Dietro il debutto c’è un problema concreto e già misurato: Korn Ferry stima un deficit globale di 85 milioni di lavoratori entro il 2030, per 8,5 trilioni di dollari di produzione persa. UMA vuole entrare esattamente in quel vuoto.
“Le sfide in ambito demografico, industriale e ambientale indicano tutte la stessa realtà: le società hanno bisogno di una capacità produttiva maggiore”, ha dichiarato Rémi Cadène (ex ricercatore Tesla) CEO e cofondatore di UMA. “Riteniamo che i robot intelligenti diventeranno parte della soluzione, non un sostituto delle persone, ma una nuova categoria di strumenti che consentirà di dedicare più tempo a ciò che le macchine non saranno mai in grado di sostituire: creatività, discernimento, innovazione e cura degli altri”.
Robotica progettata per il mondo reale
Per UMA, la robotica umanoide non si limita allo sviluppo di dimostrazioni tecnologiche. L’obiettivo, afferma, è “sviluppare robot in grado di creare un valore immediato in ambienti già realizzati per le persone, compresi fabbriche, magazzini, centri logistici e strutture industriali”. “L’architettura umanoide consente loro di utilizzare gli strumenti esistenti, integrarsi senza problemi nelle infrastrutture presenti e collaborare in modo naturale con i team esistenti”.
Questa strategia di progettazione va oltre l’aspetto dell’hardware. Grazie all’interazione con il mondo fisico in modi che riflettono il comportamento umano, secondo UMA i robot in questione sono in grado di apprendere in modo più efficiente dalle dimostrazioni, ricevere indicazioni ove necessario e migliorare continuamente le loro prestazioni in ambienti operativi.
Sebbene gran parte dell’odierno settore della robotica umanoide si trovi in equilibrio tra macchine altamente meccaniche caratterizzate da complessità tecnica e prodotti ispirati dai consumatori e progettati per sembrare semplici, UMA ha scelto deliberatamente una direzione diversa, quella che chiama “macchina vestita”: i suoi robot integrano proporzioni su scala umana con un visore neutro anziché caratteristiche facciali, eliminando l’ambiguità tra uomo e macchina. Un rivestimento esterno morbido e tecnico si abbina a giunture meccaniche volutamente a vista, che valorizzano l’identità del robot anziché nasconderla.
Anziché ottimizzarlo per dimostrazioni di breve durata, UMA riferisce di avere progettato il proprio robot “in modo che possa guadagnarsi la fiducia tramite l’utilizzo quotidiano”. L’obiettivo non è costruire una macchina in grado di stupire sul palco, bensì di integrarsi con naturalezza nelle operazioni industriali e di diventare un partner affidabile nel tempo.
Real-Time Learning: insegnare ai robot nel modo in cui le persone imparano
Al centro della piattaforma di UMA la convinzione che i robot del futuro dovrebbero imparare nello stesso modo delle persone. Quando le persone affrontano una nuova attività, osservano, sperimentano, si esercitano e migliorano poco a poco fino a padroneggiarla completamente. Il Real-Time Learning applica lo stesso principio alla robotica consentendo ai robot di acquisire nuove capacità dalle dimostrazioni, adeguarsi a situazioni non note e perfezionare continuamente la loro esecuzione tramite l’esperienza.
Anziché richiedere agli ingegneri di riprogrammare manualmente i robot per ogni nuova applicazione, la piattaforma consente ai robot di apprendere continuamente dal loro ambiente, rendendoli notevolmente più flessibili e facilmente impiegabili in un ampio ventaglio di ambienti industriali.
Come spiegato da Cadène, la sfida del settore non è più costruire robot in grado di svolgere singole attività, bensí di impararne di nuove.
Former Tesla scientist Rémi Cadene plans to produce a humanoid AI robot for manufacturing, logistics and homes, with his Paris-based startup #UMA. He showed an early prototype at their Paris HQ yesterday : pic.twitter.com/qxCRs8Zn9A
— Benoît Berthelot (@BenoitBerthelot) July 7, 2026
Sviluppare l’IA fisica in Europa
Sebbene la corsa della robotica umanoide sia oggi guidata principalmente da Stati Uniti e Cina, UMA ritiene che l’Europa rappresenti un’opportunità esclusiva per guidare il prossimo capitolo dell’IA fisica.
La regione integra ricerca scientifica del massimo livello, una solida base industriale e una domanda in crescita di automazione guidata da carenze strutturali di manodopera. Per UMA, l’Europa non è solo il luogo in cui l’azienda è stata fondata, “ma il posto in cui i robot intelligenti possono creare valore più rapidamente”.
In house embodied AI designed for robust and continuous operation. https://t.co/fmDGnCTp8a
— Pierre Sermanet (@psermanet) July 7, 2026
Espandere il potenziale umano
La presentazione è indicata come qualcosa che rispecchia ua più ampia visione di UMA per l’IA fisica: macchine intelligenti in grado di apprendere in modo continuo, adeguarsi e lavorare con le persone per affrontare alcune delle sfide sociali più impellenti in ambito demografico, industriale e ambientale.
“Siamo ancora all’inizio di questo viaggio,” ha affermato Cadène. “I robot umanoidi impiegheranno anni per raggiungere la diffusione su larga scala, proprio come Internet e gli smartphone hanno richiesto del tempo prima di trasformare interi settori. Siamo certi che i robot intelligenti ridefiniranno l’economia fisica nello stesso modo.”
“Un giorno i robot contribuiranno alla produzione di generazioni future di robot, accelerando la loro stessa diffusione. Ma la nostra ambizione non è mai stata quella di sostituire le persone. È invece di espandere ciò che le persone sono in grado di fare, dare a tutti più tempo per creare, risolvere problemi e concentrarsi su ciò che le rende squisitamente umane”."
20260708185504,Targatocn.it,https://www.targatocn.it/2026/07/08/leggi-notizia/articolo/crisafi-remind-costruiamo-insieme-litalia-che-abiteremo.html,,,,,,srclc:ita,"ROMA (ITALPRESS) - Si è svolta a Roma la nuova edizione de L’Italia che Abiteremo by Remind presso la Sala Biblioteca a Palazzo INAIL. L’incontro, promosso da Remind (Associazione delle Buone Pratiche dei Settori Produttivi della Nazione), rappresenta un momento di riflessione dedicato al presente e al futuro delle città, delle periferie e dei territori, in un contesto di profonda trasformazione dei luoghi dove le persone vivono, operano e transitano.
Con il contributo di esperti, decision-maker e leader del settore, l’incontro ha affrontato i temi dell’immobiliare allargato, delle infrastrutture e della mobilità, con particolare attenzione alle sfide della sostenibilità ambientale, dell’innovazione tecnologica, della sicurezza integrata e della qualità della vita.
L’iniziativa si è aperta con l’Inno d’Italia interpretato dalla Soprano Lucia Rubedo.
Ad introdurre i lavori il Cavaliere di Gran Croce Paolo Crisafi, Presidente di Remind, che ha così dichiarato «Le profonde evoluzioni che stanno ridefinendo l’abitare e la qualità della vita, insieme all'avvio del Piano Casa - promosso dal Governo guidato dal Presidente del Consiglio Giorgia Meloni e dai Vicepresidenti e Ministri Matteo Salvini e Antonio Tajani unitamente al Parlamento-, impongono una visione strategica condivisa e una collaborazione sempre più sinergica tra Istituzioni e Imprese. Con l’Italia che Abiteremo by Remind intendiamo promuovere un dialogo sulle grandi sfide dell'abitare, della mobilità, della rigenerazione urbana, della sostenibilità e della valorizzazione del patrimonio pubblico e privato, favorendo la condivisione di esperienze, competenze e progettualità orientate a soluzioni innovative e concretamente realizzabili. Oggi più che mai è necessario mettere a fattor comune le buone pratiche creando un patrimonio condiviso di conoscenze che possa supportare le amministrazioni pubbliche e gli operatori nella definizione di interventi efficaci, replicabili e sostenibili. Solo rafforzando il dialogo tra Pubblico e Privato sarà possibile definire e attuare politiche industriali immobiliari e infrastrutturali per territori e città più resilienti, sicure e orientate al benessere dei cittadini dove vivono, operano e transitano. Costruiamo insieme l’Italia che abiteremo!».
L’incontro ha visto l’illustre partecipazione di esponenti del Governo e del Parlamento Italiano ed Europeo.
Ad aprire i lavori è stato il ministro del Turismo, Gianmarco Mazzi, che ha ribadito la necessità di orientare le risorse pubbliche verso la capacità di attrarre investimenti privati: ""Tutte le risorse che mette il settore pubblico, e che non sono illimitate, devono essere funzionali a innescare le risorse private"". Il ministro ha quindi richiamato l'importanza di un'Italia sempre più connessa e dell'innovazione tecnologica, osservando che ""oggi il turista è tecnologico, è sparito il turista occasionale"". Ampio spazio è stato dedicato al turismo dei borghi e ai cammini spirituali, definiti nuovi attrattori per la destagionalizzazione dei flussi. Mazzi ha annunciato che il 30 luglio sarà inaugurato il Cammino di Francesco, mentre il 16 ottobre, in collaborazione con la Polonia, verrà lanciato il percorso dedicato a Giovanni Paolo II. ""Gli investimenti del ministero per i piccoli comuni puntano alla crescita per garantire una maggiore qualità per cittadini, turisti e ambiente"", ha concluso.
A seguire, in collegamento da Bruxelles, Irene Tinagli, Presidente Commissione Speciale sulla Crisi degli Alloggi nell'Unione Europea del PE, ha sottolineato come, ""per la prima volta a livello europeo"", il tema dell'abitare sia diventato una priorità delle istituzioni comunitarie. ""Abitare è ormai un problema che sta creando criticità sociali ed economiche, oltre che di coesione territoriale"", ha spiegato, ricordando che un anno e mezzo fa il Parlamento europeo ha istituito una commissione speciale sulla crisi abitativa. Tinagli ha evidenziato l'aumento dei costi nelle grandi città, in particolare per gli studenti e le fasce più fragili, ribadendo la necessità di sostenere gli investimenti, accelerare la realizzazione di nuove soluzioni abitative e favorire l'accesso al credito. ""L'Unione europea può intervenire e sta facendo un grande lavoro per dare risposte all'emergenza abitativa"", ha concluso.
Marco Daviddi, Consigliere Delegato Remind per l’Immobiliare Allargato e Managing Partner EY-Parthenon Italia, ha evidenziato che l'Italia ""non è un Paese in crisi"", ma deve accelerare sulle trasformazioni strutturali per rafforzare la propria competitività. Secondo Daviddi, le sfide decisive per il futuro riguardano demografia, innovazione ed energia: ""Il principale rischio per l'Italia non è la mancanza di risorse o di potenziale, ma l'illusione che il tempo giochi ancora a nostro favore"". Il professionista ha inoltre sottolineato come il Paese continui ad attrarre investimenti, osservando che ""oggi l'Italia è considerata uno dei posti migliori a livello di turismo, con una grande domanda di investimenti"".
Dario Lo Bosco, Amministratore Delegato FS Engineering, ha evidenziato il ruolo dell'intelligenza artificiale nella prevenzione dei rischi sul lavoro, ribadendo l'obiettivo di ""arrivare a zero morti sul lavoro"". Lo Bosco ha inoltre ricordato la realizzazione di una sala digitale ad alta tecnologia per il sistema ferroviario italiano, con l'impiego anche dei droni, per rafforzare la sicurezza, la connessione tra i territori e favorire occupazione e progresso.
Mario Valducci, Presidente di Invimit Sgr, ha richiamato l'attenzione sulla crescente pressione abitativa e sul ruolo del Piano Casa nel dare risposte concrete. ""Le risorse devono essere gestite su base regionale"", ha spiegato, indicando due priorità per le Regioni: utilizzare i fondi europei ancora inutilizzati e valorizzare il patrimonio immobiliare già esistente, a partire dagli immobili abbandonati.
A delineare la concretezza dei progetti operativi è stato Gabriele Scicolone, consigliere delegato Remind e Amministratore Delegato Artelia Italia, il quale ha posto l'accento sulla dimensione operativa del Piano Casa, sottolineando che ""la rigenerazione urbana deve tradursi in cantieri reali e non restare un impianto normativo"", richiamando la necessità di coerenza tra strumenti, tempi amministrativi e capacità di esecuzione.
Sul fronte del sostegno alle famiglie e ai giovani, Sestino Giacomoni, Presidente Consap, ha evidenziato il ruolo della digitalizzazione e delle garanzie pubbliche nelle politiche abitative e sociali. ""Sono ottimista e fiducioso: tra il genio italico e l'utilizzo dell'intelligenza artificiale creeremo città bellissime"", ha affermato, richiamando però le sfide legate al calo demografico, all'immigrazione e all'invecchiamento della popolazione. Giacomoni ha ricordato il ruolo dei due fondi gestiti da Consap a sostegno del futuro abitativo, citata anche dal presidente del Consiglio Giorgia Meloni.
Marco Osnato, presidente della Commissione Finanze della Camera dei deputati, ha posto l’attenzione sul ruolo del Piano Casa, approvato definitivamente dal Parlamento, come strumento per affrontare una delle emergenze sociali più rilevanti e a lungo trascurate degli ultimi anni: l’accesso all’abitazione. Osnato ha evidenziato come esista una fascia sempre più ampia di cittadini che, pur avendo un lavoro stabile e contribuendo al sistema fiscale, si trova in difficoltà nel riuscire ad accedere sia all’edilizia residenziale pubblica sia alle soluzioni offerte dal mercato privato. Una condizione di “zona grigia” che, secondo il presidente della Commissione Finanze, per troppo tempo non ha trovato adeguato spazio nel dibattito politico e nelle strategie di intervento. Durante l’incontro, Osnato ha sottolineato come il tema abitativo sia tornato al centro dell’azione di governo attraverso un approccio orientato a misure concrete e non soltanto a dichiarazioni di principio. Il Piano Casa viene indicato come un cambio di passo rispetto al passato, con l’obiettivo di superare una visione concentrata esclusivamente su aspetti tecnici e urbanistici della costruzione, per mettere finalmente al centro la domanda abitativa e le esigenze delle persone.
Rossana Ciuffetti, Direttore Area Sport Impact di Sport e Salute, ha evidenziato il ruolo dello sport come strumento di rigenerazione urbana, inclusione sociale e promozione del benessere. Attraverso iniziative come Sport nei Parchi, Bici in Comune e Sport Illumina, Sport e Salute punta a riqualificare spazi urbani e impianti dismessi, trasformandoli in luoghi di aggregazione e partecipazione.
Domenico Siclari, Presidente di Sidief, ha sottolineato il ruolo strategico della gestione professionale della locazione residenziale: ""Rappresenta una leva per città più inclusive e competitive, favorendo la mobilità e sostenendo i lavoratori nei loro progetti di vita e carriera"". Siclari ha evidenziato come le società immobiliari possano contribuire alla riqualificazione dei contesti urbani, ""generando qualità, valore sociale, vivacità economica e culturale nelle comunità locali"".
Massimiliano Pierini, Direttore Generale di RX Italia, ha sottolineato la necessità di ripensare i modelli abitativi in una fase di profonda trasformazione sociale. ""Servono nuovi orizzonti per nuove esigenze"", ha affermato, evidenziando l'importanza di creare spazi più moderni, flessibili e capaci di migliorare la qualità della vita e il benessere delle persone.
Ferruccio Ferranti, Amministratore Delegato di Mediocredito Centrale, ha ribadito la necessità di mettere sempre al centro le persone nelle politiche e nei piani industriali. ""Donna e uomo devono essere al centro, perché ognuno deve avere un ruolo all'interno della comunità"", ha affermato, sottolineando l'importanza di uno sviluppo capace di valorizzare il contributo di tutti.
Marcello Presicci, Presidente Advisory Board FEduF, ha evidenziato il ruolo del capitale istituzionale come patrimonio di fiducia, credibilità e relazioni indispensabile per affrontare le sfide della complessità. Rafforzare questo capitale, ha spiegato, significa favorire il dialogo tra i diversi attori, costruire alleanze solide e creare valore duraturo per organizzazioni e territori.
Su questa linea si inserisce il tema della valorizzazione del patrimonio pubblico affrontato da Filippo Salucci dell'Agenzia del Demanio, che ha illustrato i Piani Città come ""strumenti innovativi di pianificazione integrata per la valorizzazione del patrimonio pubblico"", con l'obiettivo di trasformare edifici dismessi o sottoutilizzati in spazi restituiti alla collettività, generando ""valore sociale, economico e ambientale"" e rafforzando il legame tra territori e comunità.
Sul fronte del mercato immobiliare, Gianni Guerrieri, direttore centrale Osservatorio Mercato Immobiliare dell'Agenzia delle Entrate, ha tracciato un quadro dell'andamento del settore italiano, evidenziando la ripresa registrata nell'ultimo decennio dopo la crisi del 2008-2013.
Il comparto residenziale ha raggiunto livelli elevati di compravendite, sostenuto dalla dinamica dei mutui e dal recente calo dei tassi di interesse, mentre nel mercato delle locazioni si osserva una ricomposizione dei contratti, con una diminuzione di quelli a lungo termine.
A completare il quadro della qualità dell'abitare è intervenuto Giulio Gravina, presidente del Dipartimento Sicurezza Urbana e Sussidiaria di Remind e Cofondatore del Gruppo Italpol, che ha sottolineato il legame tra sicurezza urbana e valore delle abitazioni. ""La questione sicurezza è importantissima per la questione casa"", ha affermato, citando il caso di Milano dove il tema è al centro del dibattito. Secondo Gravina, città più sicure favoriscono la permanenza dei cittadini e contribuiscono anche alla valorizzazione del patrimonio immobiliare.
A seguire, ha proseguito i lavori Gianluca Loffredo Sub Commissario Ricostruzione Sisma 2016. Egli ha posto l'accento sul valore strategico delle aree interne, sottolineando come la valorizzazione dei territori passi attraverso nuove opportunità economiche, sicurezza e qualità della vita. La ricostruzione, ha osservato, può rappresentare un'occasione per rafforzare il legame tra comunità e territorio, contrastando spopolamento e marginalità.
Luigi Ferrara, Capo Dipartimento Casa Italia, ha sottolineato come l'abitare stia vivendo una fase di profonda trasformazione socio culturale, con le nuove generazioni che hanno un rapporto diverso con la casa rispetto al passato. ""Bisogna pensare all'abitare del domani puntando sulla qualità e non sulla quantità"", ha affermato, evidenziando il ruolo della ricerca e dell'università nell'affrontare le sfide climatiche ed energetiche. Il Piano Casa, ha aggiunto, rappresenta un'opportunità per costruire nuove risposte alle esigenze future, mettendo al centro non solo gli spazi abitativi ma anche i bisogni delle persone.
Su questo fronte, Massimiliano Geoli, segretario generale della Croce Rossa Italiana, ha ribadito che ""tutto parte dall'ascolto dei bisogni delle persone"", ricordando la rete capillare della CRI, composta da oltre 152 mila volontari e circa 700 comitati territoriali. ""Sono pezzi di comunità che preparano e supportano la comunità"", ha spiegato, sottolineando come al centro debba esserci sempre l'attenzione alla persona, garantendo un tetto e un supporto a chi affronta situazioni di difficoltà""Accorciare queste distanze: questo fa la Croce Rossa"", ha aggiunto, ricordando che solo nel 2025 sono state accolte 70 mila telefonate attraverso i servizi dell'organizzazione.
Nel corso dell’iniziativa “L’Italia che abiteremo”, l’Assessore alla Tutela del Territorio, Demanio e Patrimonio della Regione Lazio Fabrizio Ghera ha sottolineato l’importanza di un confronto tra istituzioni, mondo pubblico e privato per costruire nuove strategie sull’abitare del futuro. Un percorso che, dopo la conclusione del Pnrr e alla vigilia delle nuove politiche sulla casa, punta a offrire risposte concrete a giovani, famiglie e categorie più fragili, creando al contempo un quadro stabile per lo sviluppo e gli investimenti. Ghera ha evidenziato come abitare significhi non solo pianificare interventi immobiliari, ma promuovere una visione più ampia fondata sulla sostenibilità, sulla tutela dei territori e sulla centralità delle comunità e delle persone.
A seguire, Ivano Ilardo, Senior Partner del Gruppo RYZE, ha evidenziato la trasformazione del settore immobiliare: “Gli immobili non sono più asset statici, ma spazi che devono adattarsi con continuità ai cambiamenti della domanda”. Secondo Ilardo, il valore non si misura più soltanto in metri quadrati o rendimento economico, ma nella capacità di generare qualità della vita, servizi e opportunità per persone e territori.
“Servono nuovi modelli di analisi e valutazione, capaci di integrare competenze diverse e orientare capitali e decisioni”, sottolinea. Sul fronte dell'innovazione e della ricerca, Marcello Cattani, consigliere delegato Remind Industria, Innovazione e Ricerca e presidente di Farmindustria, ha sottolineato il ruolo strategico della scienza, della tecnologia e dell'industria farmaceutica nel miglioramento della qualità della vita dei cittadini. Cattani ha evidenziato il peso crescente del settore, che nel 2025 ha raggiunto il record di produzione industriale con 74 miliardi di euro, e il percorso di ammodernamento intrapreso dal sistema sanitario italiano. ""L'Italia ha una voce fortissima in Europa"", ha affermato, richiamando anche il tema dei criteri che regolano il sistema dei brevetti e la necessità di sostenere la competitività del Paese.
Ha contribuito all’iniziativa anche Don Davide Banzato. Nel suo messaggio rivolto a Paolo Crisafi ha sottolineato l’importanza di una nuova visione dell’abitare, capace di mettere al centro non solo gli aspetti urbanistici e infrastrutturali, ma soprattutto le persone e la qualità della vita nelle città e nelle periferie. Egli ha evidenziato il valore della collaborazione tra istituzioni, comunità, imprese e territori per creare luoghi più inclusivi, con particolare attenzione alle fasce più fragili, come anziani e giovani. Secondo Don Banzato, i quartieri del futuro devono essere pensati come spazi di comunità, capaci di offrire servizi di prossimità, ascolto, sostegno e opportunità di crescita, contrastando isolamento, disagio sociale e forme di esclusione. Ha inoltre richiamato il concetto di un “nuovo umanesimo integrale”, dove abitare significa costruire relazioni, promuovere partecipazione e creare ambienti urbani con una dimensione umana. In questo senso, ha riconosciuto il valore dell’iniziativa di Remind nel riportare il tema dell’abitare al centro di un confronto ampio tra cittadini, famiglie, imprese e istituzioni, orientato alla costruzione di città più solidali e inclusive.
A chiudere i lavori della mattinata è stato Renato Loiero, consigliere del Presidente del Consiglio, che ha definito il Piano Casa ""la prima politica nazionale organica sull'abitare dopo anni di frammentazione"". Loiero ha evidenziato il ruolo strategico del comparto immobiliare allargato, rappresentato anche da Remind, come filiera che integra abitare, infrastrutture, energia e mobilità, ponendo al centro la riflessione su chi e come abiterà l'Italia del futuro. Ha inoltre richiamato la necessità di valorizzare il patrimonio esistente, citando il caso dei circa 10 mila castelli presenti in Italia ancora non pienamente valorizzati, e sottolineando che alle risorse pubbliche deve affiancarsi il contributo dei privati, perché ""quelle non bastano"".
Nel pomeriggio, i lavori sono ripartiti analizzando la portata macroeconomica delle nuove misure governative. L’Onorevole Erica Mazzetti, Presidente dell’Intergruppo Parlamentare Progetto Italia per i lavori pubblici, l’edilizia e l’urbanistica, ha sottolineato l’importanza del confronto promosso da Remind quale occasione di dialogo e collaborazione tra istituzioni, imprese e professionisti, con l’obiettivo di individuare strategie condivise per lo sviluppo del Paese.
Nel suo intervento ha ribadito l’impegno dell’Intergruppo nel sostenere politiche orientate allo sviluppo, all’innovazione e alla sostenibilità, promuovendo la modernizzazione delle infrastrutture, del patrimonio edilizio e del tessuto urbano attraverso un’azione sinergica tra pubblico e privato.
Dopo di lei è intervenuto Giorgio Pieralli, Direttore Immobiliare di CDP, che ha evidenziato come l’emergenza abitativa rappresenti una sfida di rilevanza nazionale ed europea, sottolineando la necessità di realizzare edifici sempre più flessibili, efficienti e salubri, in grado di rispondere ai nuovi bisogni abitativi e sociali. Nel corso del suo intervento ha illustrato l’impegno di CDP nel settore dell’housing sociale, ricordando gli investimenti effettuati sia attraverso fondi immobiliari dedicati sia mediante fondi destinati allo sviluppo delle residenze universitarie (student housing). Ha inoltre richiamato l’attività di finanziamento promossa da CDP a sostegno dell’edilizia residenziale pubblica, con interventi finalizzati alla ristrutturazione degli alloggi, all’incremento dell’accessibilità e al miglioramento della qualità dell’abitare, con particolare attenzione alle esigenze delle persone più fragili e delle fasce sociali maggiormente vulnerabili.
Renato Loiero Consigliere del Presidente del Consiglio è intervenuto soffermandosi sull’approccio del Governo in materia di rigenerazione del territorio e del patrimonio abitativo, indicando il Piano Casa come uno degli strumenti strategici per affrontare le principali sfide del settore. Nel suo intervento ha evidenziato la necessità di coniugare politiche abitative, sostenibilità energetica, qualità dei servizi e sicurezza, con l’obiettivo di tutelare il risparmio delle famiglie e migliorare le condizioni dell’abitare. Ha inoltre ricordato lo stanziamento di 975 milioni di euro destinato al recupero e alla riqualificazione del patrimonio immobiliare, finalizzato ad aumentare la disponibilità di alloggi a prezzi accessibili e a promuovere interventi di rigenerazione urbana. Particolare attenzione è stata dedicata anche alla tutela delle persone e delle famiglie in condizioni di maggiore fragilità, ribadendo l’importanza di politiche abitative inclusive capaci di rispondere ai bisogni sociali emergenti e di favorire una crescita equilibrata dei territori. Un altro Consigliere è intervenuto subito dopo.
Marco Rago, Consigliere del Ministro degli Affari Esteri e della Cooperazione Internazionale, ha sottolineato come l’abitare rappresenti un pilastro della convivenza civile e un elemento fondamentale per la sicurezza, la sostenibilità e la qualità della vita. Nel suo intervento ha evidenziato il valore del modello italiano, fondato sulla tutela del territorio, sulla coesione sociale e sul benessere delle persone, ribadendo l’importanza di un dialogo costante tra istituzioni, imprese e società civile. Ha inoltre richiamato il ruolo strategico della collaborazione tra pubblico e privato e la necessità di riservare momenti di confronto e riflessione per individuare soluzioni condivise e favorire uno sviluppo più inclusivo e sostenibile.
In linea con il tema della collaborazione tra istituzioni e della necessità di tradurre il confronto in azioni concrete, Paolo Grasso, Capo di Gabinetto del Vicepresidente del Consiglio Matteo Salvini, ha illustrato le linee guida del Piano Casa 2026. Ha evidenziato l'obiettivo di ampliare l'offerta abitativa attraverso il recupero e la valorizzazione del patrimonio edilizio esistente, il rafforzamento dell'edilizia sociale e nuovi strumenti a sostegno delle famiglie escluse dal mercato libero.
Ha inoltre sottolineato che il Piano sarà accompagnato da misure di semplificazione amministrativa e da interventi di supporto per favorire un'attuazione efficace delle nuove politiche abitative.
In seguito, Massimo Ponzellini, Presidente del Dipartimento Remind Cultura dell’Abitare, ha posto l’attenzione sulle principali trasformazioni demografiche che stanno ridefinendo il tema dell’abitare, soffermandosi sul diritto alla casa, sulle dinamiche dell’immigrazione e sull’invecchiamento della popolazione. Ha inoltre evidenziato come urbanizzazione e sicurezza rappresentano sfide centrali per le politiche abitative, sottolineando la necessità di sviluppare modelli di città capaci di rispondere ai nuovi bisogni sociali e di garantire una migliore qualità della vita.
Proseguendo con il tema dell’Italia del futuro è intervenuto Francesco Burrelli, Presidente di Anaci e Vicepresidente di Remind, che ha incentrato il suo intervento sul Piano Casa, ribadendo la necessità di ""mettere al centro la persona"" nella progettazione delle politiche abitative. Ha richiamato l’attenzione sull’evoluzione demografica del Paese, interrogandosi su chi abiterà le case del futuro e su quali servizi saranno necessari per garantire qualità della vita e inclusione. Ha inoltre evidenziato l’importanza dell’innovazione tecnologica, dell’accessibilità degli edifici e di una gestione efficiente dei cantieri, quali elementi fondamentali per realizzare un patrimonio abitativo moderno e adeguato ai bisogni delle comunità.
Riprendendo il tema della qualità dell’abitare e della necessità di sviluppare modelli urbani capaci di rispondere alle nuove esigenze sociali e ambientali, Fabrizio Capaccioli, Presidente di GBC Italia, ha evidenziato la leadership dell’Italia nel campo della sostenibilità edilizia, ricordando come il Paese sia tra i primi dieci al mondo per numero di edifici certificati. Capaccioli ha sottolineato l’importanza di utilizzare protocolli di sostenibilità nella gestione degli investimenti, soprattutto in una fase caratterizzata da un significativo afflusso di risorse verso l’Italia, con l’obiettivo di ridurre l’impatto ambientale e migliorare la qualità della vita degli abitanti.
Proseguendo il confronto sul futuro delle politiche abitative e sul ruolo della collaborazione tra pubblico e privato, Giorgio Spaziani Testa, Presidente di Confedilizia, ha evidenziato il ruolo decisivo della proprietà immobiliare per favorire l’ampliamento dell’offerta abitativa, sottolineando che senza fiducia dei proprietari non può crescere l’offerta in locazione. Ha richiamato la necessità di mettere a disposizione gli immobili, in particolare quelli destinati alle fasce più in difficoltà, attraverso un sistema capace di integrare l’intervento pubblico con il contributo dei privati. Secondo Spaziani Testa, il settore pubblico deve essere in grado di fornire risposte efficaci per ridurre la pressione abitativa complessiva, affiancando misure di sostegno e incentivi rivolti agli inquilini.
Rimanendo sullo stesso tema, Alfredo Ingletti, Chairman di 3TI Progetti e Presidente di FIDIC, ha portato tre spunti di riflessione sul Piano Casa, sottolineando la necessità di sviluppare una visione più ampia del tema dell’abitare. Secondo Ingletti, infatti, il Piano non deve occuparsi soltanto della casa in quanto edificio, ma anche di tutto ciò che contribuisce a renderla un luogo di qualità: servizi, infrastrutture, spazi comuni e contesto urbano. Ha inoltre evidenziato come gli interventi sul patrimonio immobiliare rappresentino una grande opportunità per accompagnare il settore verso una maggiore sostenibilità del costruito, riducendo l’impatto ambientale e migliorando l’efficienza degli edifici.
Andrea Migliore, Responsabile Global Business Development & Sales di RINA Prime, ha sottolineato l’importanza di lavorare sulla comunicazione e sulla consapevolezza collettiva rispetto al tema della trasformazione delle città. Ha evidenziato come spesso, quando si parla di costruire il futuro urbano, si immagini uno scenario fortemente futuristico, mentre la vera sfida riguarda soprattutto la valorizzazione e la trasformazione del patrimonio esistente. Migliore ha ricordato infatti che gli edifici realizzati dopo il 2000 rappresentano una quota molto contenuta del patrimonio immobiliare italiano, caratterizzato invece da una presenza significativa di immobili storici, datati, frammentati e in alcuni casi non adeguatamente gestiti.
Proseguendo il confronto sul futuro dell’abitare e sulla necessità di una rigenerazione capace di unire sostenibilità, qualità e attenzione alle persone, Andrea Marchiori, CEO di Techbau, ha posto al centro del suo intervento il tema della qualità dell’abitare, evidenziando come negli ultimi anni l’azienda si sia affacciata con maggiore attenzione al settore dell’edilizia abitativa e residenziale. Marchiori ha sottolineato come la rigenerazione urbana rappresenti una delle principali opportunità per il futuro delle città, non limitandosi al recupero degli immobili ma coinvolgendo anche i contesti in cui questi si inseriscono. Ha portato come esempio uno studentato nel cuore di Roma, realizzato in collaborazione con il Comune, quale intervento è volto a restituire funzione e valore a spazi già esistenti.
Secondo Muhannad Al Salhi, CEO di Engel & Völkers, il futuro del settore immobiliare italiano sarà determinato dalle scelte compiute oggi, con sostenibilità e innovazione destinate a diventare elementi centrali nella progettazione, nell’acquisto e nella fruizione degli spazi abitativi. Dall’osservazione delle esigenze dei clienti emerge un cambiamento profondo: il valore di un immobile non dipende più soltanto dalla posizione o dalle caratteristiche costruttive, ma anche dalla capacità di garantire efficienza energetica, comfort, tecnologia e benessere. Gli edifici ad alte prestazioni energetiche rappresentano quindi un nuovo parametro di qualità, grazie alla riduzione dei consumi e alla maggiore capacità di mantenere il proprio valore nel tempo. Al Salhi sottolinea inoltre il ruolo della rigenerazione urbana, che sta trasformando quartieri e città attraverso interventi capaci di unire sviluppo economico, inclusione e servizi. Il futuro dell’abitare, secondo il manager, sarà sempre più legato alla valorizzazione del patrimonio esistente e alla creazione di comunità più vivibili e connesse.
Leonardo Cavalli, Presidente di One-Works, ha sottolineato come “la città non sia più un concetto statico, ma un organismo in continua trasformazione”, evidenziando le nuove dinamiche che stanno modificando i territori, tra grandi aree urbane sempre più attrattive e realtà in fase di contrazione. Egli ha inoltre richiamato l’importanza di superare una visione dell’abitare limitata alla singola abitazione: le persone non sono solo individui che vivono in una casa, ma parte di comunità più ampie che condividono spazi, servizi e identità urbane. La sfida del futuro, quindi, è progettare città capaci di creare connessioni, inclusione e qualità della vita.
Andrea Galoni, Amministratore Unico di Saico, ha posto l’accento sulla nuova sfida dell’abitare in Italia, che oggi non riguarda più soltanto la programmazione o la disponibilità di risorse, ma soprattutto la capacità di tradurre le strategie in interventi concreti. Nel suo intervento ha evidenziato la crescente domanda abitativa proveniente soprattutto da giovani, studenti, lavoratori fuori sede e famiglie che si trovano spesso in una posizione intermedia: escluse dall’edilizia residenziale pubblica ma con difficoltà ad accedere al mercato libero. Secondo Galoni, la priorità è quindi aumentare l’offerta abitativa attraverso soluzioni innovative e sostenibili, capaci di rispondere ai nuovi bisogni sociali e di accompagnare l’evoluzione delle città.
Andrea Dongarrà, Consigliere Remind per la Rigenerazione Urbana, ha sottolineato come il tema dell’abitare rappresenti oggi una delle principali sfide per il futuro del Paese. Nel suo intervento ha evidenziato che abitare non significa soltanto disporre di una casa, ma garantire qualità della vita attraverso servizi, mobilità, sicurezza, inclusione e relazioni sociali, elementi fondamentali per rendere le città più attrattive e competitive. Dongarrà ha richiamato il passaggio da un modello basato sull’espansione edilizia a una nuova fase incentrata sulla rigenerazione del patrimonio esistente, sul recupero degli immobili inutilizzati e sulla riqualificazione dei quartieri. La rigenerazione urbana, ha sottolineato, non è solo una politica edilizia, ma uno strumento capace di generare sviluppo economico, sostenibilità ambientale e coesione sociale.
Fabrizio Candoni, Presidente del Gruppo Wegreenit, ha illustrato il ruolo delle partnership pubblico-private nella riqualificazione del patrimonio immobiliare, evidenziando come i modelli di project finance e PPP possano rappresentare strumenti efficaci per accelerare gli interventi di rigenerazione. Candoni ha spiegato come la collaborazione tra soggetti pubblici e operatori specializzati consenta di intervenire sugli asset immobiliari attraverso l’efficientamento energetico e una più ampia riqualificazione degli edifici, con benefici sia sul piano economico sia ambientale. Questi interventi, ha sottolineato, permettono di ridurre i consumi energetici, migliorare la salubrità degli ambienti, contenere i costi delle bollette e diminuire le emissioni di CO2, contribuendo alla trasformazione sostenibile del patrimonio edilizio pubblico e privato.
Antonio De Poli, Questore del Senato della Repubblica, ha fatto presente come la casa non rappresenti 'soltanto un bene materiale, ma un elemento centrale della vita delle persone, in quanto luogo di sicurezza, dignità e coesione sociale. In questa prospettiva, ha richiamato l’importanza di politiche capaci di integrare sviluppo, sostenibilità e inclusione, promuovendo una collaborazione sempre più stretta tra istituzioni, imprese, professionisti e mondo della ricerca'.
Guido Castelli, Commissario straordinario alla ricostruzione del sisma 2016, ha richiamato l'attenzione sulla necessità di rigenerare i territori più fragili, investendo non solo nella ricostruzione degli edifici ma anche nelle infrastrutture, nei servizi e nella qualità dell'abitare. Un percorso che, grazie alla collaborazione tra istituzioni, imprese e comunità locali, può trasformare le fragilità in opportunità di rinascita.
Carlo Barbato, Consigliere Frimm, ha richiamato la necessità di affrontare in modo strutturale il tema del patrimonio edilizio esistente, sottolineando che una parte significativa degli immobili non è più coerente con la domanda abitativa attuale e richiede interventi di “rigenerazione, riuso e adattamento funzionale” per rispondere ai nuovi bisogni sociali. Sullo stesso binario,
Marco Aurelio Brandolini, Direttore Commerciale Macroarea Consorzio Integra, ha evidenziato come la rigenerazione urbana debba essere letta in chiave sistemica, affermando che “la sostenibilità non è solo ambientale, ma anche economica e sociale”, e che il futuro dell’abitare dipende dalla capacità di integrare queste tre dimensioni in un unico modello di sviluppo.
A chiudere la serie di riflessioni sull'innovazione è stato Fabrizio Marchetti, Consigliere e Direttore Strategico B21, che ha dichiarato: “La città del futuro si costruisce conoscendo e governando il patrimonio esistente”, sottolineando che il Piano Casa deve evolvere in una piattaforma capace di attivare capitali istituzionali, fondi immobiliari e strumenti finanziari avanzati. Per Marchetti, il digitale rappresenta una vera “infrastruttura decisionale” in grado di integrare dati tecnici, economici e urbanistici e migliorare la pianificazione degli interventi.
Angelo Spena, Presidente del GME, ha sottolineato l’importanza della Ventilazione Meccanica Controllata come strumento essenziale per garantire la salubrità dell’aria negli ambienti costruiti. Evidenzia come tecnologie, costi e benefici della VMC siano ormai consolidati, con importanti ricadute industriali e occupazionali per l’Italia. Secondo Spena, la principale sfida resta diffondere una maggiore cultura della qualità dell’aria interna e una gestione coordinata degli interventi.
Nel corso dell'evento è arrivato anche il saluto del vice ministro delle Infrastrutture e dei Trasporti Edoardo Rixi, che ha ribadito l'attenzione del Governo sui temi del futuro delle città, delle periferie e dei territori, sottolineando la necessità di una visione integrata tra istituzioni, imprese e società civile. Rixi ha indicato nel Piano Casa una risposta concreta all'emergenza abitativa, attraverso il recupero dell'edilizia pubblica, il Fondo Housing Coesione e programmi di edilizia integrata capaci di favorire anche l'apporto di capitali privati. L'obiettivo, ha sottolineato, è mobilitare circa 10 miliardi di euro tra risorse pubbliche e investimenti privati per garantire 100 mila alloggi accessibili nei prossimi dieci anni, senza nuovo consumo di suolo. “Il confronto con Remind, che promuove una riflessione avanzata e multidisciplinare sulle nostre città, resta per il Ministero un punto di riferimento prezioso” ha concluso l’On. Rixi.
Ha chiuso i lavori Tommaso Accetta, Consigliere Generale di Remind, sottolineando che il mercato abitativo italiano necessita di una nuova strategia: ""il Piano Casa dovrebbe essere affiancato da un Piano Patrimonio per valorizzare e riqualificare gli edifici esistenti"". Secondo Accetta, il crescente orientamento verso la locazione e i nuovi bisogni sociali richiedono abitazioni più moderne, efficienti e adeguate ai cambiamenti familiari.
-Foto ufficio stampa Remind-
(ITALPRESS)."
20260708185504,Il Tempo,https://www.iltempo.it/italpress/2026/07/08/news/crisafi-remind-costruiamo-insieme-l-italia-che-abiteremo--48481994/,,,,,,srclc:ita,"Crisafi (Remind) “Costruiamo insieme l'Italia che abiteremo”
ROMA (ITALPRESS) – Si è svolta a Roma la nuova edizione de L'Italia che Abiteremo by Remind presso la Sala Biblioteca a Palazzo INAIL. L'incontro, promosso da Remind (Associazione delle Buone Pratiche dei Settori Produttivi della Nazione), rappresenta un momento di riflessione dedicato al presente e al futuro delle città, delle periferie e dei territori, in un contesto di profonda trasformazione dei luoghi dove le persone vivono, operano e transitano.
Con il contributo di esperti, decision-maker e leader del settore, l'incontro ha affrontato i temi dell'immobiliare allargato, delle infrastrutture e della mobilità, con particolare attenzione alle sfide della sostenibilità ambientale, dell'innovazione tecnologica, della sicurezza integrata e della qualità della vita.
L'iniziativa si è aperta con l'Inno d'Italia interpretato dalla Soprano Lucia Rubedo.
Ad introdurre i lavori il Cavaliere di Gran Croce Paolo Crisafi, Presidente di Remind, che ha così dichiarato «Le profonde evoluzioni che stanno ridefinendo l'abitare e la qualità della vita, insieme all’avvio del Piano Casa – promosso dal Governo guidato dal Presidente del Consiglio Giorgia Meloni e dai Vicepresidenti e Ministri Matteo Salvini e Antonio Tajani unitamente al Parlamento-, impongono una visione strategica condivisa e una collaborazione sempre più sinergica tra Istituzioni e Imprese. Con l'Italia che Abiteremo by Remind intendiamo promuovere un dialogo sulle grandi sfide dell’abitare, della mobilità, della rigenerazione urbana, della sostenibilità e della valorizzazione del patrimonio pubblico e privato, favorendo la condivisione di esperienze, competenze e progettualità orientate a soluzioni innovative e concretamente realizzabili. Oggi più che mai è necessario mettere a fattor comune le buone pratiche creando un patrimonio condiviso di conoscenze che possa supportare le amministrazioni pubbliche e gli operatori nella definizione di interventi efficaci, replicabili e sostenibili. Solo rafforzando il dialogo tra Pubblico e Privato sarà possibile definire e attuare politiche industriali immobiliari e infrastrutturali per territori e città più resilienti, sicure e orientate al benessere dei cittadini dove vivono, operano e transitano. Costruiamo insieme l'Italia che abiteremo!».
L'incontro ha visto l'illustre partecipazione di esponenti del Governo e del Parlamento Italiano ed Europeo.
Ad aprire i lavori è stato il ministro del Turismo, Gianmarco Mazzi, che ha ribadito la necessità di orientare le risorse pubbliche verso la capacità di attrarre investimenti privati: “Tutte le risorse che mette il settore pubblico, e che non sono illimitate, devono essere funzionali a innescare le risorse private”. Il ministro ha quindi richiamato l’importanza di un’Italia sempre più connessa e dell’innovazione tecnologica, osservando che “oggi il turista è tecnologico, è sparito il turista occasionale”. Ampio spazio è stato dedicato al turismo dei borghi e ai cammini spirituali, definiti nuovi attrattori per la destagionalizzazione dei flussi. Mazzi ha annunciato che il 30 luglio sarà inaugurato il Cammino di Francesco, mentre il 16 ottobre, in collaborazione con la Polonia, verrà lanciato il percorso dedicato a Giovanni Paolo II. “Gli investimenti del ministero per i piccoli comuni puntano alla crescita per garantire una maggiore qualità per cittadini, turisti e ambiente”, ha concluso.
A seguire, in collegamento da Bruxelles, Irene Tinagli, Presidente Commissione Speciale sulla Crisi degli Alloggi nell’Unione Europea del PE, ha sottolineato come, “per la prima volta a livello europeo”, il tema dell’abitare sia diventato una priorità delle istituzioni comunitarie. “Abitare è ormai un problema che sta creando criticità sociali ed economiche, oltre che di coesione territoriale”, ha spiegato, ricordando che un anno e mezzo fa il Parlamento europeo ha istituito una commissione speciale sulla crisi abitativa. Tinagli ha evidenziato l’aumento dei costi nelle grandi città, in particolare per gli studenti e le fasce più fragili, ribadendo la necessità di sostenere gli investimenti, accelerare la realizzazione di nuove soluzioni abitative e favorire l’accesso al credito. “L’Unione europea può intervenire e sta facendo un grande lavoro per dare risposte all’emergenza abitativa”, ha concluso.
Marco Daviddi, Consigliere Delegato Remind per l'Immobiliare Allargato e Managing Partner EY-Parthenon Italia, ha evidenziato che l’Italia “non è un Paese in crisi”, ma deve accelerare sulle trasformazioni strutturali per rafforzare la propria competitività. Secondo Daviddi, le sfide decisive per il futuro riguardano demografia, innovazione ed energia: “Il principale rischio per l’Italia non è la mancanza di risorse o di potenziale, ma l’illusione che il tempo giochi ancora a nostro favore”. Il professionista ha inoltre sottolineato come il Paese continui ad attrarre investimenti, osservando che “oggi l’Italia è considerata uno dei posti migliori a livello di turismo, con una grande domanda di investimenti”.
Dario Lo Bosco, Amministratore Delegato FS Engineering, ha evidenziato il ruolo dell’intelligenza artificiale nella prevenzione dei rischi sul lavoro, ribadendo l’obiettivo di “arrivare a zero morti sul lavoro”. Lo Bosco ha inoltre ricordato la realizzazione di una sala digitale ad alta tecnologia per il sistema ferroviario italiano, con l’impiego anche dei droni, per rafforzare la sicurezza, la connessione tra i territori e favorire occupazione e progresso.
Mario Valducci, Presidente di Invimit Sgr, ha richiamato l’attenzione sulla crescente pressione abitativa e sul ruolo del Piano Casa nel dare risposte concrete. “Le risorse devono essere gestite su base regionale”, ha spiegato, indicando due priorità per le Regioni: utilizzare i fondi europei ancora inutilizzati e valorizzare il patrimonio immobiliare già esistente, a partire dagli immobili abbandonati.
A delineare la concretezza dei progetti operativi è stato Gabriele Scicolone, consigliere delegato Remind e Amministratore Delegato Artelia Italia, il quale ha posto l’accento sulla dimensione operativa del Piano Casa, sottolineando che “la rigenerazione urbana deve tradursi in cantieri reali e non restare un impianto normativo”, richiamando la necessità di coerenza tra strumenti, tempi amministrativi e capacità di esecuzione.
Sul fronte del sostegno alle famiglie e ai giovani, Sestino Giacomoni, Presidente Consap, ha evidenziato il ruolo della digitalizzazione e delle garanzie pubbliche nelle politiche abitative e sociali. “Sono ottimista e fiducioso: tra il genio italico e l’utilizzo dell’intelligenza artificiale creeremo città bellissime”, ha affermato, richiamando però le sfide legate al calo demografico, all’immigrazione e all’invecchiamento della popolazione. Giacomoni ha ricordato il ruolo dei due fondi gestiti da Consap a sostegno del futuro abitativo, citata anche dal presidente del Consiglio Giorgia Meloni.
Marco Osnato, presidente della Commissione Finanze della Camera dei deputati, ha posto l'attenzione sul ruolo del Piano Casa, approvato definitivamente dal Parlamento, come strumento per affrontare una delle emergenze sociali più rilevanti e a lungo trascurate degli ultimi anni: l'accesso all'abitazione. Osnato ha evidenziato come esista una fascia sempre più ampia di cittadini che, pur avendo un lavoro stabile e contribuendo al sistema fiscale, si trova in difficoltà nel riuscire ad accedere sia all'edilizia residenziale pubblica sia alle soluzioni offerte dal mercato privato. Una condizione di “zona grigia” che, secondo il presidente della Commissione Finanze, per troppo tempo non ha trovato adeguato spazio nel dibattito politico e nelle strategie di intervento. Durante l'incontro, Osnato ha sottolineato come il tema abitativo sia tornato al centro dell'azione di governo attraverso un approccio orientato a misure concrete e non soltanto a dichiarazioni di principio. Il Piano Casa viene indicato come un cambio di passo rispetto al passato, con l'obiettivo di superare una visione concentrata esclusivamente su aspetti tecnici e urbanistici della costruzione, per mettere finalmente al centro la domanda abitativa e le esigenze delle persone.
Rossana Ciuffetti, Direttore Area Sport Impact di Sport e Salute, ha evidenziato il ruolo dello sport come strumento di rigenerazione urbana, inclusione sociale e promozione del benessere. Attraverso iniziative come Sport nei Parchi, Bici in Comune e Sport Illumina, Sport e Salute punta a riqualificare spazi urbani e impianti dismessi, trasformandoli in luoghi di aggregazione e partecipazione.
Domenico Siclari, Presidente di Sidief, ha sottolineato il ruolo strategico della gestione professionale della locazione residenziale: “Rappresenta una leva per città più inclusive e competitive, favorendo la mobilità e sostenendo i lavoratori nei loro progetti di vita e carriera”. Siclari ha evidenziato come le società immobiliari possano contribuire alla riqualificazione dei contesti urbani, “generando qualità, valore sociale, vivacità economica e culturale nelle comunità locali”.
Massimiliano Pierini, Direttore Generale di RX Italia, ha sottolineato la necessità di ripensare i modelli abitativi in una fase di profonda trasformazione sociale. “Servono nuovi orizzonti per nuove esigenze”, ha affermato, evidenziando l’importanza di creare spazi più moderni, flessibili e capaci di migliorare la qualità della vita e il benessere delle persone.
Ferruccio Ferranti, Amministratore Delegato di Mediocredito Centrale, ha ribadito la necessità di mettere sempre al centro le persone nelle politiche e nei piani industriali. “Donna e uomo devono essere al centro, perché ognuno deve avere un ruolo all’interno della comunità”, ha affermato, sottolineando l’importanza di uno sviluppo capace di valorizzare il contributo di tutti.
Marcello Presicci, Presidente Advisory Board FEduF, ha evidenziato il ruolo del capitale istituzionale come patrimonio di fiducia, credibilità e relazioni indispensabile per affrontare le sfide della complessità. Rafforzare questo capitale, ha spiegato, significa favorire il dialogo tra i diversi attori, costruire alleanze solide e creare valore duraturo per organizzazioni e territori.
Su questa linea si inserisce il tema della valorizzazione del patrimonio pubblico affrontato da Filippo Salucci dell’Agenzia del Demanio, che ha illustrato i Piani Città come “strumenti innovativi di pianificazione integrata per la valorizzazione del patrimonio pubblico”, con l’obiettivo di trasformare edifici dismessi o sottoutilizzati in spazi restituiti alla collettività, generando “valore sociale, economico e ambientale” e rafforzando il legame tra territori e comunità.
Sul fronte del mercato immobiliare, Gianni Guerrieri, direttore centrale Osservatorio Mercato Immobiliare dell’Agenzia delle Entrate, ha tracciato un quadro dell’andamento del settore italiano, evidenziando la ripresa registrata nell’ultimo decennio dopo la crisi del 2008-2013.
Il comparto residenziale ha raggiunto livelli elevati di compravendite, sostenuto dalla dinamica dei mutui e dal recente calo dei tassi di interesse, mentre nel mercato delle locazioni si osserva una ricomposizione dei contratti, con una diminuzione di quelli a lungo termine.
A completare il quadro della qualità dell’abitare è intervenuto Giulio Gravina, presidente del Dipartimento Sicurezza Urbana e Sussidiaria di Remind e Cofondatore del Gruppo Italpol, che ha sottolineato il legame tra sicurezza urbana e valore delle abitazioni. “La questione sicurezza è importantissima per la questione casa”, ha affermato, citando il caso di Milano dove il tema è al centro del dibattito. Secondo Gravina, città più sicure favoriscono la permanenza dei cittadini e contribuiscono anche alla valorizzazione del patrimonio immobiliare.
A seguire, ha proseguito i lavori Gianluca Loffredo Sub Commissario Ricostruzione Sisma 2016. Egli ha posto l’accento sul valore strategico delle aree interne, sottolineando come la valorizzazione dei territori passi attraverso nuove opportunità economiche, sicurezza e qualità della vita. La ricostruzione, ha osservato, può rappresentare un’occasione per rafforzare il legame tra comunità e territorio, contrastando spopolamento e marginalità.
Luigi Ferrara, Capo Dipartimento Casa Italia, ha sottolineato come l’abitare stia vivendo una fase di profonda trasformazione socio culturale, con le nuove generazioni che hanno un rapporto diverso con la casa rispetto al passato. “Bisogna pensare all’abitare del domani puntando sulla qualità e non sulla quantità”, ha affermato, evidenziando il ruolo della ricerca e dell’università nell’affrontare le sfide climatiche ed energetiche. Il Piano Casa, ha aggiunto, rappresenta un’opportunità per costruire nuove risposte alle esigenze future, mettendo al centro non solo gli spazi abitativi ma anche i bisogni delle persone.
Su questo fronte, Massimiliano Geoli, segretario generale della Croce Rossa Italiana, ha ribadito che “tutto parte dall’ascolto dei bisogni delle persone”, ricordando la rete capillare della CRI, composta da oltre 152 mila volontari e circa 700 comitati territoriali. “Sono pezzi di comunità che preparano e supportano la comunità”, ha spiegato, sottolineando come al centro debba esserci sempre l’attenzione alla persona, garantendo un tetto e un supporto a chi affronta situazioni di difficoltà”Accorciare queste distanze: questo fa la Croce Rossa”, ha aggiunto, ricordando che solo nel 2025 sono state accolte 70 mila telefonate attraverso i servizi dell’organizzazione.
Nel corso dell'iniziativa “L'Italia che abiteremo”, l'Assessore alla Tutela del Territorio, Demanio e Patrimonio della Regione Lazio Fabrizio Ghera ha sottolineato l'importanza di un confronto tra istituzioni, mondo pubblico e privato per costruire nuove strategie sull'abitare del futuro. Un percorso che, dopo la conclusione del Pnrr e alla vigilia delle nuove politiche sulla casa, punta a offrire risposte concrete a giovani, famiglie e categorie più fragili, creando al contempo un quadro stabile per lo sviluppo e gli investimenti. Ghera ha evidenziato come abitare significhi non solo pianificare interventi immobiliari, ma promuovere una visione più ampia fondata sulla sostenibilità, sulla tutela dei territori e sulla centralità delle comunità e delle persone.
A seguire, Ivano Ilardo, Senior Partner del Gruppo RYZE, ha evidenziato la trasformazione del settore immobiliare: “Gli immobili non sono più asset statici, ma spazi che devono adattarsi con continuità ai cambiamenti della domanda”. Secondo Ilardo, il valore non si misura più soltanto in metri quadrati o rendimento economico, ma nella capacità di generare qualità della vita, servizi e opportunità per persone e territori.
“Servono nuovi modelli di analisi e valutazione, capaci di integrare competenze diverse e orientare capitali e decisioni”, sottolinea. Sul fronte dell’innovazione e della ricerca, Marcello Cattani, consigliere delegato Remind Industria, Innovazione e Ricerca e presidente di Farmindustria, ha sottolineato il ruolo strategico della scienza, della tecnologia e dell’industria farmaceutica nel miglioramento della qualità della vita dei cittadini. Cattani ha evidenziato il peso crescente del settore, che nel 2025 ha raggiunto il record di produzione industriale con 74 miliardi di euro, e il percorso di ammodernamento intrapreso dal sistema sanitario italiano. “L’Italia ha una voce fortissima in Europa”, ha affermato, richiamando anche il tema dei criteri che regolano il sistema dei brevetti e la necessità di sostenere la competitività del Paese.
Ha contribuito all'iniziativa anche Don Davide Banzato. Nel suo messaggio rivolto a Paolo Crisafi ha sottolineato l'importanza di una nuova visione dell'abitare, capace di mettere al centro non solo gli aspetti urbanistici e infrastrutturali, ma soprattutto le persone e la qualità della vita nelle città e nelle periferie. Egli ha evidenziato il valore della collaborazione tra istituzioni, comunità, imprese e territori per creare luoghi più inclusivi, con particolare attenzione alle fasce più fragili, come anziani e giovani. Secondo Don Banzato, i quartieri del futuro devono essere pensati come spazi di comunità, capaci di offrire servizi di prossimità, ascolto, sostegno e opportunità di crescita, contrastando isolamento, disagio sociale e forme di esclusione. Ha inoltre richiamato il concetto di un “nuovo umanesimo integrale”, dove abitare significa costruire relazioni, promuovere partecipazione e creare ambienti urbani con una dimensione umana. In questo senso, ha riconosciuto il valore dell'iniziativa di Remind nel riportare il tema dell'abitare al centro di un confronto ampio tra cittadini, famiglie, imprese e istituzioni, orientato alla costruzione di città più solidali e inclusive.
A chiudere i lavori della mattinata è stato Renato Loiero, consigliere del Presidente del Consiglio, che ha definito il Piano Casa “la prima politica nazionale organica sull’abitare dopo anni di frammentazione”. Loiero ha evidenziato il ruolo strategico del comparto immobiliare allargato, rappresentato anche da Remind, come filiera che integra abitare, infrastrutture, energia e mobilità, ponendo al centro la riflessione su chi e come abiterà l’Italia del futuro. Ha inoltre richiamato la necessità di valorizzare il patrimonio esistente, citando il caso dei circa 10 mila castelli presenti in Italia ancora non pienamente valorizzati, e sottolineando che alle risorse pubbliche deve affiancarsi il contributo dei privati, perché “quelle non bastano”.
Nel pomeriggio, i lavori sono ripartiti analizzando la portata macroeconomica delle nuove misure governative. L'Onorevole Erica Mazzetti, Presidente dell'Intergruppo Parlamentare Progetto Italia per i lavori pubblici, l'edilizia e l'urbanistica, ha sottolineato l'importanza del confronto promosso da Remind quale occasione di dialogo e collaborazione tra istituzioni, imprese e professionisti, con l'obiettivo di individuare strategie condivise per lo sviluppo del Paese.
Nel suo intervento ha ribadito l'impegno dell'Intergruppo nel sostenere politiche orientate allo sviluppo, all'innovazione e alla sostenibilità, promuovendo la modernizzazione delle infrastrutture, del patrimonio edilizio e del tessuto urbano attraverso un'azione sinergica tra pubblico e privato.
Dopo di lei è intervenuto Giorgio Pieralli, Direttore Immobiliare di CDP, che ha evidenziato come l'emergenza abitativa rappresenti una sfida di rilevanza nazionale ed europea, sottolineando la necessità di realizzare edifici sempre più flessibili, efficienti e salubri, in grado di rispondere ai nuovi bisogni abitativi e sociali. Nel corso del suo intervento ha illustrato l'impegno di CDP nel settore dell'housing sociale, ricordando gli investimenti effettuati sia attraverso fondi immobiliari dedicati sia mediante fondi destinati allo sviluppo delle residenze universitarie (student housing). Ha inoltre richiamato l'attività di finanziamento promossa da CDP a sostegno dell'edilizia residenziale pubblica, con interventi finalizzati alla ristrutturazione degli alloggi, all'incremento dell'accessibilità e al miglioramento della qualità dell'abitare, con particolare attenzione alle esigenze delle persone più fragili e delle fasce sociali maggiormente vulnerabili.
Renato Loiero Consigliere del Presidente del Consiglio è intervenuto soffermandosi sull'approccio del Governo in materia di rigenerazione del territorio e del patrimonio abitativo, indicando il Piano Casa come uno degli strumenti strategici per affrontare le principali sfide del settore. Nel suo intervento ha evidenziato la necessità di coniugare politiche abitative, sostenibilità energetica, qualità dei servizi e sicurezza, con l'obiettivo di tutelare il risparmio delle famiglie e migliorare le condizioni dell'abitare. Ha inoltre ricordato lo stanziamento di 975 milioni di euro destinato al recupero e alla riqualificazione del patrimonio immobiliare, finalizzato ad aumentare la disponibilità di alloggi a prezzi accessibili e a promuovere interventi di rigenerazione urbana. Particolare attenzione è stata dedicata anche alla tutela delle persone e delle famiglie in condizioni di maggiore fragilità, ribadendo l'importanza di politiche abitative inclusive capaci di rispondere ai bisogni sociali emergenti e di favorire una crescita equilibrata dei territori. Un altro Consigliere è intervenuto subito dopo.
Marco Rago, Consigliere del Ministro degli Affari Esteri e della Cooperazione Internazionale, ha sottolineato come l'abitare rappresenti un pilastro della convivenza civile e un elemento fondamentale per la sicurezza, la sostenibilità e la qualità della vita. Nel suo intervento ha evidenziato il valore del modello italiano, fondato sulla tutela del territorio, sulla coesione sociale e sul benessere delle persone, ribadendo l'importanza di un dialogo costante tra istituzioni, imprese e società civile. Ha inoltre richiamato il ruolo strategico della collaborazione tra pubblico e privato e la necessità di riservare momenti di confronto e riflessione per individuare soluzioni condivise e favorire uno sviluppo più inclusivo e sostenibile.
In linea con il tema della collaborazione tra istituzioni e della necessità di tradurre il confronto in azioni concrete, Paolo Grasso, Capo di Gabinetto del Vicepresidente del Consiglio Matteo Salvini, ha illustrato le linee guida del Piano Casa 2026. Ha evidenziato l’obiettivo di ampliare l’offerta abitativa attraverso il recupero e la valorizzazione del patrimonio edilizio esistente, il rafforzamento dell’edilizia sociale e nuovi strumenti a sostegno delle famiglie escluse dal mercato libero.
Ha inoltre sottolineato che il Piano sarà accompagnato da misure di semplificazione amministrativa e da interventi di supporto per favorire un’attuazione efficace delle nuove politiche abitative.
In seguito, Massimo Ponzellini, Presidente del Dipartimento Remind Cultura dell'Abitare, ha posto l'attenzione sulle principali trasformazioni demografiche che stanno ridefinendo il tema dell'abitare, soffermandosi sul diritto alla casa, sulle dinamiche dell'immigrazione e sull'invecchiamento della popolazione. Ha inoltre evidenziato come urbanizzazione e sicurezza rappresentano sfide centrali per le politiche abitative, sottolineando la necessità di sviluppare modelli di città capaci di rispondere ai nuovi bisogni sociali e di garantire una migliore qualità della vita.
Proseguendo con il tema dell'Italia del futuro è intervenuto Francesco Burrelli, Presidente di Anaci e Vicepresidente di Remind, che ha incentrato il suo intervento sul Piano Casa, ribadendo la necessità di “mettere al centro la persona” nella progettazione delle politiche abitative. Ha richiamato l'attenzione sull'evoluzione demografica del Paese, interrogandosi su chi abiterà le case del futuro e su quali servizi saranno necessari per garantire qualità della vita e inclusione. Ha inoltre evidenziato l'importanza dell'innovazione tecnologica, dell'accessibilità degli edifici e di una gestione efficiente dei cantieri, quali elementi fondamentali per realizzare un patrimonio abitativo moderno e adeguato ai bisogni delle comunità.
Riprendendo il tema della qualità dell'abitare e della necessità di sviluppare modelli urbani capaci di rispondere alle nuove esigenze sociali e ambientali, Fabrizio Capaccioli, Presidente di GBC Italia, ha evidenziato la leadership dell'Italia nel campo della sostenibilità edilizia, ricordando come il Paese sia tra i primi dieci al mondo per numero di edifici certificati. Capaccioli ha sottolineato l'importanza di utilizzare protocolli di sostenibilità nella gestione degli investimenti, soprattutto in una fase caratterizzata da un significativo afflusso di risorse verso l'Italia, con l'obiettivo di ridurre l'impatto ambientale e migliorare la qualità della vita degli abitanti.
Proseguendo il confronto sul futuro delle politiche abitative e sul ruolo della collaborazione tra pubblico e privato, Giorgio Spaziani Testa, Presidente di Confedilizia, ha evidenziato il ruolo decisivo della proprietà immobiliare per favorire l'ampliamento dell'offerta abitativa, sottolineando che senza fiducia dei proprietari non può crescere l'offerta in locazione. Ha richiamato la necessità di mettere a disposizione gli immobili, in particolare quelli destinati alle fasce più in difficoltà, attraverso un sistema capace di integrare l'intervento pubblico con il contributo dei privati. Secondo Spaziani Testa, il settore pubblico deve essere in grado di fornire risposte efficaci per ridurre la pressione abitativa complessiva, affiancando misure di sostegno e incentivi rivolti agli inquilini.
Rimanendo sullo stesso tema, Alfredo Ingletti, Chairman di 3TI Progetti e Presidente di FIDIC, ha portato tre spunti di riflessione sul Piano Casa, sottolineando la necessità di sviluppare una visione più ampia del tema dell'abitare. Secondo Ingletti, infatti, il Piano non deve occuparsi soltanto della casa in quanto edificio, ma anche di tutto ciò che contribuisce a renderla un luogo di qualità: servizi, infrastrutture, spazi comuni e contesto urbano. Ha inoltre evidenziato come gli interventi sul patrimonio immobiliare rappresentino una grande opportunità per accompagnare il settore verso una maggiore sostenibilità del costruito, riducendo l'impatto ambientale e migliorando l'efficienza degli edifici.
Andrea Migliore, Responsabile Global Business Development & Sales di RINA Prime, ha sottolineato l'importanza di lavorare sulla comunicazione e sulla consapevolezza collettiva rispetto al tema della trasformazione delle città. Ha evidenziato come spesso, quando si parla di costruire il futuro urbano, si immagini uno scenario fortemente futuristico, mentre la vera sfida riguarda soprattutto la valorizzazione e la trasformazione del patrimonio esistente. Migliore ha ricordato infatti che gli edifici realizzati dopo il 2000 rappresentano una quota molto contenuta del patrimonio immobiliare italiano, caratterizzato invece da una presenza significativa di immobili storici, datati, frammentati e in alcuni casi non adeguatamente gestiti.
Proseguendo il confronto sul futuro dell'abitare e sulla necessità di una rigenerazione capace di unire sostenibilità, qualità e attenzione alle persone, Andrea Marchiori, CEO di Techbau, ha posto al centro del suo intervento il tema della qualità dell'abitare, evidenziando come negli ultimi anni l'azienda si sia affacciata con maggiore attenzione al settore dell'edilizia abitativa e residenziale. Marchiori ha sottolineato come la rigenerazione urbana rappresenti una delle principali opportunità per il futuro delle città, non limitandosi al recupero degli immobili ma coinvolgendo anche i contesti in cui questi si inseriscono. Ha portato come esempio uno studentato nel cuore di Roma, realizzato in collaborazione con il Comune, quale intervento è volto a restituire funzione e valore a spazi già esistenti.
Secondo Muhannad Al Salhi, CEO di Engel & Völkers, il futuro del settore immobiliare italiano sarà determinato dalle scelte compiute oggi, con sostenibilità e innovazione destinate a diventare elementi centrali nella progettazione, nell'acquisto e nella fruizione degli spazi abitativi. Dall'osservazione delle esigenze dei clienti emerge un cambiamento profondo: il valore di un immobile non dipende più soltanto dalla posizione o dalle caratteristiche costruttive, ma anche dalla capacità di garantire efficienza energetica, comfort, tecnologia e benessere. Gli edifici ad alte prestazioni energetiche rappresentano quindi un nuovo parametro di qualità, grazie alla riduzione dei consumi e alla maggiore capacità di mantenere il proprio valore nel tempo. Al Salhi sottolinea inoltre il ruolo della rigenerazione urbana, che sta trasformando quartieri e città attraverso interventi capaci di unire sviluppo economico, inclusione e servizi. Il futuro dell'abitare, secondo il manager, sarà sempre più legato alla valorizzazione del patrimonio esistente e alla creazione di comunità più vivibili e connesse.
Leonardo Cavalli, Presidente di One-Works, ha sottolineato come “la città non sia più un concetto statico, ma un organismo in continua trasformazione”, evidenziando le nuove dinamiche che stanno modificando i territori, tra grandi aree urbane sempre più attrattive e realtà in fase di contrazione. Egli ha inoltre richiamato l'importanza di superare una visione dell'abitare limitata alla singola abitazione: le persone non sono solo individui che vivono in una casa, ma parte di comunità più ampie che condividono spazi, servizi e identità urbane. La sfida del futuro, quindi, è progettare città capaci di creare connessioni, inclusione e qualità della vita.
Andrea Galoni, Amministratore Unico di Saico, ha posto l'accento sulla nuova sfida dell'abitare in Italia, che oggi non riguarda più soltanto la programmazione o la disponibilità di risorse, ma soprattutto la capacità di tradurre le strategie in interventi concreti. Nel suo intervento ha evidenziato la crescente domanda abitativa proveniente soprattutto da giovani, studenti, lavoratori fuori sede e famiglie che si trovano spesso in una posizione intermedia: escluse dall'edilizia residenziale pubblica ma con difficoltà ad accedere al mercato libero. Secondo Galoni, la priorità è quindi aumentare l'offerta abitativa attraverso soluzioni innovative e sostenibili, capaci di rispondere ai nuovi bisogni sociali e di accompagnare l'evoluzione delle città.
Andrea Dongarrà, Consigliere Remind per la Rigenerazione Urbana, ha sottolineato come il tema dell'abitare rappresenti oggi una delle principali sfide per il futuro del Paese. Nel suo intervento ha evidenziato che abitare non significa soltanto disporre di una casa, ma garantire qualità della vita attraverso servizi, mobilità, sicurezza, inclusione e relazioni sociali, elementi fondamentali per rendere le città più attrattive e competitive. Dongarrà ha richiamato il passaggio da un modello basato sull'espansione edilizia a una nuova fase incentrata sulla rigenerazione del patrimonio esistente, sul recupero degli immobili inutilizzati e sulla riqualificazione dei quartieri. La rigenerazione urbana, ha sottolineato, non è solo una politica edilizia, ma uno strumento capace di generare sviluppo economico, sostenibilità ambientale e coesione sociale.
Fabrizio Candoni, Presidente del Gruppo Wegreenit, ha illustrato il ruolo delle partnership pubblico-private nella riqualificazione del patrimonio immobiliare, evidenziando come i modelli di project finance e PPP possano rappresentare strumenti efficaci per accelerare gli interventi di rigenerazione. Candoni ha spiegato come la collaborazione tra soggetti pubblici e operatori specializzati consenta di intervenire sugli asset immobiliari attraverso l'efficientamento energetico e una più ampia riqualificazione degli edifici, con benefici sia sul piano economico sia ambientale. Questi interventi, ha sottolineato, permettono di ridurre i consumi energetici, migliorare la salubrità degli ambienti, contenere i costi delle bollette e diminuire le emissioni di CO2, contribuendo alla trasformazione sostenibile del patrimonio edilizio pubblico e privato.
Antonio De Poli, Questore del Senato della Repubblica, ha fatto presente come la casa non rappresenti ‘soltanto un bene materiale, ma un elemento centrale della vita delle persone, in quanto luogo di sicurezza, dignità e coesione sociale. In questa prospettiva, ha richiamato l'importanza di politiche capaci di integrare sviluppo, sostenibilità e inclusione, promuovendo una collaborazione sempre più stretta tra istituzioni, imprese, professionisti e mondo della ricerca’.
Guido Castelli, Commissario straordinario alla ricostruzione del sisma 2016, ha richiamato l’attenzione sulla necessità di rigenerare i territori più fragili, investendo non solo nella ricostruzione degli edifici ma anche nelle infrastrutture, nei servizi e nella qualità dell’abitare. Un percorso che, grazie alla collaborazione tra istituzioni, imprese e comunità locali, può trasformare le fragilità in opportunità di rinascita.
Carlo Barbato, Consigliere Frimm, ha richiamato la necessità di affrontare in modo strutturale il tema del patrimonio edilizio esistente, sottolineando che una parte significativa degli immobili non è più coerente con la domanda abitativa attuale e richiede interventi di “rigenerazione, riuso e adattamento funzionale” per rispondere ai nuovi bisogni sociali. Sullo stesso binario,
Marco Aurelio Brandolini, Direttore Commerciale Macroarea Consorzio Integra, ha evidenziato come la rigenerazione urbana debba essere letta in chiave sistemica, affermando che “la sostenibilità non è solo ambientale, ma anche economica e sociale”, e che il futuro dell'abitare dipende dalla capacità di integrare queste tre dimensioni in un unico modello di sviluppo.
A chiudere la serie di riflessioni sull’innovazione è stato Fabrizio Marchetti, Consigliere e Direttore Strategico B21, che ha dichiarato: “La città del futuro si costruisce conoscendo e governando il patrimonio esistente”, sottolineando che il Piano Casa deve evolvere in una piattaforma capace di attivare capitali istituzionali, fondi immobiliari e strumenti finanziari avanzati. Per Marchetti, il digitale rappresenta una vera “infrastruttura decisionale” in grado di integrare dati tecnici, economici e urbanistici e migliorare la pianificazione degli interventi.
Angelo Spena, Presidente del GME, ha sottolineato l'importanza della Ventilazione Meccanica Controllata come strumento essenziale per garantire la salubrità dell'aria negli ambienti costruiti. Evidenzia come tecnologie, costi e benefici della VMC siano ormai consolidati, con importanti ricadute industriali e occupazionali per l'Italia. Secondo Spena, la principale sfida resta diffondere una maggiore cultura della qualità dell'aria interna e una gestione coordinata degli interventi.
Nel corso dell’evento è arrivato anche il saluto del vice ministro delle Infrastrutture e dei Trasporti Edoardo Rixi, che ha ribadito l’attenzione del Governo sui temi del futuro delle città, delle periferie e dei territori, sottolineando la necessità di una visione integrata tra istituzioni, imprese e società civile. Rixi ha indicato nel Piano Casa una risposta concreta all’emergenza abitativa, attraverso il recupero dell’edilizia pubblica, il Fondo Housing Coesione e programmi di edilizia integrata capaci di favorire anche l’apporto di capitali privati. L’obiettivo, ha sottolineato, è mobilitare circa 10 miliardi di euro tra risorse pubbliche e investimenti privati per garantire 100 mila alloggi accessibili nei prossimi dieci anni, senza nuovo consumo di suolo. “Il confronto con Remind, che promuove una riflessione avanzata e multidisciplinare sulle nostre città, resta per il Ministero un punto di riferimento prezioso” ha concluso l'On. Rixi.
Ha chiuso i lavori Tommaso Accetta, Consigliere Generale di Remind, sottolineando che il mercato abitativo italiano necessita di una nuova strategia: “il Piano Casa dovrebbe essere affiancato da un Piano Patrimonio per valorizzare e riqualificare gli edifici esistenti”. Secondo Accetta, il crescente orientamento verso la locazione e i nuovi bisogni sociali richiedono abitazioni più moderne, efficienti e adeguate ai cambiamenti familiari.
-Foto ufficio stampa Remind-
(ITALPRESS)."
20260708160000,Panorama It,https://www.panorama.it/lifestyle/salute/valvole-pacemaker-e-tecnologie-salvavita-la-cardiologia-italiana-corre-il-sistema-sanitario-molto-meno,,,,,,srclc:ita,"Per anni il simbolo della cardiologia è stato il bypass. Poi è arrivata l’angioplastica, che ha rivoluzionato la cura dell’infarto. Oggi la nuova frontiera passa sempre più spesso da interventi mininvasivi che consentono di sostituire una valvola cardiaca senza aprire il torace, riparare difetti strutturali del cuore o impiantare dispositivi sempre più intelligenti capaci di adattarsi automaticamente alle esigenze del paziente. È una rivoluzione silenziosa che sta cambiando la prognosi di migliaia di persone, soprattutto anziane e fragili, e che trova nell’Italia uno dei protagonisti europei. A raccontarlo è il nuovo Report GISE 2025, la fotografia più completa della cardiologia interventistica italiana, costruita sui dati di 254 laboratori di emodinamica distribuiti sul territorio nazionale. I numeri parlano di un sistema in continua evoluzione. Nel 2025 sono state effettuate 318.494 coronarografie, praticamente stabili rispetto all’anno precedente (+0,17%), mentre le angioplastiche coronariche hanno raggiunto quota 160.400, con una crescita del 2,3%. Ma il dato che più colpisce riguarda la continua espansione degli interventi sulle valvole cardiache. Le TAVI, cioè l’impianto transcatetere della valvola aortica, hanno raggiunto il nuovo record nazionale di 14.409 procedure, con un incremento storico del 10,8%. Crescono ancora di più gli interventi sulla valvola tricuspide, aumentati del 23%, mentre le procedure sulla valvola mitrale registrano un +16,4%.
Secondo Alfredo Marchese, presidente della Società Italiana di Cardiologia Interventistica (GISE), il cambiamento è ormai strutturale. «Il vero motore della cardiologia non è più soltanto l’interventistica coronarica tradizionale, ormai stabilizzata su volumi elevati, ma il continuo sviluppo delle procedure strutturali, che rappresentano una delle principali risposte assistenziali offerte dal Servizio sanitario nazionale». Dietro questi numeri c’è un cambiamento demografico evidente. L’invecchiamento della popolazione porta infatti ad un aumento delle malattie degenerative delle valvole cardiache, in particolare della stenosi aortica, una patologia che fino a pochi anni fa poteva essere trattata quasi esclusivamente con un intervento cardiochirurgico tradizionale. La TAVI ha cambiato completamente lo scenario terapeutico, consentendo di sostituire la valvola attraverso un catetere inserito generalmente dall’arteria femorale, senza aprire il torace e senza ricorrere alla circolazione extracorporea. Una procedura meno invasiva che permette tempi di recupero molto più rapidi e che oggi viene proposta a un numero crescente di pazienti. L’espansione riguarda anche altri ambiti della prevenzione cardiovascolare. Nel 2025 sono aumentati gli interventi di chiusura dell’auricola sinistra, utilizzati nei pazienti con fibrillazione atriale per ridurre il rischio di ictus, così come le procedure di chiusura del forame ovale pervio (PFO), altra strategia importante nella prevenzione degli eventi cerebrovascolari. La cardiologia interventistica italiana, insomma, continua a dimostrare una straordinaria capacità di innovazione. Ma è proprio osservando questi risultati che emergono anche le contraddizioni del sistema.
L’Italia resta un Paese a due velocità: il cuore si cura meglio al Nord
Il record delle TAVI non racconta tutta la storia. Perché dietro i numeri assoluti si nasconde un’altra realtà: non tutti i cittadini italiani hanno le stesse possibilità di accedere alle cure più avanzate. È questo il messaggio centrale del progetto Gap2Care 2026, presentato dal GISE insieme ai dati del Report. Secondo la società scientifica, la qualità della cardiologia italiana è fuori discussione, ma l’accesso all’innovazione continua a dipendere troppo spesso dalla regione in cui si vive. I grandi centri di riferimento, infatti, sono concentrati prevalentemente in Lombardia, Veneto, Piemonte ed Emilia-Romagna, insieme ad alcune realtà di eccellenza del Centro-Sud. In molte altre aree del Paese, soprattutto per le procedure strutturali più innovative, l’offerta rimane invece limitata. Le conseguenze sono concrete. Nonostante il record di oltre 14.400 TAVI, il fabbisogno nazionale non è ancora soddisfatto. Secondo le stime elaborate dal GISE sulla base dei dati epidemiologici e delle indicazioni delle linee guida internazionali, nel 2025 soltanto circa sei pazienti su dieci che avrebbero potuto beneficiare della procedura sono riusciti effettivamente ad accedervi. Il problema non riguarda soltanto il numero degli interventi. Anche le tecnologie che aiutano i cardiologi a eseguire angioplastiche sempre più precise vengono utilizzate molto meno di quanto raccomandato. L’imaging intracoronarico, che comprende tecniche come IVUS e OCT e consente di visualizzare dall’interno le arterie coronarie, è stato impiegato soltanto nell’11% delle angioplastiche eseguite nel Paese. Analogamente, la valutazione funzionale delle stenosi coronariche è stata utilizzata nel 10,6% dei casi. Eppure queste tecnologie permettono di scegliere con maggiore precisione il trattamento più appropriato, ottimizzare il posizionamento degli stent e migliorare i risultati nel lungo periodo, soprattutto nei casi più complessi. Ancora limitato è anche l’utilizzo delle tecnologie dedicate al trattamento delle lesioni coronariche calcifiche, impiegate in appena il 6% delle angioplastiche. Per Marchese, la possibilità di personalizzare la scelta tecnologica in base alle caratteristiche della lesione e del paziente rappresenta ormai un elemento imprescindibile della moderna cardiologia interventistica. Un altro dato merita attenzione. Dopo anni di crescita costante, le angioplastiche primarie eseguite durante l’infarto miocardico acuto registrano una lieve flessione (-3,45%), attestandosi a 34.020 procedure. Un risultato che gli esperti invitano a interpretare con prudenza. Potrebbe riflettere un miglioramento della prevenzione cardiovascolare, ma potrebbe anche segnalare criticità nell’organizzazione della rete dell’emergenza. Saranno necessari ulteriori monitoraggi per comprenderne le reali cause.
Non solo valvole: anche i pacemaker diventano sempre più intelligenti. E l’Italia conquista un primato europeo
La corsa dell’innovazione non riguarda soltanto le procedure con cui i cardiologi intervengono sul cuore, ma anche gli strumenti che vengono impiantati nei pazienti. Se fino a pochi anni fa il pacemaker era percepito come un semplice dispositivo capace di correggere il ritmo cardiaco, oggi è diventato un concentrato di elettronica, software e medicina di precisione. I modelli di ultima generazione sono compatibili con la risonanza magnetica, monitorano costantemente le condizioni emodinamiche del paziente, adattano automaticamente la stimolazione cardiaca alle necessità dell’organismo e possono trasmettere a distanza i dati clinici, consentendo ai medici di seguire il paziente anche senza una visita in ospedale. È un’evoluzione che ha cambiato profondamente il concetto stesso di cardiostimolazione e che spiega perché la normativa europea abbia innalzato in modo significativo gli standard richiesti per la loro certificazione. In questo scenario arriva anche un risultato importante per l’industria biomedicale italiana. Per la prima volta, infatti, un produttore nazionale ha ottenuto la certificazione secondo il Regolamento europeo sui dispositivi medici (MDR) per un pacemaker impiantabile attivo di Classe III, la categoria che comprende i dispositivi a più elevato rischio clinico e sottoposti al percorso di valutazione più rigoroso previsto dalla normativa europea. La certificazione è stata rilasciata da IMQ a MEDICO S.r.l., azienda di Rubano, in provincia di Padova, che da oltre cinquant’anni progetta e realizza sistemi per la cardiostimolazione. Il traguardo non rappresenta soltanto un riconoscimento aziendale, ma testimonia la capacità del settore biomedicale italiano di competere in uno dei comparti tecnologicamente più complessi dell’intera medicina. Il nuovo regolamento europeo, entrato in vigore per rafforzare la sicurezza dei dispositivi medici, impone infatti verifiche estremamente approfondite sulle evidenze cliniche, sulla progettazione, sulla qualità della produzione, sulla sorveglianza dopo l’immissione sul mercato e sulla completa tracciabilità lungo l’intero ciclo di vita del dispositivo. A rendere ancora più significativo il risultato è il fatto che MEDICO appartiene al ristretto gruppo di aziende europee che progettano internamente anche i circuiti elettronici dei propri pacemaker, una competenza altamente specialistica oggi concentrata in pochissimi produttori a livello mondiale. «Cinquant’anni di cardiostimolazione ci hanno insegnato che la qualità di un dispositivo impiantabile non si improvvisa. La scelta di progettare internamente i circuiti elettronici dei nostri pacemaker è parte della nostra identità industriale. Questa certificazione rappresenta il riconoscimento di un percorso costruito nel tempo con competenza, rigore e responsabilità», sottolinea Eugenio Centin Snichelotto, presidente di MEDICO.
La vera sfida non è inventare nuove cure, ma farle arrivare a tutti i pazienti
Se l’innovazione corre, il Servizio sanitario nazionale è chiamato ora a un’altra sfida: evitare che le tecnologie più avanzate rimangano patrimonio di pochi ospedali. È proprio da questa consapevolezza che nasce Gap2Care 2026, il progetto con cui il GISE intende trasformare la raccolta dei dati in uno strumento di governo del sistema sanitario. L’obiettivo non è stilare classifiche tra regioni virtuose e regioni in ritardo, ma individuare con precisione dove si concentrano le disuguaglianze e proporre interventi concreti per superarle. Per questo la società scientifica ha avviato cinque tavoli di lavoro dedicati all’organizzazione dei modelli assistenziali, all’economia sanitaria, al welfare, alla presa in carico dei pazienti anziani e con cardiopatie congenite e all’equità di genere. Da questi gruppi nasce il piano strategico GISE Together 2026-2028, che punta a trasformare la cardiologia interventistica da una sequenza di singole procedure a un percorso assistenziale continuo, multidisciplinare e sostenibile. Tra le priorità individuate c’è l’aggiornamento dei sistemi di rimborso e di valutazione delle prestazioni ospedaliere, oggi spesso incapaci di riflettere la reale complessità delle procedure più innovative e il costo delle tecnologie impiegate. Un altro nodo riguarda la crescente fragilità della popolazione anziana, che richiede percorsi di cura sempre più personalizzati e una maggiore integrazione tra ospedale e territorio. Il manifesto affronta anche un tema spesso sottovalutato: l’equità di genere. Le malattie cardiovascolari continuano a essere la prima causa di morte anche nelle donne, ma persistono ritardi diagnostici, differenze nell’accesso ai trattamenti e una sottorappresentazione femminile sia nella ricerca sia nelle posizioni di leadership della cardiologia interventistica. Ridurre queste disparità significa migliorare la qualità dell’assistenza e garantire cure realmente appropriate a tutti i pazienti. La fotografia scattata dal Report GISE racconta dunque un Paese che possiede competenze, professionisti e volumi di attività tra i più elevati d’Europa. Oltre 160 mila angioplastiche, il record di 14.409 TAVI, la crescita degli interventi sulle valvole mitrale e tricuspide e l’evoluzione dei dispositivi impiantabili dimostrano che la cardiologia italiana continua a innovare e a spingere sempre più in là il confine della medicina mininvasiva. Ma gli stessi numeri ricordano che l’innovazione, da sola, non basta. Se quattro pazienti candidabili alla TAVI su dieci non riescono ancora ad accedere alla procedura e le tecnologie raccomandate dalle linee guida vengono utilizzate solo in una minoranza dei casi, significa che il problema non è più la disponibilità delle cure, bensì la loro distribuzione. Per questo la prossima sfida della cardiologia interventistica non sarà soltanto progettare valvole, stent o pacemaker sempre più sofisticati. Sarà fare in modo che la qualità delle cure non dipenda dal luogo in cui si vive, dall’età, dal sesso o dall’ospedale in cui si entra. Perché in medicina, e soprattutto quando si parla di cuore, l’innovazione raggiunge il suo valore più alto soltanto quando diventa un diritto condiviso e non un privilegio riservato a pochi."
20260708153500,Avvenire,https://www.avvenire.it/attualita/mancano-gli-insegnanti-per-asili-e-materne_110654,,,,,,srclc:ita,"Gli educatori per i nidi sono introvabili, molti rischiano di restare chiusi a settembre
di Cinzia Arena
Stipendi poco allettanti
ma anche troppa rigidità nei numeri chiusi della formazione universitaria hanno creato una carenza di formatori difficile da colmare in poco tempo
Educatori degli asili nido introvabili al pari degli infermieri. Se l’anno scolastico volge termine da settembre si ricomincia con organici sempre più stiracchiati, ricambio difficile da sostenere, sostituzioni per maternità o malattia praticamente impossibili. A rinnovare l’allarme è Assonidi, l’associazione di nidi privati che fa parte di Confcommercio, che chiede al governo di intervenire con urgenza per evitare che le strutture realizzate con i fondi del Pnrr rimangano chiuse per mancanza di personale.
Il punto di partenza sono gli ultimi dati ufficiali dell’Istat (relativi all’anno scolastico 2023-24) secondo i quali otto nidi e le sezioni primavera su dieci hanno avuto necessità di assumere educatori riscontrando difficoltà, nel 40% dei casi definite “gravi o gravissime”.
I problemi più frequenti sono la carenza di educatori con esperienza adeguata o in possesso di un titolo di studio idoneo, e la mancata accettazione delle condizioni contrattuali proposte. Il segretario di Assonidi Paolo Uniti spiega che la situazione in Italia è a macchia di leopardo con Liguria e Lombardia, dove mancano almeno 1500 insegnanti, da bollino rosso mentre nel Sud Italia la situazione è meno preoccupante. Dal 2017 è necessario essere in possesso della laurea triennale in Scienze dell’educazione, per qualche anno ci sono state delle deroghe, ma ora i nodi vengono al pettine. «In precedenza, bastava il diploma e un attestato di puericultrice, ottenuto mediante corsi professionalizzanti e stage in ospedale che fornivano anche un’esperienza dal punto di vista sanitario – spiega Uniti -. Per legge ci deve essere un educatore ogni otto bambini da zero a tre anni, basta un’assenza per incorrere in multe in caso di controlli, ma trovare una sostituzione dall’oggi al domani è impossibile».
Lo dimostra il caso, segnalato dai sindacati di base, di un nido pubblico di Roma (nel municipio XI) dove a fronte di buchi nell’organico le famiglie sono state invitate a ritirare i bambini dopo pranzo. La situazione però sarebbe tutt’altro che un caso isolato tanto che l’Usb lo scorso 26 maggio ha organizzato una manifestazione in piazza del Campidoglio, per protestare contro i disservizi. Pubblico o privato insomma sono alle prese con lo stesso problema. Causato dalla perdita di appeal di un mestiere tutto al femminile. Dopo tre anni di università le aspettative si scontrano con una retribuzione che si aggira attorno ai 1400 euro e viene considerata (giustamente) insufficiente. «Al contrario di quanto avviene per le professioni sanitarie dove la carenza di personale è stata affrontata assumendo dall’estero con protocolli specifici, per quando riguarda gli educatori questo non è possibile perché la laurea non viene riconosciuta, ogni giorno riceviamo decine di richieste di giovani che lavorano come baby sitter ma non possiamo assumerle». Nonostante la denatalità e l’aumento dei posti disponibili le liste d’attesa sia nel pubblico che nel privato sono in aumento (68,9% nel settore pubblico e 54% del settore privato). Da qui la richiesta di Assonidi di una revisione dei titoli abilitanti. Chiesta anche una maggiore attenzione verso le strutture private che rappresentano circa il 50% del totale e offrono spesso servizi più ampi in termini di orari e settimane di aperture durante le vacanze. Sono proprio i nidi privati (convenzionati e non) che hanno fatto da traino all’aumento dell’offerta con circa il 78% dei posti aggiuntivi. «Da anni segnaliamo la carenza di personale, l’aumento dei costi e le difficoltà che gravano sulle strutture private. Ad oggi, però, tutto tace mentre la crisi continua a mordere. È arrivato il momento di passare dagli annunci ai fatti: il futuro dei nidi e delle famiglie italiane non può più attendere» aggiunge la presidente di Assonidi Federica Ortalli.
L’emergenza è massima anche nelle scuole materne che oggi accolgono circa 785mila bambini. La Fism, Federazione italiana scuole materne di ispirazione cattolica che copre il 35% della quota nazionale, da tempo segnala un’emorragia di maestre. La stima è di una carenza di circa 10mila insegnanti, frutto di pensionamenti e mancate assunzioni per assenza di candidati. Anche in questo caso i problemi nascono a monte, all’università. «Per le materne occorre la laurea di cinque anni in Scienze della formazione primaria ma il problema è che ci sono pochi posti nelle università che hanno assorbito in anticipo il calo demografico – spiega il presidente della Fism Paolo Iemmi –. Abbiamo stimato che in ognuna delle 5mila scuole associate manchino in media due maestre, mentre per va meglio per quanto riguarda le educatrici dei nidi». Una soluzione percorribile secondo la Fism sarebbe quella di consentire a chi ha la laurea triennale di lavorare nelle materne, garantendo anche una continuità didattica e relazionale. «La buona scuola di Renzi ha previsto che ci fosse un unico percorso per nidi e materne proprio per incrementare i posti disponibili per i più piccoli, così in molte delle nostre scuole abbiamo aperto non solo le sezioni primavera ma anche i nidi da uno a tre anni» continua Iemmi. Anche alle materne il tema delle retribuzioni è molto sentito dalle maestre che appena possono si spostano nel pubblico e preferibilmente alle elementari. «Ovviamente le retribuzioni più basse delle scuole private sono dovute al fatto i fondi statali coprono solo in parte, per circa un quarto la spesa di gestione». Per non gravare troppo sulle famiglie le scuole della Fism che sono ovviamente non profit, sono costrette a risparmiare. A pesare è anche la media 32 ore di servizio settimanali a fronte delle 25 del pubblico, e le diversità di contratti, se ne contano almeno cinque diversi nel comparto. «Il nostro dubbio è che si è deciso di investire tanto sui nidi con il Pnrr ma adesso – conclude Iemmi – , a parte la mancanza di insegnanti, si pone un problema organizzativo non indifferente. Chi ci mette i soldi per farli funzionare? Le Regioni avranno abbastanza risorse da destinare?».
© RIPRODUZIONE RISERVATA
Seguici anche su Google Discover di Avvenire"
20260708153305,Varese News,https://www.varesenews.it/2026/07/il-dopo-palio-a-gorla-minore-parola-ai-capitani/2629816/,,,,,,srclc:ita,"Il dopo Palio a Gorla Minore, parola ai Capitani
Una edizione divertente e ricca di adrenalina quella del Palio di Gorla Minore 2026, conclusasi domenica 5 luglio con la vittoria del rione Desertu, che ha preceduto Füntanin, Üona e Barsanela. Una carrellata di scatti delle gare e il commento dei quattro capitani, grati alle loro squadre per l’impegno e l’entusiasmo
Se si guardasse la classifica, dovrebbe sorridere solo uno spicchio di Gorla Minore, quella che nelle ultime settimane ha esposto striscioni e fili colorati di arancione per quella parte di paese.
Galleria fotografica
Il rione Desertu ha infatti vinto il Palio di Gorla Minore 2026, dopo una edizione in cui gli avversari hanno dato filo da torcere fino alla fine.
Ascoltando invece le voci dei quattro capitani si capisce immediatamente come la manifestazione sia stata vissuta con entusiasmo e sportività da tutto il paese, sia dagli organizzatori, che dagli atleti, ma anche dai semplici cittadini, che si sono stretti intorno alle loro squadre facendo il tifo e supportandoli.
Il Palio di Gorla Minore è rinato nel 2023, dopo circa 30 anni di assenza: l’allora assessore allo Sport Sergio Ferioli e l’Amministrazione Landoni si impegnarono per riconsegnare alla popolazione questo momento comunitario, ripensando anche a ridisegnare i confini del paese suddividendolo in nuovi quattro rioni, che meglio rappresentassero il cambio demografico avvenuto nel tempo.
Un impegno raccolto a piene mani dall’assessore della nuova Amministrazione Ermoni, Sergio Caldiroli, in una continuità di intenti che ha mostrato quanto il dialogo costruttivo fra passato e presente porti beneficio all’intero comune.
Insieme al Comitato Palio, dunque, si è lavorato con dedizione per presentare un Palio che appassionasse tutta Gorla, dalla sfilata made in Japan ai giochi di ogni tipo, che coinvolgevano adulti, bambini e perfino persone con i capelli grigi.
In questo 2026 – come detto – questa è stata la classifica finale, che ha visto il podio colorarsi di arancione:
- 
Desertu 124 punti
- 
Füntanin 122 punti
- 
Üona 120 punti
- 
Barsanela 118
Ecco, dunque, commenti e sensazioni dei quattro capitani:
RIONE BARSANELA – Valentina Caldiroli
«Quest’anno il Palio è stato molto combattuto: fino alla fine i nostri atleti hanno dato anima e corpo, dai più piccoli della scuola materna fino agli over 60 della scala 40. Ci ha riempito d’orgoglio anche la vittoria della sfilata, frutto di un duro lavoro che ha impegnato i nostri volontari per mesi.
Ma la soddisfazione più grande in assoluto è stata il momento di aggregazione dietro le quinte del pre-Palio, insieme a tutte le persone che sono venute a sostenerci durante questa settimana di giochi.
Per questo non smetterò mai di ringraziare tutti coloro che hanno contribuito a rendere queste giornate così speciali!»
RIONE ÜONA – Laura Russo Volpe
«Non importa quanto in alto si sale e quale posizione si raggiunga. Ciò che importa davvero è lo spirito e il cuore che si mette nel farlo, e ognuno di loro ha dimostrato di saperlo fare alla grande!
In questi mesi la fatica è stata tanta ma i messaggi ricevuti fanno bene e riempiono il cuore, e fanno capire che a volte vale davvero la pena stringere i denti e non mollare!
Un grazie particolare a TUTTI gli atleti, dal più piccolo al più grande per essersi messi in gioco, con la voglia di divertirsi in modo alternativo in quest’epoca di IA e telefonini! Abbiamo creato qualcosa di magico, grazie di cuore per tutto! e…controcorrente verso la gloria, il fiume verde oggi esonda, forza Uona sempre!»
RIONE FÜNTANIN – Michelangelo Ubaldino
«Come sempre per noi quello che conta non è tanto la meta, ma il viaggio che ci ha portato lì a due punti, dal gradino più alto del podio. Il palio di Gorla è una manifestazione per famiglie e io sono orgoglioso di tutte le famiglie del mio rione che ogni qual volta gli si chieda uno sforzo extra senza batter ciglia arrivano e portano il loro entusiasmo».
Ubaldino si sofferma poi su una delle competizioni che ha strabiliato tutta Gorla Minore, per la tattica schierata dai giocatori con la casacca fucsia: «Il tiro alla fune è solo la dimostrazione che il duro lavoro, e credetemi DURO, con l’aiuto di tre super coach: Luca, Martina e Luca (nome in codice il Nipote), paga sempre. E i nostri atleti hanno lavorato tantissimo per diventare prima di tutto GRUPPO e poi squadra di tiro alla fune.
Onore, infine, ai vincitori e agli altri rioni, perché tutti hanno lavorato tanto, dedicando energie per la riuscita dell’evento».
RIONE DESERTU – Laura Ruffato
«Come capitana sono fiera di tutti i miei atleti, e di tutte le persone che hanno partecipato attivamente nel rione
Abbiamo creato un ottimo gruppo, e la vittoria più bella non è stata alzare il trofeo, ma aver incluso tutti dal più piccolo al più grande a partecipare ai giochi
Personalmente ho conosciuto persone meravigliose e ringrazio ognuno di loro per l’impegno messo a far si che una settimana di giochi e di sfide, si trasformasse anche in un momento divertente per stare insieme! “Forza super cavalli, vi si ama“!».
Galleria fotografica
TAG ARTICOLO
Accedi o registrati per commentare questo articolo.
L'email è richiesta ma non verrà mostrata ai visitatori. Il contenuto di questo commento esprime il pensiero dell'autore e non rappresenta la linea editoriale di VareseNews.it, che rimane autonoma e indipendente. I messaggi inclusi nei commenti non sono testi giornalistici, ma post inviati dai singoli lettori che possono essere automaticamente pubblicati senza filtro preventivo. I commenti che includano uno o più link a siti esterni verranno rimossi in automatico dal sistema.
La community di VareseNews
Loro ne fanno già parte
Ultimi commenti
- Felice su Anche a Varese la maturità si festeggia a colpi di uova, spumante e farina. E i rifiuti restano lì
- Bustocco-71 su Guasto tra le stazioni di Varese e Gallarate: ritardi e modifiche al servizio sulle tratte di Porto Ceresio e Mendrisio
- principe.rosso su È pronta la prima scuola realizzata con il Pnrr in provincia di Varese. E le altre? Ecco a che punto siamo
- Felice su È pronta la prima scuola realizzata con il Pnrr in provincia di Varese. E le altre? Ecco a che punto siamo
- principe.rosso su È pronta la prima scuola realizzata con il Pnrr in provincia di Varese. E le altre? Ecco a che punto siamo
- axelzzz85 su Frontalieri e ristorni, l'assessore regionale Sertori: “Nessun effetto immediato dal blocco del Ticino”"
20260708145643,Money.it,https://www.money.it/come-investire-nel-terzo-trimestre-tra-tensioni-geopolitiche-e-rebus-ai-i-rischi-da-monitorare,,,,,,srclc:ita,"Le sfide che si stagliano di fronte ai vari asset sono molteplici e a dimostrarlo è stata proprio la seduta di oggi, con i prezzi del petrolio schizzati dopo le parole di Trump.
Su cosa e come investire nel terzo trimestre di quest’anno, che si è appena aperto con l’inizio del mese di luglio?
Le sfide che si stagliano di fronte ai vari asset finanziari sono molteplici. A dimostrarlo è stata proprio la seduta di oggi, mercoledì 8 luglio 2026, che ha visto l’azionario andare in tilt dopo le dichiarazioni proferite dal Presidente americano Donald Trump, che ha annunciato la fine del cessate il fuoco tra gli Stati Uniti e l’Iran.
A reagire sono stati subito soprattutto i prezzi del petrolio, che sono schizzati fino a oltre il 7%, scontando i nuovi venti di guerra e il rischio di nuovi shock dal lato dell’offerta. Ma market mover di queste ultime sessioni è stato anche il tema dell’AI. Basti pensare al trend del VanEck Semiconductor ETF, che viaggia a livelli inferiori del 12% rispetto ai recenti massimi. L’interrogativo è dunque su come muoversi, e quali asset scegliere. [...]
Sblocca questo contenuto Premium
Money.it Premium
Money.it Premium"
20260708143232,Postregister,https://www.postregister.com/businessreport/technology/uma-presenta-il-proprio-programma-per-la-prossima-generazione-di-robot-umanoidi/article_dac7fc7e-c812-51f8-bb07-fef45a8e10b7.html,,,,,,srclc:ita,"PARIGI--(BUSINESS WIRE)--lug 8, 2026--
A Machina Summit, UMA, un'azienda attiva nel settore dell'IA fisica, ha presentato i progetti del suo primo robot umanoide e ha introdotto Real-Time Learning, un'architettura di apprendimento che consente ai robot di acquisire nuove competenze tramite dimostrazione anziché mediante la programmazione manuale.
Questo comunicato stampa include contenuti multimediali. Visualizzare l’intero comunicato qui: https://www.businesswire.com/news/home/20260707843466/it/
L'annuncio arriva in un momento in cui l'invecchiamento della popolazione, la rilocalizzazione industriale e la transizione energetica esercitano una pressione sempre maggiore sui mercati del lavoro delle economie avanzate. Stando a Korn Ferry, l'economia globale potrebbe dover affrontare deficit di 85 milioni di lavoratori entro il 2030, ovvero 8,5 trilioni di dollari di produzione economica non realizzata. Di fronte a tale scenario, UMA sta lavorando a una nuova generazione di robot intelligenti, sviluppati per assistere le persone occupandosi di attività fisiche impegnative, ripetitive o pericolose.
"" Le sfide in ambito demografico, industriale e ambientale indicano tutte la stessa realtà: le società hanno bisogno di una capacità produttiva maggiore"", ha dichiarato Rémi Cadène, CEO e cofondatore di UMA. ""Riteniamo che i robot intelligenti diventeranno parte della soluzione, non un sostituto delle persone, ma una nuova categoria di strumenti che consentirà di dedicare più tempo a ciò che le macchine non saranno mai in grado di sostituire: creatività, discernimento, innovazione e cura degli altri"".
Robotica progettata per il mondo reale
Per UMA, la robotica umanoide non si limita allo sviluppo di dimostrazioni tecnologiche. Il suo obiettivo è sviluppare robot in grado di creare un valore immediato in ambienti già realizzati per le persone, compresi fabbriche, magazzini, centri logistici e strutture industriali. La loro architettura umanoide consente loro di utilizzare gli strumenti esistenti, integrarsi senza problemi nelle infrastrutture presenti e collaborare in modo naturale con i team esistenti.
Questa strategia di progettazione va oltre l'aspetto dell'hardware. Grazie all'interazione con il mondo fisico in modi che riflettono il comportamento umano, i robot di UMA sono in grado di apprendere in modo più efficiente dalle dimostrazioni, ricevere indicazioni ove necessario e migliorare continuamente le loro prestazioni in ambienti operativi.
Sebbene gran parte dell'odierno settore della robotica umanoide si trovi in equilibrio tra macchine altamente meccaniche caratterizzate da complessità tecnica e prodotti ispirati dai consumatori e progettati per sembrare semplici, UMA ha scelto deliberatamente una direzione diversa.
Tale direzione è ciò che UMA chiama la macchina vestita: i suoi robot integrano proporzioni su scala umana con un visore neutro anziché caratteristiche facciali, eliminando l'ambiguità tra uomo e macchina. Un rivestimento esterno morbido e tecnico si abbina a giunture meccaniche volutamente a vista, che valorizzano l'identità del robot anziché nasconderla.
Anziché ottimizzarlo per dimostrazioni di breve durata, UMA ha progettato il proprio robot in modo che possa guadagnarsi la fiducia tramite l'utilizzo quotidiano. L'obiettivo non è costruire una macchina in grado di stupire sul palco, bensì in grado di integrarsi con naturalezza nelle operazioni industriali e di diventare un partner affidabile nel tempo.
Real-Time Learning: insegnare ai robot nel modo in cui le persone imparano
Al centro della piattaforma di UMA troviamo una semplice convinzione: i robot del futuro dovrebbero imparare nello stesso modo delle persone.
Quando le persone affrontano una nuova attività, osservano, sperimentano, si esercitano e migliorano poco a poco fino a padroneggiarla completamente. Il Real-Time Learning applica lo stesso principio alla robotica consentendo ai robot di acquisire nuove capacità dalle dimostrazioni, adeguarsi a situazioni non note e perfezionare continuamente la loro esecuzione tramite l'esperienza.
Anziché richiedere agli ingegneri di riprogrammare manualmente i robot per ogni nuova applicazione, la piattaforma consente ai robot di apprendere continuamente dal loro ambiente, rendendoli notevolmente più flessibili e facilmente impiegabili in un ampio ventaglio di ambienti industriali.
Come spiegato da Cadène, la sfida del settore non è più costruire robot in grado di svolgere singole attività, bensí di impararne di nuove.
Sviluppare l'IA fisica in Europa
Sebbene la corsa della robotica umanoide sia oggi guidata principalmente da Stati Uniti e Cina, UMA ritiene che l'Europa rappresenti un'opportunità esclusiva per guidare il prossimo capitolo dell'IA fisica.
La regione integra ricerca scientifica del massimo livello, una solida base industriale e una domanda in crescita di automazione guidata da carenze strutturali di manodopera. Per UMA, l'Europa non è solo il luogo in cui l'azienda è stata fondata, ma il posto in cui i robot intelligenti possono creare valore più rapidamente.
Tecnologia che espande il potenziale umano
La presentazione di oggi è più del lancio di un robot umanoide. Rispecchia la più ampia visione di UMA per l'IA fisica: macchine intelligenti in grado di apprendere in modo continuo, adeguarsi e lavorare con le persone per affrontare alcune delle sfide sociali più impellenti in ambito demografico, industriale e ambientale.
""Siamo ancora all'inizio di questo viaggio, "" ha affermato Cadène. "" I robot umanoidi impiegheranno anni per raggiungere la diffusione su larga scala, proprio come Internet e gli smartphone hanno richiesto del tempo prima di trasformare interi settori. Siamo certi che i robot intelligenti ridefiniranno l'economia fisica nello stesso modo.""
""Un giorno i robot contribuiranno alla produzione di generazioni future di robot, accelerando la loro stessa diffusione. Ma la nostra ambizione non è mai stata quella di sostituire le persone. È invece di espandere ciò che le persone sono in grado di fare, dare a tutti più tempo per creare, risolvere problemi e concentrarsi su ciò che le rende squisitamente umane. Tale idea guida ogni decisione scientifica, tecnologica e industriale che prendiamo a UMA.""
Informazioni su UMA
UMA è una società europea di IA fisica che si occupa di sviluppare la prossima generazione di robot umanoidi intelligenti.
Fondata nel 2025 da Rémi Cadène, Pierre Sermanet, Robert Knight e Simon Alibert, l'azienda integra competenze in frontier AI, robotica, embodied intelligence, sistemi integrati e ingegneria industriale per sviluppare robot in grado di apprendere tramite la dimostrazione e operare in modo sicuro in ambienti reali.
Con sede a Parigi, e team a Londra e Ginevra, UMA sta sviluppando la piattaforma di IA fisica progettata per aiutare le industrie ad affrontare i problemi di mancanza di manodopera, consentendo alle persone di concentrarsi sul lavoro a valore aggiunto.
Il testo originale del presente annuncio, redatto nella lingua di partenza, è la versione ufficiale che fa fede. Le traduzioni sono offerte unicamente per comodità del lettore e devono rinviare al testo in lingua originale, che è l'unico giuridicamente valido.
Vedi la versione originale su businesswire.com:https://www.businesswire.com/news/home/20260707843466/it/
CONTACT: Contatti per la stampaOutcast France
Yana Rogers,yrogers@thisisoutcast.fr, +33 698335048
Nalia Kailali,nkailali@thisisoutcast.fr, +33 652755653
KEYWORD: FRANCE EUROPE
INDUSTRY KEYWORD: SOFTWARE HARDWARE ARTIFICIAL INTELLIGENCE ROBOTICS ENGINEERING TECHNOLOGY IOT (INTERNET OF THINGS) MANUFACTURING
SOURCE: UMA
Copyright Business Wire 2026.
PUB: 07/08/2026 10:32 AM/DISC: 07/08/2026 10:32 AM"
20260708143200,Businesswire,http://www.businesswire.com/news/home/20260707843466/it/?feedref=JjAwJuNHiystnCoBq_hl-eAh7yh3ccNzLJZaxyWkP0mljpP0CpzuEOW8PSMzp0v37dI9_69nqXXndEkzoNy31peBvhKXN8xoKDPrCnMXhC58cMd5Jhr97vTYoLZQbGkSHGnYFEfW-VLubTIB9HxyrA%3D%3D,,,,,,srclc:ita,"PARIGI--(BUSINESS WIRE)--A Machina Summit, UMA, un'azienda attiva nel settore dell'IA fisica, ha presentato i progetti del suo primo robot umanoide e ha introdotto Real-Time Learning, un'architettura di apprendimento che consente ai robot di acquisire nuove competenze tramite dimostrazione anziché mediante la programmazione manuale. L'annuncio arriva in un momento in cui l'invecchiamento della popolazione, la rilocalizzazione industriale e la transizione energetica esercitano una pressione semp"
20260708143057,Laleggepertutti,https://www.laleggepertutti.it/769981_dove-posso-mettere-i-miei-soldi-senza-rischio-pignoramento,,,,,,srclc:ita,"Dove posso mettere i miei soldi senza rischio pignoramento?
Come proteggere il patrimonio dal pignoramento in modo legale? Scopri quali beni sono pignorabili e come funzionano le tutele previste dalla legge dai creditori.
Navigare nel mare delle norme che regolano i debiti e le garanzie richiede una bussola chiara. Molti cittadini si chiedono spesso «Dove posso mettere i miei soldi senza rischio pignoramento? Come proteggere il patrimonio dal pignoramento in modo legale per evitare che i sacrifici di una vita svaniscano a causa di imprevisti economici?». La legge italiana stabilisce un principio di base rigido: il debitore risponde dei propri impegni con ogni suo bene. Questo significa che le proprietà, presenti o future, possono finire nel mirino dei creditori. Tuttavia, il sistema riconosce che alcuni risparmi hanno un valore sociale superiore al semplice diritto di credito. Esistono quindi delle eccezioni che permettono di creare scudi legali attorno a determinati capitali, a patto di rispettare regole precise e di non agire mai con l’intento di danneggiare ingiustamente chi deve ricevere un pagamento.
Indice
Quali sono i beni che il creditore può pignorare?
Il punto di partenza per ogni analisi sul patrimonio è una regola molto severa contenuta nel codice civile. In base a questa norma, quando una persona contrae un debito, mette a disposizione del creditore l’intero insieme dei suoi averi (art. 2740 cod. civ.). Non si parla solo di ciò che il soggetto possiede nel momento in cui firma un contratto o riceve un prestito, ma anche di tutto ciò che entrerà nella sua disponibilità in futuro, come una eredità, uno stipendio o l’acquisto di una nuova casa. La giurisprudenza ha confermato più volte che questa responsabilità patrimoniale è la base del sistema economico, perché garantisce a chi presta denaro di poter recuperare le somme attraverso l’espropriazione forzata [Cass. Civ., Sez. 3, n. 11626 del 03-05-2025].
Tuttavia, il legislatore ha inserito delle deroghe specifiche. Questo accade perché lo Stato vuole tutelare alcuni interessi che ritiene superiori, come la sopravvivenza dignitosa della persona o la pianificazione della vecchiaia. Per questo motivo, non tutti i beni sono aggredibili allo stesso modo. Esistono strumenti che permettono di separare una parte della propria ricchezza per destinarla a scopi specifici, rendendola di fatto invisibile o inattaccabile per i creditori [Tribunale Ordinario Rovereto, sez. S1, sentenza n. 353/2017]. Se una persona decide di investire in una determinata soluzione protetta, i suoi creditori non potranno pignorare quelle somme, a meno che non si dimostri che l’operazione è stata fatta solo per sottrarre i soldi in modo illecito.
Quando le polizze vita diventano uno scudo per i risparmi?
Tra gli strumenti più efficaci per la difesa della ricchezza personale ci sono le polizze di assicurazione sulla vita. La legge prevede per questi prodotti un regime di favore molto particolare: le somme che l’assicuratore deve pagare non possono essere oggetto di pignoramento o sequestro (art. 1923 cod. civ.). Questo significa che, se un risparmiatore versa i suoi soldi in un contratto di questo tipo, quei capitali entrano in una zona di protezione speciale [Tribunale di Cosenza, n. 1950 del 23-11-2023]. La ragione dietro questa scelta è la funzione di previdenza che la polizza svolge. Lo Stato preferisce che il cittadino metta da parte risorse per il proprio futuro o per i propri familiari piuttosto che lasciare che i creditori prendano tutto.
Bisogna però fare attenzione, perché questa protezione non è un assegno in bianco. I giudici hanno chiarito che il beneficio scatta solo se la polizza rispetta la sua vera natura. Se un contratto viene usato solo come una sorta di conto corrente camuffato per nascondere denaro, lo scudo cade. Per capire se il risparmio è al sicuro, bisogna verificare se il contratto serve davvero a far fronte ai bisogni futuri dell’assicurato o della sua famiglia [Tribunale Ordinario Arezzo, n. 13/2022]. La Corte di Cassazione descrive questi strumenti come il terzo pilastro della previdenza, che si affianca alle pensioni obbligatorie e a quelle complementari [Cass. Civ., Sez. 1, n. 9418 del 09-04-2024]. Se manca questo scopo, la tutela sparisce.
Per stabilire se un capitale è pignorabile, la magistratura guarda oltre il nome scritto sul contratto. Non basta che sulla carta ci sia scritto “polizza vita” per ottenere l’impignorabilità. La distinzione fondamentale riguarda lo scopo dell’operazione:
- 
la funzione previdenziale si ha quando il contratto mira a garantire una somma o una rendita per un momento di bisogno, come la vecchiaia o il decesso dell’assicurato; 
- 
la funzione finanziaria-speculativa emerge invece quando il contratto è solo un modo per investire in borsa o in titoli sperando in un guadagno rapido, senza alcuna vera garanzia di protezione del capitale. 
Se il giudice si accorge che la polizza è puramente speculativa, decide che essa deve essere trattata come un normale investimento finanziario [Cass. Civ., Sez. 1, n. 3785 del 12-02-2024]. In questo caso, i creditori hanno il via libera per pignorare le somme. Un esempio pratico può aiutare a capire: se un imprenditore in difficoltà versa tutti i suoi liquidi in una polizza ad altissimo rischio pochi giorni prima di un fallimento, è molto probabile che quel denaro venga considerato pignorabile perché l’obiettivo non era la previdenza ma la sottrazione del patrimonio [Tribunale di Cosenza, n. 1950 del 23-11-2023].
Le polizze unit-linked e index-linked sono sempre sicure?
Un capitolo molto complesso riguarda le polizze cosiddette di ramo III, ovvero le unit-linked e le index-linked. In questi contratti, il rendimento non è fisso ma dipende dall’andamento di fondi di investimento o indici di borsa [Tribunale Ordinario Savona, n. 841/2017]. Qui il confine tra previdenza e rischio finanziario diventa sottile. La giurisprudenza ha diviso questi prodotti in due grandi famiglie per decidere se siano pignorabili o meno:
- 
le polizze pure, in cui il rischio di perdere tutto il denaro ricade interamente sul cliente. Se il fondo scende, l’assicuratore non garantisce nemmeno la restituzione di quanto versato. In questo caso non c’è protezione (art. 1923 cod. civ. non si applica) e il creditore può prendere i soldi [Cass. Civ., Sez. 1, n. 9418 del 09-04-2024]; 
- 
le polizze garantite o parzialmente garantite, in cui la compagnia assicurativa promette che, alla scadenza o in caso di morte, restituirà almeno il capitale versato o una parte di esso. 
In questa seconda ipotesi, l’assicuratore si assume quello che i tecnici chiamano rischio demografico. Poiché esiste una certezza minima sulla prestazione, la funzione previdenziale viene riconosciuta e il capitale resta protetto dalle azioni esecutive dei creditori [Cass. Civ., Sez. 1, n. 3785 del 12-02-2024]. Dunque, prima di sottoscrivere un prodotto, è fondamentale leggere le clausole sulla restituzione del capitale per sapere se si sta creando uno scudo legale o un semplice investimento esposto ai pignoramenti.
Cos’è il fondo patrimoniale e come protegge la casa?
L’effetto principale di questa scelta è la creazione di un patrimonio separato. In pratica, i beni inseriti nel fondo restano di proprietà dei coniugi, ma diventano una sorta di isola protetta rispetto al resto del patrimonio. Essi non possono più essere utilizzati per scopi diversi da quelli familiari e, di conseguenza, diventano molto più difficili da pignorare per i creditori [Tribunale Ordinario Ancona, sez. 2, n. 747/2015]. La legge vuole infatti evitare che le vicende economiche negative di un singolo coniuge possano distruggere la stabilità e la sicurezza del nucleo familiare [Tribunale Ordinario Rovereto, sez. S1, n. 353/2017].
La protezione offerta dal fondo patrimoniale non è assoluta ma dipende dalla natura del debito che il creditore intende riscuotere. La regola stabilisce che l’esecuzione forzata sui beni del fondo e sui frutti che essi producono, come ad esempio il canone di locazione di un appartamento vincolato, non può avvenire per debiti che il creditore sapeva essere stati contratti per scopi estranei ai bisogni della famiglia (art. 170 cod. civ.).
Per capire se un bene è aggredibile, i giudici verificano due elementi:
- 
la natura del debito, ovvero se la spesa serviva effettivamente alla famiglia; 
- 
la conoscenza del creditore, cioè se chi vanta il credito era consapevole, al momento della firma del contratto, che quel debito non aveva nulla a che fare con le esigenze familiari [Cass. Civ., Sez. 3, n. 11626 del 03-05-2025]. 
Se un genitore acquista un’auto per portare i figli a scuola o contrae un mutuo per ristrutturare la casa in cui vive il nucleo, quel debito è considerato familiare. Al contrario, se uno dei coniugi perde una grossa somma al gioco d’azzardo o compie un investimento finanziario puramente speculativo e rischioso, il creditore non può pignorare i beni del fondo, a meno che non provi di aver ignorato tale estraneità [Cass. Civ., Sez. 3, n. 17638 del 30-06-2025].
Il concetto di “bisogni della famiglia” è molto più ampio di quanto si possa pensare. Non comprende solo le spese per il cibo, i vestiti o la salute, ma riguarda tutto ciò che serve al mantenimento e allo sviluppo armonioso dei componenti del nucleo familiare, tenendo conto del tenore di vita che la coppia ha scelto di mantenere [Tribunale di Lecce, n. 2135 del 08-06-2024]. La giurisprudenza include in questa definizione anche le spese per potenziare la capacità lavorativa dei coniugi.
Un punto molto dibattuto riguarda i debiti derivanti dall’attività professionale o d’impresa. Spesso si pensa che un debito di lavoro sia sempre estraneo alla famiglia, ma non è così. Se l’attività del coniuge è la fonte principale di reddito che permette alla famiglia di vivere, allora anche i debiti contratti per far funzionare quella ditta o quello studio professionale possono essere considerati legati ai bisogni familiari [Cass. Civ., Sez. 3, n. 11626 del 03-05-2025]. I giudici analizzano ogni situazione caso per caso per capire se esiste un legame diretto tra l’obbligazione e le esigenze della vita domestica [Corte di Appello di Firenze, n. 522 del 19-03-2025].
Quando un creditore tenta di pignorare un bene che si trova all’interno di un fondo patrimoniale, si apre spesso una contestazione legale. Spetta al debitore l’onere della prova: è lui che deve dimostrare in tribunale che il debito è stato contratto per scopi estranei alle necessità familiari [Cass. Civ., Sez. 5, n. 1320 del 18-01-2022]. Non basta fare una semplice affermazione, ma serve fornire prove concrete della natura del debito e della consapevolezza del creditore [Cass. Civ., Sez. 6, n. 13784 del 06-07-2020].
Inoltre, bisogna fare attenzione ai tempi di costituzione del fondo. Se una persona crea il fondo quando ha già molti debiti, i creditori possono agire con l’azione revocatoria (art. 2901 cod. civ.). Questo strumento permette di rendere inefficace il fondo se si dimostra che è stato creato solo per sottrarre i beni alle ragioni di chi deve avere i soldi. Poiché la costituzione del fondo è considerata un atto gratuito, per i creditori è più semplice ottenerne l’annullamento entro i primi cinque anni [Cass. Civ., Sez. 3, n. 31575 del 13-11-2023].
Quanto si può pignorare dal conto corrente bancario?
Il conto corrente è spesso il primo obiettivo di un creditore, poiché permette di recuperare denaro liquido in tempi brevi. In linea generale, il saldo attivo del conto è sempre pignorabile perché rappresenta un credito che il cittadino vanta verso la propria banca [Cass. Civ., Sez. 3, n. 36066 del 23-11-2021]. Tuttavia, la legge prevede una tutela speciale per proteggere il minimo vitale del debitore, specialmente quando sul conto vengono accreditati lo stipendio o la pensione.
Le regole per il pignoramento dei conti correnti dipendono dal momento in cui le somme sono state depositate (art. 545 cod. proc. civ.):
- 
per le somme già presenti sul conto prima del pignoramento, esiste una soglia di impignorabilità pari al triplo dell’assegno sociale. Solo la parte di denaro che eccede questo importo può essere bloccata dal creditore; 
- 
per le somme che vengono accreditate dopo la notifica del pignoramento, come lo stipendio del mese successivo, il prelievo è limitato ai minimi di legge, che solitamente corrispondono a un quinto della somma netta [Corte Cost., n. 248 del 09-12-2015]. 
Queste tutele servono a garantire che nessuno resti completamente privo di mezzi per mangiare o pagare l’affitto, ma non trasformano il conto corrente in uno strumento di protezione patrimoniale come le polizze o il fondo patrimoniale. Se sul conto ci sono risparmi che non derivano da lavoro o pensione, come ad esempio il ricavato di una vendita, quei soldi possono essere pignorati per l’intero importo.
Il pignoramento del conto corrente rappresenta una delle forme più comuni di espropriazione forzata. Questa procedura rientra nella categoria del pignoramento presso terzi, poiché il creditore non agisce direttamente sui beni materiali del debitore, ma su un suo credito vantato verso un soggetto esterno, come una banca o la Posta. In termini pratici, l’istituto di credito riceve un ordine legale che vieta di permettere prelievi o spostamenti di denaro al titolare del rapporto. Questa azione scatta solitamente quando il debitore non possiede case, terreni o veicoli intestati a proprio nome, lasciando il denaro liquido come unica risorsa aggredibile [Cass. Civ., Sez. 3, n. 36066 del 23-11-2021].
Prima che il blocco diventi operativo, il cittadino riceve una serie di notifiche formali:
- 
il titolo esecutivo, ovvero il documento ufficiale che certifica il debito, come una sentenza, un decreto ingiuntivo o una cartella esattoriale; 
- 
l’atto di precetto, che rappresenta l’ultimo avviso e concede un termine massimo per saldare il debito spontaneamente; 
- 
l’atto di pignoramento, con il quale si avvia ufficialmente il sequestro delle somme. 
A seguito della notifica alla banca, possono verificarsi tre situazioni distinte. Se il conto è vuoto o in negativo, la banca blocca il rapporto e ogni somma che dovesse arrivare in futuro, come un bonifico o uno stipendio, verrà trattenuta e versata al creditore. Se invece il saldo è inferiore o uguale alla cifra richiesta, l’intero importo viene congelato fino all’udienza in cui il giudice ne assegnerà il pagamento definitivo. Infine, se la somma presente sul conto supera il valore del debito, il debitore subisce il blocco solo per la parte necessaria a coprire la pendenza, restando libero di utilizzare il resto del denaro per le proprie necessità.
Si può svuotare il conto con un assegno circolare?
Molti risparmiatori che temono un’azione esecutiva cercano soluzioni per evitare che il proprio saldo risulti pignorabile. Spesso si scartano opzioni come il prelievo di contanti per motivi di sicurezza o il bonifico a parenti per timore di perdere il controllo della somma o di subire azioni legali di annullamento. Per questo motivo, alcuni utilizzano lo strumento dell’assegno circolare per “svuotare” virtualmente il rapporto bancario prima che arrivi la notifica del pignoramento.
L’operazione è tecnicamente semplice: il cliente si reca in banca e chiede l’emissione di un assegno circolare per un importo pari a tutto o parte del saldo presente sul conto. A differenza dell’assegno bancario tradizionale, l’assegno circolare viene emesso solo se la banca ha già prelevato i soldi dal conto del richiedente. Dal momento in cui il titolo viene stampato:
- 
il denaro sparisce ufficialmente dal saldo del conto corrente; 
- 
la somma viene spostata dalla banca in una gestione interna, definita spesso come un cassetto senza nome; 
- 
il conto risulta apparentemente vuoto agli occhi di un creditore che esegue una ricerca o invia un pignoramento. 
In questo modo, il debitore conserva la disponibilità dei suoi soldi sotto forma di un titolo cartaceo che tiene fisicamente con sé, mentre il creditore, al momento del pignoramento, non trova alcuna somma da bloccare presso l’istituto di credito. Si tratta di una tecnica che sfrutta la natura dell’assegno circolare come titolo di credito garantito dalla banca stessa, che agisce come custode temporaneo di una somma non più collegata al conto corrente originario.
Una volta emesso l’assegno circolare, il capitale non è perduto ma entra in una fase di sospensione temporale regolata da scadenze precise. Il titolare dell’assegno può decidere di conservarlo senza incassarlo immediatamente, utilizzandolo come una riserva di valore al riparo dalle procedure esecutive. Questo denaro non produce interessi e non è soggetto a tasse sui depositi, ma resta intatto per un periodo prestabilito dalla legge.
Esistono però dei limiti temporali da conoscere per non perdere il diritto a recuperare le somme:
- 
il beneficiario dell’assegno ha un termine di tre anni per richiedere il pagamento del titolo; 
- 
se l’assegno non viene incassato entro i tre anni, la banca deve trasferire i fondi nel Fondo indennizzo risparmiatori gestito dallo Stato [1]; 
- 
il richiedente dell’assegno può comunque chiedere la restituzione del denaro entro un termine di prescrizione di dieci anni dalla scadenza del primo triennio [2]. 
In pratica, se il debitore che ha richiesto l’assegno decide di non consegnarlo a nessuno e lo tiene per sé, ha a disposizione un tempo molto lungo per riportare il titolo in banca e chiedere che la somma venga riaccreditata o pagata in contanti. Questa procedura permette di “nascondere” il patrimonio durante le fasi più accese di una controversia con i creditori, con l’intento di rientrare in possesso della liquidità solo quando il pericolo di pignoramento è cessato o il debito è stato risolto in altro modo.
Si possono pignorare i soldi nelle cassette di sicurezza?
Molte persone ritengono che le cassette di sicurezza rappresentino un luogo inviolabile, una sorta di zona franca dove i propri averi restano al riparo da ogni sguardo. La legge, però, smentisce questa convinzione. I beni custoditi all’interno di questi spazi sono pignorabili esattamente come qualsiasi altro bene del debitore. Il creditore può scoprire l’esistenza di una cassetta di sicurezza attraverso una semplice interrogazione all’anagrafe tributaria. Questo archivio informatico non rivela il contenuto della cassetta, ma segnala in modo chiaro che il debitore ha sottoscritto un contratto per quel servizio presso un determinato istituto di credito.
Dal punto di vista tecnico, questa procedura non viene considerata un pignoramento presso terzi, come accade invece per il conto corrente. Si tratta di un pignoramento mobiliare. La differenza è sostanziale: i beni nella cassetta sono considerati nella piena ed esclusiva disponibilità del debitore. La banca mette a disposizione il locale e garantisce la sorveglianza, ma non ha il potere di accedere al contenuto. Solo il titolare possiede le chiavi o i codici per l’apertura materiale. Per questo motivo, il creditore non deve notificare l’atto alla banca come se fosse un debitore del debitore, ma deve agire direttamente sul bene mobile attraverso l’intervento dell’ufficiale giudiziario.
Come avviene l’apertura forzata della cassetta di sicurezza?
Poiché la cassetta si trova fisicamente all’interno dei locali della banca, l’ufficiale giudiziario non può entrarvi liberamente senza un provvedimento specifico. La procedura richiede la cooperazione dell’istituto di credito e, soprattutto, un’autorizzazione del giudice (art. 513 cod. proc. civ.). Questa norma serve a tutelare i luoghi che non appartengono direttamente al debitore ma che ospitano i suoi beni. Il creditore, dopo aver ottenuto un titolo esecutivo e aver notificato il precetto, deve chiedere al tribunale il permesso di accedere alla cassetta.
Una volta che il giudice concede il via libera, l’esecuzione avviene seguendo passaggi molto precisi:
- 
la banca, dopo aver ricevuto la notifica del pignoramento, blocca immediatamente ogni accesso alla cassetta per evitare che il debitore possa svuotarla; 
- 
l’apertura avviene alla presenza obbligatoria di un funzionario della banca e dell’ufficiale giudiziario; 
- 
il debitore viene invitato a partecipare all’operazione per garantire la massima trasparenza, anche se la sua assenza non impedisce il proseguimento dell’atto; 
- 
se il debitore non collabora o non consegna le chiavi, l’ufficiale giudiziario può procedere all’apertura forzata tramite un tecnico specializzato. 
Nel caso in cui la cassetta sia intestata a più persone, il giudice autorizza il pignoramento limitandolo alla quota o ai beni che appartengono esclusivamente al soggetto debitore. Se all’interno si trovano buste chiuse o pacchi sigillati, l’ufficiale può aprirli solo se ha il fondato sospetto che contengano valori, evitando invece di violare la riservatezza di semplice corrispondenza personale.
Quali oggetti possono essere prelevati dalla cassetta di sicurezza?
Ogni bene di valore rinvenuto durante l’apertura viene inventariato dall’ufficiale giudiziario. Il destino di questi oggetti dipende dalla loro natura:
- 
se nella cassetta si trova denaro contante o titoli di credito come assegni circolari, il creditore può chiederne l’assegnazione immediata per coprire il debito; 
- 
se vengono rinvenuti gioielli, pietre preziose, orologi di lusso o monete d’oro, questi vengono prelevati e destinati alla vendita all’asta. 
Il ricavato della vendita serve a soddisfare le pretese del creditore, mentre l’eventuale eccedenza viene restituita al debitore. È importante ricordare che la banca non ha il dovere di conoscere cosa ci sia dentro la cassetta, ma spesso richiede una dichiarazione di valore per fini assicurativi. Molti contratti prevedono una polizza inclusa nel canone che copre i beni fino a un certo importo, solitamente 5.000 euro. Se il debitore sceglie di non dichiarare il reale valore per risparmiare sui costi del servizio, compie un’azione rischiosa: in caso di furto non riceverebbe un indennizzo adeguato e, in sede di pignoramento, il mancato aggiornamento del valore non impedisce comunque il sequestro di ciò che viene trovato.
Inoltre, un’eccessiva sproporzione tra il valore dichiarato e quello reale potrebbe attirare l’attenzione delle autorità per verifiche legate alle normative antiriciclaggio. In sintesi, la cassetta di sicurezza offre una protezione fisica molto elevata contro i furti, ma non costituisce un rimedio legale per nascondere il patrimonio ai creditori che agiscono seguendo le regole del codice di procedura civile.
Posso spostare i soldi sul conto di un parente?
Una strategia che molti debitori mettono in atto quando sentono la pressione dei creditori è il trasferimento di denaro verso conti correnti intestati a terze persone. Si tratta di una mossa che mira a sfruttare un principio cardine delle esecuzioni forzate: il creditore può pignorare solo i beni che appartengono ufficialmente al debitore. Se il denaro viene spostato sul conto di un familiare o di un amico fidato, quel capitale diventa tecnicamente inattaccabile, poiché la banca non può bloccare un rapporto intestato a un soggetto estraneo al debito.
Tuttavia, questa operazione comporta rischi significativi sotto il profilo della proprietà. Quando si consegna il proprio denaro a un’altra persona, esiste sempre la possibilità che quest’ultima, in futuro, si rifiuti di restituirlo o lo utilizzi per scopi personali. Per evitare simili inconvenienti, è consigliabile stipulare una scrittura privata tra le parti. Questo documento serve a mettere nero su bianco che il trasferimento di denaro non è un regalo o una donazione, ma una semplice gestione per conto terzi. Per dare al documento una validità ancora più solida di fronte a contestazioni future, sarebbe opportuno procedere alla sua registrazione, così da attribuire alla scrittura una data certa.
Bisogna però tenere a mente che spostare somme ingenti senza una giustificazione valida può attirare l’attenzione delle autorità fiscali. Inoltre, se il creditore riesce a dimostrare che il trasferimento è avvenuto con l’unico scopo di frodare le sue ragioni, potrebbe tentare di impugnare l’operazione. Tuttavia, finché il denaro resta su un conto diverso da quello del debitore, l’azione di pignoramento classica presso la banca non può colpire quelle somme.
Si può accreditare lo stipendio sul conto altrui?
Molti lavoratori, temendo il blocco del proprio conto, scelgono di non far transitare le somme guadagnate su un rapporto a loro intestato. Il debitore è infatti libero di chiedere al proprio datore di lavoro che lo stipendio venga versato direttamente sul conto corrente del coniuge, di un genitore o di un altro familiare. In questo modo, nel momento in cui la banca riceve l’atto di pignoramento contro il debitore, non troverà alcuna somma in entrata, poiché i bonifici degli emolumenti mensili finiscono su un binario differente.
Questa manovra, però, non offre una protezione totale contro il pignoramento della busta paga. Esiste infatti una distinzione fondamentale tra:
- 
il pignoramento del saldo del conto corrente, che avviene presso la banca; 
- 
il pignoramento dello stipendio alla fonte, che avviene direttamente presso il datore di lavoro. 
Se il creditore decide di agire presso l’azienda o l’ente presso cui il debitore lavora, la protezione del conto corrente di un familiare diventa inutile. Ricevuta la notifica, il datore di lavoro è obbligato per legge a trattenere una quota dello stipendio prima ancora che questo venga pagato al dipendente o versato su qualsiasi conto. Tale trattenuta è generalmente limitata a un quinto della somma netta, ma la procedura impedisce che il debitore entri in possesso dell’intero guadagno mensile. Pertanto, l’accredito su un conto altrui può evitare il blocco totale della liquidità già accumulata, ma non mette al riparo dalla decurtazione mensile operata alla radice dal datore di lavoro."
20260708130909,Il Fatto Quotidiano,https://www.ilfattoquotidiano.it/2026/07/08/in-corea-del-sud-lo-stato-ti-cerca-lanima-gemella-e-ti-regala-6-mila-dollari-se-poi-ce-il-matrimonio-la-strategia-sorprendente-contro-la-crisi-delle-nascite/8442873/,,,,,,srclc:ita,"Un appuntamento al buio organizzato dal governo, una location romantica, giochi per conoscersi e un premio in denaro per chi decide di sposarsi. Potrebbe sembrare la trama di un reality, ma in Corea del Sud è diventata una delle strategie messe in campo per affrontare una delle crisi più difficili del Paese: il crollo delle nascite. Per cercare di invertire il declino demografico, alcune amministrazioni locali hanno iniziato a promuovere eventi dedicati ai single, con incontri organizzati e attività pensate per favorire la nascita di nuove coppie. Chi trova il partner giusto e arriva al matrimonio può ricevere incentivi economici che arrivano fino a circa 6.000 dollari.
Tra le iniziative più note c’è SoloMon’s Choice, organizzata dalla città di Seongnam, dove uomini e donne single partecipano a momenti di conoscenza reciproca con l’obiettivo di creare nuove relazioni. La partecipazione, però, non è aperta a tutti senza criteri: vengono valutati aspetti come età, istruzione, reddito, stabilità lavorativa, situazione abitativa e contesto familiare. Un sistema che ricorda quello delle agenzie matrimoniali sudcoreane, dove la compatibilità viene spesso associata a condizioni economiche e sociali. La misura nasce da una situazione demografica preoccupante. Nonostante una recente lieve ripresa delle nascite, in Corea del Sud i decessi continuano a superare le nuove nascite e il matrimonio resta ancora strettamente collegato alla scelta di avere figli.
La selezione dei single: sicurezza economica per lui, aspetto e fertilità per lei
Un elemento che fa discutere riguarda il modo in cui uomini e donne vengono valutati all’interno di questi percorsi di selezione. Per gli uomini, i criteri principali sono spesso legati alla dimensione economica: avere un lavoro stabile, un reddito adeguato e la possibilità di garantire una sicurezza abitativa vengono considerati aspetti fondamentali per essere ritenuti partner “idonei”. Per le donne, invece, continuano ad avere un peso maggiore criteri legati all’aspetto fisico, all’età e alla possibilità di avere figli.
Cosa c’è dietro al calo dei matrimoni
Dietro al calo dei matrimoni ci sono diversi fattori: il costo elevato della vita, la difficoltà di trovare un lavoro stabile e la pressione sociale legata alla costruzione di una famiglia. In una società molto competitiva, sposarsi può diventare un percorso complesso che richiede sicurezza economica e prospettive future. Queste iniziative rappresentano quindi un tentativo originale di affrontare la crisi, ma non mancano le critiche. Secondo alcuni osservatori, infatti, basare la ricerca del partner su reddito, posizione sociale e altri requisiti rischia di aumentare le disuguaglianze invece di eliminarle."
20260708110005,Il Gazzettino,https://www.ilgazzettino.it/speciali/regione_fvg_informa/ed_scolastica_amirante_bando_da_20_mln_edifici_sicuri_e_funzionali-9639318.html,,,,,,srclc:ita,"""Programmazione fondata su sicurezza, calo demografico,
rigenerazione urbana e qualitÃ  dei servizi"". Presente anche
l'assessore regionale Alessia Rosolen
  Udine, 8 lug - ""Con questo bando la Regione mette a
disposizione 20 milioni di euro per sostenere interventi di
edilizia scolastica costruiti su criteri chiari: sicurezza
sismica, efficientamento energetico, adeguamento antincendio,
messa a norma degli impianti, superamento delle barriere
architettoniche e coerenza con l'evoluzione demografica dei
territori"".
Lo ha detto questa mattina a Udine, nella sede della Regione,
l'assessore regionale alle Infrastrutture e territorio Cristina
Amirante intervenendo all'incontro di presentazione dell'avviso
per la raccolta delle manifestazioni di interesse finalizzate al
sostegno di interventi di edilizia scolastica. All'appuntamento
era presente anche l'assessore regionale al Lavoro, formazione,
istruzione, ricerca, universitÃ  e famiglia Alessia Rosolen.
Il bando, rivolto ai Comuni del Friuli Venezia Giulia competenti
in materia di edilizia scolastica, riguarda le scuole pubbliche
dell'infanzia, primarie e secondarie di primo grado. Le domande
potranno essere presentate attraverso il portale dell'Anagrafe
regionale dell'edilizia scolastica Ares 2.0 dalle ore 9 del 9
luglio alle ore 16 del 3 settembre.
""L'esperienza del Pnrr - ha spiegato Amirante - ci ha consegnato
elementi utili per costruire una nuova programmazione piÃ¹
aderente ai bisogni reali delle comunitÃ . Per questo il bando
guarda al singolo intervento edilizio dentro una visione piÃ¹
ampia, che tiene conto della distribuzione della popolazione
scolastica, della sostenibilitÃ  delle strutture e della necessitÃ 
di utilizzare in modo coerente le risorse pubbliche"".
Tra gli interventi finanziabili rientrano la sostituzione
edilizia con demolizione e ricostruzione, la mitigazione del
rischio sismico, l'efficientamento energetico, l'ampliamento di
edifici esistenti legato alla dismissione di altri plessi, le
nuove costruzioni in aree di rigenerazione urbana, la
realizzazione di mense e palestre, l'adeguamento antincendio, la
messa a norma degli impianti, l'eliminazione delle barriere
architettoniche, la rimozione dell'amianto, il depaving e la
rifunzionalizzazione degli spazi da destinare alla didattica.
""Abbiamo voluto inserire un riferimento forte alla rigenerazione
urbana - ha aggiunto Amirante - perchÃ© gli investimenti sulle
scuole devono diventare anche occasioni di riqualificazione dei
luoghi. Allo stesso tempo, sono stati definiti parametri e limiti
che consentano di dimensionare correttamente gli interventi
rispetto ai fabbisogni effettivi"".
L'avviso prevede una dotazione complessiva di 20 milioni di euro
sul triennio 2026-2028. Il contributo massimo concedibile puÃ²
arrivare a 8 milioni per demolizione con ricostruzione e nuove
costruzioni in aree di rigenerazione urbana, a 1,6 milioni per
nuove mense e palestre, a 500mila euro per interventi di
adeguamento antincendio e messa a norma, e a 3 milioni per le
altre tipologie di intervento previste.
Rosolen ha evidenziato l'importanza di una programmazione
condivisa tra Comuni e istituti comprensivi. ""La sfida - ha
osservato l'assessore - Ã¨ adottare una prospettiva sovracomunale
nella programmazione dei servizi scolastici, mettendo in rete i
territori. Il dato demografico richiede scelte responsabili e una
lettura integrata dell'offerta formativa, delle strutture e dei
servizi garantiti sul territorio"".
Secondo Rosolen, il bando ""tiene conto dell'intervento edilizio
insieme alla coerenza con il dimensionamento scolastico, con i
dati demografici, con i servizi garantiti sul territorio e con
l'organizzazione complessiva dell'istituto comprensivo"".
ARC/PT/gg                        
                        
                        
                          
                            
                                © RIPRODUZIONE RISERVATA
                                
                            
                                            
        Potrebbe interessarti anche"
20260708051220,La Nazione,https://www.lanazione.it/grosseto/cronaca/sistema-sanitario-ancora-ombre-la-7d1cddb1,,,,,,srclc:ita,"GROSSETOLa Federazione dei pensionati della Cisl di Grosseto ha riunito i propri quadri sindacali intorno al Consiglio generale territoriale, con l’obiettivo di valutare i punti di forza e di debolezza del sistema sanitario e sistema sociale del territorio. Oltre al segretario generale Cisl Simone Gobbi, al segretario generale regionale dei pensionati, Viviano Bigazzi e al segretario regionale organizzativo dei Pensionati Luca Burgalassi, era presente anche la direttrice del Coeso, Tania Barbi, che ha dato un grande contributo sulla valutazione dei punti di forza. ""Il tentativo in atto di rafforzare la Sanità territoriale e quindi la presa in carico del cittadino nell’ambito sanitario e sociale – spiega Massimo Sbrilli (foto), dei Pensionati Cisl Grosseto – si scontra con la crisi del personale che continua a rappresentare uno dei principali problemi del servizio sanitario nazionale e che si riverbera sulla qualità e sull’efficienza del sistema. Bisogna investire sul capitale umano altrimenti attratto dalla medicina privata, non bisogna più indugiare o lesinare risorse per il tangibile miglioramento del trattamento economico, della formazione, dell’aggiornamento, dell’adeguamento dei livelli assunzionali. Tema cruciale ed urgente che però fatica a farsi strada nel dibattito politico"". Secondo le stime Istat elaborate dalla Federazione Pensionati Cisl, la popolazione over 65 entro il 2050 vedrà un incremento del 50%, mentre la fascia di età 0-64 anni diminuirà del 18%, confermando così un indirizzo demografico in atto già da anni. ""Per quanto riguarda la situazione economica – continua Sbrilli - i numeri raccontano una situazione in peggioramento, un sondaggio fatto a cura della Federazione Pensionati Cisl fra gli associati ed utenti che frequentano le sedi della Cisl di Grosseto, Follonica, Massa Marittima e Orbetello, il 42% dichiara di aver rinunciato almeno una vota ad una visita specialistica ad un esame diagnostico nell’anno 2025, un dato significativo che evidenzia come anche nel nostro Territorio vi sia una crescente difficoltà di accesso alle cure. Emerge con chiarezza che la salute non possa essere più considerata esclusivamente una questione sanitaria. I bisogni sanitari sono direttamente connessi al disagio sociale e quest’ultimo spesso conseguente alle difficoltà economiche"".
Ricevi le notizie de La Nazione su Google"
20260708051201,La Nazione,https://www.lanazione.it/firenze/cronaca/il-peso-del-traffico-a-cd9cb65a,,,,,,srclc:ita,"di Antonio PassaneseFIRENZEOgni giorno Firenze è attraversata da 750mila spostamenti in automobile. Un numero che racconta meglio di qualsiasi slogan il peso della mobilità privata sul capoluogo toscano e che rappresenta uno dei dati più significativi dell’indagine conoscitiva commissionata da Palazzo Vecchio al consulente Stefano Ciurnelli. Lo studio costituisce la base del nuovo Piano generale del traffico urbano e restituisce l’immagine di una città complessa, dove convivono residenti, pendolari, studenti, turisti e lavoratori, con esigenze molto diverse tra loro e senza una soluzione valida per tutti. Dei 750mila spostamenti giornalieri in auto, 400mila sono effettuati dai residenti, mentre i restanti 350mila riguardano chi arriva da fuori città. Una pressione costante sulla rete stradale che si concentra soprattutto in alcuni poli strategici, come la stazione di Santa Maria Novella e l’area ospedaliera di Careggi, individuate dal report tra le zone più congestionate. Al contrario, esistono quartieri nei quali l’obiettivo sarà riportare funzioni, servizi e vivibilità. Per Ciurnelli il nuovo piano dovrà mettere al centro le persone, trovando un equilibrio tra sicurezza stradale e percezione di sicurezza di chi vive e attraversa quotidianamente Firenze.
L’indagine fotografa anche le abitudini di spostamento dei cittadini. Oggi il 56% utilizza prevalentemente l’automobile, il 27% sceglie il trasporto pubblico e soltanto il 17% si muove a piedi o in bicicletta. Eppure i dati dimostrano che una parte consistente degli spostamenti potrebbe essere effettuata con mezzi alternativi: il 46% dei tragitti in auto o moto è infatti inferiore ai due chilometri, mentre circa il 74% dei percorsi casa-scuola non supera il chilometro in linea d’aria. Numeri che, secondo il consulente, evidenziano un potenziale importante per incentivare la mobilità pedonale e ciclabile, a patto di realizzare percorsi sicuri, migliorare gli attraversamenti e ridurre la velocità dei veicoli.
Tra gli elementi presi in esame c’è anche la gestione quotidiana della città. Ogni anno il Comune emette circa 10mila ordinanze legate ai cantieri: il 43% riguarda opere pubbliche, mentre il 57% interventi privati. Un’attività che incide inevitabilmente sulla viabilità e che rende ancora più complessa la gestione del traffico. Lo studio dedica particolare attenzione anche alla sicurezza stradale. Nel 2025 a Firenze si sono verificati 3.085 incidenti: il 47% ha coinvolto automobili, il 31% ciclomotori e il 16% pedoni e biciclette. Dati che rafforzano la necessità di ripensare gli spazi pubblici, rendendo più sicuri gli spostamenti di tutte le categorie di utenti.
Le linee guida del futuro Piano del traffico puntano quindi su un trasporto pubblico più efficiente e affidabile, sul potenziamento della rete ciclabile, sulla riqualificazione dei marciapiedi, su una gestione più razionale dei parcheggi e delle aree dedicate al carico e scarico delle merci, senza trascurare l’impatto crescente delle consegne dell’ultimo miglio, aumentate del 300% rispetto al periodo precedente alla pandemia. Il quadro demografico conferma ulteriormente la complessità della pianificazione. Firenze conta oggi 365.814 residenti, dei quali ben 101.770 hanno più di 65 anni, mentre i bambini tra 0 e 14 anni sono 36.682, circa un terzo rispetto agli anziani. A questi numeri si aggiungono ogni anno 15 milioni di presenze turistiche e i 58 milioni di passeggeri che transitano dalla stazione di Santa Maria Novella, oltre alla forte concentrazione di attività economiche nel centro storico, dove il solo quadrilatero conta 3.647 esercizi.
""Da questi dati emerge in modo chiaro che dobbiamo lavorare per ridisegnare profondamente la mobilità e l’assetto degli spazi cittadini"", ha spiegato la sindaca Sara Funaro. ""L’obiettivo è trovare un nuovo equilibrio tra le diverse forme di mobilità per migliorare la qualità della vita di chi si sposta in auto, con i mezzi pubblici o con modalità attive come la bicicletta e gli spostamenti a piedi"". Sulla stessa linea l’assessore alla Mobilità Andrea Giorgio, secondo il quale ""colpisce innanzitutto il numero di auto che ogni giorno circolano in città"" e il fatto che, per percorsi inferiori ai due chilometri, ""l’automobile spesso non sia il mezzo più efficiente"". Per questo, ha aggiunto, ""sarà necessario investire sulla qualità dei marciapiedi, sulla realizzazione di nuove piste ciclabili e sul rafforzamento del trasporto pubblico, sia su gomma sia su tramvia.
Terminata la fase conoscitiva, il percorso entrerà ora nel vivo con la partecipazione della città. Il primo appuntamento sarà il Forum della Mobilità del 14 luglio; da settembre prenderanno invece il via gli incontri nei cinque quartieri, coinvolgendo residenti, associazioni, categorie economiche, commercianti e city users. Da questo confronto nasceranno le linee guida del nuovo Piano del traffico urbano, che dopo il passaggio nelle commissioni approderà in Consiglio comunale entro la fine del 2026."
20260708035234,Tutte Le Ultime Notizie,https://www.ilrestodelcarlino.it/ravenna/cronaca/alla-festa-dellunita-lincontro-con-0296bde7,,,,,,srclc:ita,"Si è conclusa ieri la Festa de L’Unità organizzata negli spazi del Dopolavoro Ferroviario di Faenza. Tra gli appuntamenti tradizionali l’incontro con la Giunta che ha avuto luogo lunedì sera. Dopo i saluti in apertura del segretario comunale del Pd Emanuele Tanesini hanno preso parola il sindaco Massimo Isola intervistato su sanità territoriale e ricostruzione post alluvione, il vicesindaco Andrea Fabbri che ha relazionato i presenti riguardo alla delega dei lavori pubblici, e tutti gli altri amministratori. Luca Ortolani è intervenuto sul tema che ha tenuto banco in consiglio comunale con la mozione sui metal detector e più in generale sulla sicurezza, evidenziando che la città ""non è fuori controllo"". Quindi è toccato a Denise Camorani relazionare sul bilancio ""in salute"" dell’Ente. Martina Laghi ha sottolineato che gli investimenti in scuola e impianti sportivi continueranno durante il mandato. Poi sono intervenuti i due nuovi assessori Gianluca Baccarini che ha approfondito il tema dell’economia della notte, e Giulia Bassani che ha evidenziato come sul piano turistico la città possa ancora migliorare. Davide Agresti è intervenuto sui temi del welfare, dell’invecchiamento demografico e anche riguardo alle politiche giovanili, necessarie per intercettare il disagio. Al termine il sindaco ha risposto alle domande del pubblico: si è parlato dell’attivazione dei nuovi organismi di quartiere entro il 2027.
Ricevi le notizie de il Resto del Carlino su Google"
20260708024559,Linkiesta.it,https://www.linkiesta.it/2026/07/mini-guida-vienna-evita-accuratamente-centro-storico-e-sacher-torte/,,,,,,srclc:ita,"L’aumento della popolazione ha cambiato la geografia della città, ecco perché per visitarla davvero bisogna partire da quelli che un tempo erano i sobborghi, i grätzel L'articolo Una mini guida a Vienna che evita accuratamente il centro storico (e la Sacher Torte) proviene da Linkiesta.it ."
20260708013524,Gds,https://messina.gazzettadelsud.it/articoli/cronaca/2026/07/08/capo-dorlando-la-nuova-scuola-green-e-pronta-ma-non-ci-sono-bambini-8551a79b-209d-4b41-bbf4-87856f5f6d64/,,,,,,srclc:ita,"Pronta la nuova scuola “green” di contrada Piscittina di Capo d’Orlando ma mancano gli alunni. 
Sorta sulle ceneri del vecchio edificio abbattuto, la struttura è stata completata dall’impresa Lupò Costruzioni di Messina e l’inaugurazione potrebbe già avvenire all’inizio del nuovo anno scolastico 2026/2027. Resta, tuttavia, un grande punto interrogativo: ad oggi mancano gli alunni per far partire sia la scuola materna che l’elementare. Negli ultimi anni, il trasferimento temporaneo dei bambini per consentire i lavori (iniziati a marzo 2024) ha spinto molte famiglie residenti nella borgata a iscrivere i figli nei plessi del centro o nella vicina Rocca di Caprileone. A questo si aggiunge un forte trend di calo demografico. Il sindaco Franco Ingrillì e la dirigente dell’Istituto Comprensivo “Giovanni Paolo II”, Rita Troiani, puntano però sul rilancio: l’obiettivo è far tornare i bambini a Piscittina, una delle contrade più grandi e popolose di Capo d’Orlando , al confine con Mirto e Capri Leone, restituendo vita e centralità al quartiere.
A fare da attrattiva per le famiglie saranno le tecnologie d’avanguardia del nuovo plesso, tra i primi standard “green” in Italia. Realizzata interamente al piano terra su una superficie di 417 mq, la scuola comprende: 3 aule per gli alunni oltre agli spazi per i docenti e la sala mensa. Il riscaldamento è a pavimento tramite pannelli radianti a bassa temperatura mentre la ventilazione garantisce il monitoraggio di Co2 e la riduzione dei contagi da virus.
L'articolo completo è disponibile sull'edizione cartacea e digitale
Scopri di più nell’edizione digitale
Per leggere tutto acquista il quotidiano
o scarica la versione digitale."
20260707221622,Il Messaggero,https://www.ilmessaggero.it/economia/news/tassi_panetta_rialzi_cosa_ha_detto-9637823.html,,,,,,srclc:ita,"«Non siamo di fronte a una replica del drammatico picco dei prezzi energetici del 2022». Non l'ha mandata a dire, come al suo solito, ieri Fabio Panetta, Governatore della Banca d'Italia, durante la conferenza conclusiva del network di ricerca ChaMP dell'Eurosistema a Roma. Nel momento in cui la guerra nel Golfo Persico riporta sotto pressione i mercati energetici e alimenta l'incertezza di imprese e famiglie, il rischio maggiore, secondo Panetta, è applicare ricette del passato a uno scenario profondamente cambiato.
Il messaggio alla BCE è netto: evitare automatismi e reazioni predeterminate. Sembra una mitigazione rispetto alla fuga in avanti della collega Isabel Schnabel del giorno prima («battere ferro finché caldo»). Per Panetta, una stretta monetaria modellata sul 2022 rischierebbe infatti di colpire un'economia europea oggi molto più debole. La differenza principale rispetto alla crisi energetica di quattro anni fa è nel contesto macroeconomico. Allora l'inflazione era sostenuta da una forte ripresa della domanda globale; oggi lo shock energetico si innesta su una crescita fragile, con domanda interna debole e tassi reali già sensibilmente più elevati.
Anche la natura dello shock è diversa. L'aumento riguarda soprattutto il petrolio e meno il gas, con effetti inflazionistici storicamente meno persistenti. Nel frattempo l'Eurozona ha ridotto parte della propria vulnerabilità grazie alla diversificazione delle forniture di gas naturale liquefatto e al maggiore peso delle energie rinnovabili. Reagire come nel 2022 significherebbe ignorare che la domanda resta fiacca e che l'industria europea è già frenata dalla concorrenza cinese e dall'elevata propensione al risparmio delle famiglie, sintomo di un'incertezza che continua a comprimere consumi e investimenti.
Nella ricostruzione del Governatore emerge inoltre un quadro congiunturale più articolato di quello fotografato dai soli dati sull'inflazione. La crescita dell'area euro ha mostrato una discreta capacità di tenuta nel corso del 2025, sostenuta dall'occupazione, dagli investimenti legati alla transizione digitale e ambientale e dall'aumento della spesa per la difesa. Tuttavia la produzione industriale ha continuato a ristagnare nella seconda parte dell'anno, soprattutto nelle economie manifatturiere come Germania e Italia, mentre il riaccendersi delle tensioni geopolitiche ha determinato un brusco peggioramento della fiducia dei consumatori, un irrigidimento delle condizioni finanziarie e aspettative di crescita più deboli. Un contesto che rende ancora più delicato il compito della politica monetaria, chiamata a contenere i rischi inflazionistici senza aggravare il rallentamento ciclico.
Per Panetta la politica monetaria deve quindi evitare sia di sottovalutare lo shock sia di considerarlo una semplice replica della crisi precedente. Gli aumenti dei prezzi dell'energia si trasmettono rapidamente ai listini, anche grazie alla digitalizzazione e agli algoritmi di prezzo, ma allo stesso tempo comprimono il potere d'acquisto delle famiglie, riducono i margini delle imprese e frenano la domanda. Proprio questo doppio effetto rende più complessa la risposta delle banche centrali.
Il Governatore richiama inoltre l'attenzione sull'importanza delle aspettative di inflazione. È infatti il rischio che imprese e lavoratori incorporino stabilmente nei prezzi e nei salari gli aumenti dei costi energetici a rendere necessario un presidio della credibilità della banca centrale. La politica monetaria, osserva, non può impedire il rialzo delle quotazioni delle materie prime, ma può evitare che lo shock si trasformi in una spirale inflazionistica di seconda battuta, molto più costosa da riassorbire.
Il dilemma energetico si inserisce in una trasformazione più ampia che il Governatore definisce ""Grande Riconfigurazione"". Frammentazione del commercio internazionale, intelligenza artificiale, invecchiamento della popolazione e cambiamento climatico stanno modificando non solo le prospettive di crescita e inflazione, ma anche i meccanismi di trasmissione della politica monetaria.
Resilienza
L'intelligenza artificiale e la digitalizzazione possono accelerare la velocità con cui imprese e banche reagiscono ai cambiamenti dei tassi. Al contrario, l'invecchiamento demografico e gli investimenti orientati alla resilienza geopolitica più che all'efficienza rischiano di rendere famiglie e imprese meno sensibili alle variazioni del costo del denaro.
Da qui la ricetta indicata da via Nazionale: «umiltà intellettuale» nell'interpretazione dei dati, ricorso sistematico a scenari alternativi e nessun impegno preventivo sul futuro percorso dei tassi. Panetta difende la decisione assunta dalla BCE a giugno di aumentare di 25 pb il tasso sui depositi, ritenendola una scelta robusta per preservare l'ancoraggio delle aspettative di inflazione in uno scenario segnato anche dalle tensioni nello Stretto di Hormuz. Ma avverte che le prossime mosse dovranno restare strettamente dipendenti dall'evoluzione dei dati.
Per il Governatore ""giocare la partita di lungo periodo"" significa proprio questo: conservare fermo l'obiettivo della stabilità dei prezzi adattando però strumenti e analisi a un'economia sempre più influenzata da geopolitica, tecnologia, transizione energetica e nuove fonti di incertezza."
20260707203614,Corriere,https://www.corriere.it/economia/finanza/26_luglio_07/punti-forza-usa-1bf56fa5-98fd-400f-8afc-c1c9573c9xlk.shtml,,,,,,srclc:ita,"Tecnologia, demografia, moneta e risorse naturali: i punti di forza degli Usa (che compiono 250 anni)
Ecco perché il declino americano, previsto più volte come il sorpasso economico della Cina, può attendere
Il modo migliore per capire lo stato dell’America non è ascoltare i suoi commentatori, spesso apocalittici. È osservare i suoi rivali. Quando Trump arrivò a Pechino per l’ultimo vertice con Xi Jinping, la scena più istruttiva non era quella dei due presidenti. Era la delegazione che accompagnava l’Air Force One: i vertici di Apple, Nvidia, Meta, Boeing, Goldman Sachs, BlackRock, Qualcomm, SpaceX-Tesla, General Electric e di altri colossi. Una concentrazione di potenza economica e tecnologica che nessun altro paese, Cina inclusa, è in grado di schierare. Xi può pensare tutto il male possibile di Trump, può perfino disprezzarlo. Ma quando misura i rapporti di forze guarda ai fattori fondamentali. I «fondamentali» continuano a fare degli Stati Uniti il numero uno. Il «sorpasso cinese», che appariva certo vent’anni fa, oggi è dubbio se non improbabile.
Una nazione «resiliente»
È la domanda che accompagna il loro 250° anniversario: gli Stati Uniti sono davvero una nazione in declino? Le cronache sembrano dire di sì. Polarizzazione, scontri ideologici, un presidente che divide come pochi nella storia. Dall’opposizione democratica, dalle élite dell’accademia e dello spettacolo, dall’Europa, arrivano diagnosi terminali sulla democrazia americana. Eppure è una scena già vista. Negli anni ‘60 furono gli assassinii dei Kennedy e Martin Luther King, le rivolte razziali, il Vietnam. Negli anni ‘70 inflazione, crisi energetica, New York alla bancarotta, il Giappone indicato come padrone dell’economia mondiale. Ogni volta gli Stati Uniti furono dati per finiti. Ogni volta ripartirono. Dopo la Grande Depressione ci fu la vittoria contro i nazifascismi, dopo il caos degli anni Settanta il trionfo contro l’Unione sovietica.
Per capire questa resilienza bisogna guardare i quattro pilastri della potenza. Nessuna nazione può aspirare all’egemonia se non combina questi fattori: leadership finanziaria imperniata su una moneta universale, superiorità tecnologica (che include la capacità militare), controllo di risorse strategiche, dinamismo demografico. Gli Stati Uniti oggi sono gli unici a possedere il «quadrilatero magico». Restano il principale polo dell’innovazione, dominano la finanza, dispongono della rete militare globale più estesa e continuano ad attirare talenti da ogni continente. La Cina si è avvicinata sul terreno industriale e tecnologico ma non esercita la stessa capacità di attrazione. L’Europa non dispone né della forza militare né della capacità innovativa. La Russia ha un’economia debole e una demografia in caduta vertiginosa.
L’impero «su invito»
C’è poi una caratteristica che distingue gli Stati Uniti dagli imperi del passato. Lo storico norvegese Geir Lundestad parlò di un «impero su invito». Gli imperi tradizionali si espandevano conquistando territori. Quello americano è cresciuto perché molti paesi hanno chiesto spontaneamente di entrarvi. Dopo il 1945 Germania, Giappone, Italia e gran parte dell’Europa occidentale cercarono la protezione americana. Dopo il crollo del Muro di Berlino e la dissoluzione dell’impero comunista, furono gli Stati dell’Europa orientale a voler entrare nella Nato. Di recente lo hanno fatto Finlandia e Svezia. Questo non cancella gli errori di Washington, dalle guerre sbagliate agli eccessi di unilateralismo. Ma spiega perché l’influenza americana non si fondi soltanto sulla forza: si alimenta anche del consenso dei suoi alleati.
Nessun impero è eterno. Lo storico Paul Kennedy ha descritto l’imperial overstretch, l’iperdilatazione imperiale: quando una potenza assume troppi impegni militari finisce per logorare la propria economia, in particolare rischia il collasso finanziario per eccesso di debiti. È accaduto alla Spagna, alla Francia napoleonica, all’Impero britannico. Gli Stati Uniti conoscono questo pericolo, anche se per adesso il loro debito complessivo è inferiore a quello di tanti altri (Cina inclusa) ed è più sostenibile. Le guerre in Afghanistan e Iraq hanno alimentato il dubbio che Washington stesse spendendo troppo per mantenere un ruolo globale. Da qui la richiesta, tanto dalla destra quanto dalla sinistra americana, di ridurre gli interventi all’estero.
La tradizione
Trump interpreta anche questa tradizione. Lui viene descritto come una rottura radicale. In realtà rappresenta il ritorno di una tentazione antica quanto la Repubblica americana: l’isolazionismo. George Washington invitava a evitare alleanze permanenti. Dopo la prima guerra mondiale gli Stati Uniti rifiutarono di entrare nella Società delle Nazioni. Negli anni Trenta lo slogan «America First» esprimeva la volontà di restare fuori dai conflitti europei. Solo la seconda guerra mondiale e la guerra fredda trasformarono gli Stati Uniti nella guida stabile dell’Occidente. Oggi quel dibattito è riemerso. Dopo decenni in cui Washington si è assunta il costo dell’ordine internazionale, una parte crescente dell’opinione pubblica si chiede se quel ruolo sia ancora sostenibile.
Trump dà una risposta drastica: meno responsabilità globali, più attenzione agli interessi nazionali. Ma il pendolo americano oscilla sempre fra apertura e ripiegamento. Trump è un coacervo di contraddizioni: vuole ridurre l’impegno Usa nella Nato, nel frattempo ha aumentato quello in Medio Oriente con l’intervento militare in Iran, dagli esiti finora deludenti. Sul fronte economico il suo protezionismo non è nuovo. L’America disegnò le regole dell’economia globale fin dal 1944 ma poi ebbe periodiche crisi di rigetto contro le aperture dei mercati: sotto le presidenze Nixon, Reagan, Clinton e Obama, le proteste operaie o ambientaliste, di sinistra o di destra, segnalarono che «gli sconfitti della globalizzazione» volevano politiche diverse. Un maestro della geopolitica del Novecento, Henry Kissinger, invitò a studiare Trump come uno di quei personaggi che appaiono nel corso della storia a segnalare un passaggio d’epoca, la chiusura di un capitolo.
Non solo un leader
È sempre sbagliato identificare l’America con un presidente. I leader passano. Rimangono i fattori strutturali della potenza: la capacità di innovare, attrarre capitali e cervelli, trasformare la ricerca in industria, rinnovarsi dopo ogni crisi. In altre parti del mondo l’ambizione è un peccato, in America è una virtù. Perfino i comunisti cinesi hanno voluto emulare l’energia vitale del capitalismo Usa. A 250 anni dalla nascita, gli Stati Uniti restano un paese di contraddizioni. Politicamente litigioso, economicamente dinamico. Diviso all’interno, indispensabile negli equilibri mondiali. Ogni generazione ne annuncia il tramonto. Finora la storia ha raccontato qualcosa di diverso. Non è un caso se la rivoluzione dell’intelligenza artificiale, ancora una volta, comincia da qui."
20260707163500,Laregione,https://www.laregione.ch/cantone/ticino/1936861/in-ticino-e-troppo-difficile-per-un-anziano-invecchiare-a-casa-propria,,,,,,srclc:ita,Avanti con Ticino&Lavoro presenta un dossier con diciannove misure per aiutare gli over 65. ‘Dalla casa ai trasporti serve cambiare paradigma’
20260707161341,Il Giorno,https://www.ilgiorno.it/salute/geriatra-di-comunita-lombardia-j1177aqh,,,,,,srclc:ita,"Milano, 7 luglio 2026 – Inverno demografico e popolazione sempre più anziana: la sanità territoriale corre ai ripari e si attrezza per rispondere in modo più efficace alle esigenze delle persone. È questo l'obiettivo della Risoluzione per l'istituzione della figura del “Geriatra di Comunità”, approvata all’unanimità nella seduta di oggi del Consiglio regionale.
L’evoluzione demografica
Il documento prende atto dell'evoluzione demografica in corso: in Lombardia - secondo i dati ricordati - si contano oggi 177 persone over 65 ogni 100 under 15, un dato destinato a crescere nei prossimi decenni ed entro dieci anni gli over 80 cresceranno del 41%. Una trasformazione che richiede strumenti innovativi per garantire continuità assistenziale, prevenzione e qualità delle cure e nuovi modelli organizzativi per la presa in carico delle persone anziane fragili.
Di cosa si occuperà il Geriatra di Comunità
La Risoluzione quindi, riferiscono gli uffici del Consiglio regionale, impegna la Giunta ad avviare percorsi sperimentali nelle Case di Comunità e nelle reti territoriali delle Asst, introducendo la figura del “Geriatra di Comunità” come specialista di riferimento per la valutazione precoce della fragilità, il supporto ai medici di assistenza primaria e la costruzione di percorsi personalizzati di cura.
Le misure previste
Tra le misure previste figurano, inoltre, lo screening proattivo della fragilità, il potenziamento delle ""Frailty Unit"" nei Pronto Soccorso, la creazione di una rete dedicata alla fragilità e l’istituzione di percorsi di aggiornamento per favorire una maggiore integrazione tra i diversi professionisti coinvolti nella presa in carico della popolazione anziana. La Risoluzione prevede, infine, l'istituzione di un Gruppo di lavoro regionale sulla geriatria con funzioni consultive e di supporto alla Direzione Generale Welfare, chiamato a monitorare l'attuazione delle sperimentazioni e a valutarne i risultati.
""Servizi a misura dei cittadini”
“Con questa Risoluzione poniamo le basi per una sanità di prossimità sempre più moderna, capace di rispondere ai bisogni di una popolazione che invecchia e di offrire servizi sempre più vicini ai cittadini, investendo con decisione sulla prevenzione e sulla presa in carico territoriale – ha detto la relatrice del provvedimento, Paola Bulbarelli (Fratelli d'Italia). L'introduzione del Geriatra di Comunità rappresenta un tassello strategico per intercettare precocemente le situazioni di fragilità, favorire la permanenza degli anziani al proprio domicilio e garantire un'assistenza multidimensionale e continuativa. Allo stesso tempo, il rafforzamento delle Frailty Unit nei Pronto Soccorso consentirà di assicurare percorsi dedicati agli over 65, migliorando la qualità delle cure e offrendo un supporto concreto anche alle famiglie, spesso chiamate a gestire situazioni particolarmente complesse”.
“L'invecchiamento della popolazione richiede un cambio di paradigma che vada oltre il tradizionale modello ospedaliero – ha detto il relatore Davide Casati (PD). È necessario rafforzare l'integrazione tra ospedale e territorio, valorizzando le professionalità già presenti nel sistema sanitario e costruendo percorsi assistenziali sempre più efficaci. L'obiettivo è ridurre gli accessi impropri ai Pronto Soccorso, garantire una presa in carico più adeguata delle persone anziane e offrire un sostegno concreto anche alle loro famiglie, contribuendo così a migliorarne la qualità della vita”.
Il sottosegretario con delega Autonomia e Rapporti con il Consiglio Regionale, Mauro Piazza ha sottolineato come la mozione affronti “un tema centrale per evoluzione del sistema socio sanitario regionale. Il testo valorizza la figura del Geriatra di comunità come punto di riferimento per la gestione proattiva delle fragilità in coerenza con gli indirizzi di potenziamento della sanità territoriale”."
20260707145621,Corriere Dell'irpinia,https://corriereirpinia.it/mezzogiorno-svimez-ultimi-5-anni-area-piu-dinamica-del-paese-dazi-la-campania-rischia/,,,,,,srclc:ita,"Negli ultimi cinque anni il Mezzogiorno si è confermato l’area più dinamica del Paese, registrando una crescita cumulata del 9,5%, superiore sia alla media nazionale (+7,1%) sia a quella del Centro-Nord (+6,6%). Anche nel 2025 il Sud dovrebbe mantenere un ritmo di crescita leggermente più sostenuto rispetto al resto d’Italia, con un incremento del Pil dello 0,7%, contro lo 0,5% previsto a livello nazionale e nel Centro-Nord.
È quanto emerge dal rapporto conclusivo del progetto del Centro Studi della Federazione Banche di Comunità Credito Cooperativo Campania e Calabria, realizzato con la direzione scientifica della Svimez e presentato oggi a Napoli.
Secondo gli analisti, il vantaggio del Mezzogiorno è però legato soprattutto a fattori straordinari e difficilmente replicabili nel tempo, come gli effetti degli incentivi edilizi, la fase più intensa degli investimenti del Pnrr e la chiusura del ciclo della programmazione europea 2014-2020, più che a un cambiamento strutturale del divario economico con il resto del Paese.
Tra le regioni meridionali emergono percorsi differenti. La Campania guida la crescita nazionale con un incremento cumulato dell’11,3% nel periodo 2021-2025 e una previsione di +0,9% per il 2025. Più contenuta, invece, la performance della Calabria, che si attesta al +5,2% nel quinquennio e al +0,8% nell’ultimo anno, frenata da un sistema produttivo meno diversificato e da una ripresa più lenta dopo la lunga recessione iniziata nel 2008.
Il rapporto richiama l’attenzione anche sui possibili effetti dei dazi statunitensi previsti per il 2025. Secondo le stime della Svimez, le nuove misure potrebbero ridurre il valore aggiunto nazionale di circa 6,3 miliardi di euro e costare quasi 90 mila posti di lavoro, di cui 13.300 nel Mezzogiorno.
La Campania risulterebbe la regione meridionale più esposta, essendo la principale esportatrice del Sud verso gli Stati Uniti, con un valore dell’export pari a 1,93 miliardi di euro. L’impatto stimato è di una perdita di 239 milioni di euro di valore aggiunto e circa 4.700 occupati, con effetti concentrati soprattutto nei comparti farmaceutico e agroalimentare. Per la Calabria, invece, la stima è di una riduzione di 31 milioni di euro di valore aggiunto e di circa 800 posti di lavoro, su un sistema export più contenuto ma fortemente specializzato nell’agroalimentare.
«Il report conferma un Mezzogiorno in crescita per il quarto anno consecutivo, in particolare Campania e Calabria», ha spiegato Gaetano Vecchione, consigliere scientifico della Svimez. «I risultati sono sostenuti soprattutto dall’effetto espansivo delle politiche pubbliche, ma restano irrisolte alcune fragilità strutturali, come il calo demografico, l’emigrazione dei giovani laureati e un tessuto industriale ancora insufficiente».
Secondo Vecchione, in questo scenario le Banche di credito cooperativo rappresentano «una leva fondamentale per lo sviluppo e un moltiplicatore dell’efficacia delle politiche pubbliche», soprattutto in vista della conclusione del Pnrr e della necessità di definire nuove strategie di crescita.
Sulla stessa linea il presidente della Federazione Banche di Comunità Credito Cooperativo Campania e Calabria, Amedeo Manzo, che ha rivendicato il ruolo delle Bcc nel sostenere lo sviluppo del Mezzogiorno. «Il credito cooperativo rappresenta un modello capace di rispondere con efficacia alle esigenze dei territori, grazie alla vicinanza alle comunità e alla solidità garantita dai gruppi bancari cooperativi», ha affermato. «La sfida sarà continuare a coniugare innovazione tecnologica, intelligenza artificiale, cooperazione e mutualità, mantenendo sempre la persona al centro dell’azione»."
20260707130709,Bergamonews,https://www.bergamonews.it/2026/07/07/saldi-nel-primo-weekend-a-bergamo-328-mila-presenze-in-citta-spende-chi-ha-gia-in-tasca-il-portafoglio-pieno/907378/,,,,,,srclc:ita,"Tutti i dati
|Saldi, nel primo weekend a Bergamo 328 mila presenze. In città spende chi ha già in tasca il portafoglio pieno
Il report di Confcommercio: in Città Alta gli stranieri pesano per il 32,1%. Il capoluogo è una destinazione ‘premium’, oltre il 55% dei frequentatori alto e medio spendenti
Bergamo. Il primo weekend della stagione dei saldi estivi ha confermato la capacità attrattiva del sistema commerciale bergamasco nel suo complesso. È quanto emerge dall’analisi dei flussi pedonali rilevati nel distretto di Città Bassa e in Città Alta, nell’ambito del progetto Cities Analytics Confcommercio, piattaforma di analisi basata sulla raccolta di dati della telefonia mobile. Con questa tecnologia vengono tracciate su base oraria le presenze delle persone che attraversano un’area geografica urbana: per garantire che i dati raccolti rappresentino reali visitatori e non un semplice traffico di passaggio anche automobilistico, il sistema esclude automaticamente tutti i passaggi con un tempo basso di permanenza nell’area.
I due report letti in parallelo, prendono in considerazione il weekend da venerdì 3 luglio a domenica 5 luglio (a confronto con il precedente, dal 26 al 28 giugno) e restituiscono la fotografia di una città capace di intercettare pubblici differenti ma ugualmente significativi, per un totale complessivo di oltre 328 mila visite. Nelle vie del centro, dove venerdì 3 luglio si è aperta la “Bergamo Shopping week (end)” del distretto e sabato 4 luglio ha preso ufficialmente avvio la stagione degli sconti con la Night la sera, i flussi hanno raggiunto le 241,2 mila visite, con una crescita del 54,6% rispetto al weekend precedente. L’analisi giornaliera mostra che il flusso si è concentrato in modo quasi speculare tra venerdì 3 luglio (86.660 visite) e il picco assoluto sabato 4 luglio (89.739 visite). Il punto minimo del periodo si è toccato domenica 28 giugno, con il valore più basso a quota 36.304 visite, tra la grande afa e il rinvio intenzionale degli acquisti in vista dello shopping d’occasione.
In Città Alta le visite – sempre tra il 3 e il 5 luglio – si sono attestate a 87,4 mila, in crescita del 57,7% rispetto all’ultimo weekend di giugno (26-28 giugno). Sommando i due distretti, la città ha quindi movimentato complessivamente 328,6 mila visite in questo primo weekend di luglio, a conferma di un avvio di stagione a pieno regime. I due distretti, pur muovendosi nella stessa direzione di crescita, continuano a mostrare identità commerciali nettamente distinte e per questo complementari.
Città Bassa si conferma meta dello shopping di prossimità: quasi la metà dei suoi visitatori proviene dalla provincia, il pubblico predilige la formula “mordi e fuggi” nel 73,6% dei casi e la giornata di sabato, primo giorno di saldi, ha coinciso con il picco assoluto a quota quasi 90 mila visite, seguita da un netto ridimensionamento la domenica (64.762 visite), complici anche le temperature ancora elevate, che probabilmente hanno incentivato gite fuoriporta. Le iniziative nei negozi, tra animazione ed eventi a partire da venerdì hanno di fatto agito da apripista, portando nelle vie dello shopping quasi 87 mila persone ancora prima dell’inizio ufficiale dei saldi.
Città Alta conferma la vocazione turistica e internazionale di Bergamo: gli stranieri pesano per il 32,1% delle presenze, contro il 19,1% di Città Bassa e i flussi si distribuiscono in modo più equilibrato lungo tutto il weekend, con una prima punta al mattino, dalle 10 e un secondo picco serale a partire dalle 19 che si protrae fino a tarda notte, segno di un pubblico che vive il borgo storico anche come meta di svago oltre lo shopping, con l’apertura delle aree estive e la stagione dei dehors entrata a pieno regime. La permanenza media risulta coerentemente più lunga, con il 12,5% dei visitatori che si trattiene sul territorio per più giorni.
Un elemento accomuna però i due distretti in modo particolarmente significativo: l’elevata capacità di spesa del pubblico intercettato. Sia a Città Alta che a Città Bassa, oltre il 55% dei visitatori appartiene a cluster di potere d’acquisto medio-alto o alto, un dato che conferma la trasversalità del posizionamento “premium” di Bergamo, capace di attrarre un pubblico con buona capacità di spesa tanto nel cuore turistico della città quanto nelle sue arterie commerciali di prossimità.
“Questi numeri fotografano una città che sa parlare a pubblici diversi con uguale efficacia – commenta il presidente di Confcommercio Bergamo, Luciano Patelli -. Città Alta continua a essere un magnete per il turismo internazionale, mentre Città Bassa dimostra tutta la sua forza come polo di riferimento per il territorio provinciale. Insieme, i due distretti compongono un’offerta commerciale completa e capace di attrarre fin dal primo weekend di saldi”.
Secondo il direttore Confcommercio Bergamo Oscar Fusini, l’esperienza di questo avvio di stagione offre indicazioni preziose per le prossime settimane: “La combinazione tra un evento di animazione come la Notte Bianca e l’apertura dei saldi ha funzionato molto bene in Città Bassa, mentre in Città Alta emerge con chiarezza il valore della fascia serale e della componente internazionale. Sono due leve diverse, ma altrettanto efficaci, su cui continuare a costruire le prossime iniziative promozionali del territorio”.
L’identikit di chi frequenta la città
Bergamo bassa
I dati demografici e comportamentali raccolti durante il weekend d’inizio saldi tracciano l’identikit di un bacino d’utenza solido e fortemente radicato nel territorio circostante. Il 48,8% dei visitatori proviene dall’area provinciale, costituendo quasi la metà dell’utenza complessiva del distretto. I visitatori stranieri si attestano come seconda forza con il 19,1%, seguiti dai visitatori comunali (16,4%), dai regionali (11,4%) e dalla quota marginale dei nazionali (4,4%). La distribuzione per fasce anagrafiche mette in luce la forte attrattività esercitata sui consumatori con stabilità economica. Il cluster principale è rappresentato dalla fascia 45-54 anni (29%), seguita da quella 55-64 anni (24%). Complessivamente, la fascia d’età compresa tra i 45 e i 64 anni costituisce il 53% del pubblico totale. I giovani adulti (25-44 anni) si attestano al 30% totale (13% per la fascia 25-34 e 17% per la fascia 35-44), mentre si confermano marginali i giovani tra i 18 e i 24 anni (4%) e solida la quota degli over 65 (14%).Il cluster caratterizzato da una capacità di spesa High (Alta) si posiziona come la quota più rilevante del grafico, raggiungendo il 34,1% delle preferenze. Aggregando questo dato alla fascia Mid-High (22,8%), emerge che ben il 56,9% del pubblico totale vanta un potere d’acquisto alto o medio-alto. Il segmento contrassegnato da una capacità di spesa bassa è al 10,7%. Una caratteristica che contraddistingue il distretto indipendentemente dai saldi (56,5% di pubblico medio e alto spendente tutto l’anno).
Città Alta
Gli stranieri rappresentano la seconda forza assoluta del weekend con il 32,1% del totale, superati solo dai visitatori provinciali (38,0%).Seguono a distanza i visitatori comunali (14,4%), i regionali (10,7%) e i nazionali (4,8%). La fascia dominante è quella 45-54 anni (29%), seguita strettamente dai 55-64 anni (25%). Insieme, i consumatori tra i 45 e i 64 anni rappresentano il 54% delle presenze totali. Buona la presenza dei giovani adulti tra i 25 e i 44 anni (che pesano complessivamente il 30%), mentre restano marginali i giovanissimi della fascia 18-24 anni (3%). Il segmento con capacità di spesa High (Alta) è la quota maggioritaria assoluta con il 35,5%. Sommando questa voce alla fascia Mid-High (20,3%), si scopre che il 55,8% dei visitatori totali possiede un potere d’acquisto medio-alto o alto. Al contrario, il cluster Low si ferma appena all’11,1%. Il confronto tra le metriche qualitative del weekend dei saldi e quelle del fine settimana precedente mostra stabilità nei profili demografici ma un’importante variazione nelle abitudini di frequentazione. Nella baseline (26-28 giugno), il flusso mostrava un picco isolato nella mattina (ore 10, al 7,5%) e una successiva discesa costante nel pomeriggio, con un timido ritorno serale alle 20 (6%). Con l’avvio dei saldi, la curva si trasforma diventando bipolare: resiste il forte afflusso mattutino del pubblico mirato (6,6%), ma si assiste a una vera e propria esplosione tardo-pomeridiana che sposta il picco assoluto alle ore 19 (7,5%), prolungando la stanzialità nel distretto fino a tarda sera. Il profilo demografico e l’alto potere d’acquisto rimangono strutturali nel distretto. Il cluster d’età prevalente (45-64 anni) si attesta al 54% nei saldi rispetto al 55% della baseline. Allo stesso modo, il pubblico ad alto budget (High e Mid-High) si conferma l’asse portante del distretto, con un valore del 55,8% durante i saldi rispetto al 57,1% del weekend precedente, a dimostrazione di come Città Alta mantenga intatta la sua forte trazione di clientela con alta capacità di spesa."
20260707124332,Notizie.it,https://www.notizie.it/litalia-delle-professioni-invecchia-e-i-giovani-pagano-il-conto/,,,,,,srclc:ita,"(Adnkronos) – Negli ultimi cinquant’anni la struttura per età della popolazione italiana ha subito profondi cambiamenti, segnati dal calo della fecondità e dal progressivo invecchiamento. Questo processo ha ridefinito gli equilibri tra generazioni, riducendo il peso delle coorti più giovani e rafforzando quello delle classi di età più mature. Emerge dal rapporto dell’Osservatorio delle libere professioni, presentato oggi da Confprofessioni, che analizza tali dinamiche e ne esamina le implicazioni sulla struttura del mercato del lavoro, evidenziando differenze rilevanti tra comparti occupazionali.
Il lavoro dipendente mantiene una composizione per età relativamente più equilibrata, mentre il lavoro indipendente – e in particolare quello libero professionale – si caratterizza per una maggiore concentrazione nelle età più avanzate e per un ricambio generazionale più debole.
Parallelamente, si osserva un’evoluzione della distribuzione dei redditi lungo il ciclo di vita, con un progressivo ampliamento delle distanze tra le diverse classi di età.
I risultati mostrano una perdita di posizione relativa dei più giovani e uno spostamento in avanti del momento di massimo reddito, segnalando una più tardiva realizzazione della maturità economica. Tali dinamiche risultano particolarmente marcate nel lavoro indipendente, dove i divari generazionali appaiono più ampi e variabili nel tempo rispetto al lavoro dipendente.
I risultati evidenziano come i divari generazionali si articolino lungo più dimensioni – demografica, occupazionale e reddituale – ponendo questioni rilevanti in termini di ricambio, equità e dinamiche del ciclo di vita.
Un ulteriore indicatore chiave della sostenibilità socio-demografica è l’indice di ricambio della popolazione attiva, che mette in rapporto la popolazione prossima all’uscita dal mercato del lavoro (60-64 anni) con quella potenzialmente in ingresso (15-19 anni).
Un valore pari al 100% segnala una situazione di equilibrio tra uscite ed entrate, mentre scostamenti da tale soglia indicano un disallineamento nel ricambio generazionale. In questo quadro, il confronto tra 1976 e 2026 evidenzia un cambiamento radicale: nel 1976 l’indice si attestava al 71,9%, indicando una capacità di ricambio più che adeguata, con una platea di giovani potenzialmente in ingresso superiore a quella in uscita. Nel 2026 il valore raggiunge invece il 156%, segnalando un forte squilibrio opposto, in cui le uscite dal mercato del lavoro superano ampiamente le nuove entrate.
Questo andamento si inserisce coerentemente nel quadro delineato dall’indice di dipendenza strutturale: all’invecchiamento della popolazione e alla crescente incidenza degli anziani tra i soggetti a carico si affianca una progressiva riduzione del bacino di giovani in ingresso, determinando un duplice squilibrio che incide sia sulla sostenibilità del sistema economico sia sulla capacità di ricambio della forza lavoro. La struttura per età varia notevolmente a seconda del comparto occupazionale considerato. Nel 2025 i lavoratori dipendenti risultano relativamente più giovani, con una quota di under 34 pari a circa il 24%, contro il 16% dei liberi professionisti e il 15% degli altri indipendenti. Al contrario, le classi di età più avanzate pesano maggiormente nel lavoro indipendente: i 55-64enni rappresentano il 22,3% tra i dipendenti, il 24,0% tra i liberi professionisti e il 27,9% tra gli altri indipendenti, a cui si aggiunge una presenza più rilevante di over 64.
Focalizzandosi sulla struttura per età dei diversi comparti occupazionali distinti per sesso emergono diversi punti d’attenzione. Nel 2025 i dipendenti risultano il comparto più equilibrato, in cui non si rilevano significative differenze tra uomini e donne in termini di composizione per età. Tra i liberi professionisti, al contrario, si evidenziano marcate disparità: gli uomini under 45 sono infatti solo il 34,8% del totale, a fronte del 46,6% che si osserva tra le donne; viceversa, la quota di professionisti over 54 è nettamente più elevata per gli uomini (39,0%) e decisamente più contenuta tra le donne (25,2%). Le differenze osservate derivano principalmente dal tardivo ingresso delle donne nella libera professione, che determina una complessiva struttura per età più giovane rispetto alla controparte maschile.
Anche tra gli altri lavoratori indipendenti si osserva una popolazione femminile mediamente più giovane, sebbene con divari meno accentuati. Nel lavoro dipendente si osserva un processo di invecchiamento contenuto e relativamente uniforme, che riflette comunque il più ampio cambiamento della struttura demografica della popolazione. L’età mediana passa da 44 anni nel 2015 a 46 anni nel 2025, con differenze di genere limitate: uomini e donne partono da un livello simile e presentano nel 2025 uno scarto ridotto, con le donne leggermente più mature. Anche il rapporto giovani/maturi diminuisce nel tempo, coerentemente con l’invecchiamento generale, ma resta su livelli prossimi alla parità per entrambi i sessi e mostra differenze di genere contenute. Il comparto mantiene, quindi, una struttura per età relativamente bilanciata.
Il quadro muta significativamente nel lavoro indipendente e, in particolare, tra i liberi professionisti. L’età mediana risulta più elevata e differenziata per sesso: nel 2025 raggiunge i 50 anni tra gli uomini e i 46 tra le donne. Tale divario riflette una diversa stratificazione temporale dell’ingresso nella professione, con una componente femminile mediamente più giovane in quanto più recentemente inserita. Guardando al rapporto tra giovani e maturi, il quadro appare ancora più chiaro.
Tra i liberi professionisti il ricambio è già debole nel 2015 e peggiora nel 2025, con un numero di giovani nettamente inferiore a quello dei lavoratori più maturi. Inoltre, le differenze di genere sono molto marcate: tra gli uomini la presenza di giovani è sempre bassa, mentre tra le donne si passa da una forte prevalenza delle più giovani a una situazione in cui anche loro diventano meno numerose rispetto alle classi più mature. In altre parole, anche la componente femminile sta progressivamente invecchiando, riducendo il vantaggio anagrafico legato al suo ingresso più recente.
Gli altri lavoratori indipendenti presentano un profilo anagrafico ancora più avanzato. L’età mediana converge nel 2025 su valori prossimi ai 50 anni per entrambi i sessi, mentre il rapporto giovani/maturi si colloca su livelli contenuti lungo tutto il periodo, pur evidenziando una tendenza alla convergenza tra uomini e donne. In questo comparto, più che una forte asimmetria di genere, emerge un invecchiamento diffuso e strutturale.
In sintesi, il lavoro dipendente mantiene una struttura per età più equilibrata, pur all’interno di un generale processo di invecchiamento della popolazione, e un ricambio generazionale relativamente più sostenuto. Il lavoro indipendente – soprattutto quello libero professionale – appare invece più maturo e con una presenza più limitata di giovani. In questo contesto, le differenze di genere giocano un ruolo importante: tra i dipendenti sono contenute, mentre tra i professionisti sono molto più evidenti.
Le donne risultano mediamente più giovani, ma questo dipende soprattutto dal loro ingresso più recente nella professione e non è sufficiente a riequilibrare una struttura complessivamente orientata verso le età più avanzate, anche perché la componente femminile resta numericamente meno rilevante e incide quindi in misura limitata sul profilo complessivo del comparto. A ciò si aggiunge il fatto che anche la componente femminile sta progressivamente invecchiando, riducendo nel tempo il vantaggio anagrafico iniziale e contribuendo al rafforzamento della struttura più matura del comparto. L’invecchiamento della popolazione ha progressivamente ridefinito gli equilibri tra generazioni, riducendo il peso dei più giovani e rafforzando quello delle classi di età più mature. Questo processo si riflette anche nel mercato del lavoro, ma con intensità diverse: il lavoro dipendente mantiene una struttura relativamente più equilibrata, mentre il lavoro indipendente – soprattutto quello libero professionale – si caratterizza per una maggiore concentrazione nelle età più avanzate e un ricambio più debole.
In questo contesto, le differenze di genere restano evidenti ma non modificano in modo sostanziale il quadro complessivo. Le donne appaiono mediamente più giovani per effetto di un ingresso più recente nella professione, ma la loro minore incidenza e il loro progressivo invecchiamento ne limitano il contributo al riequilibrio della struttura per età. Ne deriva un assetto in cui il lavoro professionale appare sempre più esposto alle criticità del ricambio generazionale, in un contesto demografico che tende a rafforzarne le fragilità.
L’indice di divario reddituale generazionale costituisce una misura sintetica efficace per cogliere la distanza economica tra coorti. Tale indicatore è definito come il rapporto tra il reddito individuale degli individui dai 25 ai 34 anni e quello percepito dalla fascia di età compresa tra i 55 e i 64 anni; nella sua declinazione per condizione occupazionale, esso mette in relazione il reddito dei giovani, distinti tra lavoratori dipendenti e indipendenti, con il reddito disponibile netto medio degli individui appartenenti alla coorte più anziana. L’evoluzione temporale dell’indice restituisce un quadro inequivocabile di progressivo deterioramento della posizione relativa dei giovani.
Nel 1987 il rapporto si attestava al 91%, indicando una distanza contenuta tra le due fasce anagrafiche; nel 2022 esso si riduce al 69%, segnalando un ampliamento significativo del divario. L’evoluzione dei divari generazionali non appare uniforme nel tempo, ma è scandita da alcune fasi di discontinuità. Un primo punto critico si colloca all’inizio degli anni Novanta, in concomitanza con profonde trasformazioni del modello economico e del sistema istituzionale, che segnano un ampliamento più strutturale delle distanze tra coorti. Una seconda fase di accentuazione si osserva in corrispondenza della crisi del 2008, con effetti rilevanti sebbene di intensità più contenuta. Al di fuori di questi snodi, emergono segnali di attenuazione solo marginali, che non alterano la tendenza complessiva. La disaggregazione per tipologia occupazionale consente di cogliere ulteriori elementi di complessità.
Per i lavoratori dipendenti, l’andamento dell’indice è simile a quello osservato per il totale, pur presentando, a partire dalla crisi del 2008, una posizione relativamente più favorevole rispetto al complesso della popolazione di 55-64 anni. Ciò suggerisce una maggiore protezione di questa categoria rispetto alle dinamiche di peggioramento intergenerazionale. Diversamente, il profilo dei lavoratori indipendenti si caratterizza per un andamento più irregolare del divario, in parte riconducibile alla composizione del campione. Se alla fine degli anni Ottanta i giovani indipendenti presentavano un livello di reddito superiore del 20% rispetto ai 55-64enni, nel 2022 la situazione risulta completamente ribaltata, con un differenziale negativo pari al 16%.
Questo mutamento segnala un significativo deterioramento delle condizioni economiche dei giovani all’interno del lavoro autonomo, riflettendo trasformazioni strutturali che hanno inciso profondamente sui meccanismi di formazione e distribuzione del reddito in tale segmento del mercato del lavoro. Ciò mostra come il rapporto tra reddito individuale per classe d’età e reddito medio complessivo si sia modificato in modo rilevante nel corso del tempo, restituendo un quadro dinamico delle trasformazioni nella distribuzione dei redditi lungo il ciclo di vita. Il confronto tra le diverse annualità evidenzia una progressiva perdita di posizione relativa dei più giovani rispetto alla media, a fronte di una sostanziale stabilità, se non di un rafforzamento, delle classi di età più avanzate.
Sotto il profilo strutturale, la distribuzione del reddito per età mantiene la tipica configurazione a campana, in cui i livelli reddituali risultano più contenuti nelle fasi iniziali della carriera, crescono progressivamente fino a raggiungere un massimo nelle età centrali e tendono successivamente a stabilizzarsi o a ridursi nelle fasi più avanzate. Tuttavia, l’analisi longitudinale suggerisce che tale forma, pur rimanendo riconoscibile, subisca nel tempo trasformazioni significative nella sua inclinazione e nella sua asimmetria.
In particolare, si osserva un progressivo abbassamento del lato sinistro della distribuzione, corrispondente alle classi più giovani, indicando una riduzione relativa dei redditi nelle fasi iniziali del ciclo lavorativo. Tale dinamica emerge con chiarezza dal confronto temporale: il rapporto tra reddito dei giovani e reddito medio, che nel 1987 si attestava su valori pari al 97%, si riduce nel 2022 al 78%. Contestualmente, il vertice della curva tende a spostarsi verso età più elevate, riflettendo un prolungamento del periodo necessario per raggiungere i livelli reddituali massimi. Se nelle rilevazioni del 1987 il picco della distribuzione si collocava nella fascia di età 45-54 anni, nel 2022 risulta invece posticipato alla classe 55-64 anni, segnalando una più tardiva realizzazione della piena maturità economica. Inoltre, il lato destro della distribuzione, relativo alle coorti più anziane, appare meno soggetto a flessioni rispetto al passato, segnalando una maggiore tenuta dei redditi nella fase finale della carriera, coerente con un progressivo prolungamento dell’età di uscita dal lavoro.
Ministro Calderone, ‘1 mld per autoimpiego, ma giovani scelgono modelli ‘micro’ per problemi ‘macro”
 
“A fronte dei fondi per l’autoimpiego destinati alle professioni ordinistiche dal decreto Coesione, un miliardo di euro, i giovani scelgono soprattutto i voucher a fondo perduto. Lo fanno perché il loro modello resta quello dello studio monotitolare: un modello micro per problemi macro. Noi abbiamo disegnato strumenti per incentivare le società tra professionisti, favorire il travaso delle competenze e il ricambio generazionale, ma i giovani continuano a scegliere altro. E questo accade anche perché i professionisti più anziani non trasferiscono ai giovani questa nuova visione del lavoro. Il 30 luglio porterò in Aula il disegno di legge di riforma delle professioni: un passaggio decisivo per aggiornare gli ordinamenti e rispondere ai bisogni comuni delle 15 professioni ordinistiche”. A dirlo il ministro del Lavoro, Marina Calderone.
“Come ministro vigilante sulle casse privatizzate – spiega – lavoriamo per rafforzare tutela di maternità, paternità e conciliazione. Serve una sinergia tra ordini, associazioni e casse. Questa riforma è una battaglia di principi e sostanza: i giovani devono poter investire nella professione e scoprire quanto sia bello esercitare la libera professione, in un quadro di sostenibilità e di equo compenso, che è condizione fondamentale”.
Natali (Confprofessioni), ‘inceppato ricambio generazionale mondo professioni’
 
“Il ricambio generazionale nel mondo delle professioni si è inceppato e i dati lo mostrano con grande chiarezza: i giovani entrano tardi, crescono lentamente e il divario con i senior si amplia lungo tutto il ciclo di vita. Non è solo un tema demografico, ma una questione che riguarda la capacità del Paese di innovare e di garantire continuità alle proprie competenze”. Lo dice sottolinea il presidente di Confprofessioni, Marco Natali.
“Il nostro Report – spiega – evidenzia come l’inverno demografico stia producendo effetti pesanti anche sul mercato del lavoro professionale, rendendo il settore meno attrattivo per le nuove generazioni. Per questo dobbiamo agire subito. Confprofessioni ha strumenti importanti, dal ccnl alla bilateralità, per rafforzare formazione, tirocini, mentorship e welfare contrattuale, e rendere più accessibile l’ingresso dei giovani nelle professioni. Ma serve uno sforzo comune. Il Governo ha avviato misure significative, ma occorrono strategie più sinergiche e innovative. E’ fondamentale che istituzioni, forze sociali e mondo accademico lavorino insieme”.
Zichichi (Confprofessioni), ‘analisi mostrano penalizzazione sistematica giovani’
 
“Le nostre analisi mostrano una penalizzazione sistematica dei giovani. Nel lavoro indipendente il divario è più ampio e più volatile: i giovani restano sempre sotto la fascia mid career e, nel tempo, sempre più sotto. Il picco reddituale si sposta avanti e la capacità di accumulazione si indebolisce”. A dirlo Ludovica Zichichi, ricercatrice dell’Osservatorio di Confprofessioni.
Maddalena (Consulta giovani Confprofessioni), ‘al via ricerca per capire orientamento giovani’
 
“Partendo dai dati, la Consulta avvierà nelle prossime settimane, in collaborazione con l’Osservatorio delle libere professioni, una ricerca dal titolo ‘Il lavoro che vorrei’, rivolta a laureandi e neo laureati, con l’obiettivo di capire quali caratteristiche del lavoro orientino le scelte delle nuove generazioni”. A dirlo Giulia Maddalena, coordinatrice della Consulta Giovani di Confprofessioni.
“Siamo convinti – spiega – che questo sia il punto di partenza necessario per formulare proposte concrete: servono azioni mirate a ridurre i divari generazionali e di genere, per non perdere una generazione di nuovi liberi professionisti”.
(di Sabrina Rosci)
—
lavoro
webinfo@adnkronos.com (Web Info)"
20260707123449,Qds,https://qds.it/ocse-disoccupati-italia-scesi-a-5-minimo-record-in-un-anno-15-punti/,,,,,,srclc:ita,"Roma, 7 lug. (askanews) – In Italia, “il tasso di disoccupazione si è attestato al 5% nel maggio 2026, raggiungendo così un minimo storico e in linea con la media Ocse (4,9%). Il tasso di disoccupazione è diminuito di 1,5 punti percentuali nell’ultimo anno, in controtendenza rispetto al quadro generale osservato nella zona Ocse, dove la disoccupazione ha registrato un aumento in circa due terzi dei suoi Paesi”. Lo rilea l’Organizzazione per la cooperazione e lo sviluppo economico, nella scheda Paese sull’Italia delle Prospettive sull’occupazione 2026 (Employment Outlook).
L’edizione di quest’anno si concentra in particolare sulle disparità geografiche in termini di posti di lavoro e redditi. In generale “i mercati del lavoro restano solidi – dice l’Ocse – ma mostrano ulteriori segnali di indebolimento”. I tassi medi di occupazione e partecipazione alla forza lavoro hanno segnato nuovi massimi, rispettivamente 72,1% e 76,7% nel primo trimestre del 2026 nell’area Ocse, e un basso tasso di disoccupazione rispetto agli standard storici. Ma appunto con “segnali crescenti di indebolimento, tra cui l’aumento della disoccupazione in molti Paesi, il rallentamento della crescita dell’occupazione e l’attenuazione delle carenze di manodopera”.
E in molti Paesi si prevede un calo dei salari reali a seguito della nuova impennata dei prezzi dell’energia”.
Tornando all’Italia, secondo l’ente parigino “fa parte del ristretto gruppo di Paesi dell’Europa meridionale, insieme a Grecia, Portogallo e Spagna, in cui la disoccupazione ha continuato a diminuire. Grazie a una crescita particolarmente forte negli ultimi due anni, il tasso di occupazione ha raggiunto il livello record del 62,8% nel primo trimestre del 2026, ma rimane di circa 9,3 punti percentuali al di sotto della media Ocse – prosegue la scheda sulla Penizola – un valore tra i più bassi nei Paesi dell’organizzazione”.
Il divario rispetto alla media “è particolarmente marcato tra le donne e i giovani. Inoltre, la crescita del tasso di occupazione ha subito un evidente rallentamento nell’ultimo anno, in contrasto con l’aumento sostenuto registrato in altri Paesi dell’Europa meridionale”.
Secondo lo studio, intanto “le difficoltà di reperimento di personale si sono attenuate e sono ora al di sotto dei livelli record registrati prima della pandemia. Tuttavia, persistono carenze strutturali dovute all’invecchiamento demografico, alla trasformazione digitale, alla transizione verde e alla scarsa qualità del lavoro in alcuni settori”.
Nel primo trimestre del 2026 i salari reali sono cresciuti dell’1,3% rispetto all’anno precedente, principalmente grazie al basso tasso di inflazione. Tuttavia, erano ancora inferiori del 6,1% rispetto al primo trimestre del 2021, il che rappresenta il divario più ampio tra le grandi economie della zona Ocse. “I recenti rincari energetici hanno spinto al rialzo l’inflazione e al ribasso i salari reali. Si prevede che i salari reali in Italia diminuiranno dello 0,9% nel 2026 e aumenteranno solo dello 0,2% nel 2027 – prevede lo studio – visti i limitati rinnovi dei contratti collettivi in programma per il 2027 e il rallentamento in corso nel mercato del lavoro”."
20260707100025,Il Post,https://www.ilpost.it/ok-boomer/la-prevalenza-del-lettino/,,,,,,srclc:ita,"La prevalenza del lettino
«Comunque sia, è certo che siamo, e di gran lunga, il paese europeo con il maggior numero di concessioni balneari ai privati»
- Condividi
- X
- Regala il Post
Dice un vecchio aforisma (ne ignoro l’origine e l’autore) che la Francia è un paese ricco abitato da poveri, l’Italia è un paese povero abitato da ricchi. Il senso della frase, ovviamente paradossale e anche piuttosto spiritosa, mi sembra al riparo da qualunque verifica economica o statistica. Vuol dire che in Francia il bene pubblico pesa molto, è valutato molto, e salta all’occhio: chiunque passi il confine tra Ventimiglia e Mentone capisce di che cosa sto parlando.
In Italia vale il contrario: i dati sul risparmio privato degli italiani, elevatissimo, e sull’evasione fiscale, anche lei elevatissima, non sono una componente trascurabile per capire perché Ventimiglia sembra, almeno all’apparenza, molto più povera e trascurata di Mentone.
Ho ripensato a quel vecchio aforisma camminando sulla spiaggia di Pampelonne, dalle parti di Saint-Tropez, dipartimento del Var. Un tratto della costa mediterranea tra i più “esclusivi”, come dicono le agenzie turistiche e immobiliari abusando di quello sciocco termine (direi che “esclusivo” è diventato l’aggettivo meno esclusivo della lingua italiana). Pinete disseminate di ville, resort immersi nel verde, alberghi costosi, floride cittadine e paesi lindi che rigurgitano di boutique, ristoranti, pescherie che vendono il pesce al carato.
Ma i quattro chilometri e mezzo di quella grande spiaggia bianca, a parte un paio di stabilimenti cari come il fuoco e rimbombanti di musica dance, e una piccola zona destinata al noleggio delle moto d’acqua (non trovo le parole per dirvi quanto odio le moto d’acqua), sono in larga prevalenza liberi. Nei grandi parcheggi sotto i pini (nove euro per tutta la giornata) i van neri con autista dei ricchi di mezzo mondo in vacanza, le Porsche, le Mercedes e le BMW, sono affiancati dalla ordinaria fanteria automobilistica di chi è venuto per passare la giornata. La spiaggia più bella e più grande del promontorio di Saint-Tropez è una spiaggia pubblica, di facile accesso, gratuita. Una spiaggia libera. Pulita, con buona disponibilità di bidoni per la raccolta differenziata e qualche cartello che affida ai bagnanti la cura del luogo.
Chiacchierando con amici italiani, il più lontano possibile dalle moto d’acqua scoreggianti, ci si è detti che in Italia una simile situazione non è nemmeno pensabile. Forse in qualche litorale del Sud non ancora consacrato al turismo (dove “spiaggia libera” significa quasi sempre abbandonata a se stessa, perché secondo la mentalità corrente ciò che è di tutti è di nessuno, dunque non vale la pena occuparsene). Ma in una zona turistica di pregio, molto affollata da giugno a settembre, in Italia una spiaggia come Pampelonne sarebbe gremita di stabilimenti balneari da cima a fondo. Magari con una fettina miserabile di spiaggia libera per salvare la faccia.
La ragione della differenza è presto detta. In Francia i comuni costieri, per legge, devono garantire che almeno l’80 per cento dell’arenile sia libero e gratuito. Alle concessioni private è destinato, dunque, solo un quinto del totale. In Italia, secondo l’ultimo report di Legambiente, la proporzione è esattamente invertita: nelle regioni turistiche più frequentate (Liguria, Emilia-Romagna, Campania) gli stabilimenti balneari occupano più del 70 per cento degli arenili.
A seconda delle fonti, gli stabilimenti balneari nel nostro paese sarebbero oltre 7.000 (Unioncamere) oppure oltre 12.000 (Legambiente). Incuriosito dalla grande difformità dei due dati ho cercato lumi nel sito del Ministero del Turismo ma non mi ci sono raccapezzato, non ho trovato traccia del numero delle concessioni: ma può darsi che questo dipenda dalla mia imperizia digitale. Comunque sia, è certo che siamo, e di gran lunga, il paese europeo con il maggior numero di concessioni balneari ai privati. La Grecia ne ha meno di mille, la Francia, addirittura, solo 140. Anche qui: il dato mi è sembrato enormemente basso, ma anche se fosse sottodimensionato descrive una situazione diametralmente opposta a quella italiana.
Le differenze orografiche (in Francia le coste sono, in media, meno scoscese e dunque gli arenili più vasti) e geografiche (4853 chilometri di coste in Francia, compresa la Corsica, e 7914 l’Italia, isole comprese) non bastano comunque a spiegare la differenza. La differenza è politica, ed è contenuta nell’aforisma dal quale siamo partiti: in Francia “ricchezza” sono anche le spiagge pubbliche, i beni demaniali e dello Stato, ciò che appartiene a tutti.
La spiaggia di Pampelonne è dunque da conteggiare nel monte rassicurante della ricchezza francese, e dei francesi: un paese ricco è un paese capace di curare e proteggere i suoi spazi comuni. Da noi la spiaggia libera invece “fa povero”, sappiamo misurare la ricchezza soprattutto in termini di benessere privato, sicurezza privata, accumulo privato (siamo primatisti mondiali per numero di case di proprietà). E dunque, proprio per questo, in confronto alla Francia siamo un paese povero anche se ci abitano molti ricchi.
Piccolo post-scriptum: non ho alcuna ostilità per i gestori balneari. Lavorano, custodiscono un tratto di costa, offrono servizi che (specie con il passare degli anni) apprezzo assai. Mangiare al ristorante della spiaggia è uno dei piaceri dell’estate, specie se il vino bianco è molto freddo e le vongole degli spaghetti alle vongole sono vongole. E sono sicuro che quasi tutti i balneari – ho detto quasi – pagano le tasse dovute. Il fatto che gli stabilimenti siano troppi in rapporto al territorio, e politicamente molto assistiti (un po’ come i tassisti ma per la ragione contraria: i tassisti sono troppo pochi), non è certo colpa loro. Ma è un problema della nostra comunità, un problema di tutti. Chissà se “di tutti” viene colto come un valore aggiunto, o solo come una scocciatura.
*****
Al riscaldamento del pianeta, volenti o nolenti, siamo stati costretti a pensare un po’ meno distrattamente, sollecitati dalla sensazione di lenta bollitura vissuta nella seconda metà di giugno. Scoprire che stadi americani da 80mila posti hanno l’aria condizionata non è stato di conforto. È un periodo che gli yankee fanno ben poco per rendersi simpatici.
Mi avete scritto in tanti, sollecitati dalla domanda, un poco apocalittica, che mi ponevo la settimana scorsa: le classi dirigenti sono poco attente alla questione clima perché non hanno coscienza del problema, oppure perché, distopicamente, mirano a sfoltire la presenza umana sul pianeta? Sui cocuzzoli delle montagne, a respirare, ci saliranno i privilegiati, i benestanti, lasciando gli altri a boccheggiare giù da basso? Qui di seguito una selezione delle vostre considerazioni. Apre Nike, forte dei suoi vent’anni.
“Sono Nike (come la statua, non la scarpa), ho vent’anni e studio filosofia a Milano. Ho scelto questa facoltà per avere più strumenti per capire ciò che succede nel mondo. Nessuno mi aveva avvisato, però, che capire le cose sarebbe stato deprimente.
Che il caldo sia classista è un dato di fatto, ne parlava anche Nicola Ghittoni durante una puntata di Morning di qualche giorno fa; la classe dirigente lo sente di meno e se ne preoccupa di meno. I ricchi, come lei giustamente notava, non hanno nessun incentivo per occuparsi del clima a parte la loro buona volontà, mentre i poveri non sono nella condizione di unirsi per cambiare il destino del mondo. Oggi manca (credo) una narrazione sul cambiamento climatico che vada al di là del senso di colpa individuale, manca una ‘coscienza di classe climatica’ diffusa al di là dei circoli di Greenpeace.
Secondo punto, particolarmente attinente a questa newsletter. Il problema demografico. Sono dell’idea che di boomer illuminati come lei ce ne siano davvero pochi, mentre la maggioranza di loro, che è sempre più ampia e di conseguenza pesa sempre di più nelle urne, non ha né l’interesse né gli strumenti per implementare le politiche climatiche. Non perché siano egoisti o stupidi, ma perché sono nati e cresciuti in un periodo in cui il cambiamento climatico non era ‘mainstream’ e adesso non sanno come inserirlo tra le loro priorità politiche.
Non credo che ci sia un’élite di potenti che alimentano intenzionalmente il cambiamento climatico per un losco complotto eugenetico: non perché non lo vorrebbero, ma perché non ne sono capaci. Lungi da me qualsiasi forma di passatismo e nostalgia, ma guardando le politiche di Trump ho la netta sensazione che non ci sia un grande piano, ma solo una grande confusione (e l’Italia non mi sembra da meno). Una delle moltissime crisi in atto è quella della razionalità, che viene svalutata sia nei media sia nella politica.
La scienza l’ho sempre ammirata dalla distanza, mentre la filosofia cerco di praticarla da vicino. Nella mia condizione, quest’ultimo punto è decisamente il più inquietante, perché contro l’irrazionale non c’è argomentazione che tenga. Sperando di avere il più torto possibile, sursum corda (lo dico in latino, solo per darmi un tono)”.
Nike
“Questa sera sono venuto a dormire, solo, in un bivacco a quasi 2000 metri fra le Alpi Giulie. Questi posti, ancora abbastanza solitari, sono diventati un rifugio per mia moglie e per me e cerchiamo di trascorrere qui la maggior parte dell’anno. L’argomento clima è una delle ragioni che ci spingono a farlo. Ci salverà la montagna? Lo spirito resiliente delle terre alte, la semplicità delle persone, la ricchezza della natura ci aiutano a trovare una dimensione diversa dalla ci(vil)ta’ di pianura.
Ora fuori brontola il temporale, ho mangiato le cose che mi sono portato quassù, il sacco a pelo mi attende perché domattina all’alba voglio godermi la luce rosata sulle rocce del Montasio, del Fuart e del Mangart che mi stanno di fronte. Magari uno stambecco verrà a pascolare qui fuori, fra i fiori magnifici che ci circondano. Questa natura ci potrà salvare? Qui non ci sono né carte di credito, né connessione internet. Quando noi montanari del nordest raggiungiamo una vetta, ci stringiamo la mano e ci diciamo: Bergheil! (Viva la montagna!). La montagna che vive, ci farà vivere. Dobbiamo solo proteggerla”.
Andrea
“Rispetto al tema dell’ambiente e quello che possono fare gli uomini, a Castelfranco Emilia lo hanno fatto. Quaranta ettari di bosco, denominato la città degli alberi, progettata dall’architetto Leonardi. Realizzato solo da volontari”.
Natalino
“Sentivo questa mattina Tozzi da Nicoletti (Melog a Radio24) sul tema del ruolo umano nell’accelerazione del riscaldamento globale. È stato indicato un altro motivo per cui la politica non se ne occupa (al di là del tasso di conoscenza scientifica sicuramente limitato e di personaggi come Thiel che si rifugiano in Patagonia dall’amichetto Milei): intervenire richiede di prendere misure impopolari”.
Marco
“Non solo i negazionisti ci hanno preso per idioti quando chiedevamo una transizione energetica seria (perché buttare via tutti quei soldi in investimenti quando il carbone costa ancora così poco?), ma hanno usato lo stesso metro per attaccare la Comunità Europea, colpevole, secondo loro, di aver dato troppo peso alle misure, ahimè indifferibili, per rallentare, in quanto possibile, il riscaldamento globale. Questi ‘politici’ sono riusciti, nello stesso momento, a danneggiare l’umanità intera e, con un accanimento perverso, anche i sostenitori del ‘sogno’ Stati Uniti d’Europa. Purtroppo, l’ignoranza dominante ci sta sconfiggendo”.
Marco Biondi
“Io organizzai, nel paesello in cui abito (Pergine Valsugana, poco distante da Trento) una serie di incontri con esperti sul clima, con la nostra micro-associazione culturale locale. Come scialpinista e frequentatore di montagne sono sensibilissimo alla questione climatica, e all’epoca la lettura di Amitav Ghosh (La grande cecità, libro superato ahimè dai fatti, ma la parte storica è fondamentale per capire non solo il clima ma il nostro mondo) mi aveva spinto a fare almeno qualche attività di sensibilizzazione locale.
Era il 2017, scoprii che persone che pensavo ben educate e informate ne sapevano quasi niente, pensavano a una fissa da ecologisti. Anche gente del settore – esperti di botanica, di insetti, di fisica – non avevano tratto le conseguenze di quello che loro stessi sapevano. Il risultato lo vediamo adesso. Io sto aspettando di andare in pensione, sperando che l’INPS riesca a pagarmi abbastanza a lungo prima del tracollo di un’economia, anzi di una società avviluppata su se stessa.
Ho il fotovoltaico dal 2009, quando era ancora di pochi, ho l’auto elettrica da 6 anni (nonostante l’obiezione popolare ormai insensata su una roba che toglie puzza e rumore dalle strade), ma soprattutto ho deliberatamente deciso che non posso farmi la vita amara per una decisione collettiva di suicidio”.
Paolo Busetta
“Possiamo comprare qualche anno di protezione in più, qualche casa meglio climatizzata e possiamo immaginare città riservate a pochi privilegiati, ma nessuna élite può costruire un pianeta alternativo. Per anni abbiamo pensato che bastassero nuove leggi, nuove tecnologie, nuovi accordi internazionali, ma tutto questo non è sufficiente, perché nessuna transizione ecologica sarà possibile senza una transizione culturale.
La raccolta differenziata, che lei cita come esempio di cambiamento collettivo, non è nata soltanto da una legge. È diventata normale quando è cambiato l’immaginario delle persone, quando abbiamo iniziato a considerare il rifiuto non più come qualcosa da allontanare, ma come parte della nostra responsabilità. Lo stesso deve accadere con il clima.
Le politiche energetiche sono indispensabili, così come rivedere la produzione del cibo, ma non sarà sufficiente. Serve un nuovo umanesimo ecologico, fondato su un’idea diversa di essere umano: non più definito dal possesso e dall’accumulazione, ma consapevole di appartenere a una rete di relazioni da cui dipende la sua stessa esistenza. Solo allora capiremo che custodire la Terra significa, prima di tutto, custodire noi stessi”.
Susanna
“Non solo ‘alcune lobby di potere non pagano il conto’, ma si sono arricchite a dismisura; sono i negazionisti del cambiamento climatico, sono le aziende di combustibili fossili, le lobby, i gruppi di pressione, i politici conservatori, i think tank che fungono da serbatoi per promuovere l’ideologia negazionista e conservatrice, gli scienziati negazionisti finanziati dalle aziende, e alcune piattaforme mediatiche che alimentano la narrazione negazionista attraverso la disinformazione (da I bugiardi del clima, di Stella Levantesi)”.
Massimo
“Un’idea simile alla tua, da appassionato di storia militare, mi ha sempre tentato: ossia che la prodigalità di sangue e di carne da macello dei generali degli eserciti della Grande Guerra, del nostro come di quelli degli alleati dell’Intesa e di quelli degli Imperi centrali, fosse un modo per sfoltire le masse che si erano mostrate sediziose e pericolose negli anni precedenti, specialmente in quelli più recenti.
Del resto, nella mia molto più pacifica esperienza di ufficiale di leva negli anni ’80, mi divertivo a sfidare i colleghi a negare che ognuno di loro avesse bene in mente, come me, la lista dei soldati per le imprese disperate (che per fortuna non erano all’orizzonte). Una lista che la coscienza avrebbe tenuto a freno, ma che secondo me tutti avevamo.
Speriamo che non sia così anche per i governanti e i magnati dei giorni nostri.
Mi sconforta, nel fronte di chi ha una coscienza climatica, la tendenza a predicare molto più comportamenti omissivi, di sacrificio, di sobrietà, piuttosto che creativi. Si parlava anni fa di un progetto gigantesco ma assolutamente realizzabile, piantare una larga fascia di alberi nell’Africa subsahariana, dal golfo di Guinea al mar Rosso. Un progetto a cura dell’Europa. Che fine ha fatto?”.
Domenico Emiliani Zauli Naldi
“Da chimico mi lasci dire che è la Termodinamica a dominare. Siamo 8 miliardi e arriveremo in 100 anni a 11 miliardi. Degli attuali 8 milardi almeno 3 miliardi sono poveri e vogliono arricchirsi per consumare sempre più. Quindi consumando riscalderanno il pianeta (entropia). Potremmo essere più virtuosi di adesso, più frugali, così da abbassare un pochino la entropia, ossia il calore. Ma i 3 miliardi di nuovi nati faranno anche loro aumentare l’entropia. L’unica strada sarebbe non fare più figli. Ma il PIL andrebbe a ramengo! E cosa direbbero allora Musk & Co.?”.
Marcello
“Mi occupo di efficienza energetica da almeno 40 anni sotto le mentite spoglie di un progettista di impianti di climatizzazione. Ho scoperto che per convincere un grande ente a intraprendere un programma di efficientamento delle case popolari è bastato dimostrare che siccome la maggior parte degli inquilini non paga le spese, diminuire i consumi significa diminuire le perdite, consente l’accesso a finanziamenti statali ed è anche politicamente spendibile. Oramai noi ambientalisti le studiamo tutte…”.
Fabrizio
*****
Siamo alle Zanzare, che possono anche essere una forma di refrigerio. Emanuela segnala, dalla Tribuna di Treviso, un caso che rende evidente lo scollamento irrimediabile tra cittadini e istituzioni:
MUORE TRAVOLTO DA UN ALBERO MENTRE PESCA
IL SINDACO: VERIFICARE LE CONDIZIONI DELL’ALBERO
Non aiuta a ritrovare fiducia nell’autorità questo altro titolo, che Flavio ha trovato sul Messaggero Veneto:
CIVIDALE, POLIZIOTTO PRESO A CALCI E GOMITATE
DURANTE UN CONTROLLO: ARRESTATO
E in questo clima confuso (come direbbe Vannacci, è un mondo al contrario) non sorprende quanto racconta il Giornale di Brescia. Lo segnala Marco:
BAMBINI AGGREDITI AL PARCO, PREMIO AL PAPÀ
“L’HO FATTO PERCHÉ È GIUSTO”
Fortunatamente, c’è chi non si rassegna, e provvede a mettere in atto pratiche virtuose. È il caso del comune di Saludecio, nel cui sito Jean-Jacques ha trovato questo annuncio:
LA DOMENICA DEL RIUSO
DAL 21 AL 23 AGOSTO, TUTTE LE DOMENICHE!
Ci si domanda quante domeniche possano esserci tra il 21 e il 23 agosto. Chiudiamo con un magnifico refuso, che come a volte capita rende ancora più esplicito il senso di una notizia. Da Televideo, segnala Marco:
SISMA LEFEBVRIANI, ARRIVA LA SCOMUNICA
VATICANO ESORTA FEDELI: SIATE SALDI
Che in caso di sisma sia importante stare saldi non lo pensa solo il Vaticano.
*****
L’estate ha qualcosa di immoto e ripetitivo, secondo me si viaggia di più e si va in vacanza anche per sfuggire ai giorni sempre uguali, il cielo azzurro, il sole, i pomeriggi che non passano mai (vedi Azzurro di Paolo Conte, uno dei “testi estivi” più belli di sempre). Quando il clima era ancora “quello di una volta” – beccatevi la tirata da boomer – i temporali attorno a Ferragosto portavano un senso di sollievo, di tempo che si rimette in moto, come se qualcuno avesse aperto la finestra. Ci si metteva il pullover, dopo mesi di sole magliette.
Ferragosto è lontano e chissà i temporali che forma e che scadenza hanno deciso di darsi, in questo minaccioso 2026. I campi (a parte il mais, roba di pianura, e la vigna, che è una parca bevitrice) non hanno un bisogno particolare di pioggia, ormai le mietiture sono fatte e la terra, sotto il sole cocente, sembra mummificata. Tutto è giallo, è quel momento dell’anno in cui uno si chiede come fanno gli alberi a mantenere il loro verde lustro, chissà fin dove hanno ficcato le radici, giù nella terra nera e fresca. Beati loro.
Sabato scorso, con Stefano Bollani, abbiamo celebrato David Riondino a Milano, alla Fondazione Feltrinelli, ed è stato molto bello. Come se David fosse ancora con noi. Bollani ha suonato e cantato, io ho letto, a un certo punto ho perfino canticchiato anche io il testo di una poesia di David, Pasdaràn, il cui sottotitolo è Charleston. Scritta quarant’anni fa, suona identica all’oggi, che i Pasdaran sono ancora i cattivi. Il dubbio è chi siano i buoni, ormai quasi tutte le guerre sembrano un derby: cattivi contro cattivi.
Ho letto, tra le altre, anche una poesia di David (endecasillabi perfetti: la sua arma di fiorentino facondo) che parlava dei Mondiali del Messico – non questi, quelli dell’86 – e dello stadio Azteca. Anche lì: il tempo passa, oppure tutto è sempre la stessa zuppa riscaldata? Ho detto “riscaldata”, scusatemi, non volevo. Con questo caldo, abbiamo bisogno di zuppe rinfrescate.
A fine settimana vado qualche giorno in montagna, la notte dovrò tirarmi addosso la coperta pesante. Di mattina molto presto aprirò gli scuri e fuori, nella prima luce del giorno, ci saranno dieci gradi. Nei pascoli e lungo i rivi: nigritella, crochi, genziane, l’aconito, un’infinità di achillee, l’arnica, il garofano selvatico, il giglio aranciato e il giglio martagone. Mi scuso con i fiori non citati. In alto i cuori."
20260707094419,Pressenza,https://www.pressenza.com/it/2026/07/migranti-e-misconosciute-politiche-di-integrazione/,,,,,,srclc:ita,"Gli ultimi sondaggi elettorali danno in crescita il partito di Vannacci, soprattutto tra gli elettori con i redditi più bassi. Sembra assurdo ma in realtà non lo è.
Credo che il dato di partenza stia nel fatto che ormai la questione dei migranti sia quella che, in modo quasi esclusivo, divide l’elettorato di destra da quello di sinistra. Per quanto strano possa sembrare credo che ormai la gente comune, a partire dai più poveri, si sia come rassegnata alle nefandezze del neoliberismo (anche militarista).
Diritti del lavoro, tassazione progressiva contro la ricchezza, rilancio della sanità pubblica, pacifismo, e via dicendo, vengono vissute come belle ma irraggiungibili chimere. Al contrario il tema del migrante tocca questioni ritenute vitali, specialmente ora che più o meno tutti avvertono (anche in modo inconsapevole) il senso di profonda decadenza dell’Occidente e dell’Europa in particolare.
Sia il vedere l’altro come opportunità di incontro e di crescita reciproca sia la paura dello straniero e del diverso sono entrambi dati antropologici che ci appartengono.
La politica sfrutta in modo ingannevole e strumentale questi sentimenti. Da una parte la destra xenofoba che illude con idee come respingimenti e remigrazione, che oltre a quanto possano essere sbagliate, sono anche del tutto irrealizzabili. Dall’altra parte la sinistra radical chic parla a vanvera di accoglienza, ignorando che il vero problema è la concreta integrazione.
Mi permetto di indicare tre vie che andrebbero seguite:
1 – REGOLARE I FLUSSI MIGRATORI
È difficile, ma intanto si potrebbe creare (per esempio) un tavolo permanente di confronto tra Europa e paesi africani, o anche una Conferenza del Mediterraneo per trovare soluzioni comuni. Non con lo scopo di respingere ma, al contrario, per programmare gli arrivi.
2 – POLITICHE DI INTEGRAZIONE
Andrebbero realizzati, (anche attraverso il sistema scolastico) corsi per stranieri per apprendere la lingua e per studiare la Costituzione e le nostre leggi, anche con esami finali che potrebbero accelerare i tempi della concessione della cittadinanza.
3 – POLITICHE A FAVORE DELLA MATERNITÀ
Si tratta di una questione collaterale ma fondamentale. Il senso di perdita e di caduta del nostro mondo, che alimenta la paura dello straniero, si fonda anche su quello che è ormai un vero e proprio suicidio demografico. Al riguardo sarebbe necessario istituire una serie di misure, come per esempio: un congruo premio di maternità; prolungare i tempi del congedo parentale dividendolo obbligatoriamente a metà tra la madre e il padre (così gli uomini la smetteranno di sentirsi il “ministero degli esteri” della famiglia); infine creare una rete nazionale di asili nido completamente gratuiti, da considerare come parte del servizio scolastico nazionale (e non come puri “posteggi”).
Nascerà un soggetto politico capace di prendersi cura di queste esigenze?"
20260707093517,Varese News,https://www.varesenews.it/2026/07/ascolto-e-sostegno-online-come-lavora-il-movimento-per-la-vita-di-varese-con-la-chat-anonima/2628088/,,,,,,srclc:ita,"Ascolto e sostegno online: come lavora il Movimento per la Vita di Varese con la chat anonima
Vittoria Criscuolo racconta a Radio Materia come opera un'associazione pro life, dall'impegno concreto a quello culturale prendendo esempio dai movimenti USA: ""La chat sul nostro sito è uno strumento potentissimo""
Il web come strumento per informare, ma anche per ascoltare e offrire un aiuto concreto a chi attraversa una gravidanza difficile o vive il dolore di un aborto. È questo uno dei temi affrontati da Vittoria Criscuolo, presidente del Movimento per la Vita e del Centro di Aiuto alla Vita di Varese ( www.vitavarese.org), durante la puntata di Soci All Time su Radio Materia, dedicata all’attività dell’associazione, impegnata da anni nella tutela della vita nascente.
La realtà varesina opera attraverso due percorsi distinti ma strettamente collegati. Da una parte il Movimento per la Vita, che svolge un’attività culturale e di sensibilizzazione; dall’altra il Centro di Aiuto alla Vita (CAV), che offre un sostegno concreto alle donne che affrontano una gravidanza in condizioni di difficoltà.
Movimento per la Vita e Centro di Aiuto alla Vita: due missioni complementari
Il Movimento per la Vita rappresenta l’anima culturale dell’associazione. Attraverso il sito internet e i canali social pubblica con cadenza settimanale approfondimenti dedicati a temi come aborto, eutanasia, fecondazione assistita, famiglia e bioetica. L’obiettivo è promuovere una riflessione sul valore della vita e raggiungere un pubblico sempre più ampio, sfruttando le potenzialità del web.
Accanto all’attività online vengono organizzati durante l’anno incontri pubblici, conferenze, mostre ed eventi sul territorio per favorire il confronto e far conoscere il lavoro dell’associazione.
Il Centro di Aiuto alla Vita costituisce invece il braccio operativo. Ogni anno segue decine di donne che si trovano ad affrontare gravidanze complicate da problemi economici, familiari, sociali o sanitari. Il sostegno si traduce nell’ascolto, nell’accompagnamento e anche in aiuti materiali, come la distribuzione di pannolini, latte in polvere, vestiti, passeggini e altri beni necessari per il neonato.
La chat anonima per offrire ascolto immediato
Uno degli strumenti più innovativi sviluppati dall’associazione è la chat presente sulla homepage del sito internet. Si tratta di un servizio completamente anonimo che consente di entrare in contatto in tempo reale con i volontari.
Le notifiche arrivano direttamente sui dispositivi dei volontari, permettendo di rispondere rapidamente anche fuori dagli orari tradizionali. «Può capitare di ricevere una richiesta d’aiuto mentre si è al supermercato o impegnati nella vita quotidiana, ma è importante poter dare subito una risposta a chi sta vivendo un momento di grande difficoltà» ha spiegato Criscuolo durante l’intervista.
La chat viene utilizzata sia da donne che stanno vivendo una gravidanza problematica sia da persone che cercano aiuto dopo un aborto, oltre che da padri che attraversano situazioni di forte sofferenza. Quando necessario, l’associazione orienta gli utenti verso reti specializzate che si occupano dell’elaborazione del lutto e del supporto psicologico.
Dall’attivazione del servizio sono già oltre mille le persone che hanno chiesto aiuto attraverso questo canale.
Dal web nasce anche un libro
L’esperienza maturata grazie alla chat ha portato anche alla pubblicazione del volume Una chat per la vita, che raccoglie cinquanta tra le storie più significative emerse dalle conversazioni online. Il libro vuole testimoniare le situazioni di fragilità incontrate dai volontari e raccontare come un semplice contatto digitale possa rappresentare il primo passo verso un percorso di sostegno.
L’obiettivo: costruire una cultura della vita
Per il Movimento per la Vita e il Centro di Aiuto alla Vita l’impegno culturale e quello assistenziale sono due aspetti inseparabili. Da un lato si lavora per diffondere una maggiore consapevolezza sul valore della vita umana attraverso informazione, libri ed eventi; dall’altro si cerca di rimuovere gli ostacoli concreti che possono spingere una donna a interrompere la gravidanza.
L’obiettivo, spiega l’associazione, è contribuire a costruire una cultura della vita e offrire un sostegno concreto affinché ogni bambino concepito possa avere la possibilità di nascere, in un contesto segnato anche dal progressivo calo demografico.
La trasmissione Soci All Time va in onda ogni giorno dal lunedì al venerdì su www.radiomateria.it ed è realizzata in collaborazione con CSV Insubria. Alla stessa pagina trovi anche gli altri 168 episodi già pubblicati.
TAG ARTICOLO
Accedi o registrati per commentare questo articolo.
L'email è richiesta ma non verrà mostrata ai visitatori. Il contenuto di questo commento esprime il pensiero dell'autore e non rappresenta la linea editoriale di VareseNews.it, che rimane autonoma e indipendente. I messaggi inclusi nei commenti non sono testi giornalistici, ma post inviati dai singoli lettori che possono essere automaticamente pubblicati senza filtro preventivo. I commenti che includano uno o più link a siti esterni verranno rimossi in automatico dal sistema.
La community di VareseNews
Loro ne fanno già parte
Ultimi commenti
- Felice su Anche a Varese la maturità si festeggia a colpi di uova, spumante e farina. E i rifiuti restano lì
- Bustocco-71 su Guasto tra le stazioni di Varese e Gallarate: ritardi e modifiche al servizio sulle tratte di Porto Ceresio e Mendrisio
- principe.rosso su È pronta la prima scuola realizzata con il Pnrr in provincia di Varese. E le altre? Ecco a che punto siamo
- Felice su È pronta la prima scuola realizzata con il Pnrr in provincia di Varese. E le altre? Ecco a che punto siamo
- principe.rosso su È pronta la prima scuola realizzata con il Pnrr in provincia di Varese. E le altre? Ecco a che punto siamo
- axelzzz85 su Frontalieri e ristorni, l'assessore regionale Sertori: “Nessun effetto immediato dal blocco del Ticino”"
20260707083352,Corriere Del Ticino,https://www.cdt.ch/societa/videogiochi/le-notti-dei-videogiocatori-quarantenni-431814,,,,,,srclc:ita,"Le notti dei videogiocatori quarantenni
Esiste una categoria di esseri umani che le piattaforme di gaming conoscono benissimo, ma che la narrazione mainstream del settore ha ignorato per decenni: il videogiocatore adulto, padre di famiglia o single di mezza età, che accende la console o il PC soltanto dopo le dieci di sera. Non per nostalgia, niente Super Nintendo o Commodore 64, niente retrogaming da snobbettino vintage o da nostalgico, ma per giocare ai titoli di oggi. Questo fenomeno silenzioso, misurato non dalla narrazione giornalistica ma dai server delle piattaforme online, racconta qualcosa di profondo.
Numeri da vecchi
Il dato più importante arriva da un'indagine internazionale intitolata Power of Play, condotta su 24.216 persone di età pari o superiore ai 16 anni provenienti da 21 Paesi. L'età media dei partecipanti è di 41 anni e non è una media gonfiata da un campione anomalo, ma la fotografia del videogiocatore globale nel 2026. Secondo l'Entertainment Software Association americana l'età media del giocatore statunitense ha raggiunto i 36 anni, e il 60% degli adulti (quindi persone di 18 anni e oltre) gioca ai videogiochi ogni settimana. I trentenni tra i 30 e i 39 anni rappresentano addirittura il segmento demografico più ampio: il 26% dell'intero universo dei giocatori statunitensi. Più dei ventenni (24%), più degli adolescenti. E non si tratta di un fenomeno solo americano. I dati globali di Newzoo indicano che nel 2025 il pianeta conta 3,578 miliardi di giocatori attivi, circa il 61,5% della popolazione connessa a internet, e che l'80% di essi ha più di 18 anni. In termini assoluti significa 2,47 miliardi di giocatori adulti nel mondo. Altro che il cliché del ragazzo in cantina con le cuffie. E per il mercato di lingua italiana il quadro è altrettanto chiaro. Secondo il rapporto ‘I videogiochi in Italia nel 2025’ commissionato da IIDEA all'istituto Ipsos, ci sono oggi 14,2 milioni di videogiocatori italiani in senso ampio, comunque uno su tre tra i 6 e i 64 anni.
Appuntamento alle 22
Il dato demografico sull'età, per quanto rilevante, non cattura da solo il fenomeno. Quello che le piattaforme online osservano con precisione, e che guida le loro strategie di marketing e di server capacity, è l'orario. I giocatori under 30, specie i teenager, concentrano le sessioni nel tardo pomeriggio e nella prima serata: i picchi di traffico su piattaforme come PlayStation Network, Xbox Live e Steam nelle fasce 14-16 anni arrivano tra le 17 e le 21. Ma dopo le 22 qualcosa cambia. Il traffico non crolla: cala leggermente, poi risale. Chi si connette in quella fascia è un giocatore diverso, più anziano, spesso (si spera) con un'occupazione, a volte con figli. La ricerca sull'andamento delle sessioni di gioco per fascia d'età conferma questa intuizione con dati precisi. Gli adulti tra i 30 e i 49 anni passano in media tra le 9,7 e le 10 ore settimanali ai videogiochi su console e PC, con le sessioni individuali che durano da una a quattro ore. Due i profili principali di giocatore notturno adulto. Il primo è il padre di famiglia, che attende la routine serale dei figli (cena, bagno, lettura, luci spente) per trovare il suo spazio personale. Il secondo è il single adulto che usa il gaming serale come forma di socialità digitale, connettendosi con amici in sessioni multiplayer oppure esplorando narrazioni solitarie. Il dato americano del Magid Institute è emblematico: il 42% dei cosiddetti ""power gamer"", cioè di coloro che giocano più di dieci ore alla settimana, è genitore. Non il 5%, non il 10%: quasi la metà. E le donne rappresentano già il 33% di questa categoria. Tanto per smentire uno dei luoghi comuni più resistenti, quello sulle donne nemiche dei videogiochi.
Personaggi invecchiati come i giocatori
In Svizzera, il mercato del gaming non dispone di statistiche disaggregate per cantone o per comunità linguistica, ma i trend europei, e in particolare quelli italiani, sono direttamente applicabili. Il mercato italiano del gaming vale oggi circa 2,4 miliardi di euro. Quello che è interessante osservare nel contesto ticinese è la convergenza di due culture del gaming: quella svizzera, più orientata al PC e agli indie game, e quella italiana, dove dominano le console e i grandi titoli sportivi. Un ticinese quarantenne che cresce tra RSI e Italia 1, tra il campionato svizzero e la Serie A, porta nel gaming questa doppia identità: difficile trovarlo su League of Legends a mezzanotte, più probabile trovarlo su EA Sports FC 26. La domanda più interessante quindi non è quanti quarantenni giochino, ma a che cosa. La risposta smonta un altro stereotipo: non ai giochi di loro padre o di sé stessi a vent'anni. Il quarantenne del 2026 gioca ai titoli più complessi e sofisticati del mercato contemporaneo e spesso sono gli stessi che giocano i ventenni, con aspettative estetiche e narrative più alte. Il citato EA Sports FC 26 occupa la vetta delle classifiche italiane ed è il titolo di punta per chi ama il calcio. In Italia e Ticino, dove il rapporto con il pallone è viscerale, EA Sports FC è la porta d’ingresso per molti giocatori adulti: semplice da capire, difficile da padroneggiare, costantemente aggiornato con le rose reali. La modalità carriera è particolarmente amata dai quarantenni, che vi ritrovano la soddisfazione manageriale senza la pressione del multiplayer. The Witcher 3: Wild Hunt, uscito nel 2015 ma tuttora tra i più giocati su PC, è il prototipo del gioco per adulti: un padre alla ricerca della figlia adottiva che attraversa un mondo in guerra, narrativa matura, scelte moralmente ambigue. Red Dead Redemption 2 è forse il caso più emblematico: un western (e già dire western fa antico) uscito nel 2018, lento, contemplativo, quasi letterario, un protagonista che sente il peso degli anni e dei suoi errori, in un mondo che cambia e lo lascia indietro. Va da sé che l’identificazione possa scattare di più nel quarantenne o cinquantenne. Clair Obscur: Expedition 33 è stato la sorpresa del 2025: un gioco di con ambientazione Belle Époque francese e una trama che parla di morte, scelta e lutto. Citatissimo nella bolla dei gamer di una certa età. Obbligatorio citare anche Resident Evil Requiem, che celebra i quasi 30 anni della serie, combinando la nostalgia con l'innovazione. I quarantenni che hanno giocato a Resident Evil 2 nel 1996 ritrovano un personaggio invecchiato come loro, in un gioco che non disdegna la complessità narrativa.
Quelli che spendono
L'industria dei videogiochi sa benissimo chi compra i suoi prodotti più costosi e quali aspettative ci siano. Il mercato globale del gaming ha raggiunto i 188,8 miliardi di dollari nel 2025 e punta ai 205 miliardi nel 2026: una crescita che non si costruisce vendendo microtransazioni ai dodicenni, ma convincendo adulti con reddito disponibile a investire in esperienze definite inevitabilmente premium. I giochi da 70-80 franchi, il nuovo standard di prezzo per i titoli di prima fascia su PS5 e Xbox Series X, con GTA VI che potrebbe normalizzare prezzi ancora più alti, vengono acquistati prevalentemente da adulti. I servizi in abbonamento come PlayStation Plus e Xbox Game Pass, che in Italia generano già 153 milioni di euro l'anno, hanno come utenti principali persone tra i 25 e i 45 anni che cercano un catalogo ampio senza dover acquistare ogni singolo titolo. Il gaming è quindi diventato una spesa ricorrente nella vita di molte famiglie europee, sul modello di Netflix o Spotify. In Svizzera, dove il potere d'acquisto è strutturalmente più alto che in Italia, questo fenomeno è ancora più marcato. Un abbonamento a PlayStation Plus Premium costa circa 170 franchi l'anno: per un nucleo familiare con due adulti che giocano, o anche solo per un padre che gioca da solo dopo che tutti dormono, è una spesa accessibile e per molti versi ragionevole rispetto ad altre forme di intrattenimento. E del resto Reed Hastings, il co-fondatore di Netflix, ha sempre sostenuto che il suo reale concorrente non sono le altre piattaforme di serie e film, che anzi allargano il mercato, con focus sui mitici quarantenni, ma i videogiochi. Conclusione? Oggi Netflix ha nell’abbonamento anche i videogiochi. Che sono diventati grandi e da grandi."
