date_str,source,url,themes,locations,persons,organizations,tone,translation_info,full_text
20260712192000,Il Sole 24 Ore,https://www.ilsole24ore.com/art/italia-oggi-giovani-agricoltori-parlano-linguaggio-dell-impresa-AJOW4xD,,,,,,srclc:ita,"Italia, oggi i giovani agricoltori parlano il linguaggio dell’impresa
Dalla multifunzionalità all’innovazione, passando per turismo rurale, agricosmesi e vendita diretta: il ricambio generazionale sta cambiando il volto dell’agricoltura italiana
9' di lettura
9' di lettura
L’agricoltura europea si trova davanti a una delle sfide più importanti dei prossimi decenni: garantire il ricambio generazionale in un settore in cui l’età media degli imprenditori continua ad aumentare. Ma dietro un problema comune si nascondono realtà molto diverse. In Spagna il nodo principale è l’accesso ai terreni agricoli, in Italia la multifunzionalità - che integra produzione agricola, trasformazione, ospitalità e vendita diretta - è diventata il motore di nuovi modelli di impresa, mentre Grecia e Francia affrontano sfide legate rispettivamente alla frammentazione aziendale e alla competitività delle produzioni. Attraverso dati, analisi e testimonianze raccolte sul campo, questa serie di reportage, realizzata nell’ambito del progetto europeo PULSE, racconta come quattro Paesi del Mediterraneo stanno cercando di costruire il futuro dell’agricoltura europea partendo dalle nuove generazioni.
Chiedilo al Sole
Quando racconta la sua azienda, Jacopo Trasolini, classe 1994, non parte dai vigneti. E neppure dall’agriturismo, che oggi richiama turisti da tutta Italia tra le colline della Val di Chiana, in Toscana. Comincia dai cosmetici, in particolare da una linea di creme ottenute recuperando la polpa dei kiwi che un tempo veniva scartata durante la produzione dei succhi di frutta. Poi passa alle erbe officinali, ai pannelli fotovoltaici, alla vendita online, all’ospitalità diffusa, alla comunicazione sui social. Solo alla fine della conversazione arriva all’uva, che storicamente rappresenta il cuore economico dell’azienda di famiglia.
È forse questo il modo migliore per capire come sta cambiando l’agricoltura italiana guidata dai giovani: la terra rimane il punto di partenza, ma il reddito nasce sempre più dalla capacità di costruire un’impresa capace di integrare produzione agricola, trasformazione, turismo, vendita diretta, innovazione e comunicazione. Il giovane agricoltore non è più soltanto un produttore di vino, olio o cereali. È un imprenditore che deve conoscere il marketing, gestire un’attività ricettiva, leggere un business plan, sviluppare nuovi prodotti, comunicare con i clienti e investire nella sostenibilità.
Lo scenario italiano
L’Italia viene spesso indicata tra i Paesi europei più dinamici sul fronte dell’imprenditoria agricola giovanile. Le aziende guidate dagli under 35 investono più della media in innovazione, agricoltura di precisione, sostenibilità, multifunzionalità e nuovi modelli di business. Secondo Coldiretti, sono proprio queste imprese a registrare livelli di produttività per ettaro superiori alla media europea, dimostrando una maggiore capacità di creare valore e competere sui mercati.
Il quadro, però, presenta anche segnali di fragilità. Nel 2025 il numero delle imprese agricole guidate da under 35 è diminuito del 4,4%, una flessione che riflette il generale calo demografico italiano ma che evidenzia anche le difficoltà di accesso al settore. Per Enrico Parisi, delegato nazionale di Coldiretti Giovani Impresa, il problema non è la mancanza di interesse verso l’agricoltura."
20260712174551,Laprovinciacr,https://crema.laprovinciacr.it/news/cronaca/583874/diciannovenne-ucciso-a-coltellate-e-scontro-politico-sulla-sicurezza.html,,,,,,srclc:ita,"L'ANALISI
OMICIDIO A CREMA: LE REAZIONI
12 Luglio 2026 - 19:45
CREMA - All’univoca vicinanza di tutte le forze politiche al dolore della famiglia del giovane egiziano, assassinato l’altra notte, fa da contraltare la diversa lettura delle cause dell’emergenza. Da una parte, chi governa la città ribadisce la necessità di un incremento delle forze dell'ordine sul territorio. Dall’altra, le opposizioni puntano il dito contro la giunta.
«Da tempo — interviene il sindaco Fabio Bergamaschi — chiediamo di rafforzare il presidio del territorio e le capacità investigative delle forze dell’ordine. Serve più Stato, un incremento delle risorse, richiesta che nei mesi scorsi avevo già indirizzato al ministero degli Interni. Proprio in questi giorni anche il presidente della Regione, Attilio Fontana, ha evidenziato come l’assegnazione di circa 180 nuovi agenti alla Lombardia sia insufficiente rispetto al peso demografico ed economico della nostra regione».
Dalle opposizioni arriva forte la richiesta di «capire cosa non funzioni a Crema di quello che si era già stato deciso di fare, ovvero Patto per la sicurezza e regolamento di polizia urbana votati dal Comune — sottolinea il senatore di Fratelli d’Italia Renato Ancorotti —: non può essere solo lo Stato a rispondere. La sicurezza si costruisce ogni giorno sul territorio, non si delega interamente a Roma quando la situazione è già degenerata. Porterò la questione all’attenzione del governo, per capire quali strumenti concreti e rapidi si possono attivare per Crema».
Il fatto di sangue dell’altra notte è stato il secondo in poco più di tre mesi: era la sera di Pasquetta, il 6 aprile, quando Hamza Salama, ventenne di origine egiziana, venne colpito a sprangate e accoltellato in via Brescia, per poi morire poche ore dopo in ospedale. «È tempo che si diano risposte alle esigenze di organico delle nostre forze dell’ordine — interviene il consigliere regionale del Pd Matteo Piloni —: il Comune ha investito nella videosorveglianza, da 30 a 100 telecamere, ha realizzato il sistema dei varchi elettronici e lavorato sulla prevenzione, insieme a realtà del territorio, col progetto di educativa di strada. Questo è ciò che può fare e fa l’amministrazione».
Ieri mattina, il centrodestra ha chiesto l’immediata convocazione «della Commissione sicurezza. Il sindaco riferisca anche le decisioni prese al Tavolo prefettura e quali azioni l’amministrazione intenda mettere in campo, dopo che per anni ha parlato solo di percezioni. I fatti dimostrano il contrario, e da tempo».
Ilaria Chiodo, della civica Broghetti Sindaco, conosceva la vittima: «Uno dei giovani che venti giorni fa avevano partecipato all’appostamento in piazza di Rauso — racconta —: ho cercato un dialogo con loro e chiesto all’amministrazione di inviare un educatore di strada, ma non c’era personale, essendo un fine settimana. Solo a tarda sera, l’assessore alle Politiche giovanili Giorgio Cardile mi aveva raggiunta. Da sola e poi con la polizia locale ho cercato di convincere i ragazzi a tornare a casa e allontanarsi dalla violenza. È tempo di attuare un approccio integrato: misure di sicurezza e interventi tempestivi in funzione delle situazioni createsi».
Il collega della Lega Andrea Bergamaschini parla di «fallimento delle politiche di integrazione del centrosinistra: è doveroso un cambio di rotta che ripristini il primato delle regole e la sicurezza dell’intera comunità». Da Futuro Nazionale la richiesta al sindaco: «Un presidio permanente della polizia locale, in concerto con le altre forze dell’ordine, per prevenire condotte contrarie alla convivenza civile».
Da parte della comunità islamica, il referente Hamid Tahiri, rinnova il suo impegno: «Con grande dolore abbiamo appreso della scomparsa di Youssef, un ragazzo che non frequentava il nostro centro. Restiamo accanto ai giovani, offriamo ascolto, studio, sport e alternative alla strada. Le porte del centro restano aperte a chi ha bisogno». «Come Partito democratico — interviene la segretaria cittadina Cecilia Brambini — riteniamo che non sia utile trasformare questa pericolosa china in terreno di scontro politico ma piuttosto chiediamo che tutti affrontino con spirito collaborativo questo nuovo scenario».
Copyright La Provincia di Cremona © 2012 Tutti i diritti riservati
P.Iva 00111740197 - via delle Industrie, 2 - 26100 Cremona
Testata registrata presso il Tribunale di Cremona n. 469 - 23/02/2012 
Server Provider: OVH s.r.l.   Capo redattore responsabile: Paolo Gualandris"
20260712162908,Milanotoday,https://www.milanotoday.it/attualita/fontana-polemica-viminale-nuovi-poliziotti.html,,,,,,srclc:ita,"Pochi poliziotti a Milano e in Lombardia: la rabbia di Fontana contro il Governo: ""Si penalizza il Nord""
Solo 180 poliziotti su 3mila destinati alla nostra regione: ""Incomprensibile sottovalutazione del territorio""
Solo 180 nuovi agenti destinati alla Lombardia sui 3mila complessivi previsti dal piano di rafforzamento delle forze dell'ordine sul territorio nazionale. Un'assegnazione pari al 6% del totale che ha riacceso lo scontro politico sul tema della sicurezza.
A scendere in campo è il presidente della Regione, Attilio Fontana, che definisce apertamente “penalizzante” la scelta del ministero dell'Interno, evidenziando una forte sproporzione rispetto al peso demografico ed economico del territorio lombardo.
Impegno condivisibile ma…
Il governatore ha voluto premettere una valutazione positiva sull'iniziativa del governo, definendo il piano del Viminale “il segno di un impegno condivisibile”. Tuttavia, i numeri analizzati da Palazzo Lombardia dipingono un quadro di netto sbilanciamento distributivo, considerando che la regione conta con oltre 10 milioni di abitanti (17% del totale nazionale).
“Logica che non sa leggere il territorio”
“Questa scelta riflette una logica che non sa leggere il territorio”, ha attaccato Fontana senza mezzi termini. Secondo la Regione, la densità abitativa e il volume di asset economici presenti sul territorio generano dinamiche di rischio specifiche che richiederebbero una presenza delle forze dell'ordine proporzionata, dai reati finanziari alle infiltrazioni della criminalità organizzata nel tessuto produttivo, fino alle truffe telematiche e al presidio del territorio.
“Sottovalutazione del Nord produttivo”
Nonostante le motivazioni tecniche che possono aver guidato le decisioni ministeriali, il giudizio politico resta severo. “Politicamente è un segno ulteriore di sottovalutazione delle necessità del Nord produttivo, della Lombardia e di Milano”, ha concluso il governatore. L'assegnazione del 6% dei nuovi agenti rischia, secondo la giunta regionale, di lasciare scoperte le crescenti richieste di sicurezza provenienti da un'area nevralgica per l'intero Paese."
20260712143903,Il Dolomiti,https://www.ildolomiti.it/politica/2026/piu-di-500-posti-vacanti-nelle-scuole-trentine-e-avanzano-gli-effetti-dellinverno-demografico-la-cisl-bene-limpegno-sui-concorsi-ma-serve-confronto-sugli-organici,,,,,,srclc:ita,"Più di 500 posti vacanti nelle scuole trentine e avanzano gli effetti dell'inverno demografico, la Cisl: ""Bene l'impegno sui concorsi ma serve confronto sugli organici""
La scuola trentina oggi si trova davanti a una criticità rilevante: sono 530 i posti vacanti, distribuiti tra scuola primaria, secondaria di primo grado e secondaria di secondo grado, ma avanza l’inverno demografico. La segretaria generale della Cisl Scuola, Monica Bolognani: ""Riconosciamo il grande impegno dell’Amministrazione provinciale sul tema dei concorsi sul sostegno e sulla primaria ma si prosegua lungo questo percorso. Urgente un ragionamento sugli organici per i prossimi anni""
TRENTO. Ci sono 530 posti vacanti tra scuola primaria, secondaria di primo grado e secondaria di secondo grado. E avanzano anche gli effetti dell'inverno demografico. Per questo è urgente ragionare sugli organici. A riferirlo la Cisl. Il sindacato riconosce gli sforzi dell'amministrazione provinciale sui concorsi sul sostegno e sulla primaria (Qui articolo) ma chiede un confronto approfondito per dare risposte più strutturali a un settore che boccheggia e che affronta diverse sfide.
Nel dettaglio, i posti vacanti sono 215 nella scuola primaria, 76 nella secondaria di primo grado e 239 nella secondaria di secondo grado.
""Alle convocazioni in programma dal 13 al 17 luglio vengono tuttavia resi disponibili 330 posti: 215 per la primaria, 46 per la secondaria di primo grado e 69 per la secondaria di secondo grado, che in parte resteranno vacanti per carenza di docenti in alcune graduatorie"", le parole di Monica Bolognani, segretaria generale della Cisl Scuola. ""Riconosciamo il grande impegno dell’Amministrazione provinciale nel bandire concorsi sul sostegno, a fronte della mancanza cronica di docenti specializzati nelle scuole. Questa carenza in molti casi ha inciso direttamente sulla continuità e sull'efficacia dell’inclusione scolastica degli studenti e delle studentesse con bisogni educativi speciali, fermo restando il valore del supporto degli assistenti educatori"".
Nel corso dell’anno scolastico sono stati banditi due tipi di concorso, ordinario e straordinario. ""L'obiettivo è di coprire il maggior numero possibile di posti vacanti"", aggiunge Bolognani. ""Auspichiamo che tale obiettivo possa essere raggiunto, almeno in larga parte, soprattutto negli Istituti comprensivi, dove le scoperture sul sostegno sono particolarmente significative. Riguardo alle procedure concorsuali di questo grado scolastico sono presenti docenti inseriti in più graduatorie: questo aumenta per loro le possibilità di ottenere un incarico, ma comporta anche uno scorrimento più rapido delle graduatorie"".
Gran parte delle graduatorie concorsuali, infatti, si esaurisce con questa tornata di assunzioni. ""Per questo chiediamo alla Provincia di proseguire con decisione nell’impegno di bandire nuovi concorsi, come previsto nell’Assestamento di Bilancio in discussione nei prossimi giorni in Consiglio provinciale, chiediamo attenzione particolare per le classi di concorso della scuola secondaria di primo e secondo grado che attendono da tempo una procedura dedicata. Tra le procedure attese rientrano anche quelle per i docenti di religione, per i quali l’ultimo concorso risale al 2018"".
Non solo assunzioni. Preoccupa anche l’impatto della denatalità sull’intero sistema scolastico, una dinamica che incide a livello nazionale, così come in Trentino.
""Gli effetti sono già evidenti nella scuola dell’infanzia, dove si assume di meno per evitare possibili esuberi nell’anno successivo"", evidenzia la Cisl. ""Questo può determinare spostamenti di personale verso altre sedi, talvolta distanti dalla propria residenza e dai familiari di cui ci si prende cura. Nella scuola trentina per l’anno scolastico 2026/2027 sono stati registrati 32 docenti perdenti posto: 9 nella primaria, 17 nella secondaria di primo grado e 6 nella secondaria di secondo grado, ai quali è stata assegnata una nuova titolarità, se non rientrati in sede per via di qualche pensionamento o trasferimento"".
Un dato che si aggiunge ai 34 docenti perdente posto dello scorso anno scolastico. ""E nei prossimi anni la denatalità potrebbe produrre effetti sempre più ampi su tutti gli organici, dalla scuola dell’infanzia alla secondaria di secondo grado, coinvolgendo docenti, personale Ata, assistenti educatori, personale ausiliario e cuochi della scuola dell’infanzia"".
Per questo il sindacato ritiene urgente urgente aprire un tavolo di confronto. ""Prima politico e poi tecnico sui criteri con cui vengono determinati gli organici della scuola. Gli attuali parametri appaiono ormai inadeguati rispetto alle reali necessità degli studenti e delle studentesse, ai carichi di lavoro e alla crescente complessità del sistema scolastico. Serve un confronto concreto, capace di definire una via trentina che valorizzi la scuola e tutte le professionalità che operano quotidianamente"", conclude Bolognani."
20260712133202,Insideover,https://it.insideover.com/geopolitica-della-salute/e-la-fine-dellospedale-perche-il-modello-sanitario-del-novecento-sta-cambiando.html,,,,,,srclc:ita,"Per oltre un secolo l’ospedale ha rappresentato il cuore della medicina moderna. È stato il luogo in cui concentrare competenze, tecnologie, ricerca e cura, il simbolo stesso del progresso sanitario del Novecento. Oggi, però, questo paradigma sta entrando in una fase di trasformazione profonda. Non perché gli ospedali siano destinati a scomparire, ma perché stanno progressivamente perdendo il ruolo di centro esclusivo dell’assistenza sanitaria.
La geopolitica della salute racconta infatti una rivoluzione silenziosa che attraversa contemporaneamente Stati Uniti, Europa, Regno Unito, Giappone e Australia. L’invecchiamento della popolazione, l’esplosione delle patologie croniche, la carenza mondiale di personale sanitario, la pressione sui conti pubblici e la diffusione delle tecnologie digitali stanno spingendo i sistemi sanitari verso un modello completamente diverso: meno ospedale e più territorio, meno ricoveri e più assistenza continua, meno centralizzazione e più reti integrate di cura.
L’ospedale del futuro non sarà più il luogo in cui si concentra tutta la medicina, ma uno dei nodi di una rete sanitaria molto più ampia.
Dall’ospedale alla medicina di prossimità
Il sistema sanitario costruito nel Novecento rispondeva a un’esigenza precisa. Le principali minacce erano rappresentate dalle malattie acute, dalle infezioni, dai traumi e dagli interventi chirurgici. Il paziente entrava in ospedale, veniva curato e tornava a casa.
Oggi il quadro epidemiologico è completamente cambiato. Secondo l’OCSE, oltre la metà delle persone con più di 65 anni convive con almeno due malattie croniche contemporaneamente. Si tratta di pazienti che non hanno bisogno principalmente di ricoveri, ma di un’assistenza costante, multidisciplinare e distribuita nel tempo. Parallelamente, l’invecchiamento della popolazione sta modificando gli equilibri economici dei sistemi sanitari. Sempre secondo l’OCSE, entro il 2050 gli over 65 rappresenteranno oltre un quarto della popolazione nei Paesi industrializzati, mentre diminuirà il numero delle persone in età lavorativa chiamate a finanziare la sanità pubblica. Ciò significa che aumenterà la domanda di cure proprio mentre diminuiranno le risorse economiche e umane disponibili.
Per questa ragione molti governi stanno progressivamente spostando gli investimenti dalla costruzione di nuovi ospedali al rafforzamento dell’assistenza territoriale, della medicina di famiglia, dell’assistenza domiciliare e della prevenzione.
L’obiettivo non è ridurre la qualità delle cure, ma evitare che milioni di pazienti finiscano inutilmente in ospedale.
L’ospedale esce dalle sue mura
Uno dei concetti più innovativi emersi negli ultimi anni è quello di Hospital without Walls, l’ospedale senza mura.
L’idea è semplice quanto rivoluzionaria: utilizzare le competenze ospedaliere direttamente a casa del paziente.
Negli Stati Uniti il modello degli Hospital at Home è ormai diventato parte integrante della strategia sanitaria federale. Decine di grandi ospedali trattano già al domicilio pazienti che fino a pochi anni fa sarebbero stati ricoverati, grazie all’utilizzo di telemedicina, monitoraggio remoto, visite domiciliari e dispositivi digitali. Anche il Regno Unito ha investito massicciamente nelle cosiddette Virtual Wards, reparti virtuali che consentono ai pazienti di essere seguiti da équipe ospedaliere pur rimanendo nella propria abitazione.
Le evidenze scientifiche stanno diventando sempre più consistenti. Uno dei più ampi studi internazionali pubblicati su Frontiers in Digital Health, che ha analizzato quasi 3.000 episodi assistenziali nel Regno Unito, ha mostrato come i programmi di ospedalizzazione domiciliare abbiano ridotto significativamente la durata media dei ricoveri, mantenendo elevati standard di sicurezza clinica e un alto livello di soddisfazione dei pazienti. Anche numerose revisioni sistematiche della letteratura scientifica confermano che, per molti pazienti anziani e cronici, l’assistenza domiciliare ospedaliera può produrre risultati almeno equivalenti ai ricoveri tradizionali, con una riduzione delle complicanze legate alla degenza prolungata.
Naturalmente non tutti i pazienti possono essere curati a casa. Le emergenze, gli interventi chirurgici complessi, la terapia intensiva e le cure ad alta specializzazione continueranno a richiedere strutture ospedaliere altamente tecnologiche. Ma la quota di pazienti che potrà ricevere assistenza fuori dall’ospedale è destinata ad aumentare.
Una rivoluzione guidata dalla geopolitica
Dietro questo cambiamento non vi sono soltanto motivazioni cliniche. La trasformazione dell’ospedale risponde innanzitutto a una serie di fattori geopolitici.
Il primo è demografico.
La popolazione mondiale invecchia rapidamente e questo fenomeno interessa ormai quasi tutte le economie avanzate. Crescono le malattie croniche, aumentano le richieste di assistenza di lungo periodo e diminuisce la popolazione attiva che finanzia il welfare.
Il secondo fattore riguarda la forza lavoro sanitaria.
L’OCSE considera la carenza di medici, infermieri e operatori una delle principali vulnerabilità dei sistemi sanitari contemporanei. Dopo la pandemia molti professionisti hanno lasciato il settore, mentre la domanda continua ad aumentare. Continuare ad ampliare il modello ospedaliero tradizionale significherebbe richiedere personale che semplicemente non esiste.
Il terzo elemento è economico.
La spesa sanitaria continua a crescere in tutti i Paesi industrializzati. Governi e sistemi sanitari sono chiamati a garantire cure sempre più costose con risorse pubbliche sempre più limitate. La sostenibilità finanziaria è ormai diventata una questione strategica tanto quanto la qualità delle cure.
Infine c’è la rivoluzione tecnologica.
L’intelligenza artificiale, il monitoraggio remoto, i dispositivi wearable, la telemedicina e l’integrazione delle cartelle cliniche consentono oggi di controllare molti pazienti a distanza, intervenendo tempestivamente prima che le loro condizioni richiedano un ricovero. La pandemia di Covid-19 ha accelerato enormemente questa trasformazione, dimostrando come sistemi sanitari troppo dipendenti dagli ospedali siano più vulnerabili agli shock improvvisi.
Per questo motivo la resilienza sanitaria è ormai considerata una componente della sicurezza nazionale. Non basta possedere grandi ospedali: occorre costruire reti sanitarie capaci di continuare a funzionare anche durante crisi epidemiche, disastri naturali o emergenze internazionali.
Il nuovo ruolo dell’ospedale
L’ospedale continuerà a rappresentare il vertice della medicina specialistica, della chirurgia complessa, della terapia intensiva, dei trapianti e dell’alta tecnologia sanitaria. Ciò che sta cambiando è la sua posizione all’interno del sistema. Il modello del Novecento vedeva l’ospedale come il punto di arrivo di quasi ogni percorso di cura. Quello del XXI secolo lo trasforma invece in un centro altamente specializzato inserito all’interno di una rete composta da medicina territoriale, assistenza domiciliare, prevenzione, telemedicina, servizi sociali e tecnologie digitali. Come ha osservato Nigel Edwards, tra i maggiori esperti internazionali di organizzazione sanitaria, la sfida non consiste più nel progettare ospedali sempre più grandi, ma nel costruire sistemi sanitari capaci di mantenere le persone in salute evitando, quando possibile, il ricovero.
È un cambiamento che modifica profondamente anche il concetto di potenza sanitaria di uno Stato. Nel XXI secolo la forza di un sistema sanitario non sarà misurata soltanto dal numero di posti letto o dalla grandezza dei suoi ospedali, ma dalla capacità di integrare tecnologia, territorio, assistenza domiciliare e prevenzione in un’unica rete intelligente. La geopolitica della salute sta quindi ridisegnando la mappa dell’assistenza. L’ospedale non scompare, ma perde la centralità assoluta che aveva conquistato nel Novecento. La nuova frontiera non è costruire più ospedali, bensì costruire un sistema capace di portare la medicina dove vivono le persone, anziché costringere le persone a cercare la medicina.
Abbonati e diventa uno di noi
Se l'articolo che hai appena letto ti è piaciuto, domandati: se non l'avessi letto qui, avrei potuto leggerlo altrove? Se pensi che valga la pena di incoraggiarci e sostenerci, fallo ora."
20260712100042,Ilgiornale Il,https://www.ilgiornale.it/news/cittadini/litalia-dribbla-stretta-hormuz-2692461.html,,,,,,srclc:ita,"Dopo sei mesi di 2026, quattro dei quali passati a temere le conseguenze dello stretto di Hormuz, il Pil italiano può chiudere l'anno a +0,9%: poco sotto la Francia (+1%) e il doppio rispetto alla Germania (+0,4%). Mentre i consumi, pur minacciati dall'inflazione, salgono dell'1,2%. Sono le stime che l'Ufficio studi di Confcommercio, guidato da Mariano Bella, ha fornito ieri nel suo rapporto annuale sui trend delle regioni italiane. Un focus che mostra le diverse velocità della crescita lungo la penisola: a tirare sono le regioni del Nord, mentre il Mezzogiorno va più piano, in particolare sul fronte dei consumi delle famiglie che, in molte regioni di quest'area, sono sotto i livelli di 10 anni fa. La Lombardia è la locomotiva d'Italia, unica regione a guidare sia la classifica del Pil (+1,2%), sia quella dei consumi (+1,8%).
L'elemento più fresco è quello sul Pil nazionale: l'Italia ha sconfitto Hormuz. E lo ha fatto va detto - anche a dispetto delle Cassandre che, forse per questioni politiche, hanno soffiato su un vento di crisi mai realmente arrivato. Lo spiega lo stesso Bella: «I dati Istat, quindi non le opinioni, dicono che nel primo trimestre del 2026 il Pil acquisito ufficiale, quello corretto per gli effetti dei giorni lavorativi, è cresciuto dello 0,9%, e dentro c'è già un mese di crisi di Hormuz. Quindi, per prevedere tassi di crescita dello 0,4-0,5% a fine anno, significa scontare una recessione che però non ci non risulta». Idem per i consumi: «La crescita tendenziale all'1,2% - spiega Bella - corretta arriva all'1,3%. Sono i numeri acquisiti fino a marzo. E tra aprile e giugno i consumi sono andati molto bene: lo vediamo dalle autostrade, dai biglietti dei treni o dall'acquisto di auto nuove». Oggi ci sono 100mila italiani che ogni mese stanno comprando un'auto, con un aumento tra il 10 e il 20%. Infine c'è il turismo, ai massimi storici, con presenze stimate tra +5 e 10%. Mettendo tutto questo a sistema, insieme con i dati sull'occupazione ai massimi storici e un'inflazione rimasta circoscritta agli energetici, si ottiene un quadro reale positivo che riflette una maggiore fiducia da parte di famiglie e imprese italiane.
Poi c'è il divario tra Nord e Sud, che resta forte. Dopo la Lombardia seguono il Trentino-Alto Adige (Pil +1% e consumi +1,5%) e Lazio (+1% e +1,4%). Mentre in coda alla classifica ci sono Basilicata e Calabria (Pil +0,6%, e consumi rispettivamente +0,4% e +0,5%). Un trend ancora più drammatico se visto sul lungo periodo: fatto 100 l'indice del Pil di 20 anni fa, il Sud è addirittura a quota 97,7, e sui consumi è a 90,2. In altri termini, intere zone del Paese non hanno ancora recuperato i livelli pre crisi del 2007.
Tra queste c'è anche la Liguria, a conferma della causa principale del divario tra chi cresce e chi no: è l'effetto demografico, che crea un calo strutturale. Un territorio non può crescere se la popolazione si riduce, se invecchia e se innova di meno. Spariscono le classi alto-spendenti e si va verso la stagnazione."
20260712091900,Libero Quotidiano,https://www.liberoquotidiano.it/news/cultura/48519252/elena_di_troia_nera_vera_sfida_europa_difendere_identita/,,,,,,srclc:ita,"Il film sull’Odissea di Christopher Nolan uscirà il 16 luglio, ma ha già scatenato un putiferio. Scrive Repubblica: «Quando venne fuori la notizia che Nyong’o, messicana kenyota, avrebbe interpretato Elena, sui social esplose una reazione durissima da parte di ambienti conservatori e identitari, soprattutto negli Stati Uniti e in Grecia. Le critiche sostenevano che Elena di Troia, nell’immaginario classico occidentale, fosse “bianca, bionda e greca”, definendo il film un simbolo del “revisionismo woke”». In realtà non è l’immaginario occidentale: è Omero che parla di «Elena dalle bianche braccia». Ed Esiodo di «Elena dai capelli dorati» (come pure Saffo ed Euripide). Si possono ignorare?
Il problema è la vecchia questione del colour-blind casting che ha già suscitato polemiche negli anni passati per produzioni cinematografiche e teatrali: consiste nel selezionare gli attori senza tenere conto del loro aspetto fisico. È giusto in via di principio, ma – si obietta - per i personaggi noti (storici o letterari) no: si potrebbe mai realizzare un film sulla regina Nzinga Mbande (1583–1663) del Regno di Ndongo (l’odierna Angola) facendola interpretare da una bionda attrice nordica? O un film su Nelson Mandela o su Louis Armstrong interpretati da attori bianchi? O Cleopatra o Beatrice interpretate da uomini? Un attore piccolo e mingherlino può interpretare Aiace Telamonio? È una questione di fedeltà al testo e al contesto storico. Non c’entra nulla l’inclusione.
Anna Paola Concia, che pure è di sinistra, ha commentato: «Una delle battaglie campali dell’estremismo woke è quella contro la cosiddetta “appropriazione culturale”. La faccio breve: un attore bianco non può interpretare ruoli di una persona nera, asiatica ecc. Hanno fatto chiudere spettacoli teatrali, film, mostre, performance a causa di proteste contro l’appropriazione culturale in America in Francia, in UK. Che cosa vogliono? L’hanno inventata loro... E adesso vengono ripagati con la stessa moneta».
SMINUIRE LE RADICI
Si ha la sensazione che nei confronti dell’Occidente – e l’Odissea è uno dei pilastri del canone occidentale – sia ritenuto accettabile cancellare il contesto storico e sminuire l’identità (greca ed europea). Come se tutte le “minoranze” potessero avere la propria identità, eccetto le nazioni europee e occidentali. Il greco Nick Fassolas ha scritto: «Hollywood e i media occidentali trattano l’eredità greca antica come qualcosa che chiunque può rivendicare e deformare a proprio piacimento. Nell’era della globalizzazione e della follia woke, l’eredità greca – come fondamento della civiltà occidentale – viene decostruita e generalizzata». Oltretutto chi è davvero la minoranza da proteggere?
Fassolas osserva: «Noi Greci rappresentiamo appena lo 0,18% della popolazione mondiale. Non siamo semplicemente una minoranza – siamo un popolo in declino demografico, una piccola popolazione che rischia la graduale estinzione nel XXI secolo. Ciononostante, per alcuni, noi non abbiamo il diritto di proteggere la nostra continuità nazionale, culturale e demografica. Al contrario, ci viene imposto l’obbligo di accogliere in massa persone provenienti da gruppi demografici che complessivamente costituiscono il 35-37% della popolazione mondiale (subsahariani africani e musulmani), e per di più di trattarli come “minoranze” che necessitano di protezione. Non esiste ipocrisia più lampante di questa».
DIFENDERE I CONFINI
È lecito agli europei difendere i propri confini statali e la propria cultura nazionale? Non si tratta di nazionalismo, ma di patriottismo, che è l’esatto opposto. Consideriamo queste parole: «L’amore per la patria è un amore per la madre: la chiamiamo “madre patria” perché qui siamo nati; ma essa stessa, come ogni madre, ci insegna a camminare e si dona a noi perché la facciamo vivere in altre generazioni. Se non siete patrioti – non nazionalisti, patrioti – non farete nulla nella vita».
Parole di un sovranista? No, di papa Francesco per i giovani cileni. E aggiungeva: «Il cammino in avanti, i sogni che devono essere realizzati si devono fare con i piedi per terra, e si inizia con i piedi sulla terra della patria. E se voi non amate la vostra patria, io non credo che possiate amare Gesù e che possiate amare Dio». Bergoglio aveva idee patriottiche. Solo che lui rivolgeva l’invito ad amare la patria e a salvaguardare la propria identità ai popoli che riteneva del Terzo Mondo. Gli europei e gli occidentali pare non abbiano diritto di essere patriottici e di proteggere la propria identità.
Devono solo mettersi al servizio dell’immigrazione di massa, spalancarle le porte, garantire assistenza e lavoro e annientare la propria identità, sciogliendola in un magma multiculturale per permettere agli immigrati (che in certi casi – perlopiù islamici - ci disprezzano) di mantenere i loro costumi, trasformando così l’Europa a immagine dei loro Paesi di provenienza. Anche Leone XIV la pensa così, lo dimostra il suo discorso a Lampedusa.
Il problema è diventato tanto dirompente che è ormai al primo posto fra i temi delle prossime elezioni che si avvicinano in tutta l’Europa. Perché è un crinale di civiltà. Si tratta di decidere se le nostre nazioni e l’Occidente devono sopravvivere, se la nostra identità, la nostra civiltà millenaria (e perfino il nostro welfare state) devono sopravvivere o no. C’è chi pensa di fermare il fortissimo malcontento popolare per l’immigrazione di massa, l’insicurezza e il multiculturalismo, bollandolo come razzismo, islamofobia e xenofobia. Potrebbero fare pure leggi punitive delle opinioni. Ma così rischiano di scatenare proprio le reazioni peggiori che tutti vogliamo scongiurare. La politica deve prendere posizione su questi temi, non criminalizzarli. La democrazia deve risolverli."
20260712084914,La Gazzetta Del Mezzogiorno,https://www.lagazzettadelmezzogiorno.it/news/puglia/2051142/sanita-la-ricetta-di-felice-spaccavento-va-aumentato-il-fondo-nazionale.html,,,,,,srclc:ita,"Felice Spaccavento, consigliere regionale della lista Prossima e presidente della commissione sanità, da dove si parte sul disavanzo sanitario della Regione Puglia, in vista della seduta monotematica del Consiglio?
«Si parte dai numeri veri, quelli che il centrodestra preferisce non citare. Il Fondo Sanitario Nazionale nel 2023 ha avuto un incremento libero di 316 milioni, nel 2024 di 310 milioni. Nel 2025 l'aumento si è ridotto a 92 milioni. Praticamente una amputazione! A questo si aggiunga che la Puglia ha perso più di 183mila residenti; un calo demografico che è costato altri 150 milioni. Quindi la perdita reale non è di 330 milioni, ma di 130 (coperta per 107 milioni dal bilancio autonomo della Regione). Una perdita imputabile alla gestione del sistema nazionale di finanziamento portato avanti dal governo a Roma che rallenta proprio mentre i costi corrono».
Decaro chiede più risorse per il fondo sanitario nazionale: è la via maestra?
«È la prima via, ma non l'unica. Se il Fsn nel 2025 fosse cresciuto come negli anni precedenti oggi non parleremmo di addizionale Irpef La richiesta di Decaro al Governo di rendere strutturale e adeguato il fondo sanitario per le regioni è sacrosanta ma accanto a questa battaglia stiamo portando avanti un percorso interno di razionalizzazione ed efficientamento della macchina regionale».
Le nomine dei manager Asl con mandato su sprechi ed efficienza…
«Sulla strada di questo efficientamento sono state decise queste nomine. I direttori generali saranno chiamati a rispondere su riduzione degli sprechi, efficientamento dell'erogazione dei servizi, gestione rigorosa delle risorse. I primi riscontri si vedono già nel piano straordinario sulle liste d'attesa e nei cantieri aperti su più fronti ospedalieri, così come il piano delle grandi apparecchiature ospedaliere».
C’è il rischio di riduzioni nelle prestazioni con il piano di rientro?
«No. Il piano di rientro presentato da Decaro al Mef e al Ministero della Salute non tocca l'erogazione dei servizi essenziali. La prima fase del piano straordinario sulle liste d'attesa si è conclusa superando ampiamente gli obiettivi prefissati: sono stati contattati più pazienti del previsto, permettendo di anticipare, erogare o prendere in carico un numero di prestazioni superiore al target iniziale. Anche i cantieri procedono spediti: il rinnovo dei reparti ospedalieri, il nuovo ospedale di Monopoli-Fasano, l'accelerazione sull'ospedale di Taranto e su quello del Nord Barese, i target raggiunti per le Case di Comunità e Ospedali di Comunità».
L'addizionale Irpef: dato strutturale o correggibile?
«L’aumento dell’addizionale, è stato una misura ponte, studiata per tutelare le fasce di reddito più deboli: l'aumento pesa in modo significativo solo sul 30% dei pugliesi con i redditi più alti. Il confronto va fatto con onestà: regioni di centrodestra come il Molise sono commissariate, così come lo sono state Calabria, Abruzzo e Lazio, sempre a guida centrodestra, con addizionali Irpef ben più pesanti della nostra».
La Puglia?
«Il commissariamento lo ha evitato, tenendo insieme tutela dei redditi bassi, taglio dei costi della politica e razionalizzazione della spesa. L'obiettivo, mano a mano che questo lavoro produce risultati, è ridurne il peso già nei prossimi esercizi di bilancio».
Il sondaggio Sole 24 Ore: perché Decaro è il governatore più amato?
«Una sola parola: credibilità. Le persone credono in Antonio Decaro perché negli anni ha dimostrato coerenza. C’è il metodo dell’ingegnere che smonta problemi e rimonta soluzioni. E c’è la visione del sindaco che ha cambiato Bari e oggi vuole cambiare la Puglia. Ma soprattutto c’è un’idea di Sud protagonista. Che innova, che rivendica, che costruisce. Decaro indica una strada: più lunga, più difficile, ma che porta a una Puglia migliore. Un Mezzogiorno dal quale ripartire per riaffermare il concetto stesso di parità».
In che direzione si sta muovendo il rafforzamento del sistema sanitario regionale in questi sei mesi?
«Prima di tutto dando piena attuazione al Dm 77 investendo sulla rete territoriale più vicina alla quotidianità dei pazienti cronici. Una presa in carico continuativa migliora la qualità delle cure, ottimizza le risorse del sistema ed evita che la cronicità si trasformi in emergenza. Inoltre, stiamo lavorando affinché le persone con patologie ad alta intensità assistenziale (patologie psichiatriche e neurodegenerative, malattie rare, oncologiche…) trovino percorsi dedicati anche nei punti di emergenza e urgenza dei pronto soccorso, per poter affrontare con più serenità e preparazione questi momenti resi più complicati dalle loro patologie. È questa l'idea di sanità che stiamo sta costruendo, giorno dopo giorno»."
20260712074557,Cremonaoggi It,https://www.cremonaoggi.it/2026/07/12/omicidio-di-crema-bergamaschi-sicurezza-problema-reale-servono-risorse/,,,,,,srclc:ita,"Omicidio di Crema, Bergamaschi: “Sicurezza problema reale, servono risorse”
Il primo cittadino interviene sulle proprie pagine social denunciando una situazione di crescente preoccupazione e la necessità di arginare il fenomeno della delinquenza giovanile
All’indomani del brutale delitto consumatosi a Crema nella notte tra sabato e domenica, la città si è svegliata con lo sgomento della consapevolezza che quello della sicurezza sta diventando un problema ormai fuori controllo.
Il primo a denunciarlo è proprio il sindaco, Fabio Bergamaschi, che sul propri social sottolinea come la questione stia diventando sempre più “una preoccupazione reale dei cittadini”, un problema che “va affrontato con grande decisione dallo Stato”.
Per Bergamaschi “la sicurezza è un bene comune” e “un patrimonio di tutti, anche e soprattutto dei più fragili”. Per questo i cittadini, “non vogliono e non possono sentirsi ostaggio di giovani e giovanissimi delinquenti che usano il coltello con una disinvoltura agghiacciante” continua il primo cittadino. “Non vogliono che accada nelle metropoli e a maggior ragione che accada nelle piccole città di provincia, la cui vivibilità è un elemento da custodire in modo ancor più geloso” .
A Crema il Comune ha affrontato il tema della sicurezza “sempre con spirito unitario” sottolinea ancora Bergamaschi: “all’unanimità, sinistra, destra o centro che sia, abbiamo votato tanto il Patto per la Sicurezza che il Regolamento di Polizia Urbana.
Significa che, al di là della reciproca caricatura che la politica oggi induce a fare per ragioni di consenso (una dinamica stupida e improduttiva per il Paese), c’è una serietà tra i rappresentanti politici e civici locali che si svolge nelle stanza istituzionali, a dispetto di ciò che capita talvolta sulle pagine dei giornali.
Con quella stessa serietà, con quello stesso spirito, in qualità di Sindaco di Crema sento di dover esprimere nuovamente, ancora più chiaramente, tutta la preoccupazione che la nostra comunità nutre rispetto all’esplosione di questi fenomeni“.
Il primo cittadino sottolinea quindi quali sono le necessità più urgenti: “Da molto tempo il Comune di Crema, nelle sedi istituzionali competenti, ha rappresentato con chiarezza la necessità di rafforzare il presidio del territorio e le capacità investigative delle forze dell’ordine, chiedendo maggiore attenzione per Crema e per il Cremasco, specialmente in determinati luoghi (più o meno sempre gli stessi ed esattamente quelli, guarda caso, in cui sono avvenuti i vari episodi).
E’ un tema che abbiamo posto con continuità. Oggi lo ribadiamo, con ancora più forza, avvertendo ancor di più l’urgenza che questi episodi, sempre legati ai giovani, sempre legati a determinati contesti sociali, vengano affrontati in modo risoluto dallo Stato.
Serve più Stato sul territorio. Più Stato nella comunità.
Per questo ribadiamo la necessità di un incremento delle risorse a disposizione delle forze dell’ordine, una richiesta che avevo già formalmente indirizzato al Governo, al Ministero degli Interni, negli scorsi mesi”.
Un problema che riguarda anche l’intera regione: “Proprio in questi giorni anche il presidente della Regione Lombardia Attilio Fontana ha evidenziato come l’assegnazione di circa 180 nuovi agenti alla Lombardia sia largamente insufficiente rispetto al peso demografico ed economico della nostra regione, parlando di una distribuzione che non risponde alle reali esigenze del territorio.
Servono più uomini, più presidi e strumenti adeguati per garantire la sicurezza ai cittadini. Strumenti repressivi, strumenti di indagine, ma anche strumenti preventivi, sociali ed educativi. In questo senso a Crema stiamo estendendo la rete di videosorveglianza e la Polizia Locale è sempre più una forza in sostegno delle altre Forze dell’Ordine (anche stanotte, sulla rissa iniziale, è stata la prima ad intervenire).
Dall’altro lato l’attività di educativa di strada recentemente messa in campo porterà i suoi benefici. Ma bisogna avere il coraggio di pensare e ripensare in profondità ogni strumento. E di farlo insieme, nella pluralità degli sguardi del sociale, della formazione, dell’ordine pubblico. Spesso anche della sanità.
Tutti settori del “pubblico” che faticano ad interagire e che, quando lo fanno, spesso si limitano alle formalità, legati da una burocrazia che ne depotenzia il contributo, dettando rigidamente i confini delle competenze e dei poteri, mentre i problemi continuano a stare lì, in mezzo alla gente.
Non possiamo accettare che la delinquenza giovanile diventi una nuova normalità. Non possiamo accettare come normale il giovane sangue riverso sull’asfalto. A Crema e ovunque” conclude Bergamaschi."
20260712070000,L'eco Di Bergamo,https://www.ecodibergamo.it/stories/premium/bergamo-citta/affitti-alle-stelle-a-bergamo-52-rispetto-al-pre-covid-poche-case-disponibi-o_3907561_11/,,,,,,srclc:ita,"Affitti alle stelle, a Bergamo +52% rispetto al pre Covid. «Poche case disponibili»
I DATI. Bergamo seconda città in Lombardia per aumento dei canoni. Guatterini: «La carenza spinge i prezzi: puntare sulle riqualificazioni».
Lettura 3 min.È sempre un buon investimento, il mattone. Per molti, però, più che desiderio è un miraggio. Non vale solo per la compravendita, ma soprattutto per l’affitto: con valori alle stelle, trovar casa con questa formula è ben complicato. Ne risente soprattutto la città, dove l’offerta è ormai risicata – di appartamenti in affitto se ne trovano ben pochi, e a caro prezzo – e la domanda è alta, andando così a creare una dinamica tipicamente metropolitana.
Un dato lo racconta in maniera plastica: nel post-Covid, Bergamo è il secondo capoluogo lombardo con il peggior rincaro dei canoni di locazione, saliti addirittura del 52% tra il 1° semestre del 2019 e il 1° semestre del 2026. A far da bussola sono le rilevazioni del recente Osservatorio Cresme per l’Ance Lombardia, l’associazione dei costruttori edili, che ha passato in rassegna i diversi angoli della regione. Nello stesso arco temporale, solo Brescia è stata più «salata» (+52,1%), mentre Monza ha raggiunto un +49,3%, Milano un +47,4% e la media lombarda s’è mantenuta al +46,8%. È andata relativamente meglio, o forse meno peggio, nel resto della provincia: nei comuni diversi dal capoluogo, la Bergamasca ha maturato un «ricarico» del 45%, stavolta leggermente al di sotto della media regionale (+47,2%), mentre il primato (non invidiabilissimo) spetta ai comuni della provincia di Como (+56,4%).
Le «tensioni»
L’affitto è un segmento decisivo del comparto immobiliare. È la soluzione più gettonata tra i lavoratori che si muovono da un’area all’altra (una risorsa quanto mai «contesa» in tempo di inverno demografico e di competizione per l’attrattività dei territori), oppure è il passo classico dei giovani che cercano l’autonomia uscendo dalla casa dei genitori, ma è anche il ripiego ineludibile per chi non ha una forza economica sufficiente per puntare all’acquisto. E di rinnovo in rinnovo, il canone può lievitare sino a farsi insostenibile per il budget familiare. Anche i costruttori sono consapevoli delle criticità: «È evidente la tensione sul fronte delle locazioni, che oggi rappresentano uno dei nodi più delicati del mercato immobiliare», premette Renato Guatterini, presidente dell’Ance Bergamo. Sfogliando il dossier, Guatterini snocciola cifre dettagliate: «In Lombardia il canone medio si attesta a 10,7 euro al metro quadrato al mese, ma nei capoluoghi sale a 15,2 euro. Bergamo, con 10,6 euro al metro quadrato al mese, si colloca al quarto posto tra i capoluoghi lombardi e registra una crescita molto significativa negli ultimi anni: nel periodo 2019-2026 è infatti la seconda città lombarda per incremento dei canoni di locazione, con un +52%, subito dopo Brescia». Sono «segnali che vanno letti con grande attenzione», specifica Guatterini, e che vanno messi in correlazione a quelli della compravendita.
La compravendita
Il report traccia una panoramica anche sui listini di vendita. Ancora tra metà 2019 e metà 2026, a Bergamo città le quotazioni sono incrementate del 28,4% (contro la media regionale del +33,7%) e nel resto della provincia del 23,1% (contro la media regionale del +24,8%). Il boom è a Como, +40,6% nel capoluogo e +39,3% nelle aree interne. Insomma, il settore viaggia forte: «I dati dell’Osservatorio Immobiliare Cresme confermano che anche Bergamo si colloca all’interno di una dinamica di forte crescita dei valori immobiliari che interessa l’intera Lombardia, ma che nel nostro territorio assume caratteristiche molto specifiche. Nel primo semestre 2026 il prezzo medio delle abitazioni in Lombardia si attesta intorno ai 2.720 euro al metro quadrato, con una forte differenza tra i capoluoghi, trainati da Milano, e i comuni non capoluogo. In questo quadro, Bergamo registra una quotazione media di 2.710 euro al metro quadrato, in aumento del 6,9% nell’ultimo anno», approfondisce Guatterini.
Le politiche per l’abitare
Ma perché il mercato si spinge così verso l’alto? «L’aumento dei prezzi di vendita e dei canoni di locazione nella nostra provincia riguarda sia le nuove costruzioni sia il patrimonio edilizio esistente ed è riconducibile a più fattori – prosegue il presidente dell’Ance Bergamo -: da un lato la crescente attrattività del territorio bergamasco e la sua sempre maggiore integrazione nei sistemi urbani e infrastrutturali regionali; dall’altro l’aumento dei costi di costruzione, che secondo i dati della Camera di Commercio nell’ultimo anno sono cresciuti del 5,6%».
Un elemento più degli altri pare incidere, e richiama la classica legge economica della domanda e dell’offerta: «Soprattutto pesa la questione abitativa – è la sottolineatura di Guatterini -: la disponibilità di case resta insufficiente rispetto alla domanda e questa carenza, inevitabilmente, si riflette sull’andamento dei prezzi». Da questa impasse è complesso uscirne, se non attraverso un gioco di squadra che coinvolga tutti coloro che hanno voce in capitolo: «Il tema dell’abitare deve tornare al centro dell’agenda locale – conclude Guatterini -. Servono politiche che favoriscano nuova offerta abitativa, rigenerazione urbana e condizioni che consentano alle imprese di costruire e riqualificare in modo sostenibile, rispondendo ai bisogni delle famiglie e del territorio».
© RIPRODUZIONE RISERVATA"
20260712053158,Il Fatto Quotidiano,https://www.ilfattoquotidiano.it/2026/07/12/spopolamento-sardegna-aree-interne-giovani-notizie/8442851/,,,,,,srclc:ita,"L’Europa ci ha insegnato come lasciare la Sardegna. Ora deve imparare a farci tornare
di Alessandro Zedde
Alle sei del mattino, in un paese della Sardegna, il pullman porta via studenti, lavoratori e giovani diretti verso città e aeroporti. Dietro restano case chiuse, anziani e comunità che invecchiano. È una scena che si ripete in molte aree interne europee, dai Carpazi all’Appennino, dove alla crescente mobilità dei giovani si affianca lo svuotamento progressivo dei piccoli territori.
Negli ultimi decenni l’Unione europea ha costruito un’infrastruttura efficace per favorire la mobilità attraverso Erasmus+, il Corpo europeo di solidarietà e la libertà di circolazione. Non ha però sviluppato con la stessa efficacia le condizioni perché quei giovani possano scegliere di tornare o restare. Il problema non è la partenza, ma l’assenza di opportunità nei luoghi di origine.
I dati confermano una tendenza strutturale. Tra il 2014 e il 2024 le aree rurali europee hanno perso quasi otto milioni di abitanti, mentre le città ne hanno guadagnati oltre dieci milioni. A lasciare questi territori sono soprattutto i giovani, mentre cresce la popolazione anziana. In Italia il fenomeno interessa in particolare le aree interne, lontane dai servizi essenziali, dove il calo demografico è molto più marcato rispetto ai comuni centrali.
La Sardegna rappresenta uno dei casi più evidenti. L’isola registra il più basso tasso di fecondità italiano e una popolazione sempre più anziana. Nei piccoli comuni l’età media supera i cinquantadue anni e la perdita di giovani comporta anche conseguenze economiche. Secondo il Centro Studi Confindustria Sardegna, il progressivo calo della popolazione in età lavorativa corrisponde a un potenziale produttivo non realizzato di circa 1,7 miliardi di euro. Le cause sono note. Un’economia troppo dipendente dal turismo stagionale, poche opportunità per laureati e diplomati, riduzione dei servizi essenziali e persistente divario digitale alimentano un circolo vizioso che rende sempre più difficile vivere nei piccoli centri.
Parallelamente la mobilità europea ha prodotto risultati importanti. Erasmus+ ha coinvolto oltre 16,5 milioni di partecipanti e in Italia interessa ogni anno decine di migliaia di persone. Queste esperienze migliorano competenze, occupabilità e reti professionali. Tuttavia, la stessa mobilità facilita anche la perdita di capitale umano, perché molti giovani trovano lavoro altrove e non rientrano.
Invitare semplicemente i giovani a restare non basta. Senza lavoro stabile, servizi, connessioni digitali e prospettive di lungo periodo, restare rischia di diventare una rinuncia più che una scelta. Anche i finanziamenti europei incontrano spesso ostacoli amministrativi nei piccoli comuni, che dispongono di risorse limitate per progettare e gestire gli interventi.
L’Unione europea ha avviato politiche specifiche per le aree rurali e l’Italia ha rafforzato la Strategia nazionale per le aree interne. In Sardegna iniziative come il recupero delle case abbandonate a Ollolai o gli incentivi regionali per chi si trasferisce nei piccoli comuni dimostrano capacità di innovazione e attraggono nuovi residenti. Restano però esperienze ancora insufficienti a invertire una dinamica demografica di lungo periodo.
L’Europa non dovrebbe essere vista soltanto come un finanziatore, ma come uno spazio di mobilità e di opportunità. Se oggi permette ai giovani di partire, la sfida dei prossimi anni sarà rendere i territori di origine luoghi in cui tornare sia una possibilità concreta. Con il nuovo Erasmus+ e la futura politica di coesione, il vero banco di prova non sarà soltanto quanti giovani partiranno, ma quanti territori daranno lavoro, servizi e qualità della vita sufficienti per essere scelti una seconda volta. Il pullman continuerà a partire ogni mattina, è giusto che sia così.
Nessuna politica dovrebbe impedire ai giovani di cercare il proprio futuro altrove. La vera sfida è fare in modo che, sempre più spesso, qualcuno possa scegliere di tornare, perché ciò che si lascia sia a sua volta un luogo costruire il proprio futuro."
20260712042731,Notizie.it,https://www.notizie.it/attilio-fontana-critica-la-distribuzione-degli-organici-della-polizia-in-lombardia/,,,,,,srclc:ita,"La distribuzione dei nuovi organici della Polizia di Stato ha acceso una polemica tra la Regione Lombardia e il ministero dell’Interno. Il presidente della Regione Lombardia, Attilio Fontana, ha definito penalizzante l’assegnazione di soli 180 nuovi agenti su un totale di 3.000 previsti a livello nazionale. Una decisione che, secondo Fontana, non tiene conto del ruolo strategico della Lombardia nel contesto italiano.
La Lombardia, che ospita circa il 17% della popolazione italiana e contribuisce con il 23% del Prodotto Interno Lordo nazionale, riceverà solo il 6% dei nuovi agenti. Una quota che il governatore considera inadeguata rispetto alle esigenze del territorio. “Non si può fare finta di nulla di fronte a questa sottovalutazione”, ha affermato Fontana, sottolineando che “questa scelta riflette una logica che non sa leggere il territorio”.
Le critiche di Attilio Fontana
Fontana ha espresso la sua delusione riguardo alla distribuzione degli organici, evidenziando come la Lombardia sia una delle regioni più importanti del Paese. “La Lombardia è un motore economico e demografico del Paese”, ha dichiarato, “e una distribuzione così sbilanciata delle risorse non può che penalizzare la sicurezza e il benessere dei cittadini”.
Il governatore ha anche ricordato che la Lombardia è una regione con una densità abitativa elevata e una forte presenza di attività economiche, fattori che richiedono un impegno maggiore in termini di sicurezza. “È necessario che le risorse siano distribuite in modo equo e che tengano conto delle reali esigenze del territorio”, ha aggiunto.
La replica del Viminale
Il sottosegretario all’Interno, Nicola Molteni, ha difeso il piano di potenziamento degli organici predisposto dal Viminale. “In Lombardia ai commissariati e alle questure verranno assegnati oltre 180 agenti in uscita dal 233° corso allievi”, ha sottolineato Molteni. “Poliziotti giovani e formati che andranno a incrementare le attività di controllo del territorio, di contrasto all’immigrazione clandestina e di prevenzione dei fenomeni di allarme sociale come baby gang, maranza, spacciatori e criminalità predatoria”.
Molteni ha ricordato che gli oltre 3.000 agenti in arrivo fanno parte del piano nazionale di rafforzamento delle forze di polizia. “Sono oltre 45.000 le assunzioni effettuate in questi anni e altre 27.000 sono previste nei prossimi due, con un saldo positivo di oltre 6.000 unità rispetto al turn over”, ha affermato. Il sottosegretario ha anche citato gli investimenti destinati alle forze dell’ordine, dall’introduzione del taser e delle body cam ai gilet antitaglio, fino ai rinnovi contrattuali.
“Tutelare il lavoro delle divise significa garantire maggiore sicurezza ai cittadini”, ha concluso Molteni, sottolineando l’impegno del governo sul fronte delle assunzioni e degli investimenti nelle forze di polizia.
Le sfide della sicurezza in Lombardia
La Lombardia è una regione che affronta diverse sfide in termini di sicurezza. Con una popolazione di oltre 10 milioni di abitanti e una forte concentrazione di attività economiche, la regione richiede un impegno costante e una presenza capillare delle forze dell’ordine. La distribuzione degli organici, quindi, è un tema cruciale per garantire la sicurezza e il benessere dei cittadini.
Le critiche di Fontana e la replica del Viminale riflettono una tensione tra le esigenze locali e le scelte nazionali in materia di sicurezza. Mentre il governatore lombardo chiede una distribuzione più equa delle risorse, il ministero dell’Interno sottolinea gli investimenti e le assunzioni effettuate negli ultimi anni. Una discussione che, inevitabilmente, coinvolge anche i cittadini, chiamati a valutare l’efficacia delle politiche di sicurezza adottate."
20260712040000,Tp24,https://tp24.it/2026/07/12/cultura/da-trapani-ad-al-jazeera-francesco-bellina-racconta-il-mediterraneo/236691,,,,,,srclc:ita,"Da Trapani ad Al Jazeera: Francesco Bellina racconta il Mediterraneo
Entrando in un bar di Roccamena, piccolo paese dell'entroterra palermitano, il fotoreporter trapanese Francesco Bellina viene accolto con la diffidenza riservata agli sconosciuti. Il proprietario lo osserva e gli chiede perché lavori con i rifugiati. La risposta non arriva con una spiegazione, ma con una domanda.
""Dove sono i suoi figli?""
""Uno a Milano e l'altro a Londra"".
""E allora perché loro possono emigrare per costruirsi un futuro e chi arriva dall'Africa non dovrebbe poter fare lo stesso?"".
In quella conversazione di pochi secondi c'è tutta la contraddizione dell'Italia contemporanea e di un Paese che continua a perdere giovani verso il Nord Italia e l'estero, ma che fatica ancora ad accettare l'idea che altri giovani possano arrivare qui con lo stesso desiderio: costruire un futuro.
È forse questa la scena più potente di The Great Migration, il documentario di Al Jazeera English dedicato al lavoro del fotografo trapanese.
Una scena che ribalta completamente il punto di vista: le migrazioni non vengono raccontate come un'emergenza confinata alle coste del Mediterraneo, ma come il punto d'incontro fra due crisi che avanzano parallelamente. Da una parte un'Africa giovane, in forte crescita demografica; dall'altra un'Europa sempre più anziana e un'Italia che continua a svuotare i propri paesi.
Roccamena diventa così molto più di un semplice scenario.
Le sue strade silenziose, le case chiuse, gli anziani seduti al bar mentre i figli vivono a Milano, Londra o in altre città europee raccontano una Sicilia che conosce bene il significato della parola emigrazione. Da oltre un secolo questa terra vede partire i propri giovani. Eppure, quando altri giovani arrivano, spesso li osserva con sospetto.
Bellina organizza nel paese un laboratorio fotografico con alcune donne provenienti dall'Africa occidentale ospiti del centro di accoglienza. L'obiettivo non è insegnare la tecnica fotografica, la macchina fotografica diventa uno strumento per costruire relazioni.
""Alla fine la fotografia è solo un mezzo"", dice nel documentario. ""Ciò che conta è costruire qualcosa insieme"".
Le partecipanti percorrono le vie di Roccamena, fotografano le piazze, incontrano gli abitanti, indossano abiti della tradizione siciliana mentre alcune donne del posto sperimentano tessuti africani. La fotografia diventa un linguaggio comune capace di abbattere diffidenze reciproche e restituire a entrambe le comunità un senso di appartenenza.
Come ha fatto anche nel rione popolare di Trapani, col progetto condiviso con Antonio Marras, ""Nonostante Cappuccinelli"".
Sono scene apparentemente semplici, ma racchiudono l'idea stessa di Bellina: l'integrazione non nasce dai proclami politici, ma dalla quotidianità. Da un laboratorio, da una passeggiata insieme, da un ritratto, da un caffè condiviso che diventa opportunità.
Francesco non cerca di convincere nessuno: con le sue foto fa semplicemente emergere una contraddizione che esiste già.
Dal documentario ""The Great migration"" nasce una domanda destinata a diventare sempre più centrale nei prossimi decenni: che cosa accade quando il continente più giovane del mondo incontra quello che invecchia più rapidamente?
C'è un muro nel deserto del Niger su cui qualcuno ha scritto tre parole: ""Europe or Nothing"". Europa o niente.
Non è uno slogan politico, nè una provocazione: piuttosto è la sintesi brutale di una scelta che scelta non è più.
Per migliaia di giovani africani significa che tornare indietro equivale a rinunciare al futuro, mentre andare avanti, invece, significa attraversare il Sahara, affrontare le prigioni libiche, rischiare il Mediterraneo e, forse, arrivare in Europa.
È proprio da questa scritta che dovrebbe cominciare ogni dibattito sulle migrazioni. Non dall'emergenza degli sbarchi o sulle polemiche che da anni dividono la politica europea, piuttosto da come la migrazione rappresenti la conseguenza di processi molto più profondi: l'esplosione demografica africana, il progressivo invecchiamento dell'Europa, lo spopolamento delle aree interne italiane e la ricerca, da parte di milioni di giovani, di un luogo in cui costruire il proprio futuro.
Oggi l'Africa è il continente più giovane del pianeta e, secondo le stime ONU, entro il 2050 supererà i 2,5 miliardi di abitanti. Nello stesso periodo l'Italia continuerà invece a perdere popolazione e ad invecchiare. Non è soltanto un dato statistico: è la cornice dentro cui si muoveranno le migrazioni dei prossimi decenni.
È dentro questo scenario che si muove e lavora Francesco Bellina.
Nato a Trapani, formatosi tra la Sicilia e Palermo e oggi diviso tra l'Italia e il Ghana, Bellina è un fotoreporter, ma affronta ogni progetto con il metodo del giornalista e l'approccio di chi la politica l'ha vissuta sulla propria pelle e ne ha fatto il proprio manifesto culturale.
Da oltre un decennio documenta le rotte che dall'Africa subsahariana conducono verso il Mediterraneo, scegliendo però di raccontare ciò che normalmente resta fuori dall'inquadratura: non il momento dello sbarco, ma tutto ciò che lo precede.
Perché una migrazione non comincia quando un gommone viene soccorso al largo del Canale di Sicilia. Comincia molto prima, quando qualcuno comprende che restare è diventato più pericoloso che partire.
Le fotografie di Francesco, pubblicate da The Guardian, Le Monde, The Washington Post, Internazionale e da altre testate internazionali, non cercano l'immagine destinata a fare il giro del mondo. Cercano il tempo necessario per comprendere e riflettere.
Nei progetti Nigerian Connection, Oriri, Tanakra e Pray for Seamen, Bellina racconta la tratta degli esseri umani, le reti dei trafficanti, il lavoro sul mare, gli effetti della crisi climatica e il Mediterraneo come spazio di relazioni, non come semplice frontiera.
Non fotografa vittime, ma fotografa persone, con le loro storie di povertà, di tratta, di disperazione; e, allo stesso tempo, storie luminose di speranza, riscatto e culture e tradizioni che hanno il colore del deserto ed il sapore delle spezie.
Nel 2019 Francesco si trova ad Agadez, in Niger, uno dei principali snodi della migrazione verso la Libia. Un camion scarica decine di migranti esausti.
Quando il portellone si apre, molti cadono a terra: sono rimasti per giorni senza acqua né cibo. Poco dopo gli operatori dell'Organizzazione Internazionale per le Migrazioni propongono loro il rimpatrio volontario. Tra quei ragazzi ce n'è uno arrivato dalla Liberia: sogna di diventare calciatore in Italia per poter mantenere la sua famiglia.
Sono storie come questa che Bellina decide di seguire.
Quando il racconto si sposta nel Mediterraneo, Bellina evita ancora una volta la retorica. Sale a bordo di una nave umanitaria durante il salvataggio di novantotto persone, tra cui ventidue bambini.
Le immagini non spettacolarizzano il soccorso, ma lo trasformano invece nel punto d'incontro tra due mondi: un continente giovane che continua a crescere e un altro che invecchia rapidamente e fatica a rinnovare la propria forza lavoro.
La Sicilia appare così per ciò che è realmente: non il punto di arrivo, ma una terra di mezzo.
La maggior parte di chi sbarca desidera raggiungere il Nord Italia o altri Paesi europei. L'isola rappresenta la prima porta d'ingresso in Europa, ma anche il luogo in cui diventano visibili tutte le contraddizioni del Mediterraneo.
Francesco Bellina rifiuta accuratamente ogni semplificazione: non sostiene che l'immigrazione sia la soluzione automatica al declino demografico europeo, così come non accetta di ridurla a un'emergenza permanente.
""C'è chi pensa che i migranti siano soltanto un problema e chi li considera la soluzione di tutti i problemi"", osserva Bellina nel finale. ""Io credo che serva equilibrio. Dobbiamo guardare all'individuo.""
È probabilmente la frase che racchiude il senso del suo intero lavoro: uscire dalla logica delle contrapposizioni e tornare a vedere le persone prima delle categorie.
I giovani africani avranno un ruolo sempre più importante non solo nel mercato del lavoro europeo, ma nell'economia globale. La domanda, dunque, non è se le migrazioni continueranno. La domanda è come l'Europa saprà governare una trasformazione demografica che è già iniziata.
Per questo The Great Migration non è un documentario sulle migrazioni, ma sull'Europa. Sulle sue paure e sulle sue contraddizioni espresse dalle fotografie di Bellina, che non chiedono di scegliere da che parte stare, chiedono qualcosa di più difficile, comprendere.
Ricordano che dietro ogni statistica c'è una storia, dietro ogni sbarco c'è un deserto attraversato, dietro ogni volto c'è una famiglia lasciata alle spalle. E dietro ogni piccolo paese siciliano che si svuota c'è una domanda che riguarda tutti noi.
Forse il Mediterraneo non è il luogo dove l'Europa finisce, piuttosto il luogo dove il suo futuro ha già cominciato a prendere forma.
Valentina Colli
""Letture sotto l'ombrellone"", in spiaggia a Marsala un'estate di libri e tramonti
Marsala si prepara a un'estate all'insegna della lettura con ""Letture sotto l'ombrellone"", il nuovo progetto di lettura estiva ideato dagli studenti del Liceo Statale ""Pascasino – Giovanni XXIII"" con la...
Nasce ""Figli di Montevago in Divisa"", comunità per raccontare chi ha servito lo Stato
È nata ""Figli di Montevago in Divisa – Ieri e Oggi Valle del Belice"", una nuova pagina Facebook dedicata a raccogliere storie, fotografie e testimonianze di uomini e donne che, nel corso degli anni, hanno indossato una divisa..."
20260712030002,Ilgiornale Il,https://www.ilgiornale.it/news/i-trentenni-milanesi-desiderano-due-figli-non-possono-2692351.html,,,,,,srclc:ita,"Un'ampia ricerca pubblicata in vista della Giornata mondiale della popolazione (11 luglio) su 73 Paesi, condotta da vari enti di ricerca, fra i quali la Bocconi, ha messo in luce un'emergenza condivisa: il nido che non c'è. Non solo a Milano i giovani faticano a trovare casa ma in tutto il mondo. I trentenni non trovano un'abitazione, faticano a inserirsi stabilmente nel mondo del lavoro e non hanno le condizioni economiche per formare una famiglia. Per l'ultima indagine Unfpa, Fondo Nazioni Unite per la popolazione, intitolato ""Realizzare le speranze e le aspirazioni dei giovani"" sono stati interpellate 108mila persone dai 18 ai 39 anni. E il dato che emerge, ""con tutte le differenze culturali e di genere è una vera emergenza mondiale che affligge questa fascia di età - ha spiegato Letizia Mencarini, full professor of Demography all'Università Bocconi - Se guardiamo agli intervistati italiani di 38 anni restiamo colpiti da un dato: avrebbero desiderato quasi due figli a testa e non ne hanno fatto neanche uno"". Mencarini fa notare che la poderosa ricerca sfata la narrazione corrente, ""non è affatto vero che questi ragazzi sono contrari a formare una famiglia e a fare figli, non compiono il fatidico passo perchè non se lo possono permettere. E poichè si tratta di una generazione nata negli anni Novanta, meno numerosa rispetto alle precedenti, le loro scelte (la loro impossibilità di scegliere, ndr) influirà sul calo demografico previsto nei prossimi anni"".
Nel mondo siamo 8,3 miliardi e la popolazione cresce di 75 milioni annui per la fecondità delle donne della fascia subsahariana, che hanno in media 5,6 figli a testa. ""La popolazione globale sarà in ascesa ancora per qualche anno, si pensa che raggiunga i 9 miliardi nel 2050 e che poi si stabilizzi - ha stimato Mencarini - Ma questa crescita nasconde che la maggior parte dei Paesi cosiddetti ricchi, in tutta Europa, negli Usa, in Cina, Corea e ora anche in Thailandia e in America Latina, è sotto i livelli di rimpiazzo stabilito con un numero di 2 figli a testa (ossia, la situazione per la quale la generazione dei figli sostituisce quella dei genitori)"". La provincia più feconda in Italia è quella di Bolzano, 1,55 figli per donna, quella di Milano è di 1,16 (il dato comprende l'apporto degli immigrati residenti), la Sardegna è l'unica regione che non raggiunge l'1: 0,9. La Lombardia e Milano sono vittime di un'altro inganno, crescono demograficamente perchè richiamano flussi (immigrazione interna e straniera), sono attrattive per la possibilità di trovare lavoro, ma il capoluogo perde interesse quando poi si pensa a sistemarsi. ""La ricerca mostra proprio che occorre una politica nuova, particolare attenzione verso questa fascia di età diventata merce rara - ha aggiunto la professoressa - I giovani andrebbero aiutati nelle loro tappe, le pre-condizioni sono come anelli concatenati, - lavoro, casa, figlio - se ne cade uno, non si verificano gli altri. Questa è la grande malattia di Milano.
Le politiche di sostegno alle famiglie non hanno aiutato a formare nuovi nuclei"".La Lombardia ha anche il primato delle mamme più anziane. Il primo figlio a 32,8 anni (la media considera anche le immigrate) e cresce ogni anno, ""vuol dire che aumenta la tendenza al rinvio""."
20260712012733,San Marino,https://www.sanmarinortv.sm/news/comunicati-c9/commissione-speciale-sull-andamento-demografico-parte-l-indagine-sociologica-sul-futuro-demografico-della-repubblica-a293146,,,,,,srclc:ita,"La denatalià ha assunto un rilievo sociale che va codificato con strumenti nuovi. Presso la Parva Domus, le Segreterie di Stato per gli Affari Interni e per la..."
20260712010000,La Stampa,https://www.lastampa.it/economia/2026/07/12/news/carlo_sangalli_piemonte_cresce_sud_arranca_lombardia_locomotiva-15687595/,,,,,,srclc:ita,"Articolo Free
Passa a premiumL’intervista
Carlo Sangalli: “Il Piemonte cresce poco e il Sud arranca. La Lombardia è l’unica locomotiva”
Il presidente di Confcommercio: preoccupato da un’Italia a più velocità, i divari si allargano
Articolo Free
Passa a premiumL’intervista
Il presidente di Confcommercio: preoccupato da un’Italia a più velocità, i divari si allargano"
20260711230000,La Nazione,https://www.lanazione.it/siena/cronaca/la-valdichiana-paese-per-vecchi-i-nuovi-residenti-sono-stranieri-tci6wfwq,,,,,,srclc:ita,"Sinalunga, 12 luglio 2026 – L’Italia continua a perdere abitanti. Nel bilancio demografico mensile pubblicato dall’Istat, riferito ad aprile 2026, la popolazione residente in Italia, secondo i primi dati provvisori, ammonta a 58.937.927 persone, tanto che, rispetto all’inizio dell’anno, ci sono circa 5.000 abitanti in meno.
La situazione in Valdichiana senese
La situazione nei comuni della Valdichiana senese, secondo una ricerca (dati provvisori) che abbiamo fatto su demo.istat.it, mostra alcune evidenze: i decessi, purtroppo, sono molto di più delle nascite e, a mantenere “a galla” i numeri dei residenti, è il movimento migratorio in entrata. Alcuni comuni dell’area, i più grandi dopo Montepulciano, a fine aprile 2026, rispetto ad inizio gennaio, mostrano una popolazione leggermente più ampia: Sinalunga (12.115, +22 residenti), Chiusi (8.063, +11), Chianciano Terme (7.150, +7), Torrita di Siena (6.954, +12).
E questo grazie agli ingressi dall’estero (per alcuni centri, in misura minore, ad incidere sull’aumento dei residenti è anche il saldo migratorio interno) che hanno compensato, in misura diversa da paese a paese, il divario esistente tra nascite e decessi. In Valdichiana, infatti, le nascite procedono al rilento. Trequanda, da gennaio ad aprile, non ha registrato nuovi nati e nel 2025 ci fu soltanto una nascita. Nel 2026, sempre nel primo quadrimestre, in provincia di Siena non ci sono nati nemmeno a Radicofani e Radicondoli. Tornando alla Valdichiana senese, Cetona ha avuto solo 2 nascite in quattro mesi, Pienza 3 e San Casciano dei Bagni 4. Montepulciano, che ha visto crescere negli ultimi anni il turismo in maniera importante, continua a perdere residenti: nel 2026 è scesa sotto i 13.000 abitanti (12.986 a fine aprile 2026, -31 su inizio gennaio). Nel 2019, ad inizio gennaio, la popolazione era di 13.763 persone. Sinalunga, negli anni, ha perso meno di Montepulciano.
Nascite e decessi: un saldo sbilanciato
Nel 2025 ha aumentato sensibilmente il numero dei suoi abitanti, trend confermato anche nei primi quattro mesi del 2026 (12.115 persone ad aprile 2026 rispetto alle 12.093 di inizio gennaio), grazie, soprattutto, al numero di persone arrivate dall’estero. Il rapporto, sbilanciato, tra numero delle nascite e dei decessi, interessa comunque anche i comuni più popolosi: a Montepulciano, nei primi quattro mesi del 2026, ci sono state 15 nascite e 66 decessi, a Sinalunga 23 e 62 per un saldo naturale che va in negativo. Il saldo migratorio (la differenza tra il numero degli immigrati dall’estero e il numero degli emigrati per l’estero) ha invece segnato +25 per Montepulciano e +58 per Sinalunga. Ci sono meno nascite in Valdichiana e quindi di conseguenza la popolazione invecchia: un segnale che richiede “ascolto” anche a livello di scelte politiche da prendere per il territorio.
Luca Stefanucci"
20260711184841,Il Giorno,https://www.ilgiorno.it/politica/fontana-viminale-agenti-fpfban6h,,,,,,srclc:ita,"Il governatore Attilio Fontana contro il Viminale e, dunque, il ministro Piantedosi. Il tema del contendere è la distribuzione dei nuovi organici di polizia sul territorio nazionale e la quota “penalizzante” per la Lombardia, dove arriveranno 180 agenti sui tremila totali, solo il 6% nonostante nella regione, dove si produce il 23% del Pil, viva il 17% della popolazione italiana. ""Non si può fare finta di nulla di fronte a questa sottovalutazione. Questa scelta - ha aggiunto - riflette una logica che non sa leggere il territorio"".
Lo stupore di Fontana
""In termini generali non può che essere visto positivamente il piano di rafforzamento degli organici sui territori annunciato dal Viminale. È il segno di un impegno che condivido – ha premesso Fontana – ma è del tutto chiaro che i dati indicano un'evidente sproporzione fra i territori"".
I numeri a confronto
""Se analizzati attraverso la lente del peso demografico ed economico della Lombardia: con oltre 10 milioni di abitanti, la Lombardia rappresenta circa il 17% della popolazione italiana. Ricevere 180 agenti su 3.000 totali equivale ad appena il 6% della quota distributiva, una percentuale nettamente inferiore alla sua impronta demografica. Vi è poi anche un divario economico: la Lombardia produce circa il 23% del PIL nazionale ed ospita una densità di imprese unica in Italia. La ricchezza prodotta e la concentrazione di asset economici - ha osservato – generano di per sé un volume di transazioni, mobilità e rischi che richiederebbero un presidio proporzionale"". ""Non conosco le logiche ministeriali che sottendono a questa decisione che, certo, risponderanno a motivazioni tecniche, ma non si può fare finta di nulla di fronte a questa sottovalutazione. Politicamente - ha sottolineato Fontana - è un segno ulteriore di sottovalutazione delle necessità del Nord produttivo, della Lombardia, di Milano: l'assegnazione del 6% dei nuovi agenti a una regione che rappresenta il 17% della popolazione e il 23% del PIL appare penalizzante e rischia di non rispondere alle crescenti richieste di sicurezza di un territorio così nevralgico per il Paese"".
L’annuncio di Molteni da Roma
""Si rafforzano e incrementano gli organici di questure e commissariati di polizia in tutta Italia grazie alle oltre 3000 assunzioni di poliziotti che ad agosto entreranno in servizio, secondo quanto stabilito dal piano nazionale di potenziamento, fortemente voluto dal Viminale e dal Governo. In Lombardia ai commissariati di polizia e alle questure verranno assegnati oltre 180 agenti in uscita dal 233º corso allievi. Poliziotti giovani, formati, che andranno a incrementare le attività di controllo del territorio, di contrasto all'immigrazione clandestina e di prevenzione dei fenomeni di allarme sociale come baby gang, maranza, spacciatori e criminalità predatoria"". A dichiararlo, in una nota, era stato Nicola Molteni, sottosegretario al ministero dell'Interno."
20260711170000,La Sicilia,https://www.lasicilia.it/news/cronaca/3057082/primo-weekend-da-bollino-rosso.html,,,,,,srclc:ita,"Viabilità
Primo weekend da bollino rosso
Giarre: lunghe code da Trepunti a viale Sturzo per l'assalto dei pendolari diretti a Riposto e Fondachello. Tra semafori non sincronizzati e sosta selvaggia, pesa la carenza di vigili urbani
Primo fine settimana da “bollino rosso” per via dell’assalto di vacanzieri e pendolari del mare diretti a Riposto e Fondachello. Si riaccendono i riflettori sulle criticità del traffico veicolare, acuite da una vistosa assenza di controlli e dall’imperante fenomeno del parcheggio selvaggio lungo gli assi di riferimento a Giarre con particolari rallentamenti a Trepunti in prossimità della barriera autostradale di via Luminaria.
La situazione più critica si registra lungo il viale Sturzo. Lunghe code chilometriche già ieri mattina nelle ore centrali sulla Statale, nel tratto compreso tra l’abitato di Trepunti e il crocevia di via Settembrini. Disagi e rallentamenti che puntualmente trovano origine già nella rotatoria di Trepunti dove si concentrano i flussi veicolari provenienti anche dai Comuni viciniori.
L’ingresso nord di Santa Maria la Strada, è tra i nodi viari più critici a causa dei flussi che riversano su via Finocchiaro Aprile e corso Messina, dove peraltro si registra una vistosa carenza di segnali. A complicare un quadro già compromesso c’è anche l’inadeguata sincronizzazione dei semafori tra corso Italia e via Duomo e che, purtroppo, a giudicare dalle file, agisce come un gigantesco imbuto, invece di fluidificare la circolazione. Nel tratto tra corso Messina e il piazzale del mercato ortofrutticolo, invece, i rallentamenti sono sistematici già dalle prime ore del mattino.
La situazione tocca il picco di massima allerta in due momenti precisi: alle 11 e alle 17, nell’ora di rientro, quando l'arteria che attraversa l’abitato di Santa Maria la Strada si trasforma nel corridoio di passaggio per il traffico diretto verso il litorale jonico.
Sullo sfondo di uno scenario da bollino rosso emerge la vistosa carenza nella gestione e nel controllo del territorio. Il vero nodo della questione resta l'esiguo organico della polizia locale. A Fondachello, sul lungomare di Fondachello di Mascali, a partire da oggi e nelle domeniche di luglio e agosto con orario 9.30-12.30, entra nel vivo il progetto “Info Point Estivo Fondachello – Servizi di Utilità Pubblica, Sicurezza e Campagna Ecologica”, promosso dal Nucleo Operativo Emergenza Sicilia, in sinergia con l’amministrazione comunale. L’iniziativa nasce per rispondere al considerevole incremento demografico stagionale, che interessa la frazione marinara mascalese durante i mesi estivi, allo scopo di garantire assistenza e sicurezza ai villeggianti."
20260711164654,Insideover,https://it.insideover.com/migrazioni/new-york-little-italy-e-la-mappa-della-discordia-se-per-raccontare-il-presente-la-metropoli-cancella-il-passato.html,,,,,,srclc:ita,"Le mappe servono a orientarsi, ma raccontano anche una storia. Decidere quali quartieri inserire, quali comunità rappresentare e quali nomi valorizzare significa inevitabilmente scegliere quale immagine della città consegnare ai cittadini e al mondo. È per questo che la pubblicazione della nuova mappa ufficiale delle New York City Immigrant Enclaves da parte dell’Office of Immigrant Affairs dell’amministrazione comunale ha innescato una polemica destinata a superare rapidamente i confini di Manhattan.
Tra le trenta enclave etniche indicate figurano Chinatown, Koreatown, Little Bangladesh, Little Yemen, Little Guyana, Little Senegal, Little Ukraine e numerosi altri quartieri simbolo delle migrazioni contemporanee. A mancare, però, è uno dei nomi più iconici della storia dell’immigrazione americana: Little Italy. Sacrilegio.
L’assenza ha provocato la reazione della Italian American Civil Rights League (IACRL), che ha accusato il sindaco Zohran Mamdani di voler “cancellare” gli italoamericani dalla memoria della città, oltre che invocare la lotta contro i comunisti che attenterebbero all’italica memoria. Nel giro di poche ore la vicenda è diventata un nuovo capitolo delle guerre culturali americane, dove perfino una cartina geografica può trasformarsi in terreno di scontro identitario.
La mappa della discordia e la risposta del sindaco
La nuova cartografia dell’Office of Immigrant Affairs nasce con l’obiettivo dichiarato di individuare le principali enclave delle comunità immigrate presenti oggi a New York. Non si tratta di una mappa storica, bensì di uno strumento pensato per rappresentare i quartieri che conservano una forte identità etnica contemporanea e che costituiscono punti di riferimento per residenti, associazioni e servizi pubblici. L’assenza di Little Italy è stata interpretata da molti esponenti della comunità italiana come una rimozione simbolica. La polemica si è ulteriormente intensificata quando la IACRL ha collegato l’episodio al precedente rifiuto, da parte dell’amministrazione comunale, di autorizzare l’edizione 2026 dell’Unity Day, sostenendo l’esistenza di un atteggiamento ostile nei confronti degli italoamericani.
Travolto dalle critiche, Mamdani ha respinto le accuse. Il sindaco ha spiegato che la mappa non era mai stata concepita come un elenco definitivo o esaustivo delle comunità etniche di New York e ha annunciato che Little Italy sarà inserita nei prossimi aggiornamenti. Mamdani ha inoltre ricordato che il progetto trae origine da un’iniziativa sviluppata durante la precedente amministrazione guidata da Eric Adams, pur riconoscendo la necessità di correggere alcune omissioni emerse dopo la pubblicazione. La precisazione non è bastata a spegnere la polemica, ormai diventata il simbolo di un confronto molto più ampio sul rapporto tra memoria storica e trasformazioni demografiche.
Non solo la IACRL: anche le istituzioni italoamericane chiedono una revisione
A differenza di quanto potrebbe apparire osservando il dibattito sui social, la contestazione non riguarda soltanto la Italian American Civil Rights League. Diversi membri dell’Italian Caucus del Consiglio comunale di New York hanno criticato apertamente la scelta dell’amministrazione, definendo la mappa “incompleta nel migliore dei casi e offensiva nel peggiore”. Gli esponenti del caucus hanno chiesto un confronto con storici, urbanisti e rappresentanti della comunità italiana affinché Little Italy venga riconosciuta come parte integrante della storia migratoria della città.
È una presa di posizione significativa perché sposta il dibattito dal terreno dello scontro politico a quello della rappresentazione istituzionale della memoria collettiva. Per molti italoamericani Little Italy non è semplicemente un quartiere turistico costellato di ristoranti e souvenir. È il luogo in cui, tra la fine dell’Ottocento e la prima metà del Novecento, decine di migliaia di immigrati italiani arrivati soprattutto dal Mezzogiorno costruirono reti familiari, imprese, associazioni mutualistiche, chiese cattoliche e attività commerciali che contribuirono in maniera determinante allo sviluppo economico e sociale della città.
Ancora oggi eventi come la Festa di San Gennaro rappresentano una delle manifestazioni popolari più conosciute di New York e continuano ad attirare milioni di visitatori ogni anno, mantenendo vivo un patrimonio culturale che va ben oltre la dimensione turistica.
La lunga ombra della Italian American Civil Rights League
La vicenda ha riportato sotto i riflettori anche la storia della Italian American Civil Rights League, un’organizzazione che continua a suscitare interpretazioni contrastanti. La lega nacque ufficialmente nell’aprile del 1970 per iniziativa di Joseph Colombo, boss dell’omonima famiglia mafiosa di New York. L’obiettivo dichiarato era combattere gli stereotipi che identificavano automaticamente gli italoamericani con la criminalità organizzata e difendere la dignità della comunità italiana negli Stati Uniti.
Molti studiosi della mafia americana, insieme a numerose ricostruzioni giornalistiche e giudiziarie, hanno però evidenziato come l’organizzazione fosse strettamente legata agli interessi della famiglia Colombo. La Lega finì così per svolgere anche una funzione di legittimazione pubblica del boss, organizzando grandi manifestazioni e contestando la rappresentazione della mafia nella stampa, nel cinema e nella televisione.
Dopo il declino seguito all’attentato contro Colombo nel 1971, la lega originaria cessò progressivamente la propria attività. L’organizzazione che oggi utilizza il nome Italian American Civil Rights League è distinta da quella storica, pur richiamandone simboli e finalità di tutela della comunità italoamericana. Questo elemento è essenziale per comprendere il contesto: le rivendicazioni odierne non possono essere automaticamente sovrapposte alla storia della lega fondata negli anni Settanta, ma il passato dell’organizzazione continua inevitabilmente a influenzarne la percezione pubblica.
Little Italy è scomparsa oppure è diventata patrimonio della memoria?
La domanda che attraversa tutta la polemica è in realtà di natura storica prima ancora che politica. Little Italy esiste ancora come enclave immigrata? Dal punto di vista demografico la risposta è complessa.
A partire dagli anni Settanta gran parte della popolazione italoamericana ha progressivamente lasciato Manhattan per trasferirsi a Brooklyn, Staten Island, Queens e nei sobborghi dell’area metropolitana. Parallelamente, Chinatown si è estesa verso Nord e verso Ovest, inglobando progressivamente gran parte dell’antico quartiere italiano.
Oggi la popolazione residente di origine italiana è molto inferiore rispetto al passato e Little Italy svolge soprattutto una funzione culturale, commerciale e memoriale. Restano Mulberry Street, la Festa di San Gennaro, il Museo Italoamericano, alcune attività storiche e una forte valenza simbolica, ma il quartiere non rappresenta più una delle principali concentrazioni residenziali di immigrati italiani.
È proprio questa trasformazione a rendere il dibattito così delicato. Se la mappa comunale intende fotografare esclusivamente la realtà demografica contemporanea, l’esclusione di Little Italy può essere interpretata come coerente con l’evoluzione urbana degli ultimi decenni. Se invece l’obiettivo è raccontare la storia delle migrazioni che hanno costruito New York, allora l’assenza assume inevitabilmente un valore simbolico che molti considerano difficile da giustificare.
Quando la memoria diventa terreno della “culture war” americana
La polemica su Little Italy arriva in un momento in cui negli Stati Uniti la memoria pubblica è diventata uno dei principali campi di battaglia politica. Negli ultimi anni statue confederate, nomi di scuole, programmi scolastici, musei, monumenti e perfino la toponomastica urbana sono stati oggetto di accesi confronti tra chi sostiene la necessità di aggiornare il racconto nazionale e chi teme una progressiva cancellazione del passato.
Anche la vicenda della mappa delle Immigrant Enclaves si inserisce in questa dinamica. Da una parte vi è l’idea che le istituzioni debbano rappresentare la composizione multiculturale della New York di oggi, dando maggiore visibilità alle comunità immigrate più recenti. Dall’altra emerge la convinzione che la storia della città non possa essere raccontata senza riconoscere il ruolo svolto dalle grandi migrazioni europee che tra Otto e Novecento hanno trasformato New York nella metropoli moderna.
La scelta di inserire o meno Little Italy in una mappa ufficiale diventa così molto più di una questione cartografica. Diventa una riflessione su chi abbia il potere di definire la memoria collettiva e su quali comunità meritino di essere ricordate nello spazio pubblico.
Per questo motivo la vicenda difficilmente si chiuderà con un semplice aggiornamento grafico della mappa. La discussione aperta in questi giorni mostra come, nell’America del XXI secolo, anche un quartiere possa trasformarsi nel simbolo di una più ampia competizione tra identità, storia e rappresentazione politica. In fondo, il vero oggetto del contendere non è soltanto Little Italy, ma il modo in cui New York sceglie di raccontare sé stessa: come città delle nuove immigrazioni o come mosaico capace di tenere insieme passato e presente, senza che l’uno cancelli l’altro.
Abbonati e diventa uno di noi
Se l'articolo che hai appena letto ti è piaciuto, domandati: se non l'avessi letto qui, avrei potuto leggerlo altrove? Se pensi che valga la pena di incoraggiarci e sostenerci, fallo ora."
20260711143500,Milano Finanza,https://www.milanofinanza.it/news/cosi-abbiamo-messo-le-pensioni-in-sicurezza-parla-il-direttore-generale-dell-inps-valeria-202607101921211841,,,,,,srclc:ita,"Il rapporto annuale dell’Inps ha celebrato quest’anno un quarto di secolo. Un’analisi che ha raccontato negli anni l’evoluzione dei fenomeni economici e sociali dell’Italia, interpretandone le trasformazioni attraverso le informazioni e i dati custoditi negli archivi dell’Istituto. Il primo dato positivo che balza agli occhi quest’anno è che l’occupazione ha raggiunto nuovi massimi storici: oltre 24 milioni in termini assoluti con un tasso percentuale del 63%. Ma ce n’è subito un altro che frena gli entusiasmi: l’Italia è tra i Paesi europei caratterizzati dal più elevato grado di invecchiamento demografico e i lavoratori hanno già iniziato a rinviare la pensione (da 64,5 anni nel 2024 a 64,7 anni l’anno scorso) perché il sistema contributivo li spinge a restare per aumentare l’assegno. Quanto è sostenibile nel lungo periodo il sistema previdenziale e che impatto avrà l’uso sempre più diffuso dell’intelligenza artificiale su lavoro e pensioni? A rispondere è il direttore generale dell’Inps, Valeria Vittimberga.
Risposta. Che il Paese ha cambiato passo a partire dal 2023, in coerenza con l’impostazione delle politiche del governo: sostenere l’occupazione regolare e stabile, ampliare la partecipazione al lavoro e consolidare la base finanziaria del sistema previdenziale. Nel 2025 i contribuenti all’Inps hanno raggiunto 27,2 milioni, circa 244 mila in più in un anno e 1,7 milioni in più rispetto al 2019, con una crescita particolarmente significativa tra under 34 (+12,4%), donne (+7,8%) e lavoratori extra Ue (+35,5%). I dipendenti sono saliti da 21,79 a 22,45 milioni. I contributi sociali hanno toccato 273,3 miliardi di euro, oltre 10 miliardi in più sull’anno precedente. Rispetto al febbraio 2022, punto più critico post-pandema, si contano oggi 1,66 milioni di dipendenti a tempo indeterminato in più, un effetto diretto delle scelte che negli ultimi anni hanno premiato la stabilizzazione del lavoro.
R. Vanno sottolineati alcuni elementi: come già detto tra il 2019 e il 2025 le donne assicurate all’Inps sono cresciute del 7,8%; la partecipazione delle donne con figli al mercato del lavoro continua comunque a essere condizionata dalla disponibilità e dalla continuità dei servizi di conciliazione. Il Bonus Asilo Nido è istruttivo: il tasso di utilizzo è passato dal 4% del 2017 a oltre il 35% nel 2025 e, per le beneficiarie effettive, si stima un aumento di circa 6 punti percentuali della probabilità di occupazione. Un bonus è efficace quando è stabile, prevedibile e collegato a un’offerta adeguata di servizi. In questa direzione va la scelta del ministero del Lavoro: dal 2026, per volontà del ministro Calderone, la domanda accolta produce effetti negli anni successivi, previa verifica dei requisiti, superando la logica della domanda annuale e rafforzando la capacità delle famiglie di programmare le proprie scelte. Nel 2025 il take-up (il tiraggio, ndr) è di circa il 31% tra le famiglie con Isee inferiore a 25 mila euro e raggiunge il 55% tra 25 e 40 mila, con Sud e Isole fermi al 29% contro il 43% del Centro. Il passo ulteriore, su cui l’Inps è al lavoro con il ministero, è usare i dati dell’Istituto per comunicazioni proattive agli aventi diritto.
R. L’Assegno Unico Universale è un pilastro delle politiche familiari: nel 2025 ha raggiunto circa 6 milioni di nuclei con un tasso di copertura del 94,9%. La conclusione dell’analisi è molto più circoscritta, riguardando un campione selezionato di madri dipendenti con specifiche caratteristiche. Nel confronto tra terzo e secondo quintile Isee emerge una riduzione di 1,15 punti percentuali della probabilità di lavorare, pari a circa il 2% rispetto al tasso iniziale; negli altri confronti gli effetti sono assenti o non significativi. Generalizzare questa evidenza all’intera platea femminile oltrepassa il perimetro della metodologia. Il Bonus Asilo Nido mostra invece per le beneficiarie effettive un aumento di circa 6% della probabilità di occupazione: il sostegno al reddito sostiene la genitorialità, mentre i servizi per l’infanzia rafforzano la partecipazione femminile.
R. Sta cambiando la composizione del lavoro autonomo. Tra il 2022 e il 2025 gli occupati indipendenti Istat sono aumentati del 4% circa, ma si riducono artigiani, commercianti e coltivatori diretti, mentre crescono collaboratori e professionisti della Gestione Separata: un’evoluzione sempre più orientata verso attività professionali e digitali, che richiede tutele adeguate contro redditi variabili e discontinuità contributiva.
R. Il dato dei 27,2 milioni di assicurati conferma un cambio di passo nella qualità del lavoro creato dalle politiche degli ultimi anni: rispetto al picco del precariato di febbraio 2022, oggi contiamo 1,66 milioni di dipendenti permanenti in più e la quota di temporanei sul totale è scesa dal 17 al 13% circa. Restano fragilità, soprattutto nel Mezzogiorno e tra i giovani, ma è proprio su queste aree che si concentra ora l’azione del governo. Tra il 2019 e il 2025 la retribuzione lorda mediana è aumentata del 10,8% e quella netta del 19,2, quasi il doppio: il rapporto stima che quasi la metà di questa crescita è attribuibile direttamente agli interventi fiscali succedutisi nel periodo, una misura dell’efficacia concreta delle scelte dell’esecutivo sul reddito disponibile delle famiglie.
R. La base finanziaria è oggi robusta: nel 2025 i contributi sociali hanno raggiunto come detto 273,3 miliardi. I pensionati sono circa 16,4 milioni e il reddito pensionistico lordo erogato è salito da 347 a 371 miliardi tra 2023 e 2025. La solidità corrente va però accompagnata da una lettura prudente del lungo periodo: nel 2025 il reddito pensionistico medio degli uomini supera del 34% quello delle donne, e con il sistema contributivo le interruzioni di carriera si riflettono più direttamente sull’assegno futuro. La risposta deve iniziare molto prima del pensionamento: proiezioni personalizzate comprensibili, evidenza tempestiva dei periodi scoperti, simulazioni dell’effetto delle diverse scelte lavorative e un’educazione previdenziale che raggiunga scuole, università e luoghi di lavoro. La previdenza complementare, avviata fin dai primi anni di attività, può rafforzare il reddito pensionistico grazie al tempo di accumulo. La sua efficacia cresce insieme alla regolarità del lavoro, all’adeguatezza delle retribuzioni e alla continuità dei versamenti.
R. Sono due facce della stessa transizione. L’invecchiamento della popolazione impone all’Istituto di anticipare i bisogni, ed è possibile solo con un’infrastruttura digitale capace di aggregare informazioni oggi disperse tra amministrazioni diverse. Il Portale Inps per i Giovani ha registrato 3 milioni di visite nel 2025, con un tasso di conversione del 20%; il Portale della Famiglia e della Genitorialità, che riunisce oltre 40 prestazioni Inps e circa 300 servizi di altre pubbliche amministrazioni, ha superato 332 mila accessi a marzo 2026. La trasformazione digitale produce valore pubblico quando riduce il mancato accesso ai diritti.
R. Il rapporto non offre ancora una misurazione causale dell’impatto dell’AI sull’occupazione. Il patrimonio informativo dell’Istituto può però diventare decisivo per un’osservazione longitudinale che colleghi l’esposizione dei settori alle nuove tecnologie con transizioni professionali, retribuzioni e ricollocazione. La priorità è una metodologia trasparente e indicatori periodici pubblici.
R. Il rapporto censisce 59 sistemi di AI già sviluppati o in uso. Tra gennaio e settembre 2025 il sistema di analisi delle motivazioni di contatto ha gestito 3,4 milioni di richieste, analizzandone automaticamente il 97,1%. L’AI può ridurre le attività ripetitive e migliorare la comprensibilità dei servizi. La sua efficacia va però misurata anche sugli esiti per i cittadini: per i sistemi che incidono sui diritti servono revisione umana, tracciabilità, protezione dei dati e una chiara possibilità di tutela.(riproduzione riservata)"
20260711131616,Telefriuli,https://www.telefriuli.it/cronaca/tricesimo-proseguono-i-lavori-alla-casa-di-riposo/,,,,,,srclc:ita,"Un adeguamento degli spazi, un adattamento delle camere, la messa in sicurezza e l’efficientamento energetico. Proseguono i lavori nella casa di riposo di Tricesimo, cantiere per il quale sono stati investiti sei milioni di euro. L’assessore alla Salute Riccardo Riccardi ha effettuato un sopralluogo per fare il punto della situazione dopo che nel 2020 il Comune ha deciso di avviare un intervento di ristrutturazione mantenendo de facto solo la struttura portante dell’edificio.
«La Regione – ha sottolineato Riccardi – ha messo in campo un importante stanziamento economico per quest’opera, finalizzata al rinnovo di una struttura essenziale per il territorio a fronte dell’attuale andamento demografico e della necessità di fornire risposte concrete alla domanda di assistenza per gli anziani».
L’edificio risaliva al post terremoto e il cantiere ha portato ad un consolidamento antisismico e l’installazione di un impianto fotovoltaico ad accumulo. Le camere sono state trasformate in doppie, rispetto alle triple iniziali, e una decina anche singole. La cappella votiva e la palestra riabilitativa sono al piano seminterrato mentre il piano terra è destinato all’accoglienza, alla socializzazione e ai servizi di cucina e mensa."
20260711114700,Lettera43,https://www.lettera43.it/costo-infertilita-investimenti-ritorni-solito-ritardo-italiano/,,,,,,srclc:ita,"Per anni la procreazione medicalmente assistita (Pma) è stata raccontata come una questione etica, sanitaria o individuale. Meno si è parlato del suo impatto economico. Eppure, l’infertilità ha un costo che va ben oltre quello sostenuto dalle persone: pesa sul Servizio sanitario nazionale, alimenta la mobilità sanitaria e il turismo procreativo, si intreccia con il calo delle nascite e, in ultima analisi, con la sostenibilità economica del Paese.
L’infertilità riguarda circa una persona su sei nel mondo
Secondo il registro nazionale della Pma dell’Istituto superiore di sanità, nel 2023 sono state trattate in Italia 89.870 coppie e, grazie alla procreazione medicalmente assistita, sono nati 17.235 bambini, pari al 4,5 per cento delle nascite. Numeri in crescita, mentre quello totale dei nuovi nati continua a diminuire. E non si tratta di un tema solo italiano: l’Organizzazione mondiale della sanità (Oms) stima che l’infertilità riguardi circa una persona su sei nel mondo, rendendola una questione di salute pubblica prima ancora che un problema individuale.
Il conto pagato dalle coppie, con forti differenze territoriali
Per chi affronta un percorso di Pma il costo è in larga parte privato. Prima dell’ingresso della fecondazione assistita nei Livelli essenziali di assistenza (Lea), molte coppie sostenevano integralmente le spese, spesso ricorrendo al settore privato o spostandosi in altre regioni o all’estero. Anche oggi, però, nonostante l’inserimento nei Lea rappresenti una svolta importante, rimangono forti differenze territoriali: in diverse aree del Paese i centri pubblici sono ancora insufficienti, le liste d’attesa lunghe e la mobilità sanitaria resta elevata.
Il costo di un percorso non si limita alla procedura medica: farmaci, viaggi, trasferte (anche all’estero) possono trasformare il desiderio di avere un figlio in un investimento da migliaia o decine di migliaia di euro. A queste cifre si aggiungono quelle più difficili da quantificare: il tempo sottratto al lavoro, gli spostamenti continui verso i centri specializzati e, non di rado, la necessità di rinviare o modificare progetti di vita e professionali.
Quanto costa allo Stato? Cosa dice lo studio italiano
Se il costo per le coppie è evidente, meno intuitivo è quello sostenuto dal sistema pubblico. Negli ultimi anni il dibattito si è concentrato soprattutto su quanto costi finanziare la Pma, più raramente ci si è chiesti quanto costi, invece, non finanziarla. In questo cambio di prospettiva si inserisce uno studio italiano pubblicato nel 2025 sulla rivista Health Economics Review, che, per la prima volta, prova a misurare non soltanto la spesa sostenuta dal Servizio sanitario nazionale, ma anche il vantaggio economico che le nascite ottenute grazie alla Pma possono generare nel lungo periodo.
La Pma come investimento che garantisce un ritorno fiscale positivo
Matteo Scortichini, statistico alla facoltà di Economia dell’Università di Roma Tor Vergata, e tra gli autori della ricerca, spiega a Lettera43: «La Pma non dovrebbe essere valutata esclusivamente come una prestazione sanitaria che genera costi immediati. Nel nostro lavoro abbiamo stimato che, a fronte di una spesa sanitaria rilevante, le nascite ottenute tramite Pma possono generare nel corso della vita un ritorno fiscale positivo per lo Stato, attraverso contributi, imposte e partecipazione futura al mercato del lavoro».
L’analisi ha preso in esame oltre 33 mila donne sottoposte a trattamenti di Pma e ha stimato una spesa sanitaria complessiva di circa 337 milioni di euro. A fronte di circa 16.300 bambini nati vivi, il beneficio fiscale netto nell’arco della loro vita sarebbe pari a circa 3,3 miliardi di euro.
Naturalmente, avverte Scortichini, questo non significa che la fecondazione assistita possa invertire da sola il declino demografico italiano. «Non può risolvere il problema né sostituire politiche più ampie per la natalità, il lavoro femminile e la conciliazione famiglia-lavoro. Ma, se inserita in una strategia pubblica, può essere letta come investimento sociale ed economico, non soltanto come costo sanitario».
In Francia il tema della fertilità da anni è parte integrante del welfare
Il confronto europeo dimostra come la fertilità possa essere affrontata come una leva di politica sociale ed economica. La Francia, per esempio, da alcuni anni ha iniziato a considerare la procreazione medicalmente assistita parte integrante del suo sistema di welfare, tant’è che la legge di bioetica del 2021 ha esteso l’accesso alla Pma anche alle donne single e alle coppie di donne.
In Italia, invece, l’accesso resta limitato alle sole coppie eterosessuali e, per superare questa disparità, l’Associazione Luca Coscioni ha lanciato la proposta di legge di iniziativa popolare “Pma per tutte”, per portare la riforma in parlamento.
La Spagna è il principale polo europeo della medicina della riproduzione
Diverso è il caso della Spagna, che oltre ad avere una normativa tra le più avanzate d’Europa, è diventata il principale polo continentale della medicina della riproduzione. Ogni anno migliaia di pazienti stranieri scelgono le cliniche spagnole per la maggiore disponibilità di donatrici di ovociti, i tempi d’attesa più contenuti e l’elevata specializzazione dei centri.
Intorno alla Pma si è così sviluppato un ecosistema economico che comprende ricerca, laboratori, strutture sanitarie, turismo medico, servizi alberghieri e di interpretariato. Un settore ad alto valore aggiunto che genera occupazione e attrae investimenti, trasformando la fertilità anche in un asset economico.
Al contrario, da noi il ritardo culturale e organizzativo sulla donazione di gameti continua a pesare: la fecondazione eterologa era vietata dalla Legge 40, ma è stata resa legale nel 2014 dalla Corte costituzionale. Il sistema nazionale della donazione, però, non è mai decollato e quasi tutti i gameti utilizzati dai centri italiani di Pma provengono ancora da banche estere, soprattutto spagnole (il 98,9 per cento degli ovociti donati, secondo l’ultima relazione del ministero della Salute).
Significa che l’Italia – anche attraverso il nostro Ssn – è costretta ad acquistare materiale biologico all’estero, finendo per alimentare un mercato sviluppato oltreconfine. Non è un caso che tra le proposte dell’Associazione Luca Coscioni ci sia anche quella di introdurre un congruo rimborso delle spese per le donatrici di gameti, sul modello di altri Paesi europei.
Investire prima: cos’è il social freezing
Un’altra strada che alcune Regioni stanno già percorrendo è quella della preservazione della fertilità, per provare a ridurre (almeno in parte) il ricorso alla Pma in età più avanzata. Il cosiddetto social freezing – la crioconservazione degli ovociti per motivi non medici – consente infatti alle donne di preservare la fertilità “congelandola” a quando la capacità riproduttiva è più elevata e rimandando l’eventuale gravidanza a un momento successivo.
La Regione Puglia, nel 2025, è stata la prima in Italia a introdurre un contributo fino a 3 mila euro per il social freezing destinato alle donne tra i 27 e i 37 anni con Isee non superiore a 30 mila euro, mentre iniziative analoghe sono al vaglio o in discussione in altre Regioni, dal Veneto alla Sicilia, dalla Toscana alla Basilicata. L’obiettivo non è incentivare una maternità tardiva né presentare la crioconservazione degli ovociti come garanzia di gravidanza futura, ma offrire uno strumento in più in un Paese in cui l’età media al primo figlio continua ad aumentare.
Anche sotto il profilo economico la logica è quella della prevenzione: preservare la fertilità quando le probabilità di successo sono maggiori potrebbe ridurre in futuro il ricorso a trattamenti più complessi, costosi e meno efficaci. È la stessa conclusione a cui è arrivato anche lo studio sopracitato, firmato da Andrea Marcellusi, Matteo Scortichini, Giulio Guarnotta, Mark Connolly e Andrea Busnelli, e che ha individuato proprio nell’accesso più precoce ai trattamenti uno degli elementi in grado di massimizzare i benefici sanitari ed economici della Pma."
20260711113028,Il Gazzettino,https://www.ilgazzettino.it/speciali/regione_fvg_informa/salute_riccardi_casa_riposo_tricesimo_ristrutturazione_da_6_mln-9645414.html,,,,,,srclc:ita,"Trieste, 11 lug - ""La Regione ha messo in campo un importante
stanziamento economico per quest'opera, finalizzata al rinnovo di
una struttura essenziale per il territorio a fronte dell'attuale
andamento demografico e della necessitÃ  di fornire risposte
concrete alla domanda di assistenza per gli anziani. Come
Amministrazione, continueremo a fare la nostra parte per
assicurarne il definitivo completamento"".
Lo ha detto oggi l'assessore regionale alla Salute Riccardo
Riccardi, a margine del sopralluogo compiuto nel cantiere del
complesso della casa di riposo di Tricesimo. L'investimento
complessivo per le opere, al netto degli arredi giÃ  forniti due
anni fa, ammonta a poco meno di sei milioni di euro, sostenuti in
misura significativa dalla Regione.
Come ha spiegato il rappresentante della Giunta, l'edificio
risale al periodo della ricostruzione post-terremoto, ma
presentava standard antisismici e impiantistici ormai superati
dalle attuali normative di legge. 
Nel 2020 il Comune ha quindi deciso di avviare un radicale
intervento di ristrutturazione e adeguamento funzionale che ha
preservato esclusivamente la struttura portante e la copertura. 
I lavori hanno riguardato inizialmente il consolidamento
antisismico e, in seguito, l'efficientamento energetico
attraverso l'installazione di un impianto fotovoltaico da 98 kW
con sistemi di accumulo, volto a rendere la residenza piÃ¹
autonoma sotto il profilo dei consumi.
Da gennaio 2026 sono in corso le opere di sistemazione esterna,
la posa delle recinzioni, la distribuzione degli spazi interni,
il rifacimento degli impianti e delle pavimentazioni, oltre alla
fornitura delle dotazioni per le camere e le aree comuni. 
Come ha sottolineato Riccardi, il progetto supera la logica
costruttiva di quarant'anni fa: le stanze a tre letti sono state
eliminate in favore di camere doppie e di una decina di singole,
riorganizzando al contempo le aree per il personale e i servizi
di lavanderia e stireria, che saranno gestiti esternamente. 
La distribuzione funzionale prevede ora la cappella votiva e la
palestra riabilitativa al piano seminterrato, mentre il piano
terra Ã¨ destinato all'accoglienza, alla socializzazione e ai
servizi di cucina e mensa.
ARC/COM/gg/ep                        
                        
                        
                          
                            
                                © RIPRODUZIONE RISERVATA
                                
                            
                                            
        Potrebbe interessarti anche"
20260711110409,Quotidiano Nazionale,https://www.quotidiano.net/economia/la-casa-per-fare-figli-48d98924,,,,,,srclc:ita,"Roma, 11 luglio 2026 – In Italia il percorso verso la genitorialità passa ancora, molto spesso, dalla casa. Non solo dal lavoro, dal reddito, dalla stabilità di coppia o dai servizi per l’infanzia. Prima di avere un figlio molte coppie cercano un’abitazione stabile, possibilmente di proprietà, considerata ancora una garanzia di sicurezza economica e familiare. È questo il nodo messo in luce da Alessandro Gallo e Daniele Vignoli in uno studio del 2025 dedicato al rapporto tra spese abitative e nascite in Italia, pubblicato nei giorni scorsi su Neodemos, il portale dedicato alla demografia. Il tema è centrale perché negli ultimi anni il dibattito sulla denatalità si è concentrato soprattutto su precarietà del lavoro, salari bassi, costo dei figli e carenza di servizi. Molto meno si è discusso della casa, nonostante l’abitazione sia una delle condizioni materiali più importanti nella costruzione di una famiglia. In un Paese dove circa il 74% delle famiglie vive in una casa di proprietà e dove il mercato degli affitti resta spesso poco attrattivo, costoso o instabile, l’accesso all’abitazione diventa una soglia decisiva. Se quella soglia si alza, anche la scelta di avere figli tende a spostarsi in avanti.
Lo studio di Gallo e Vignoli
Gallo e Vignoli analizzano il tema utilizzando il panel biennale dell’Indagine sui Bilanci delle Famiglie Italiane della Banca d’Italia, osservando il periodo 1998-2016. Lo studio considera circa 6.300 coppie eterosessuali, con uomini tra 18 e 54 anni e donne tra 18 e 45 anni. Le nascite vengono individuate guardando alla variazione della composizione familiare tra una rilevazione e la successiva: se nel biennio compare un nuovo componente con meno di due anni, viene registrata una nascita. L’elemento innovativo dello studio è l’attenzione alle spese per l’abitazione. Non si guarda soltanto al fatto che una coppia sia proprietaria o in affitto, né al prezzo degli immobili. Si considera invece quanto la casa pesa concretamente sul reddito familiare: rate del mutuo, affitto, eventuali ritardi nei pagamenti, bollette, manutenzioni straordinarie. Da qui la distinzione tra famiglie con spese abitative alte e famiglie con spese basse o moderate.
Il dato controintuitivo
L’ipotesi più immediata sarebbe questa: più la casa costa, meno risorse restano per un figlio. Dunque, spese abitative elevate dovrebbero ridurre la propensione alla natalità. I risultati, però, raccontano una storia più complessa. Le famiglie che sostengono spese elevate per l’abitazione hanno una probabilità più alta di avere un figlio nel biennio successivo: 15,1%, a fronte di una probabilità media di base pari all’8,9%. Il punto non è che spendere di più per la casa faccia nascere più figli. La lettura più convincente è un’altra: molte coppie aumentano l’investimento abitativo proprio in previsione dell’arrivo di un figlio. L’acquisto della casa, un mutuo più impegnativo o lavori di ristrutturazione possono essere passaggi preparatori alla genitorialità. La casa non è solo un bene patrimoniale: diventa lo spazio in cui rendere possibile il progetto familiare.
Proprietari e affittuari: la differenza decisiva
La vera frattura emerge quando si distinguono proprietari e affittuari. Tra le coppie con alte spese abitative, i proprietari hanno una probabilità di avere un figlio nel biennio successivo intorno al 17,5%, mentre gli affittuari si fermano al 9%. Tra le coppie con spese abitative basse o moderate, invece, la differenza tra proprietari e affittuari sostanzialmente scompare. È qui che si vede la specificità italiana. Il problema non è soltanto avere una casa, ma avere una casa percepita come stabile, sicura, familiare. La proprietà continua a rappresentare per molte coppie una condizione di protezione: non garantisce automaticamente la scelta di avere figli, ma la rende più praticabile. L’affitto, invece, soprattutto se costoso o precario, non produce la stessa sicurezza. In un mercato poco dinamico e poco protettivo per gli inquilini, può diventare una condizione di attesa, non di progetto.
Una possibilità per chi ha risorse
Lo studio mostra però anche un limite sociale molto rilevante: l’associazione positiva tra alte spese abitative e nascite riguarda soprattutto le famiglie con un patrimonio adeguato. In altri termini, investire nella casa prima di avere un figlio è possibile soprattutto per chi può permetterselo. Chi dispone di risparmi, aiuti familiari o redditi più solidi riesce a sostenere insieme il costo dell’abitazione e quello della genitorialità. Per molte giovani coppie il percorso è invece bloccato all’origine. Senza patrimonio, con salari bassi, contratti instabili e mutui più selettivi, comprare casa diventa sempre più difficile. E se la casa continua a essere vissuta come prerequisito per avere figli, allora anche la natalità viene rinviata. Il risultato è una nuova forma di disuguaglianza: non solo tra chi può comprare e chi non può comprare, ma tra chi può trasformare il desiderio di famiglia in realtà e chi deve rimandarlo.
Il nodo politico
Le implicazioni sono evidenti. Se in Italia il progetto di genitorialità continua spesso a passare dalla proprietà della casa, le politiche abitative non possono restare fuori dalle politiche per la natalità. Bonus e assegni alle famiglie possono aiutare, ma rischiano di incidere poco se le coppie non riescono prima a costruire una base abitativa stabile. Facilitare l’accesso alla casa significa agire su più fronti: mutui più accessibili per i giovani, garanzie pubbliche efficaci, sostegno agli affitti di lungo periodo, maggiore offerta abitativa a prezzi sostenibili, recupero del patrimonio inutilizzato, politiche urbane che non espellano le giovani famiglie dai centri e dai luoghi di lavoro. Serve anche un mercato dell’affitto più moderno, capace di offrire stabilità senza costringere necessariamente all’acquisto.
Denatalità, non solo colpa del precariato
Il messaggio dello studio di Alessandro Gallo e Daniele Vignoli è chiaro: la denatalità italiana non si spiega solo con il lavoro precario o con il costo diretto dei figli. Si spiega anche con la difficoltà di mettere insieme le condizioni materiali che rendono credibile un progetto familiare. La casa è una di queste condizioni. In Italia, diventare genitori resta spesso legato all’idea di avere prima un’abitazione sicura, preferibilmente di proprietà. Ma se questa tappa diventa sempre più selettiva, anche la natalità diventa più diseguale. Per questo parlare di figli significa parlare anche di mutui, affitti, patrimoni familiari, città, periferie e accessibilità abitativa. Il futuro demografico del Paese non si decide soltanto nei reparti maternità o nelle leggi di bilancio. Si decide anche sulla soglia di casa."
20260711093315,Tgcom24,https://www.tgcom24.mediaset.it/mondo/mamdani-little-italy-mappa-new-york_114293895-202602k.shtml,,,,,,srclc:ita,"Usa, Mamdani fa marcia indietro: Little Italy torna sulla mappa di New York
Dopo le dure proteste della comunità italoamericana, il sindaco della Grande Mela annuncia la correzione e il reinserimento dello storico quartiere
© Italy Photo Press
Alla fine è arrivato il passo indietro. Il sindaco di New York, Zohran Mamdani, ha annunciato che Little Italy tornerà a comparire nella mappa delle comunità immigrate della città dopo le polemiche esplose nelle ultime ore per la sua esclusione. Il primo cittadino della Grande Mela ha spiegato che la cartina era stata realizzata nel 2023 dalla precedente amministrazione e successivamente ereditata dall'attuale governo cittadino. ""Non è una lista completa delle oltre 200 comunità che chiamano New York casa"" ha chiarito Mamdani, assicurando che il progetto sarà aggiornato e che tra le modifiche previste ci sarà anche il reinserimento dello storico quartiere italiano.
La protesta degli italoamericani
L'assenza di Little Italy dalla serie di illustrazioni dedicate alle enclave di immigrati aveva provocato una dura reazione da parte delle associazioni italoamericane, che hanno interpretato la scelta come una cancellazione simbolica della loro storia. In prima linea si è schierata la Italian American Civil Rights League, che ha definito l'esclusione offensiva e ha accusato l'amministrazione di ignorare uno dei luoghi più rappresentativi dell'immigrazione italiana negli Stati Uniti. Alla protesta si sono uniti anche alcuni esponenti politici locali e il caucus italoamericano del Consiglio comunale, secondo cui lasciare fuori Little Italy significa sminuire il contributo dato dagli italiani alla costruzione della città.
La replica del Comune: ""Non volevamo cancellare nessuno""
Dalla New York City Hall è arrivata una difesa immediata. L'amministrazione ha precisato che il progetto non rappresenta una mappa completa di tutte le comunità etniche della metropoli, ma una raccolta di illustrazioni dedicata soprattutto ai quartieri che ancora oggi ospitano una consistente popolazione nata all'estero. Lo stesso criterio ha portato all'esclusione anche di quartieri storicamente legati alle comunità ebraiche e irlandesi. Secondo il Comune, quindi, non si è trattato di una scelta contro gli italoamericani, bensì di un progetto non esaustivo destinato ad ampliarsi nel tempo. Una spiegazione che, però, non è bastata a placare le critiche, fino all'annuncio della correzione da parte dello stesso Mamdani.
Perché Little Italy resta un simbolo?
Dal punto di vista demografico, la storica Little Italy non è più quella di un tempo. Nato nella seconda metà dell'Ottocento nel Lower Manhattan, il quartiere fu il principale punto di approdo per migliaia di immigrati italiani, soprattutto provenienti dal Sud, tra la fine del XIX secolo e i primi decenni del Novecento. Intorno a Mulberry Street sorsero negozi, panifici, banche, associazioni, chiese e giornali in lingua italiana. Nel periodo di massimo sviluppo vi abitavano quasi 10mila italiani e gran parte dei residenti aveva origini italiane. Con il miglioramento delle condizioni economiche nel Secondo Dopoguerra, molte famiglie lasciarono Manhattan per trasferirsi a Brooklyn, Staten Island, nel Bronx, nel Queens e nei sobborghi. Parallelamente Chinatown si espanse inglobando progressivamente gran parte dell'antico quartiere. Oggi Little Italy occupa soltanto pochi isolati, ma continua a essere un luogo altamente simbolico grazie ai suoi ristoranti storici, all'Italian American Museum e soprattutto alla tradizionale Festa di San Gennaro, che ogni anno richiama migliaia di visitatori.
Un simbolo più forte dei numeri
Le statistiche raccontano che la presenza italiana residente nel quartiere è ormai ridotta a una minima percentuale. La comunità italoamericana, però, continua a essere una delle più numerose di New York, con centinaia di migliaia di cittadini di origine italiana distribuiti nei cinque distretti della metropoli. È proprio questa distinzione tra realtà demografica e valore storico ad aver alimentato la polemica. Se oggi Little Italy non rappresenta più il cuore geografico dell'emigrazione italiana, continua infatti a incarnarne la memoria collettiva."
