date_str,source,url,themes,locations,persons,organizations,tone,translation_info,full_text
20260807173100,Milano Finanza,https://www.milanofinanza.it/news/inverno-demografico-parla-carlo-cottarelli-l-italia-e-vecchia-l-immigrazione-serve-202608071928437268,,,,,,srclc:ita,"L’inverno demografico è un concetto della sociologia con cui gli italiani hanno imparato a familiarizzare, anche grazie all’osservazione empirica della quotidianità.
La popolazione complessiva è diminuita da 60,4 milioni nel 2014 a 58,9 milioni nel 2024. Secondo i dati Istat, la quota della fascia d’età tra i 65 e gli 85 anni passerà dal 25% del 2025 al 35% nel 2050. E gli over 85 cresceranno nello stesso periodo dal 4,1% al 7,2%. Un trend che pesa e continuerà a gravare sul sistema pensionistico e sui conti pubblici. L’economista Carlo Cottarelli fa il punto della situazione con Milano Finanza e spiega quali possono essere le strade percorribili.
Domanda. Professor Cottarelli, l’Italia affronta un momento molto particolare in termini generazionali. Quali considerazioni si possono fare?
Risposta. Il fatto che l’età media aumenti è un segnale positivo ma comporta dei costi per la società, per esempio in spese sanitarie. Dobbiamo chiederci se abbiamo o meno la sostenibilità per fornire nuovi servizi. E le prospettive oggi non sono certo rosee, visto che il numero di anziani aumenta ma quello dei giovani no. Il che, in altri termini, significa che aumenta il numero degli inattivi ma diminuisce quello di chi produce. Un meccanismo che inevitabilmente porta a una tensione.
D. Come si può ovviare a questa tensione?
R. Le strade immediate sarebbero due: o far lavorare più a lungo gli anziani o tassare di più i giovani. Ma la soluzione veramente auspicabile sarebbe rendere il lavoro più produttivo. Si pensi a investimenti in macchinari e tecnologie, meno imposte per le imprese e una burocrazia più snella. Va però aggiunta una cosa. Le stime econometriche dimostrano come le società più anziane facciano più fatica a essere produttive, forse perché sono proprio i giovani detentori di innovazione e creatività.
D. Con l’invecchiamento demografico a cui assistiamo, come vede la situazione del mercato del lavoro da qui a dieci anni?
R. Senz’altro critica. Adesso andranno in pensione i baby boomer, ma ogni due persone in uscita dal mondo del lavoro entreranno solo 1,2 lavoratori.
D. Paragonando l’Italia ad altri Paesi, quali sono i modelli virtuosi e qual è la chiave per uscire da questa impasse demografica nel breve termine?
R. Fare meno figli è un fenomeno che osserviamo pressoché ovunque, ma l’Italia soffre particolarmente perché ha subito una caduta delle nascite più brusca. Una situazione che nell’immediato si può tamponare attraverso l’immigrazione. Un flusso migratorio controllato e regolare verso l’Italia è necessario, rifuggendo da certe retoriche come quella di Vannacci.
D. Le pensioni integrative possono essere una soluzione?
R. Potrebbero, ma qui si aprono due scenari. Poiché il numero dei giovani, e quindi dei lavoratori, è basso, vengono prodotti meno beni, questo porta i prezzi ad alzarsi e dunque all’erosione di quelle pensioni.
 A meno che, e questo è il secondo scenario, le pensioni integrative accrescano davvero il risparmio, alimentando il capitale e dunque la produttività delle imprese.  
D. Crede che il ruolo degli over 65 nella società debba essere rivisto?
R. Bisognerebbe fare in modo che non siano soltanto dei consumatori ma che abbiano in qualche modo un ruolo attivo, produttivo, nell’ecosistema economico. Questo è un aspetto su cui non si sta lavorando.
D. Eppure questa fascia d’età ha tradizionalmente rappresentato una sorta di welfare familiare e di prossimità. Penso ai nonni con i nipoti o al volontariato.
R. Sì, sono aspetti fondamentali ma che vediamo sempre meno. Si pensi all’assitenza dei nonni nei confronti dei nipoti. Quando i lavoratori vivevano nello stesso luogo in cui erano nati, i nonni erano un sostegno vero alle famiglie. Adesso però con il numero sempre maggiore di fuori sede e degli spostamenti dei lavoratori nelle grandi città, il ruolo assistenziale degli anziani all’interno dei nuclei familiari sta venendo meno.
D. Nei prossimi anni si assisterà a un massiccio passaggio generazionale di ricchezza. Quali ragionamenti si possono fare attorno a questi aspetti e come fare a non disperdere tutto questo capitale?
R. La ricchezza deve essere produttiva e spesso questo non accade. I figli molte volte non vogliono proseguire il lavoro imprenditoriale dei genitori, non dobbiamo sorprenderci infatti quando grandi società italiane vengono vendute ai fondi di private equity.
 Credo che l’imposta sulle successioni, oggi piuttosto bassa, possa aiutare ad alleggerire la pressione fiscale, oggi troppo forte in Italia. (riproduzione riservata)"
20260807161928,La Gazzetta Del Mezzogiorno,https://www.lagazzettadelmezzogiorno.it/news/basilicata/2083929/oltre-47-milioni-per-combattere-linverno-demografico-lucano.html,,,,,,srclc:ita,"Ridare nuova vita a territori ed edifici che, ora, sono abbandonati, per restituirle alla popolazione generando benessere economico e sociale. È una sfida che guarda alla rinascita dei comuni lucani, in particolare quelli afflitti da spopolamento ed “inverno demografico” quella che la Regione Basilicata, ed in particolare il Dipartimento ambiente, vogliono portare avanti con il programma di rigenerazione urbana, presentato ieri, ufficialmente, ad amministratori e parti sociali. Oltre 47 milioni di euro sono i fondi pronti ad approdare nei paesi lucani per ridisegnare piazze, recuperare edifici abbandonati e restituire luoghi di aggregazione alle famiglie, ai giovani e agli anziani.
“Non è la solita posa della prima pietra né la semplice asfaltatura di una strada isolata” fanno sapere dalla Regione. Piuttosto, è una nuova stagione di interventi con meno opere isolate ma una vera e propria strategia per restituire qualità, servizi ed opportunità per i territori.
I dettagli del “Piano di interventi rivolti alla valorizzazione ambientale e paesaggistica degli insediamenti urbani” ossia il cosiddetto “Bando Borghi” sono stati al centro di un dibattito destinato ai primi cittadini che vogliono candidare i loro progetti. Sul piatto ci sono 47 milioni 420mila e 379,61 euro derivanti dalle risorse Fsc 2021-2027, destinati ai Comuni e alle Unioni di Comuni. Già perché per rendere più capillare il programma di rigenerazione urbana è deciso che ogni singolo progetto potrà beneficiare di un finanziamento compreso tra il milione ed i 2 milioni e mezzo di euro, in grado di coprire fino al 100% dei costi ammissibili.
“Si tratta di una misura che prevede rigenerazione urbana, attività di recupero di spazi, di luoghi ed edifici che possono essere restituiti alla comunità con la finalità di restituire coesione sociale e la centralità dei piccoli e grandi comuni della Basilicata. Una misura rivolta alle Amministrazioni comunali. SI favorisce la rete ed è ovviamente una misura che favorisce la transizione energetica e la sostenibilità nelle pre-declinazioni: ambientale, sociale ed economica” commenta l’assessore regionale all’Ambiente, Laura Mongiello, evidenziando come “rigenerare significa prima di tutto prendersi cura delle persone e dei luoghi che abitano”. “Non vogliamo finanziare opere pubbliche slegate dal contesto, ma costruire una strategia unitaria che metta insieme architettura, ambiente, servizi e inclusione sociale. Vogliamo restituire una funzione viva agli spazi che, nel tempo, l’hanno persa, combattendo concretamente lo spopolamento dei nostri borghi e rendendo più vivibili e sostenibili le nostre città” aggiunge ancora l’assessore.
Tra le principali novità c’è il superamento della logica delle graduatorie rigide. Le proposte ritenute idonee, infatti, “non scivoleranno in una lista d’attesa passiva, ma accederanno a una vera e propria procedura negoziale: un tavolo di confronto continuo e diretto tra Regione e Comuni per affinare la qualità del progetto, verificare la sostenibilità di gestione, la governance e i tempi di realizzazione”.
I comuni che vorranno presentare le loro idee, potranno farlo presentando progetti organici che mettano insieme “il recupero di edifici pubblici, la valorizzazione di aree verdi, piazze e percorsi pedonali e ciclabili, orientati alla sostenibilità e all’adattamento ai cambiamenti climatici”. Obiettivo: dare parità di accesso a tutti i comuni, dal piccolo paese delle aree interne al grande centro urbano. “Nessun comune sarà penalizzato e le opportunità di partenza saranno identiche per tutti, basandosi esclusivamente sul merito progettuale e sull’ascolto dei bisogni reali delle comunità” sottolineano ancora gli esponenti regionali.
“Sono progetti che devono avere una strategia, parliamo di progetti integrati di rigenerazione urbana. Gli interventi prevalentemente sono sul patrimonio esistente, sono sui centri abitanti, sono rivolti alla popolazione residente per dare vitalità e per combattere spopolamento, frammentazione socio economica e soprattutto la poca centralità che soffrono i centri urbani” conclude Angelino Mazza, funzionario della direzione generale del Dipartimento ambiente. In questo modo si potrà recuperare il patrimonio esistente, limitare il consumo di suolo ed intervenire su superfici permeabili ed aree degradate. In poche parole, rigenerare il territorio della Basilicata."
20260807154411,Prima Bergamo,https://primabergamo.it/economia/retribuzioni-bergamo-e-la-cenerentola-lombarda-stipendi-bassi-ancor-piu-per-le-donne/,,,,,,srclc:ita,"Bergamo paga dazio nei confronti del dato medio lombardo riferito alle retribuzioni dei dipendenti: 15,45 euro la paga lorda oraria dei lavoratori bergamaschi, contro i 17,14 dei colleghi lombardi. Meglio il rapporto con i lavoratori italiani, che si fermano a 15,08.
È il primo dato che balza agli occhi nella elaborazione che il Dipartimento Welfare della Cisl di Bergamo ha fatto sui dati Istat.
Retribuzioni sistematicamente inferiori in Bergamasca
Nell’ambito dei titoli di studio, se la differenza tra lavoratori con licenza elementare e media è praticamente nulla (13,65 contro i 13,60), elevandosi la scolarizzazione dei lavoratori si amplia la forbice retributiva: 17 a 16,16 per i diplomati; 25,48 a 21,2 tra i laureati.
Se si considerano le qualifiche contrattuali, il territorio bergamasco per un apprendista paga 9,69 euro all’ora, contro i 10,31 di media delle altre provincie lombarde. Gli operai bergamaschi prendono in media più dei colleghi lombardi (13,26 invece di 13,02), ma dirigenti e impiegati tornano a guadagnare di meno (19,95 contro 22,93).
Lo stesso panorama si ripete nelle analisi della classe di dipendenti delle aziende, dell’età dei lavoratori e per il regime orario del contratto (tempo pieno o part time). Anche sul piano della retribuzione di genere, Bergamo è indietro rispetto agli altri territori regionali: una donna prende in media 14,26 euro lordi all’ora, contro i 15,69 delle colleghe lombarde, mentre i dipendenti maschi arrivano ai 16,23 a Bergamo e ai 18,16 in Lombardia.
«I dati fotografano una realtà che merita attenzione – dice Luca Nieri, segretario provinciale della Cisl -. Nonostante Bergamo continui a distinguersi per livelli occupazionali elevati e per la forza del suo tessuto produttivo, le retribuzioni dei lavoratori dipendenti restano sistematicamente inferiori alla media lombarda. Il divario riguarda quasi tutte le categorie analizzate e diventa particolarmente evidente per i lavoratori più qualificati, come diplomati, laureati e impiegati, segnale che il territorio fatica a valorizzare adeguatamente competenze e professionalità e a dare opportunità appetibili ai giovani».
Gli impiegati stranieri cresciuti del 110 per cento
La ricerca del Dipartimento Cisl ha preso in considerazione anche le retribuzioni dei lavoratori stranieri, con un confronto tra i dati del 2015 e quelli del 2024. In provincia, 11 anni fa, i lavoratori non italiani percepivano una media di quasi 16 mila euro annui. Nel 2024 sono arrivati a oltre 20 mila, con un aumento del 26,71 per cento. nel corso di questi anni, la retribuzione degli operai è cresciuta del 23 per cento, mentre quella degli impiegati del 19, ma il numero di questi ultimi è cresciuto in misura esponenziale: 110 per cento in più rispetto al 2015, quando il dato degli operai e aumentato del 66 per cento.
In generale, i lavoratori stranieri (dipendenti, pensionati e percettori di prestazioni di sostegno) in provincia di Bergamo sono cresciuti del 53 per cento, con un’impennata dei provenienti da paesi extra UE (66 per cento), un drastico calo dei lavoratori UE a 15 (- 7,86) e un aumento di quelli degli altri paesi UE (17,21 per cento), in particolar modo tra le nuove assunzioni, dal 2020 dove le assunzioni dei nati all’estero erano il 33,9 per cento nel 2025 siamo arrivati al 37,7 per cento, numeri destinati a crescere nei futuri anni a fronte dell’inverno demografico del nostra provincia.
«Nel complesso – aggiunge Nieri -, la ricerca evidenzia una contraddizione: un territorio che continua a produrre ricchezza e occupazione, ma non riesce a tradurre pienamente questa capacità economica in salari competitivi. È una sfida che chiama in causa imprese, istituzioni e parti sociali, affinché la crescita economica si accompagni a una più equa distribuzione del valore prodotto e a una maggiore valorizzazione del lavoro».
Le soluzioni? «Passano sicuramente attraverso una maggior partecipazione al lavoro delle donne, con al centro politiche di accoglienza e temi come le politiche abitative. Il combinato disposto dell’inverno demografico, tra spopolamento e vecchiaia e necessità di manodopera, è una sfida che interessa tutta l’Europa e prima affronteremo questi problemi prima avremo soluzioni per il futuro. I dati già ci stanno già indicando le strade»."
20260807150700,Milano Finanza,https://www.milanofinanza.it/news/longevita-una-miniera-d-oro-le-10-azioni-fondi-ed-etf-che-hanno-corso-fino-al-475-in-tre-anni-202608071630061984,,,,,,srclc:ita,"L'invecchiamento della popolazione non rappresenta più solo una sfida per i sistemi pensionistici e sanitari. Sta diventando uno dei principali motori di trasformazione dell’economia mondiale e un tema destinato a orientare i portafogli degli investitori per molti anni. Dalla sanità alle assicurazioni, dalla diagnostica ai dispositivi medici, fino all'immobiliare e ai servizi dedicati agli over 50, la cosiddetta Longevity Economy sta assumendo dimensioni sempre più rilevanti.
In Italia il fenomeno è ancora più evidente. Secondo il Centro Studi e Ricerche Itinerari Previdenziali, il valore dell'economia della longevità supera ormai i 714,8 miliardi di euro, circa un terzo del pil nazionale. Una cifra superiore all'intero prodotto interno lordo di 21 Paesi dell'Unione europea. La pubblicazione del libro Longevity Economy di Alberto Brambilla (Guerini e Associati), presidente del Centro Studi Itinerari Previdenziali, arriva proprio mentre l'economia mondiale sta prendendo coscienza di questo cambiamento demografico. Il concetto di fondo è semplice: gli over 50 e gli over 65 rappresentano una delle principali fonti di consumi, ricchezza e investimenti dei prossimi decenni.
La stima di 714,8 miliardi comprende tutte le attività economiche rivolte agli over 50 e finalizzate a un invecchiamento attivo e in buona salute.
Anche limitando l'analisi ai soli over 65, il contributo resta enorme: il pil prodotto raggiunge circa 363 miliardi di euro, pari al 17% dell'economia italiana. L'impatto si estende anche al mercato del lavoro. Oggi la Longevity Economy sostiene circa 5,6 milioni di occupati tra personale sanitario, assistenza, Rsa, badanti e imprese che producono beni e servizi destinati agli anziani. Considerando anche le nuove attività nate intorno ai consumi degli over 50, gli occupati arrivano a oltre 9 milioni.
Le prospettive sono ancora più significative. Secondo le elaborazioni del Centro Studi, nel 2050 gli over 65 rappresenteranno il 34,5% della popolazione italiana mentre la fascia tra 50 e 64 anni sfiorerà il 24%. Questo significa che la Longevity Economy (fascia 50+) potrebbe arrivare a generare circa 920 miliardi di euro di pil, oltre 10,5 milioni di posti di lavoro e circa 810 miliardi di consumi privati. A sostenere questa crescita sarà anche un’imponente staffetta patrimoniale: tra il 2026 e il 2030 passeranno infatti di mano patrimoni per circa 873 miliardi di euro, destinati in parte ai consumi e in parte alle nuove generazioni.
Le conclusioni del Centro Studi trovano conferma anche in un recente report di Hsbc firmato dall’economista James Pomeroy. Secondo la banca britannica, l’invecchiamento della popolazione non implica necessariamente un calo dei consumi. Al contrario, gli over 65 potrebbero diventare il segmento con la crescita della spesa più elevata. Negli Stati Uniti i consumi della popolazione anziana potrebbero aumentare di circa il 4% l’anno, contro il 2% registrato dal resto della popolazione adulta. A fare la differenza sono due elementi: livelli di ricchezza mediamente superiori e una permanenza più lunga nel mercato del lavoro. I comparti destinati a beneficiare maggiormente di questa trasformazione, secondo gli analisti della banca britannica, sono salute, turismo, tempo libero, arredamento, servizi finanziari e assistenza. Giulia Culot, Portfolio Manager di Sycomore (Generali Investments), cita a sua volta la salute, accanto a «pensioni e risparmio, cura del sé, e le soluzioni per la produttività. A livello di investimenti, molti di questi temi si presentano come opportunità interessanti sia a livello europeo che globale, grazie alla presenza di aziende leader nei loro settori e con solide prospettive di crescita». La stessa medicina, per esempio, presenta diverse aree chiave quali «obesità, oncologia, malattie cardiovascolari e diabete, con l'obiettivo di migliorare la qualità della vita dei pazienti attraverso diagnosi e trattamenti innovativi».
Ma la nuova economia della longevità non riguarda solo la capacità di spesa di una popolazione più anziana. Al centro c’è anche un cambiamento culturale: il passaggio dall’idea di vivere più anni all’obiettivo di vivere meglio gli anni conquistati. «Quando parliamo di longevità il vero obiettivo della medicina anti-aging è aggiungere vita agli anni (healthspan), non semplicemente allungare la durata della vita (lifespan)». Emanuele De Nobili, direttore sanitario del Villa Eden Longevity Institute ed esperto di medicina preventiva e anti-aging, sottolinea il paradosso della transizione demografica: l’aspettativa di vita è cresciuta, ma spesso gli ultimi anni sono accompagnati da fragilità e patologie croniche. Secondo De Nobili, autore de Il reset del cortisolo (Giunti, 2026), per preservare l’efficienza biologica nel tempo serve un approccio integrato che coinvolga metabolismo, ormoni, attività fisica, salute cognitiva e benessere psicologico. Un assetto ormonale equilibrato contribuisce a mantenere massa muscolare e densità ossea, mentre una buona flessibilità metabolica aiuta a proteggere il sistema cardiovascolare.
Un ruolo centrale è svolto anche dalla prevenzione della sarcopenia: «Mantenere una struttura muscolare forte e funzionale è il principale garante di mobilità, equilibrio e autonomia quotidiana». Allo stesso modo, la protezione della salute cerebrale, attraverso sonno, stimoli cognitivi e controllo della neuroinfiammazione, diventa un elemento fondamentale dell’invecchiamento in salute. La longevità, conclude De Nobili, non è quindi soltanto una questione genetica, ma il risultato di un percorso quotidiano fatto di prevenzione, stili di vita e attenzione alla qualità degli anni vissuti.
Se la Longevity Economy è destinata a crescere per decenni, la domanda successiva riguarda i titoli che possono beneficiarne. Tra le società italiane spiccano innanzitutto le assicurazioni: Generali rappresenta il principale operatore italiano esposto alla previdenza integrativa e alle coperture di long term care, mentre Unipol abbina il business assicurativo tradizionale alla previdenza complementare e alla protezione sanitaria. È proprio Unipol il titolo che ha premiato maggiormente gli investitori: nel 2026 il rialzo supera il 38%, mentre negli ultimi tre anni la performance raggiunge circa il 475%, la migliore dell'intero paniere.
Sul fronte sanitario trovano spazio Recordati, specializzata nelle malattie rare e nelle patologie croniche, Diasorin, leader nella diagnostica, e Amplifon, che beneficia dell'aumento strutturale della domanda di apparecchi acustici in una popolazione sempre più anziana.
Guardando all'Europa, il ventaglio di opportunità si amplia ulteriormente. Novo Nordisk continua a rappresentare uno dei principali protagonisti nella cura di diabete e obesità grazie ai farmaci GLP-1, nonostante la correzione del titolo negli ultimi anni. Roche resta un punto di riferimento nella diagnostica e nell'oncologia, due mercati destinati a espandersi con l'aumento dell'età media della popolazione. Lonza occupa invece una posizione strategica come produttore di principi attivi per numerose multinazionali farmaceutiche. Completano il quadro Fresenius, attiva nella dialisi e nei servizi ospedalieri, e Coloplast, leader mondiale nei dispositivi medici per stomia, continenza e wound care (cura delle ferite croniche).
Per gli investitori che preferiscono una maggiore diversificazione esiste ormai un'offerta ampia di fondi specializzati. Secondo i dati Morningstar Direct aggiornati al 3 agosto, lo strumento con la migliore performance nel periodo considerato è iShares Ageing Population Etf che guadagna oltre il 15% da inizio anno, quasi il 29% negli ultimi dodici mesi e registra una performance annualizzata vicina al 15% nel triennio.
Tra i fondi attivi spiccano Candriam Equities Global Demography (+10,3% da inizio anno), Decalia Silver Generation (+9,3%) e Jupiter Systematic Demographics Opportunities (+8,3%). Seguono Ifp Global Age (+7,8%), Swisscanto Healthy Longevity (+6,3%), Sycomore Ageing Population (+5,4%), Mediolanum Global Demographic Opportunities (+4,9%), Cpr Invest Silver Age (+4,4%) e onemarkets Fidelity Longevity Leisure (+4,3%), secondo i dati Morningstar Direct al 3 agosto. La filosofia è comune: investire nelle società che possono beneficiare dell'invecchiamento della popolazione, indipendentemente dal settore di appartenenza.
Il concetto di longevità sta entrando anche nella costruzione dei portafogli. Fineco Asset Management ha lanciato tre Etf target date con scadenza 2040, 2050 e 2060 che modificano automaticamente l'asset allocation nel corso del tempo. Durante i primi anni il portafoglio è prevalentemente azionario, con un'esposizione progressivamente costruita sui mercati globali. Avvicinandosi alla data obiettivo, il peso dell'azionario viene gradualmente ridotto fino a circa il 30%, aumentando parallelamente la componente obbligazionaria investment grade e i titoli azionari ad alto dividendo. L'obiettivo è accompagnare l'investitore durante tutto il ciclo della vita, riducendo automaticamente il rischio con l'avvicinarsi della pensione.
La longevità è destinata a cambiare anche il mercato immobiliare. Secondo l'Ufficio Studi di Bper, le abitazioni rappresentano circa il 44% della ricchezza complessiva degli italiani, ma la transizione demografica modificherà profondamente domanda e offerta nei prossimi decenni.
Entro il 2050 gli over 65 arriveranno a rappresentare circa il 35% della popolazione, mentre oggi quasi la metà del patrimonio immobiliare residenziale italiano, pari a circa 2.720 miliardi di euro, è già detenuta dagli over 70. Nei prossimi anni è quindi attesa una gigantesca «staffetta patrimoniale». Secondo le stime di Bper, entro il 2050 cambieranno proprietario circa 9,5 milioni di abitazioni, destinate a diventare 13,8 milioni entro il 2060. Molti di questi immobili, però, potrebbero risultare troppo grandi, poco efficienti dal punto di vista energetico e non più adatti alle esigenze delle famiglie del futuro, sempre più piccole e destinate ad essere composte da persone longeve e nelle, attese, in salute fino a tarda età. La domanda si sta infatti già orientando verso abitazioni di dimensioni contenute, efficienti e sostenibili. In questo scenario nasce il concetto di Longevity Living.
Visionnaire e The Longevity Suite integrano in tal senso design, architettura e medicina preventiva nella progettazione delle abitazioni per realizzare case pensate per accompagnare l'invecchiamento attivo, con attenzione alla qualità dell'aria, alla luce naturale, all'acustica, all'acqua e agli spazi dedicati al benessere. Un approccio che coinvolge anche Luca Dini Design & Architecture e Hba Residential e che punta a trasformare la casa in uno strumento di prevenzione.
La longevità non è quindi soltanto una sfida per i sistemi sanitari e previdenziali, ma un cambiamento destinato a ridisegnare interi settori dell’economia. Dalla salute alla casa, dalla finanza ai consumi, le imprese capaci di intercettare i bisogni di una popolazione che vive più a lungo potranno beneficiare di una domanda crescente nei prossimi decenni. Per gli investitori la sfida sarà distinguere tra opportunità strutturali e mode passeggere, puntando su società solide e modelli di business in grado di trasformare l’aumento dell’aspettativa di vita in creazione di valore. (riproduzione riservata)"
20260807140700,Libero Quotidiano,https://www.liberoquotidiano.it/news/politica/48805746/palazzo-chigi-liquida-sa-nchez-italia-non-accetta-ultimatum-schengen-nessuna-revoca-fino-15/,,,,,,srclc:ita,"""Dopo il 15 vedremo"". Liquida così Matteo Piantedosi la minaccia di Pedro Sánchez all'Italia, dopo la sospensione di quest'ultima di Schengen. ""Più che dire che l'Europa rischia assalti simili"" a Ceuta ""l'Europa sta prendendo atto che il fenomeno migratorio non è più qualcosa ce può essere affrontato prescindendo dalla considerazione della sua dimensione epocale - esordisce il ministro dell'Interno a 'Bar Italia', tour di Fratelli d'Italia a Sorrento -. Il fenomeno ""troppo a lungo è stato sottovalutato e ridotto a un problema che poteva riguardare i singoli Stati membri, come l'Italia, che fanno da prima frontiera. In realtà non è così: le scene che si sono viste - sottolinea - sono il frutto di tanti nodi che vengono al pettine, ovvero un forte squilibrio di carattere demografico, squilibri di carattere socio-economico che contraddistinguono i paesi a forte vocazione migratoria e i paesi europei"".
Pedro Sánchez minaccia l'Italia: ""Vi diamo 48 ore, poi adotteremo misure""
La Spagna minaccia l'Italia. Il governo spagnolo chiede all'esecutivo Meloni di revocare entro domenica 9 a...
Quindi ""senza lanciare allarmi perché non siamo all'assedio"" va considerato ""che c'è una pressione migratoria capace di produrre quelle scene"" quindi ""bisogna farne tesoro"". In merito alla sospensione del trattato con la Spagna ""è una misura temporanea che è consentita dai trattati Ue, vedremo dopo il 15 agosto. È fatta con modalità selettive, non c'è nessun aggravio. C'è stata una reazione scomposta da parte della nostra opposizione perché forse non si può toccare un Paese a guida socialista"".
Ceuta, le taglie dei marocchini sugli spagnoli ribelli: ""Li vogliamo, vivi o morti""
A Ceuta la tensione non cala. Dopo l’ondata migratoria che ha travolto l’exclave spagnola in Marocco, adesso...
Il ministro aggiunge poi che è ""difficile immaginare che le condizioni"" per mantenere la sospensione ""non esistono"" poiché la stessa ""intelligence spagnola ha dichiarato che è fondato un nuovo allarme per il 15 agosto"" su Ceuta. E a stretto giro arriva anche la replica di Palazzo Chigi: ""L'Italia non accetta ultimatum o imposizioni dall'estero per ciò che riguarda la sicurezza nazionale e il controllo delle frontiere"". È quanto si legge in una nota. ""Non intendiamo in nessun caso - viene precisato - rivedere la decisione di sospendere l'applicazione dell'accordo di Schengen per i cittadini di paesi terzi provenienti dalla Spagna, almeno fino al 15 agosto e comunque sino a quando non saranno completamente esclusi rischi di sicurezza e di terrorismo per l'Italia"". ""In quella data - aggiunge la nota del governo - come annunciato dalle stesse autorità spagnole, è infatti attesa a Ceuta una nuova ondata migratoria. Dunque, ""solo quando si avrà la certezza che non vi saranno rischi di sicurezza e di terrorismo per l'Italia, che non vi sia una nuova ondata, che non ci siano migranti irregolari diretti verso il territorio europeo, si potrà rivedere quanto già deciso"".
Intervenendo con un videomessaggio all'evento ""Marcinelle 1956-2026–The Europe of Work, Peoples and Dignity"", Giorgia Meloni ha fatto riferimento indirettamente al tema: ""L’8 agosto sarà presto proclamata 'Giornata europea per le vittime sul lavoro': una giornata per riaffermare la dignità del lavoro, per rinnovare l'impegno per garantire condizioni eque ai lavoratori europei ed extra-europei che rispettano le regole e contribuiscono al benessere delle nostre società, per affermare che in Europa non c’è spazio alcuno per chi alimenta i canali dell’immigrazione clandestina per avere manodopera a basso costo e rivedere al ribasso i diritti. Perché, per noi, il messaggio è chiaro: chi sfrutta le persone, le schiavizza e alimenta i traffici criminali è indegno del modello sociale europeo. Il Governo italiano ha ovviamente sostenuto convintamente l’istituzione di questa Giornata. Una proposta lanciata dal Presidente Brunetta, che è stata portata avanti con particolare impegno dalla Vicepresidente Sberna e dalla Relatrice Gemma. Grazie di cuore per il lavoro che avete svolto, e grazie anche a Carlo Fidanza per aver voluto promuovere questo momento di riflessione""."
20260807134654,Napolike,https://www.napolike.it/crisi-della-casa-in-italia-prezzi-affitti-e-perche-i-giovani-non-riescono-a-comprare,,,,,,srclc:ita,"Crisi della casa in Italia: prezzi, affitti e perché i giovani non riescono a comprare
Immagine realizzata con IA
La casa è sempre stata, in Italia, molto più di un tetto: un investimento, una sicurezza, un passaggio quasi obbligato della vita adulta. 
Negli ultimi anni, però, qualcosa si è rotto. I prezzi delle abitazioni sono tornati a salire con decisione, gli affitti hanno toccato i massimi storici e i giovani restano a casa dei genitori più a lungo che in quasi tutto il resto d’Europa. Non è una sensazione: è una crisi documentata da numeri che arrivano dall’Istat, dall’Eurispes, dalla Banca d’Italia e persino da uno studio del Parlamento europeo dedicato alla crisi abitativa.
In questo articolo vediamo cosa sta succedendo davvero, con i dati alla mano: quanto sono cresciuti prezzi e affitti, perché i giovani non riescono a comprare, cosa è cambiato per i mutui, e quali strumenti esistono (dai fondi di garanzia alle case popolari) per chi oggi cerca casa.
Con un focus su cosa può fare, concretamente, chi vuole uscire di casa in questa fase del mercato.
Che cos’è la crisi della casa e perché se ne parla tanto
Con “crisi della casa” (o crisi abitativa) si intende la crescente difficoltà delle persone a trovare e mantenere una casa, per via dell’aumento del costo dei mutui e dei canoni d’affitto. È la definizione che dà il Parlamento europeo nello studio sulla crisi abitativa pubblicato all’inizio del 2026 e fotografa bene un fenomeno che non riguarda solo l’Italia: in tutta Europa comprare o affittare casa è diventato più difficile, soprattutto per le fasce giovani.
Il dato più citato è quello dell’età di uscita dalla casa dei genitori: in Italia si va via di casa in media a 30,1 anni, il quarto valore più alto dell’Unione Europea, contro una media Ue di 26,2 anni. In Finlandia, per fare un confronto, si esce a 21,4 anni. E il 79% degli italiani tra i 20 e i 29 anni vive ancora con i genitori, contro il 54% della media europea, il 44% della Francia e il 33% della Germania.
Un tempo questa peculiarità italiana veniva spiegata con la cultura, con il legame forte con la famiglia. Oggi gli studiosi la leggono in modo diverso: restare a casa dei genitori è sempre più spesso un ammortizzatore necessario per compensare lo squilibrio tra quanto i giovani guadagnano e quanto costa abitare.
I prezzi delle case: quanto sono cresciuti davvero
Partiamo dai prezzi di acquisto, perché sono il primo indicatore che salta all’occhio. Secondo l’Istat, nel primo trimestre del 2026 l’indice dei prezzi delle abitazioni è salito del +5,2% su base annua, in accelerazione rispetto al +4,0% registrato a fine 2025. In pratica le case costano oltre il 5% in più rispetto a un anno prima, e la crescita sta diventando più rapida.
Il dato si inserisce in un andamento di lungo periodo ben preciso. 
Guardando gli ultimi trent’anni, i valori immobiliari hanno avuto una forte crescita tra fine anni Novanta e il 2008, poi una fase di calo dopo la crisi finanziaria, una stabilizzazione tra il 2016 e il 2023 con rialzi localizzati e ora una nuova fase di aumento, concentrata soprattutto nelle grandi città. 
Il prezzo medio al metro quadro rilevato dai portali immobiliari ad aprile 2026 è di circa 2.188 euro, con punte molto più alte nelle aree urbane.
Le previsioni per il 2026, elaborate da Nomisma, Immobiliare.it e Scenari Immobiliari, indicano una crescita dei prezzi tra l’1% e il 4,2%, con punte del +7,3% a Milano. Il Nord traina il mercato, mentre il Sud mostra incrementi più contenuti. 
Attenzione però a un dettaglio: la crescita dei prezzi di acquisto, per quanto sostenuta, è comunque più lenta di quella degli affitti. È lì che sta il vero problema.
Gli affitti corrono più dei prezzi: i numeri
Se comprare è difficile, affittare sta diventando proibitivo. Nel primo trimestre del 2026 i canoni di locazione sono cresciuti del +4% rispetto al trimestre precedente, portando il prezzo medio nazionale a 14,8 euro al metro quadro, a un passo dal massimo storico di 14,9. 
Già ad aprile quel massimo è stato superato: la media nazionale è salita a 15 euro al metro quadro, un record assoluto.
Nelle grandi città i numeri sono da capogiro. Milano è la più cara con 23,3 euro al metro quadro, mentre Roma ha toccato il suo record con 19,8 euro, in crescita del 5,7% in un solo trimestre. Ma la vera novità è un’altra: l’aumento non riguarda più solo le metropoli. Tra i rincari trimestrali più consistenti compaiono Barletta (+11,3%), Padova (+8%), Caserta (+7,7%), Lucca (+7,3%) e Viterbo (+7,2%). La pressione si è estesa alla rete urbana intermedia, compresa la Campania.
Ancora più eloquente è la tendenza di fondo: secondo le elaborazioni sui dati della prima metà del 2025, i canoni hanno accumulato dal 2021 un incremento del +28,7%. Una dinamica che nessuna retribuzione d’ingresso ha seguito, e che spiega perché il problema si sente soprattutto nelle città universitarie e nelle aree con più lavoro.
Perché gli affitti aumentano così tanto
Per capire la crisi degli affitti bisogna guardare all’offerta, non solo alla domanda. Negli ultimi dieci anni una parte consistente del patrimonio privato è stata riallocata verso l’ospitalità turistica (affitti brevi, case vacanze), che rende di più della locazione residenziale ordinaria. 
Nelle città universitarie, allo stesso modo, è cresciuto il mercato dei contratti transitori e delle stanze singole, più flessibili e più remunerativi per i proprietari.
Il risultato è che l’offerta di alloggi in affitto a lungo termine si è ridotta proprio dove la domanda è più alta e i prezzi sono saliti di conseguenza. A questo si aggiunge un altro tassello: la carenza di alloggi per studenti. 
Lo studio del Parlamento europeo quantifica in 3 milioni i posti letto che mancano per accogliere tutti gli studenti fuori sede dei paesi europei, e in Italia gli studentati a prezzi accessibili sono ormai rarissimi.
Perché i giovani non escono di casa: i dati
Torniamo al dato di partenza, perché è il cuore della questione. In Italia i giovani escono di casa a 30,1 anni, quattro anni dopo la media europea. E la permanenza prolungata non è più una libera scelta: è sempre più spesso l’unica opzione possibile, visto il divario tra i costi dell’abitare e i redditi da lavoro.
La conferma arriva da un indicatore che a prima vista sembrerebbe assolvere l’Italia. Secondo i dati Eurostat, nel 2025 solo il 4% dei giovani italiani tra i 20 e i 29 anni viveva in nuclei che destinavano almeno il 40% del reddito alle spese abitative, contro il 10,3% della media europea. Sembrerebbe un buon risultato, ma è un’illusione statistica: la quota è bassa proprio perché i giovani italiani non sostengono direttamente i costi della casa, continuando a vivere con i genitori.
La controprova arriva dal sovraffollamento: il 39,1% dei giovani italiani vive in abitazioni sovraffollate, contro una media Ue del 25,3% e percentuali dell’11,6% in Norvegia o del 9,3% nei Paesi Bassi. 
In pratica, i giovani italiani risultano “protetti” dal costo della casa al prezzo di rinunciare a uno spazio proprio, spesso in case piene e condivise.
E chi invece esce di casa paga un prezzo alto: il 23% dei giovani europei tra i 20 e i 29 anni che vivono da soli spende più del 40% del proprio reddito per la casa. In Italia il 14% delle persone dichiara di fare fatica a pagare l’affitto o la rata del mutuo (contro il 10% della media europea), e il 7% prevede di dover lasciare la casa in cui vive nei successivi due o tre mesi perché non può più permettersela.
Il nodo è il reddito, non solo il prezzo delle case
C’è un punto che gli esperti ripetono da anni e che i dati confermano: il problema non è tanto il costo della casa in sé, quanto il rapporto tra quel costo e quanto si guadagna. Lo studio del Parlamento europeo lo dice esplicitamente: si è creato un divario tra i luoghi in cui i giovani possono permettersi di vivere e quelli in cui il lavoro è disponibile. 
Le città con più opportunità sono le più care e i salari d’ingresso non tengono il passo.
Questo intreccio tra casa e redditi è lo stesso che abbiamo raccontato nell’articolo su inflazione e salari in Italia: se gli stipendi reali stagnano da vent’anni, qualsiasi aumento di prezzi o affitti pesa in modo sproporzionato su chi inizia ora la vita lavorativa. E chi ha la fortuna di comprare, spesso non ce la fa da solo: ci riescono soprattutto le giovani coppie con due redditi, o chi può contare su un’eredità o un aiuto dei genitori.
Il risultato è misurabile anche nelle percezioni. Il 35% di chi non ha una casa sostiene che non riuscirà mai a comprarla. E alla domanda su quanto siano preoccupati di non riuscire a trovare o mantenere un alloggio, il 60% degli italiani tra i 18 e i 24 anni risponde di essere preoccupato o molto preoccupato, contro il 43% delle persone tra i 25 e i 65 anni. 
La preoccupazione abitativa è diventata una costante della vita dei giovani, non un’eccezione.
Mutui: tassi, anticipi e perché comprare è più difficile
Anche chi ha un reddito stabile e vuole comprare deve fare i conti con gli ostacoli finanziari. Il primo è l’anticipo: le banche chiedono in genere fino al 20% del valore dell’immobile come capitale proprio non finanziato dal mutuo. Su una casa da 200.000 euro, parliamo di 40.000 euro da tirare fuori, a cui si aggiungono imposte, notaio, perizia, mediazione e spesso lavori di ristrutturazione o arredamento. Praticamente per acquistare una piccola casa talvolta è necessario avere liquidità per almeno 60.000€.
Poi ci sono i tassi. La Banca Centrale Europea li aveva portati sopra il 4% nel 2023 per fermare l’inflazione e li ha poi ridotti fino a poco sopra il 2%, dove sono fermi dall’estate 2025. Ma attenzione alla particolarità di questa fase: mentre i mutui a tasso variabile hanno seguito fedelmente le decisioni della BCE (e ora costano meno), i mutui a tasso fisso sono diventati più cari. 
Il motivo è che i tassi fissi si ancorano all’IRS, un tasso di lungo periodo che dipende dalle aspettative degli investitori e quelle aspettative sono salite per via dell’incertezza economica e dei grandi programmi di spesa pubblica.
Il paradosso è che oggi quasi tutti i nuovi mutui sono a tasso fisso, proprio nel momento in cui costa di più. A questo si aggiunge la durata: il mutuo medio dura 20-30 anni e l’età media per l’acquisto della prima casa nell’Unione Europea è arrivata a 34 anni.
Il Fondo di garanzia per la prima casa: come funziona
La politica ha provato a rispondere con strumenti pubblici. Il principale è il Fondo di garanzia per la prima casa, gestito da Consap: lo Stato si fa garante fino a un massimo dell’80% della quota capitale del mutuo, per finanziamenti fino a 250.000 euro. Ne possono beneficiare i giovani under 36, le famiglie monogenitoriali con almeno un figlio minorenne convivente e le giovani coppie, purché l’Isee del nucleo familiare sia inferiore a 40.000 euro.
Lo strumento sta funzionando: nel 2025 circa un sesto delle nuove erogazioni di mutui è stato assistito dalla garanzia statale e una su cinque è stata concessa a intestatari con reddito lordo annuo inferiore ai 26.000 euro. Ma ha dei limiti strutturali. 
Il primo è che il plafond di 250.000 euro copre a stento il valore di un bilocale nelle grandi città. 
Il secondo è che il fondo è stato fortemente ridimensionato dal 2024. 
Il terzo, più profondo, è che la garanzia pubblica non crea un reddito stabile, non riduce il prezzo degli immobili e non protegge dal rischio che una rata sostenibile alla stipula diventi troppo gravosa dopo una perdita del lavoro.
Le case popolari: il paradosso italiano
Quando si parla di crisi abitativa, in Italia si parla poco dell’edilizia residenziale pubblica. E i numeri spiegano perché: le case popolari coprono appena il 2,3% dello stock abitativo nazionale, contro il 24% della Svezia, il 29% dei Paesi Bassi e il 17% della Francia. 
Il paragone è impietoso e il patrimonio esistente è pure maltenuto: secondo l’Osservatorio Federcasa-Nomisma, 61.300 alloggi di edilizia residenziale pubblica (il 7,7% dello stock) sono sfitti perché richiedono manutenzione straordinaria e a questi si aggiungono 22.700 alloggi occupati abusivamente.
Il risultato è che il pubblico, da noi, non svolge quel ruolo di ammortizzatore che svolge altrove: chi non può permettersi il mercato privato ha pochissime alternative, e le liste d’attesa per un alloggio popolare si allungano in tutte le grandi città, Napoli compresa.
Il paradosso delle case vuote
C’è poi un paradosso tutto italiano che vale la pena conoscere. Nel Paese esistono milioni di abitazioni non occupate stabilmente, ma le case vuote si trovano quasi sempre nei luoghi sbagliati rispetto alla domanda: piccoli comuni in declino demografico, aree interne, territori lontani dalle università e dalle opportunità di lavoro. 
Altre sono inutilizzabili senza interventi di ristrutturazione, o bloccate da successioni, contenziosi e comproprietà, o ancora tenute vuote come riserva patrimoniale.
In pratica convivono due mercati paralleli: quello delle aree urbane, dove la domanda è altissima e l’offerta scarsa e quello delle zone in spopolamento, dove le case non valgono quasi nulla e nessuno le vuole. La crisi abitativa italiana, insomma, non è un problema di quantità di case, ma di distribuzione, accessibilità e qualità del patrimonio esistente.
Cosa aspettarsi nel 2026: previsioni e scenari
Guardando avanti, le previsioni per il 2026 indicano una prosecuzione della crescita, ma con intensità diverse a seconda delle aree. Nel primo trimestre del 2026 i prezzi delle case sono cresciuti del 4,3% e gli affitti del 3,6%, sostenuti da domanda elevata e condizioni di credito favorevoli rispetto al biennio precedente. 
Il Nord traina, il Sud cresce meno e le città medio-piccole stanno recuperando il ritardo accumulato negli anni scorsi.
Il rischio più concreto per chi deve cercare casa è che la forbice tra redditi e costi resti aperta ancora a lungo: i prezzi continuano a salire, i salari reali sono fermi, e gli strumenti pubblici, pur utili, non sono sufficienti a colmare il divario. Non ci sono soluzioni facili, ma conoscere i meccanismi aiuta a prendere decisioni migliori.
Cosa fare se stai cercando casa: consigli pratici
Chiudiamo con la parte pratica, quella che forse ti interessa di più se stai cercando casa in questo periodo. 
Parti dal tuo budget reale: calcola quanto puoi destinare alla casa senza superare il 30% del reddito netto e fai due conti onesti su anticipo e spese accessorie prima ancora di guardare gli annunci.
Confronta affitto e mutuo nella stessa zona: nelle città italiane la rata del mutuo è spesso paragonabile al canone d’affitto e chi ha un anticipo (anche piccolo, aiutato dal Fondo di garanzia) può trovare nell’acquisto una protezione dall’aumento degli affitti. Valuta le zone meno battute: lo smart working ha reso vivibili aree fuori dai centri storici, con prezzi più bassi e spazi più grandi, spesso meglio collegati di quanto si creda.
Considera anche le forme alternative: il co-housing, l’acquisto della nuda proprietà e i contratti di locazione con patto di futura vendita. E se sei uno studente fuori sede, informati in anticipo su studentati e alloggi universitari: la domanda esplode a settembre e chi cerca tardi paga di più.
FAQ sulla crisi della casa in Italia
Perché i prezzi delle case in Italia stanno aumentando?
I prezzi delle abitazioni nel primo trimestre 2026 sono cresciuti del 5,2% su base annua (Istat). La crescita è dovuta alla domanda sostenuta nelle aree urbane, alla riduzione dell’offerta in affitto a lungo termine (spostata verso affitti brevi e turistici) e alle condizioni di credito migliorate rispetto al 2023-2024. Il Nord cresce più del Sud, con punte fino al +7,3% previste per Milano.
Quanto costa in media una casa in Italia nel 2026?
Il prezzo medio al metro quadro rilevato dai portali immobiliari ad aprile 2026 è di circa 2.188 euro. Ma è una media nazionale: Milano supera abbondantemente i 5.000 euro al metro quadro nelle zone centrali, mentre molte aree del Sud e le zone interne restano molto al di sotto della media.
Perché i giovani italiani escono di casa così tardi?
Perché il costo dell’abitare è cresciuto più dei redditi. I giovani italiani escono di casa a 30,1 anni (media Ue 26,2) e il 79% tra i 20 e i 29 anni vive ancora coi genitori. Non è (solo) cultura: è il divario tra salari d’ingresso e prezzi di affitti e immobili, soprattutto nelle città con più lavoro.
Conviene comprare casa o affittare nel 2026?
Dipende dalla città e dalla tua situazione. Nelle grandi città la rata del mutuo è spesso paragonabile al canone d’affitto, quindi chi ha un anticipo può trovare nell’acquisto una protezione dai rincari degli affitti. Ma servono 20% di anticipo più spese accessorie, un lavoro stabile e la capacità di sostenere la rata nel lungo periodo.
Cosa è cambiato per i mutui con i tassi BCE fermi?
I tassi BCE sono fermi a poco sopra il 2% dall’estate 2025. I mutui a tasso variabile (ancorati all’Euribor) ora costano meno, mentre i tassi fissi (ancorati all’IRS) sono aumentati perché le aspettative di inflazione futura sono salite. Oggi quasi tutti i nuovi mutui sono a tasso fisso, proprio nella fase in cui costa di più.
Come funziona il Fondo di garanzia per la prima casa?
È una garanzia pubblica gestita da Consap che copre fino all’80% della quota capitale del mutuo, per finanziamenti fino a 250.000 euro. È destinato a under 36, famiglie monogenitoriali con figlio minorenne e giovani coppie con Isee sotto i 40.000 euro. Nel 2025 ha assistito circa un sesto dei nuovi mutui erogati.
Quanto si può spendere per la casa senza andare in difficoltà?
La soglia considerata sostenibile è il 30% del reddito netto mensile: è anche il parametro che le banche usano per valutare la concessione del mutuo. Oltre il 40% si è statisticamente in difficoltà: in Europa il 23% dei giovani che vivono da soli supera questa soglia.
Le case popolari possono essere una soluzione?
In teoria sì, in pratica l’Italia ha il patrimonio pubblico più povero d’Europa: il 2,3% dello stock abitativo, contro il 24% della Svezia o il 29% dei Paesi Bassi. E quasi l’8% degli alloggi esistenti è sfitto perché richiede manutenzione. Il ruolo di ammortizzatore che il pubblico svolge altrove, da noi è quasi assente.
Scopri di più da Napolike.it
Abbonati per ricevere gli ultimi articoli inviati alla tua e-mail."
20260807134050,Vision Gt,https://www.vision-gt.eu/news/comunicato-stampa-india-potenza-eurasiatica-un-nuovo-volume-per-comprendere-il-ruolo-di-nuova-delhi-nel-mondo-multipolare/,,,,,,srclc:ita,"Autore: Società Italiana di Geopolitica – 07/08/2026
COMUNICATO STAMPA
India potenza eurasiatica: un nuovo volume per comprendere il ruolo di Nuova Delhi nel mondo multipolare
A cura di Alberto Cossu e Tiberio Graziani, il volume raccoglie contributi di studiosi ed esperti italiani e internazionali sull’ascesa dell’India e sulla sua crescente centralità negli equilibri eurasiatici e globali
Roma, 7 agosto 2026 – È uscito per Callive Edizioni, nella collana “Orizzonti d’Eurasia. Storia, Politica ed Economia del Supercontinente”, il volume India potenza eurasiatica. Le sfide della crescita economica, del posizionamento strategico e delle relazioni internazionali in evoluzione / India: A Eurasian Power. The Challenges of Economic Growth, Strategic Positioning, and Evolving International Relations, a cura di Alberto Cossu e Tiberio Graziani, con le prefazioni di Côme Carpentier de Gourdon e Antonio Armellini.
Il volume prende le mosse da una constatazione destinata a incidere sempre più profondamente sugli equilibri internazionali: l’India non può più essere considerata soltanto una grande potenza asiatica. Il suo peso demografico, la crescita economica, le capacità nucleari e tecnologiche, le ambizioni strategiche e, soprattutto, la volontà di preservare un ampio margine di autonomia decisionale ne fanno uno degli attori centrali della trasformazione dell’ordine mondiale. Comprendere la traiettoria dell’India significa quindi interrogarsi sulla stessa riconfigurazione geopolitica dell’Eurasia e sul passaggio verso un sistema internazionale sempre più multipolare.
Attraverso un approccio multidisciplinare, India potenza eurasiatica ricostruisce le radici storiche e teoriche della politica estera indiana, dal non allineamento all’autonomia strategica e al multiallineamento, per esaminare poi il complesso posizionamento di Nuova Delhi nei confronti delle principali potenze e dei diversi poli del sistema internazionale. Le relazioni con Cina, Stati Uniti, Russia, Unione Europea, Israele, Asia centrale e Medio Oriente vengono analizzate non secondo la tradizionale logica delle alleanze rigide, ma alla luce della ricerca indiana di autonomia, diversificazione delle partnership e massimizzazione dell’interesse nazionale.
Una particolare attenzione è dedicata alla geopolitica della connettività. I corridoi infrastrutturali, i collegamenti tra India, Medio Oriente ed Europa, l’apertura verso l’Asia centrale e la crescente rilevanza dell’Oceano Indiano mostrano come la potenza indiana si costruisca anche attraverso il controllo e l’organizzazione degli spazi, delle reti e dei flussi. A questa dimensione si affianca l’analisi degli strumenti materiali della potenza: capacità navali, infrastrutture, industria, mobilità e sviluppo tecnologico.
Il volume non propone tuttavia una lettura lineare o celebrativa dell’ascesa indiana. L’ultima parte affronta le fragilità e le contraddizioni interne che accompagnano la proiezione globale del Paese: le tensioni sociali e territoriali, il rapporto tra Stato e società, la questione identitaria e le trasformazioni associate all’India di Narendra Modi. L’assunto metodologico è che ogni ascesa geopolitica debba essere valutata mettendo in relazione la capacità di proiezione esterna con la tenuta e le trasformazioni dello spazio interno.
L’opera è articolata in cinque sezioni – dalle origini del non allineamento all’autonomia strategica; il posizionamento dell’India nel sistema multipolare; la geopolitica della connettività; la costruzione materiale della potenza; Stato, società e contraddizioni della potenza – e riunisce contributi di Giulio Alfano, Giuseppe Anzera, Rodolfo Bastianelli, David Berti, Alberto Bradanini, Côme Carpentier de Gourdon, Noemi Chiari, Paolo Cornetti, Alberto Cossu, Greta Galbier, Tiberio Graziani, Aniello Inverso, Gino Lanzara, Giuliano Luongo, Leonardo Noschese, Gianluca Pastori, Andrea Perrone, Michele Pigliucci, Giuseppe Romeo, Alessandro Maria Scarpulla ed Ellina P. Shavlay.
Ne emerge il profilo di un’India che tende a sottrarsi alle rappresentazioni binarie dell’ordine internazionale. Il passaggio dal non allineamento storico a una più articolata autonomia strategica, fondata su partnership multiple e non necessariamente esclusive, permette a Nuova Delhi di dialogare contemporaneamente con attori tra loro concorrenti e di proporsi come uno dei soggetti capaci di contribuire alla definizione degli equilibri del nuovo ordine multipolare. È proprio questa capacità di muoversi tra spazi, alleanze funzionali e differenti centri di potenza a rendere l’India un osservatorio privilegiato della trasformazione in corso.
India potenza eurasiatica intende dunque offrire a studiosi, analisti, decisori e lettori interessati alle relazioni internazionali uno strumento per comprendere non soltanto dove si colloca oggi l’India, ma quale funzione essa potrà esercitare nella progressiva ridefinizione dell’ordine eurasiatico e mondiale. Come sottolineano i curatori nell’introduzione, in una fase storica segnata da profondi mutamenti degli equilibri globali, comprendere il ruolo dell’India significa comprendere una parte essenziale del futuro ordine internazionale.
Il volume è pubblicato nell’ambito della collana Orizzonti d’Eurasia, ed è inserito nel progetto “Società Italiana di Geopolitica” di Vision & Global Trends – International Institute for Global Analyses, volto a promuovere e sviluppare lo studio della geopolitica in Italia. I volumi della collana sono sottoposti a peer review anonima.
Scheda editoriale:
India potenza eurasiatica / India: A Eurasian Power
A cura di: Alberto Cossu e Tiberio Graziani
Prefazioni: Côme Carpentier de Gourdon e Antonio Armellini
Collana: Orizzonti d’Eurasia
Editore: Callive Edizioni
Anno: 2026
ISBN: 9788889991527
ISSN collana: 3035-3831
Prezzo di copertina: € 42,00."
20260807130952,Bergamonews,https://www.bergamonews.it/2026/08/07/provincia-di-bergamo-salari-sotto-la-media-lombarda-la-cislla-ricchezza-del-territorio-non-si-traduce-in-buste-paga-piu-pesanti/914064/,,,,,,srclc:ita,"Provincia di Bergamo, salari sotto la media lombarda. La Cisl: “La ricchezza del territorio non si traduce in buste paga più pesanti”
La retribuzione lorda oraria media dei lavoratori bergamaschi si ferma a 15,45 euro, contro i 17,14 euro della media regionale
Bergamo resta una delle province più dinamiche della Lombardia sul piano occupazionale e produttivo, ma fatica a trasformare questa forza economica in una maggiore capacità retributiva per i lavoratori dipendenti. È questo il quadro che emerge dall’elaborazione realizzata dal Dipartimento Welfare della CISL di Bergamo sui dati ISTAT relativi alle retribuzioni.
Il dato di partenza è significativo: la retribuzione lorda oraria media dei lavoratori bergamaschi si ferma a 15,45 euro, contro i 17,14 euro della media lombarda. Un divario che colloca il territorio orobico in una posizione meno favorevole rispetto alle altre province della regione e che, secondo l’analisi sindacale, si ripresenta in molte delle categorie prese in considerazione.
Le differenze diventano più evidenti con l’aumentare del livello di istruzione. Se tra i lavoratori con licenza elementare o media il distacco è pressoché inesistente, con 13,65 euro lordi all’ora a Bergamo contro 13,60 in Lombardia, la forbice cresce tra chi possiede titoli di studio più elevati. Per i diplomati il confronto è di 16,16 euro contro 17 euro, mentre tra i laureati il divario raggiunge dimensioni più ampie: 21,20 euro lordi orari in provincia contro 25,48 euro nella media regionale.
Anche osservando le qualifiche professionali emerge una situazione articolata. Gli apprendisti bergamaschi ricevono mediamente 9,69 euro lordi all’ora, meno dei 10,31 euro registrati nel resto della Lombardia. Gli operai rappresentano invece un’eccezione positiva, con una retribuzione media di 13,26 euro contro i 13,02 dei colleghi regionali. La situazione torna però a essere meno favorevole per impiegati e dirigenti: in queste categorie Bergamo registra valori inferiori, con 19,95 euro contro 22,93 euro.
Un elemento particolarmente rilevante riguarda il divario salariale tra uomini e donne. Anche in questo caso la provincia si colloca al di sotto del dato regionale: una lavoratrice bergamasca percepisce in media 14,26 euro lordi all’ora, mentre la media lombarda per le donne raggiunge i 15,69 euro. Per gli uomini il confronto è di 16,23 euro a Bergamo contro 18,16 euro in Lombardia.
“I dati elaborati dal Dipartimento Welfare della Cisl di Bergamo fotografano una realtà che merita attenzione – dice Luca Nieri, segretario provinciale della Cisl -. Nonostante Bergamo continui a distinguersi per livelli occupazionali elevati e per la forza del suo tessuto produttivo, le retribuzioni dei lavoratori dipendenti restano sistematicamente inferiori alla media lombarda. Il divario riguarda quasi tutte le categorie analizzate e diventa particolarmente evidente per i lavoratori più qualificati, come diplomati, laureati e impiegati, segnale che il territorio fatica a valorizzare adeguatamente competenze e professionalità e a dare opportunità appetibili ai giovani, con il serio rischio di migrazioni verso fuori provincia e estero. A preoccupare è anche il persistente gap retributivo di genere, che a Bergamo risulta più marcato rispetto alla media regionale, confermando la necessità di rafforzare politiche contrattuali e aziendali capaci di garantire maggiore equità salariale e inclusione di sociale, confermando la centralità di politiche di conciliazione, in particolar modo rivolti alla genitorialità, e formative”.
Accanto al tema delle retribuzioni complessive, la ricerca dedica un approfondimento alla situazione dei lavoratori stranieri, mettendo a confronto i dati del 2015 con quelli del 2024. In poco più di un decennio, il reddito medio annuo dei lavoratori non italiani in provincia di Bergamo è passato da circa 16 mila euro a oltre 20 mila euro, con una crescita del 26,71%.
L’aumento ha riguardato sia gli operai, le cui retribuzioni sono cresciute del 23%, sia gli impiegati, aumentati del 19%. Proprio quest’ultima categoria mostra però un cambiamento significativo nella composizione del mercato del lavoro: il numero degli impiegati stranieri è cresciuto del 110% rispetto al 2015, mentre quello degli operai è aumentato del 66%.
Nel complesso, la presenza di lavoratori stranieri — comprendendo dipendenti, pensionati e percettori di prestazioni di sostegno — è cresciuta del 53% in provincia di Bergamo. L’incremento più consistente riguarda i cittadini provenienti da Paesi extra UE, aumentati del 66%, mentre diminuiscono i lavoratori provenienti dai Paesi dell’Unione Europea a 15 (-7,86%) e crescono quelli degli altri Paesi UE (+17,21%). Un fenomeno che si riflette anche nelle nuove assunzioni: i lavoratori nati all’estero rappresentavano il 33,9% nel 2020, mentre nel 2025 hanno raggiunto il 37,7%.
“Sul fronte dei lavoratori stranieri emerge invece un quadro più articolato – continua Nieri -. Da un lato, l’aumento delle retribuzioni negli ultimi dieci anni testimonia un miglioramento delle condizioni economiche; dall’altro, la forte crescita del numero di lavoratori immigrati, soprattutto provenienti da Paesi extra UE, evidenzia come questi rappresentino ormai una componente strutturale e indispensabile del mercato del lavoro bergamasco. Particolarmente significativo è l’incremento degli impiegati stranieri, che suggerisce un progressivo inserimento anche in mansioni più qualificate rispetto al passato”.
I dati restituiscono quindi un’immagine complessa: Bergamo continua a essere un territorio capace di generare occupazione e valore economico, ma presenta una difficoltà nel redistribuire questa capacità attraverso livelli salariali maggiormente competitivi. Una questione che coinvolge imprese, istituzioni e parti sociali, chiamate a confrontarsi sul rapporto tra crescita, qualità del lavoro e attrattività del territorio.
“Nel complesso, la ricerca evidenzia una contraddizione: un territorio che continua a produrre ricchezza e occupazione, ma non riesce a tradurre pienamente questa capacità economica in salari competitivi. È una sfida che chiama in causa imprese, istituzioni e parti sociali, affinché la crescita economica si accompagni a una più equa distribuzione del valore prodotto e a una maggiore valorizzazione del lavoro”.
Per la Cisl, una parte della risposta passa dalla capacità di affrontare i cambiamenti demografici e sociali che stanno interessando la provincia. La partecipazione femminile al mercato del lavoro, le politiche abitative, l’integrazione e la formazione diventano elementi centrali in uno scenario segnato dall’invecchiamento della popolazione e dalla crescente necessità di manodopera.
“Le soluzioni – conclude il segretario Cisl bergamasco – passano sicuramente attraverso una maggior partecipazione al lavoro delle donne, con al centro politiche di accoglienza e temi come le politiche abitative. Il combinato disposto dell’inverno demografico, tra spopolamento e vecchiaia e necessità di manodopera, è una sfida che interessa tutta l’Europa e prima affronteremo questi problemi prima avremo soluzioni per il futuro. I dati già ci stanno già indicando le strade”."
20260807124814,Investing - Quotazioni,https://it.investing.com/news/economy-news/leconomia-canadese-aggiunge-75100-posti-di-lavoro-a-luglio-superando-le-attese-3499700,,,,,,srclc:ita,"L’economia canadese aggiunge 75.100 posti di lavoro a luglio, superando le attese"
20260807124048,Bergamonews,https://www.bergamonews.it/2026/08/07/i-progetti-per-gli-anziani-in-provincia-di-bergamo-il-nuovo-orizzonte-dellabitare-una-vita-possibile-oltre-la-solitudine/914057/,,,,,,srclc:ita,"I progetti per gli anziani in provincia di Bergamo. Il nuovo orizzonte dell’abitare: una vita possibile oltre la solitudine
Meloni (FNP): “Si sta tracciando una terza via tra RSA e casa, per garantire, sicurezza e relazioni umane”
La provincia di Bergamo sta affrontando una delle sfide demografiche più silenziose e profonde del nostro tempo: l’invecchiamento della popolazione unito alla frammentazione dei nuclei familiari. Secondo le stime Istat elaborate dal Dipartimento welfare della Cisl di Bergamo, la popolazione over 65 a Bergamo e provincia, entro il 2050, vedrà un incremento del 50%, mentre la fascia di età 0-64 anni diminuirà del 18%, confermando così un indirizzo demografico che accentua l’inverno demografico in atto già da anni. Sempre più anziani si ritrovano a vivere soli in case spesso troppo grandi, isolate o inadatte alle barriere architettoniche che il tempo impone.
Per cercare risposte ai bisogni di una popolazione sempre più anziana, Fnp Cisl Bergamo ha voluto realizzare il “Piano anziani 25/50”, con l’obiettivo di promuovere invecchiamento attivo e sano, favorire autonomia e domiciliarità, rafforzare servizi socio-sanitari territoriali, ridurre isolamento e solitudine, sostenere reddito e inclusione sociale, integrare tecnologia e innovazione e migliorare governance e finanziamenti. Il sindacato dei pensionati CISL orobico ha già messo in campo alcune iniziative: la prima, contribuendo con un finanziamento cospicuo alla realizzazione, con CISL e Caritas del Fondo di Sostegno Solidale che aiuti le famiglie con figli e gli over 67 in stato di disagio economico. Poi, l’attivazione del “Fondo Long Term Care” con Zurich.
E uno dei passi più importanti riguarda l’abitazione. Il territorio bergamasco, storicamente caratterizzato da una forte vocazione alla solidarietà e alla cooperazione, sta sperimentando risposte trasformando la necessità in laboratori di innovazione sociale con l’obiettivo di sostituire il concetto di “assistenza” passiva con quello di autonomia condivisa. “Per decenni – spiega Giacomo Meloni, segretario generale FNP Bergamo – le opzioni per la terza età sono state polarizzate: rimanere nella propria abitazione a ogni costo anche a prezzo dell’isolamento o il ricovero in una Residenza Sanitaria Assistenziale. Oggi la provincia sta tracciando una terza via basata su modelli flessibili, capaci di garantire privacy, sicurezza e relazioni umane”.
I nuovi modelli si impegnano principalmente su tre direttrici: il Co-housing solidale, con piccole comunità dove gli anziani mantengono il proprio spazio privato (una camera, piccoli monolocali) ma condividono aree comuni come la cucina, il soggiorno e il giardino, supportati da figure educative o assistenziali di prossimità; l’Abitare Intergenerazionale, ovvero progetti che mettono in contatto generazioni distanti, creando un patto di mutuo aiuto tra anziani e giovani (spesso studenti universitari); Alloggi Protetti e Housing Sociale, con soluzioni abitative pubbliche o gestite dal terzo settore dotate di sistemi di domotica, assenza di barriere e servizi integrati a richiesta.
La transizione verso un abitare a misura di anziano non è solo teorica, ma trova già radici concrete sia in città che nei comuni della provincia. Nel capoluogo, in via San Bernardino, è stata recentemente inaugurata la Corte Gentile. Finanziato con fondi PNRR, questo progetto rappresenta l’essenza dell’housing sociale sperimentale. Non si tratta di una struttura sanitaria, ma di una casa vera e propria. Ospita piccoli gruppi di over 65 (oltre a spazi dedicati alle fragilità) in appartamenti autonomi. Qui la quotidianità si condivide per scelta: si combatte la solitudine mantenendo intatta l’autonomia, con la sicurezza di un monitoraggio e di attività co-progettate con il territorio.
Università di Bergamo e comuni dell’hinterland hanno dato vita al progetto “Abitare Insieme”, una risposta brillante che unisce due bisogni opposti: la solitudine dell’anziano con una stanza vuota e la ricerca di alloggi accessibili da parte degli studenti fuori sede. Sviluppato in collaborazione con l’Università degli Studi di Bergamo (e attivo anche in comuni della cintura urbana come Mozzo), il progetto prevede che lo studente riceva ospitalità a costi ridotti (spese di vitto e utenze) in cambio di alcune ore della propria giornata dedicate alla compagnia e a piccoli aiuti domestici, senza alcuna mansione di tipo medico o infermieristico.
Alcune realtà storiche del terzo settore bergamasco (Fondazione Casa Amica, Cooperativa AEPER, Cooperativa Namasté) gestiscono appartamenti o condomini e comunità alloggio protette in cui gli anziani autosufficienti, o con parziali fragilità, possono vivere sotto lo stesso tetto o dentro lo stesso immobile condividendo il concetto di comunità e di solidarietà. La rete sociale garantisce che nessuno sia lasciato a se stesso, inserendo la casa all’interno dei servizi del quartiere e dei paesi.
“Il principio chiave – insiste il sindacalista bergamasco – è uno spazio diventa casa, non per i muri che lo delimitano, ma per la rete di relazioni che riesce a generare. L’autonomia dell’anziano si difende offrendogli la libertà di scegliere come e con chi condividere il proprio tempo. Se i progetti pilota dimostrano che il cambio di paradigma è possibile, nei prossimi anni la vera sfida per la provincia di Bergamo, e per i protagonisti del patto sociale che FNP ha proposto a istituzioni, politica e forze sociali, sarà portare queste soluzioni fuori dai centri principali e applicarle con capillarità anche nelle valli (Val Seriana, Val Brembana, Valle Imagna) e nella pianura, dove l’indice di vecchiaia è altrettanto marcato e i trasporti sono più complessi. Abbiamo messo in programma nove assemblee sul territorio, invitando Sindaci e Presidenti di Ambito per presentare e condividere il Piano Anziani, azione che richiede un importante cambio culturale per i bergamaschi, in particolare anziani, una casa per ogni stagione della vita e in una dimensione “allargata” nella terza età, una maggiore attenzione alla nuova conformazione della popolazione, ai nuovi bisogni da parte degli amministratori e delle istituzioni, una nuova visione per l’abitare con investimenti pubblici dedicati senza escludere quelli privati che si caratterizzino per sensibilità sociale lontani da tentazioni di lucro e per interventi riservati ai più abbienti. Abitare in nuove comunità integrate ove lo stare insieme aiuta, i servizi di assistenza ti sono vicini e la vita prosegue nella normalità”.
“Abitare “a misura di anziano” – conclude Meloni – non significa isolare la terza età in un’oasi protetta, ma integrare i nostri anziani nel tessuto vivo delle comunità bergamasche, restituendo loro il ruolo di custodi della memoria e attori della vita di quartiere o di paese”."
20260807123826,Myvalley It,https://myvalley.it/2026/08/retribuzioni-a-bergamo-stipendi-frenati-e-divario-di-genere/,,,,,,srclc:ita,"Bergamo paga dazio nei confronti del dato medio lombardo riferito alle retribuzioni dei dipendenti: 15, 45 € la paga lorda oraria dei lavoratori bergamaschi, contro i 17,14 dei colleghi lombardi. Meglio il rapporto con i lavoratori italiani, che si fermano a 15,08. È il primo dato che balza agli occhi nella elaborazione che il Dipartimento Welfare della CISL di Bergamo ha fatto sui dati ISTAT. La provincia orobica vanta numeri sempre inferiori rispetto a quelli regionali in tutte le specifiche della ricerca, e in alcuni casi, la differenza assume dimensioni imbarazzanti.
Nell’ambito dei titoli di studio, se la differenza tra lavoratori con licenza elementare e media è praticamente nulla (13.65 contro i 13.60), elevandosi la scolarizzazione dei lavoratori si amplia la forbice retributiva: 17 a 16.16 per i diplomati; 25.48 a 21.2 tra i laureati. Se si considerano le qualifiche contrattuali, il territorio bergamasco per un apprendista paga 9.69€ all’ora, contro i 10.31 di media delle altre provincie lombarde. Gli operai bergamaschi prendono in media più dei colleghi lombardi (13.26 invece di 13.02), ma dirigenti e impiegati tornano a guadagnare di meno (19.95 contro 22.93).
Lo stesso panorama si ripete nelle analisi della classe di dipendenti delle aziende, dell’età dei lavoratori e per il regime orario del contratto (tempo pieno o part time). Anche sul piano della retribuzione di genere, Bergamo è indietro rispetto agli altri territori regionali: una donna prende in media 14.26 € lordi all’ora, contro i 15.69 delle colleghe lombarde, mentre i dipendenti maschi arrivano ai 16.23 a Bergamo e ai 18.16 in Lombardia.
“I dati elaborati dal Dipartimento Welfare della CISL di Bergamo fotografano una realtà che merita attenzione – dice Luca Nieri, segretario provinciale della CISL. Nonostante Bergamo continui a distinguersi per livelli occupazionali elevati e per la forza del suo tessuto produttivo, le retribuzioni dei lavoratori dipendenti restano sistematicamente inferiori alla media lombarda. Il divario riguarda quasi tutte le categorie analizzate e diventa particolarmente evidente per i lavoratori più qualificati, come diplomati, laureati e impiegati, segnale che il territorio fatica a valorizzare adeguatamente competenze e professionalità e a dare opportunità appetibili ai giovani, con il serio rischio di migrazioni verso fuori provincia e estero. A preoccupare è anche il persistente gap retributivo di genere, che a Bergamo risulta più marcato rispetto alla media regionale, confermando la necessità di rafforzare politiche contrattuali e aziendali capaci di garantire maggiore equità salariale e inclusione di sociale, confermando la centralità di politiche di conciliazione, in particolar modo rivolti alla genitorialità, e formative”.
La ricerca del Dipartimento CISL ha preso in considerazione anche le retribuzioni dei lavoratori stranieri, con un confronto tra i dati del 2015 e quelli del 2024. In provincia, 11 anni fa, i lavoratori non italiani percepivano una media di quasi 16mila euro annui. Nel 2024 sono arrivati a oltre 20.000, con un aumento del 26.71%. nel corso di questi anni, la retribuzione degli operai è cresciuta del 23%, mentre quella degli impiegati del 19, ma il numero di questi ultimi è cresciuto in misura esponenziale: 110% in più rispetto al 2015, quando il dato degli operati e aumentato del 66%. In generale, i lavoratori stranieri (dipendenti, pensionati e percettori di prestazioni di sostegno) in provincia di Bergamo sono cresciuti del 53%, con un’impennata dei provenienti da paesi extra UE (66%), un drastico calo dei lavoratori UE a 15 (- 7.86) e un aumento di quelli degli altri paesi UE (17.21%), in particolar modo tra le nuove assunzioni, dal 2020 dove le assunzioni dei nati all’estero erano il 33,9 % nel 2025 siamo arrivati al 37, 7 %, numeri destinati a crescere nei futuri anni a fronte dell’inverno demografico del nostra provincia.
“Sul fronte dei lavoratori stranieri emerge invece un quadro più articolato – continua Nieri. Da un lato, l’aumento delle retribuzioni negli ultimi dieci anni testimonia un miglioramento delle condizioni economiche; dall’altro, la forte crescita del numero di lavoratori immigrati, soprattutto provenienti da Paesi extra UE, evidenzia come questi rappresentino ormai una componente strutturale e indispensabile del mercato del lavoro bergamasco. Particolarmente significativo è l’incremento degli impiegati stranieri, che suggerisce un progressivo inserimento anche in mansioni più qualificate rispetto al passato”.
“Nel complesso, la ricerca evidenzia una contraddizione: un territorio che continua a produrre ricchezza e occupazione, ma non riesce a tradurre pienamente questa capacità economica in salari competitivi. È una sfida che chiama in causa imprese, istituzioni e parti sociali, affinché la crescita economica si accompagni a una più equa distribuzione del valore prodotto e a una maggiore valorizzazione del lavoro”.
“Le soluzioni – conclude il segretario CISL bergamasco – passano sicuramente attraverso una maggior partecipazione al lavoro delle donne, con al centro politiche di accoglienza e temi come le politiche abitative. Il combinato disposto dell’inverno demografico, tra spopolamento e vecchiaia e necessità di manodopera, è una sfida che interessa tutta l’Europa e prima affronteremo questi problemi prima avremo soluzioni per il futuro. I dati già ci stanno già indicando le strade”."
20260807122437,Il Cittadino Online,https://www.ilcittadinoonline.it/cronaca/provincia/punto-nascita-campostaggia-sindaci-del-territorio-pronti-alla-mobilitazione/,,,,,,srclc:ita,"VALDELSA. “Siamo pronti a mobilitarci e a mobilitare i nostri territori per difendere la possibilità di nascere in Valdelsa e un presidio sanitario come quello di Campostaggia, che è un punto di riferimento non solo per il territorio valdelsano ma anche per le aree limitrofe. Per questo motivo, chiediamo alla Regione Toscana e alla Direzione generale dell’Azienda Usl Toscana Sud Est di rappresentare con la massima forza e in tutte le sedi istituzionali la qualità, la sicurezza e il livello organizzativo che Campostaggia esprime e di essere pienamente coinvolti nel confronto con il Comitato percorso nascita nazionale e con il Ministero della Salute”. Inizia così la nota congiunta dei sindaci della Valdelsa (Casole d’Elsa, Colle di Val d’Elsa, Poggibonsi, Radicondoli e San Gimignano) a cui si uniscono i primi cittadini di Barberino Tavarnelle, Castellina in Chianti e Monteriggioni dopo il parere espresso dal Comitato percorso nascita nazionale, che respinge le richieste di deroga relativa al punto nascita di Campostaggia.
“La fiducia che tante donne e tante famiglie ripongono nella qualità dell’assistenza e nelle professionalità presenti nell’ospedale valdelsano – si legge ancora nella nota congiunta – conferma la qualità che Campostaggia ha raggiunto negli anni e rafforzato nell’ultimo anno con un nuovo primario, un aumento dei posti disponibili nel reparto di Pediatria, il nuovo consultorio, l’introduzione di nuove tecniche per il parto, la presa in carico anticipata delle donne durante la gravidanza e le sperimentazioni innovative, fra cui quella legata all’utilizzo dei visori. Elementi che vanno oltre i dati numerici e da cui deve partire ogni valutazione sul futuro del punto nascita valdelsano per tutelare un reparto dinamico e moderno, inserito in una rete più ampia, collegato agli altri presidi ospedalieri e aperto allo scambio di competenze, esperienze e conoscenze. Un vero e proprio modello dove è nata la prima esperienza di parto naturale, con un approccio a maternità e nascita che hanno reso questa esperienza all’avanguardia, e un presidio capace di evolversi nel tempo e che ancora oggi continua a investire sulla qualità e sulla sicurezza della sua attività”.
“Il generale calo demografico e la crisi della natalità che vede l’Italia fra i Paesi europei maggiormente colpiti – continua la nota – non ha risparmiato Campostaggia anche se mostra una capacità di tenuta significativa e più marcata rispetto ad altre realtà. Riteniamo profondamente sbagliato pensare di organizzare la sanità sulla base di numeri legati ai volumi di attività, come si legge nella relazione del Comitato percorso nascita nazionale, senza dare il giusto peso alla qualità e alla sicurezza del parto, all’organizzazione dei servizi, alla capacità di lavorare in rete e di rispondere alle esigenze concrete dei territori e delle persone. Questo mortifica le professionalità presenti e prospetta uno smantellamento che respingiamo con determinazione e al quale siamo pronti ad opporci con ancora più forza, continuando a coinvolgere le nostre comunità”.
“I numeri sono importanti – conclude la nota – ma la sanità si occupa di persone, delle loro vite e del diritto a ricevere cure di qualità. Da qui deve partire ogni decisione sul futuro del punto nascita di Campostaggia e chiediamo alla Regione Toscana e alla Direzione generale dell’Azienda Usl Toscana Sud Est di fare tutto quanto necessario per garantire il futuro del punto nascita di Campostaggia e, parallelamente, di accelerare il lavoro di progettazione di un possibile modello Hub & Spoke con l’ospedale Le Scotte di Siena per integrare ulteriormente le professionalità e le competenze presenti e coniugare sicurezza clinica, qualità dell’assistenza e prossimità delle cure”.
I sindaci
Andrea Pieragnoli, Casole d’Elsa; Piero Pii, Colle di Val d’Elsa; Susanna Cenni, Poggibonsi; Guarguaglini, Radicondoli; Andrea Marrucci, San Gimignano; David Baroncelli, Barberino Tavarnelle; Giuseppe Stiaccini, Castellina in Chianti; Andrea Frosini, Monteriggioni"
20260807114950,Unione,https://www.unionesarda.it/news-sardegna/agenda/gesico-al-via-la-festa-dellemigrato-h4o834so,,,,,,srclc:ita,"Gesico, al via la Festa dell’Emigrato
Si rinnova l’appuntamento con la manifestazione dedicata alle tradizioni, alla musica e alla riflessione sul futuro dei territori dell’interno
Per restare aggiornato entra nel nostro canale Whatsapp
Gesico, uno dei piccoli centri della Sardegna che negli ultimi decenni ha vissuto un significativo calo demografico e una forte emigrazione, rinnova l’appuntamento con la Festa dell'Emigrato dedicata alle tradizioni, alla musica e alla riflessione sul futuro dei territori dell’interno.
La manifestazione, giunta alla ventottesima edizione, prenderà il via stasera, venerdì 7 agosto, alle 18.30 con l'inaugurazione della Piazza Padre Fausto Cuccu, destinata a diventare un nuovo punto di ritrovo per la comunità. Alle 22 spazio alla musica con il concerto di Sara Ferrari e Ultrasound. Domani, sabato 8 agosto, sarà protagonista la tradizione con la 25ª Sagra della Bruschetta, in programma dalle 20, mentre dalle 22 andrà in scena lo spettacolo etnofolk dei Fantasias de Ballos, accompagnato dal 25° Torneo de Ballu Sardu. Le iscrizioni al torneo saranno gratuite e potranno essere effettuate direttamente durante la serata, con premi per le tre migliori coppie.
La giornata conclusiva, domenica 9 agosto, sarà dedicata anche a un tema che riguarda da vicino Gesico e molti altri paesi dell'interno: alle 17.30 si terrà il convegno “Spopolamento, Emigrazione e Integrazione”, occasione di confronto sulle sfide demografiche e sul ruolo delle comunità degli emigrati nel mantenere vivo il legame con i territori d’origine. Nel corso della serata saranno premiati i vincitori del concorso fotografico “Isola lontana, anima acanta”, mentre il riconoscimento “L'Emigrato dell'Anno” sarà consegnato nel corso dell’evento conclusivo. A chiudere la Festa dell'Emigrato 2026, alle 22, sarà il concerto dei Panky Alma Live con la partecipazione straordinaria di Matteo Trullu, noto al grande pubblico per la sua esperienza a The Voice.
L’edizione 2026 assume un significato particolare anche per la Pro loco di Gesico, che proprio in questi giorni celebra un importante anniversario. Il presidente Carlo Carta ricorda le origini dell’associazione: «Esattamente 35 anni fa nasceva ufficialmente l'Associazione Turistica Proloco Gesico. Fino al 7 agosto 1991 si chiamava Associazione Gruppo San Mauro e aveva tra i principali obiettivi quello di valorizzare il Monte Identitario di Gesico e tutte le tradizioni ad esso legate. Quel 7 agosto faceva caldo come in questi giorni, ma il ricordo più nitido era il nostro entusiasmo, stellare». Carta ripercorre poi il cammino compiuto in oltre tre decenni: «Praticamente abbiamo fatto tutto, quasi 1000 eventi all'attivo e quasi 100 format registrati. Tra i più conosciuti la “Sagra della Lumaca” e “Saboris Antigus”, ma il più bello è sempre quello che da buon ultimo è stato registrato, ma ancora in cantiere: “Il grillo d'oro”». Un anniversario che diventa anche momento di memoria e riconoscenza: «Oggi è la festa della Pro loco, dei nostri soci, di quelli che ci guardano e ci aiutano da lassù. Come non ricordare Antonello, Alessandra, Gigliola, Pierpaolo, Luisa, Marinella, tziu Omero e tziu Augusto». La Festa dell'Emigrato si conferma così non solo un appuntamento dedicato a chi ha lasciato Gesico, ma anche un’occasione per riaffermare l’identità di una comunità che continua a custodire le proprie radici e a guardare al futuro."
20260807104300,Money.it,https://www.money.it/novo-nordisk-rivede-l-outlook-al-rialzo-ma-il-titolo-affonda-ha-ancora-senso-tenerlo,,,,,,srclc:ita,"Novo Nordisk rivede al rialzo le proprie stime per l’intero anno, restringendo la forchetta del calo atteso dei ricavi e migliorando le previsioni sull’utile operativo: eppure il mercato risponde con una caduta del titolo superiore al 6%, un paradosso apparente che merita di essere scomposto con attenzione prima di trarre qualsiasi conclusione affrettata.
Quando un’azienda migliora le sue guidance e il titolo affonda comunque, ciò potrebbe segnalare che il mercato stava scontando aspettative ben più ottimistiche di quelle effettivamente consegnate, e che la revisione al rialzo, per quanto reale, non è bastata a colmare il divario tra ciò che gli investitori si attendevano e ciò che la società ha effettivamente prodotto.
Siamo di fronte ad una di quelle occasioni epocali?
I numeri che non bastano
La società danese ha comunicato ricavi rettificati nel secondo trimestre pari a circa 78,49 miliardi di corone danesi, equivalenti a circa $12,1 miliardi, con una crescita del 7% a cambi costanti. L’utile operativo rettificato ha segnato un progresso dell’11%, attestandosi a 33,39 miliardi di corone. La guidance per l’intero esercizio è stata aggiornata in senso favorevole: il calo atteso dei ricavi è stato rivisto da una forchetta del 4-12% a un intervallo compreso tra il 6% e lo zero, mentre il calo dell’utile operativo rettificato sembrerebbe contenuto fino a un massimo del 6% a cambi costanti.
Letti in isolamento, questi numeri racconterebbero la storia di un’azienda ancora in salute, capace di generare crescita in un contesto regolatorio tutt’altro che semplice. Il mercato, però, non legge mai i numeri in isolamento.
Il meccanismo che trasforma le buone notizie in delusioni
Il punto critico risiede nelle vendite della versione orale di Wegovy, la pillola a base di semaglutide lanciata negli Stati Uniti a gennaio 2026. Nel secondo trimestre queste hanno generato 3,22 miliardi di corone. La differenza in valore assoluto rispetto la guidance sembrerebbe trascurabile, ma nel linguaggio del mercato azionario ciò che conta non è la dimensione dello scarto bensì la direzione del segnale: la pillola Wegovy non ha battuto le stime, e questo ha pesato sul sentiment in modo del tutto sproporzionato rispetto alla cifra in questione.
Questo meccanismo porta un nome preciso nell’analisi finanziaria: «priced to perfection». Quando un titolo viene scambiato a multipli di valutazione elevati, costruiti su proiezioni di crescita particolarmente ambiziose, anche uno scostamento minimo rispetto a quelle proiezioni può innescare una correzione significativa. Ma qui qualcosa non torna perché i P/E fwd di Novo Nordisk oggi non sono affatto elevati. Il mercato quindi sta esagerando?
4 pressioni strutturali che cambiano il quadro
In realtà le preoccupazioni vanno ben oltre la pillola, ma sono riassumibili in 4 macro categorie:
- Il primo riguarda la riduzione della copertura Medicaid per i trattamenti dell’obesità negli Stati Uniti. Questa misura di politica sanitaria limiterebbe la platea di pazienti raggiungibili attraverso il rimborso pubblico, con un impatto potenziale sui volumi di prescrizione nel segmento demografico a più alto bisogno terapeutico e tradizionalmente meno accessibile al canale privato.
- Il secondo è l’accordo di prezzo «most favored nation» negoziato con l’amministrazione Trump, che imporrebbe a Novo Nordisk di allineare i prezzi praticati nel mercato statunitense ai livelli più bassi applicati in altri Paesi. Per un’azienda che storicamente ha potuto sfruttare il mercato americano come principale leva di marginalità, questo meccanismo potrebbe comprimere in modo strutturale la redditività su quello che rimane il teatro commerciale più rilevante al mondo per i farmaci a brevetto.
- Il terzo vettore riguarda la competizione con Eli Lilly, che con Zepbound e Mounjaro ha già acquisito quote di mercato significative nel segmento GLP-1. I risultati trimestrali di Eli Lilly attesi a breve potrebbero ridefinire ulteriormente l’equilibrio competitivo del settore, con ricadute dirette sulla percezione di Novo come operatore dominante della categoria.
- Un ulteriore elemento di riflessione riguarda la profondità della pipeline terapeutica. Novo Nordisk ha cercato di diversificare il proprio portafoglio oltre il perimetro dei GLP-1, ma i risultati recenti non sembrerebbero incoraggianti: un candidato farmacologico in ambito cardiovascolare ha mancato l’endpoint primario in una sperimentazione di fase avanzata, deludendo le aspettative di chi attendeva segnali di diversificazione strutturale. Questo non significherebbe necessariamente che il progetto strategico di lungo periodo sia compromesso, ma segnalerebbe che la dipendenza dal semaglutide e dal relativo mercato rimane elevata, con tutto ciò che questo comporta in termini di concentrazione del rischio.
Quindi ...
La vicenda di Novo Nordisk in questa fase potrebbe essere letta come un promemoria utile su una dinamica che riguarda molti titoli cresciuti rapidamente sulla scia di un tema narrativo potente: più il mercato costruisce aspettative elaborate attorno a un prodotto o a un’azienda, più la soglia che separa il «buono» dall’«abbastanza buono» diventa sottile e pericolosa.
La riflessione non dovrebbe essere se fidarsi dell’azienda, ma se il prezzo pagato per quella fiducia lasci ancora spazio sufficiente per un rendimento soddisfacente, tenuto conto di quanto il percorso potrebbe ancora rivelarsi accidentato."
20260807101300,Torino Oggi,https://www.torinoggi.it/2026/08/07/leggi-notizia/argomenti/politica-11/articolo/susa-e-olux-canalis-pd-senza-pediatri-la-montagna-muore.html,,,,,,srclc:ita,"""La congiuntura imprevista e sfavorevole del pensionamento improvviso del dottor Visca di Oulx e del trasferimento della dottoressa Bottes di Susa ad Avigliana hanno creato un vuoto pediatrico nell’alta val di Susa, che si aggiunge ai sempre più frequenti episodi di “scopertura pediatrica” nei vari ambiti della nostra Regione.
C’è sicuramente un problema di calo demografico (un pediatra di libera scelta può prendere in carico fino a 1.200 piccoli pazienti sotto i 14 anni, massimale sempre più difficile da raggiungere, soprattutto nelle aree montane), ma c’è anche un’insufficienza di pediatri, che fa sì che solo gli ambiti territoriali ben collegati e più popolosi vengano coperti con rapidità.
Plaudiamo pertanto alla reazione tempestiva dei sindaci e dell’AslTo3, ma non basta.
I sindaci hanno offerto un rimborso per i trasporti e l’alloggio e l’Asl ha immediatamente aperto una “carenza” per incarico temporaneo (quindi idonea sia per medici con titoli completi sia per medici specializzandi) e ha attivato con l’aiuto dei pediatri di Rivoli un ambulatorio pediatrico extra presso l’ospedale di Susa, ma sono molto preoccupata per le prossime settimane, quando le famiglie torneranno dalle vacanze.
L’ideale sarebbe far seguire tutti i minori sotto i 14 da un pediatra e non solo quelli fini ai 6 anni e soprattutto andrebbero seguiti non troppo lontano da casa e non solo in ospedale.
Le soluzioni ponte sono un tampone benefico ma non risolutivo.
Per coprire la carenza, la Regione valuti misure straordinarie, anche al di là degli incentivi previsti dal contratto nazionale e regionale per gli ambulatori dei pediatri di libera scelta in aree disagiate.
Il sostegno alla montagna non può essere uno slogan giornalistico: ora è il momento di dimostrarlo.
Senza pediatri le famiglie se ne vanno e la montagna muore"" così Monica Canalis, consigliera regionale PD."
20260807093226,Tpi,https://www.tpi.it/cronaca/social-uccidono-legami-stabili-intervista-chiara-saraceno-202608071248113/,,,,,,srclc:ita,"I social uccidono i legami stabili? Chiara Saraceno a TPI: “Le relazioni hanno bisogno di luoghi, tempi e occasioni per svilupparsi”
“L’apparente facilità di comunicazione data dalle nuove tecnologie non deve farci dimenticare che i rapporti richiedono impegno e investimento”. La sociologa spiega a TPI perché ci sentiamo sempre più soli: “Vivere nel costante timore del giudizio altrui può accrescere lo stress e il disagio mentale”
Una persona su sei nel mondo soffre di solitudine. A lanciare l’allarme è l’Organizzazione Mondiale della Sanità (Oms). Una condizione “invisibile” collegata a 871mila morti premature ogni anno, pari a circa 100 ogni ora. Viviamo in una società iperconnessa, eppure ci sentiamo sempre più soli. D’altronde i numeri parlano chiaro: in Italia le famiglie unipersonali rappresentano ormai oltre un terzo del totale. Una condizione non solo emotiva, ma che, secondo numerose ricerche internazionali, aumenta il rischio di malattie cardiovascolari, ictus, demenza. L’impatto dell’isolamento sociale sulla salute è dunque paragonabile a quello di fattori di rischio ben noti, come il fumo e l’obesità.
Nel dettaglio, secondo un importante studio pubblicato nel 2024 su Nature Mental Health, le persone che sperimentano una forte solitudine presentano un rischio di sviluppare una demenza superiore di circa il 31%. Inoltre, sul piano biologico, la solitudine cronica è associata a un aumento degli ormoni dello stress, come il cortisolo, a uno stato infiammatorio persistente e ad alterazioni della risposta immunitaria. Anche i dati pubblicati sulla rivista Heart confermano che l’isolamento sociale è associato a un aumento del 29% del rischio di malattie coronariche e del 32% di quello di ictus. Ne abbiamo parlato con la nota sociologa Chiara Saraceno, professoressa emerita dell’Università di Torino, tra le prime ad aver studiato nel nostro Paese la famiglia e i suoi cambiamenti.
Professoressa, viviamo in realtà sempre più ampie e connesse, eppure cresce il numero di persone che si sentono sole. Che cosa è cambiato nella struttura della nostra società negli ultimi decenni?
«Innanzitutto, il fatto che sia cresciuto il numero delle cosiddette famiglie unipersonali non significa di per sé che si tratti di persone sole. Vivono da sole, ma non è detto che siano prive di legami. Inoltre, il cambiamento demografico ha fatto sì che si viva più a lungo e si facciano meno figli. Quindi è più probabile che per un certo tempo ci si trovi a non vivere con qualcuno: magari perché i figli sono andati fuori e il proprio partner non c’è più. Non a caso tra i soli ci sono molti anziani, o persone che si sono separate o divorziate. Questo però, è bene ribadirlo, non significa che si è solitari, cioè senza altri contatti, né che si debba restare soli per tutta la vita. Non bisogna dimenticare poi i rischi per le persone molto anziane, che hanno bisogno di una rete attorno anche per le esigenze quotidiane, essendo piuttosto fragili. Sono fenomeni a cui assistiamo in tempi recenti, legati all’invecchiamento della popolazione e al fatto che si fanno pochi figli, per cui non esistono più le famiglie numerose di una volta. Rispetto alle precedenti generazioni, sono quindi aumentati gli anni in cui si può non vivere con i propri figli, pur avendoli adulti».
Come definirebbe la solitudine?
«La solitudine è la difficoltà ad avere relazioni significative, qualcuno su cui contare. Per cui si può essere soli anche quando si vive in compagnia di altri. Le ricerche, in particolare quelle dell’Istat, mostrano come oggi le persone su cui si può fare affidamento non siano più soltanto quelle della rete familiare stretta, ma spesso si tratta di amici. Questo è un fatto positivo, perché significa che i rapporti di fiducia e solidarietà non rimangono confinati alla parentela. Il sentirsi soli non riguarda esclusivamente gli anziani, come si potrebbe pensare superficialmente, ma un po’ tutte le fasce d’età. Anche se ovviamente per le persone in là con gli anni è più accentuato, perché diventa più difficile farsi nuovi amici. Le generazioni passate, inoltre, sono state poco abituate alla cura delle relazioni, specie al di fuori della cerchia lavorativa. Questo è molto più evidente tra gli uomini rispetto alle donne. Bisognerebbe essere educati sin da piccoli all’idea che le relazioni richiedono cura, tempo, devono essere nutrite».
Un’attenzione per l’altro che appare in contrasto con l’attuale società dell’iperconnessione.
«I mezzi di comunicazione di oggi, in particolare i social, ci danno l’idea che per comunicare non serva essere faccia a faccia, perché in fondo basta mandare un messaggio su WhatsApp. Bisogna però fare molta attenzione, perché si rischia poi di non essere in grado di relazionarsi nella realtà. L’apparente facilità di comunicazione data dai tanti strumenti disponibili non deve farci dimenticare che per avere delle relazioni stabili è richiesta una certa dose di impegno e investimento».
Questo isolamento sociale non riguarda solo gli anziani, ma sempre più anche i giovani. Quanto hanno influito i social, che rischiano di sostituire illusoriamente i rapporti reali? 
«Molti ragazzi è come se avessero sempre una vita in pubblico. Sono continuamente esposti al giudizio altrui, compreso quello di persone che non conoscono, perché qualsiasi cosa venga fatta – da una vacanza a ciò che si mangia – finisce sui social. Rischiano così di essere molto vulnerabili. C’è in queste nuove generazioni da una parte un eccesso di esposizione di sé, e dall’altra un forte condizionamento dovuto al giudizio degli altri, fino ad arrivare in alcuni casi a rinunciare a qualsiasi tipo di relazione faccia a faccia. Tutto ciò provoca una forte solitudine interiore, perché si arriva a non fidarsi neppure delle proprie relazioni più strette».
Questa solitudine cronica ha delle ricadute anche sulla salute, aumentando il rischio di insorgenza di diverse malattie. La società moderna sta diventando, in qualche modo, una fabbrica di stress biologico?
«Sicuramente aumenta il disagio mentale. Vivere nel costante timore del giudizio altrui, compreso quello di persone estranee, può accrescere lo stress e il disagio, con effetti anche sulla salute fisica. Dalle indagini più recenti sui giovani, ad esempio, emerge in molti un’ossessione per la cura del corpo e dell’immagine, per cercare a tutti i costi di apparire sempre più conformi a una sorta di standard condiviso. Una delle cose che mi colpisce e inquieta di più è che molte persone chiedano supporto psicologico all’intelligenza artificiale, cioè a una non-persona. Dal punto di vista sociologico, è un preoccupante indicatore di mancanza di fiducia nelle relazioni reali».
La solitudine dovrebbe essere considerata un problema di salute pubblica? Quali interventi concreti potrebbe introdurre la politica per contrastare questa tendenza?
«Bisogna favorire la creazione di situazioni non giudicanti in cui le persone si possano incontrare fisicamente, parlare, fare cose insieme. Questo gioverebbe molto alla socializzazione sia dei ragazzi che degli adulti. Anche la scuola dovrebbe essere un luogo in cui ci si possa incontrare sul serio. Servirebbero, insomma, spazi di socialità neutra, accoglienti, dove ciascuno possa portare le proprie idee e il proprio vissuto, senza che ci sia competizione. Le relazioni non nascono spontaneamente: hanno bisogno di luoghi, tempi e occasioni per svilupparsi»."
20260807080658,Ternitoday,https://www.ternitoday.it/blog/il-governo-meloni-scarica-sulla-scuola-il-proprio-fallimento-a-pagare-sono-terni-studenti-e-famiglie.html,,,,,,srclc:ita,"""Il Governo Meloni scarica sulla scuola il proprio fallimento. A pagare sono Terni, studenti e famiglie""
Per Sinistra italiana: ""Il dimensionamento scolastico non può essere affrontato come un'operazione contabile. Ridurre le autonomie scolastiche significa impoverire la scuola pubblica, indebolire la sua capacità organizzativa e allontanare le decisioni dai territori""
""Il Governo Meloni scarica sulla scuola il proprio fallimento. A pagare sono Terni, studenti e famiglie.
Il decreto con cui il Ministero dell'Istruzione e del Merito dispone l'accorpamento della Direzione Didattica Don Milani e dell'Istituto Comprensivo De Filis rappresenta l'epilogo di una vicenda gestita in modo irresponsabile dal Governo Meloni e dal ministro Valditara.
La cosa più grave è che tutto questo avviene dopo che il Consiglio comunale di Terni, all'unanimità, (fatta eccezione per la destra che ha abbandonato l'aula tentando di far mancare il numero legale per la votazione) aveva approvato un atto di indirizzo che chiedeva di accogliere la proposta della Regione Umbria: mantenere per quest'anno le 131 autonomie scolastiche con una sola reggenza, evitando interventi traumatici a poche settimane dall'inizio delle lezioni.
Quel voto è stato ignorato.
Ma soprattutto è stato ignorato il buon senso.
Questa vicenda dimostra come il Governo abbia trasformato la scuola in un terreno di scontro politico e istituzionale. Prima impone il dimensionamento con una legge nazionale, poi nomina un commissario straordinario per sostituirsi alla Regione; quindi, vede bocciare dal TAR il provvedimento del proprio commissario e, incredibilmente, decide di non difenderlo davanti al Consiglio di Stato.
Un comportamento contraddittorio che ha prodotto soltanto confusione e incertezza.
Nel frattempo, dirigenti scolastici, personale, famiglie e studenti sono stati lasciati per mesi senza sapere quale sarebbe stato il futuro delle loro scuole.
È inaccettabile che siano le comunità scolastiche a pagare il prezzo dell'incapacità politica del Ministero.
Il dimensionamento scolastico non può essere affrontato come un'operazione contabile. Ridurre le autonomie scolastiche significa impoverire la scuola pubblica, indebolire la sua capacità organizzativa e allontanare le decisioni dai territori.
Il calo demografico dovrebbe essere l'occasione per investire di più sulla qualità dell'istruzione: meno alunni per classe, maggiore inclusione, più tempo scuola, più attenzione alle fragilità.
Il Governo Meloni sceglie invece la strada opposta: tagliare autonomie, dirigenti e presìdi educativi.
Come Sinistra Italiana e Alleanza Verdi e Sinistra continueremo a opporci a questa politica miope e centralista.
Difendere oggi la Don Milani e la De Filis significa difendere tutte le scuole dell'Umbria e soprattutto un'idea di scuola pubblica fondata sull'autonomia, sulla qualità dell'offerta formativa e sul radicamento nei quartieri.
La scuola non può diventare la vittima delle guerre politiche tra istituzioni né essere utilizzata per fare propaganda. Merita rispetto, programmazione e investimenti. Il Governo ha scelto invece l'improvvisazione, lo scontro e i tagli. E di questo dovrà assumersi tutta la responsabilità.""
Sinistra Italiana – Federazione di Terni"
20260807080454,Terre Marsicane,https://www.terremarsicane.it/unione-dei-comuni-montagna-marsicana-via-libera-alla-strategia-integrata-per-lo-sviluppo-della-marsica/,,,,,,srclc:ita,"Avezzano -Il Consiglio dell’Unione ha approvato all’unanimità l’ordine del giorno per l’avvio della concertazione istituzionale e la valutazione di un Accordo di programma quadro insieme al Comune di Avezzano, alle Aree Interne e agli enti territoriali. L’obiettivo è la realizzazione di una strategia integrata di sviluppo territoriale che abbracci l’intero comprensorio della Marsica.
Il territorio marsicano si configura come un’area vasta, unitaria e di assoluto rilievo demografico, economico e sociale all’interno della Regione Abruzzo. L’Unione dei Comuni raggruppa infatti i 34 comuni montani, estendendosi su una superficie di 1.660,91 km² con circa 84.487 residenti, ai quali si aggiungono i 41.277 residenti del Comune di Avezzano.
Il provvedimento approvato dal Consiglio recepisce e valorizza la recente iniziativa istituzionale rilanciata dal sindaco di Avezzano, Gianni Di Pangrazio, mirata a promuovere un’azione strategica coordinata per i territori delle Aree Interne. Tale percorso si inserisce in un quadro di continuità con lo storico Progetto Marsica del 2015 e con le programmazioni comunitarie e regionali 2014-2020 e 2021-2027.
La peculiarità del territorio marsicano rappresenta un unicum nell’intero panorama regionale, comprendendo in forma unitaria il Comune di Avezzano in qualità di capofila dell’Area Funzionale Urbana, l’Unione dei Comuni Montagna Marsicana, e le due Aree Interne SNAI, ovvero Valle del Giovenco – Valle Roveto, coordinata dal Comune di Lecce nei Marsi, e Piana del Cavaliere – Alto Liri, coordinata dal Comune di Oricola, come ricordato da Lorenzo Berardinetti, sindaco di Sante Marie, in qualità di proponente dell’ordine del giorno.
“Questa configurazione amministrativa e gestionale integrata”, hanno spiegato il presidente dell’Unione dei Comuni, Settimio Santilli, e il sindaco Berardinetti, “costituisce una forza istituzionale strategica nei rapporti con i livelli di governo regionale, nazionale ed europeo, ponendo solide basi anche in vista della futura programmazione 2028-2034.
Con l’approvazione dell’ordine del giorno, il consiglio dell’Unione ha impegnato il presidente e gli organi esecutivi ad attivare tavoli di confronto istituzionale e tecnico con il Comune di Avezzano, i comuni coordinatori delle Aree Interne, la Regione Abruzzo e la Provincia dell’Aquila. Lo scopo è valutare concretamente la riattivazione di un coordinamento stabile e definire l’Accordo di Programma Quadro per la crescita economica, sociale e territoriale dell’intera Marsica."
20260807080000,Motor1,https://it.motor1.com/news/803984/crisi-auto-tedesca-analisi/,,,,,,srclc:ita,"Le chiusure degli stabilimenti e la paura della Cina dominano le notizie, ma siamo ben lontani dal tracollo: la ""crisi"" è gestibile"
20260807074802,Primaonline,https://www.primaonline.it/2026/08/07/480087/il-nuovo-numero-di-prima-e-in-edicola-a-milano-e-disponibile-subito-in-edizione-digitale/,,,,,,srclc:ita,"Il nuovo numero di ‘Prima comunicazione’ è in edicola e disponibile subito anche in edizione digitale
Acquista la singola copia a questo link o scegli sotto l’abbonamento che preferisci.
 Ricordiamo che l’edizione digitale è disponibile UN GIORNO PRIMA dell’uscita in edicola.
IN QUESTO NUMERO
Il numero di luglio-agosto di Prima è la fotografia di un settore che sta bruciando e, mentre brucia, si reinventa. Pubblicità, vendite e ascolti calano, gli ott continuano a mangiare terreno, e la risposta degli editori non è la ritirata ma la scommessa.
Ci occupiamo di questo mondo da oltre 50 anni e non ricordiamo una stagione altrettanto febbrile: non passa settimana senza un’acquisizione, una riorganizzazione, un imprenditore arrivato da un altro pianeta che decide di mettere soldi nei media. Segno che l’editoria, quando sembra più in difficoltà, diventa improvvisamente appetibile.
Leonardo Maria Del Vecchio ne è l’esempio perfetto: si compra QN Media e, per rilanciarla, chiama Mario Orfeo alla direzione editoriale. Un erede della Luxottica che scommette sulla carta stampata nel 2026: se non è un atto di fede, poco ci manca.
Theodore Kyriakou, l’imprenditore greco, ha fatto lo stesso con GEDI, un gruppo che ha urgente bisogno di essere ripensato e sul quale il nuovo azionista sta impostando una profonda riorganizzazione: conti da risanare, la Repubblica da rilanciare, sviluppo del digitale, video, eventi, nuove sinergie con Antenna e una squadra di uomini di fiducia a presidiare la governance.
Pier Silvio Berlusconi, sempre più preso dall’espansione internazionale di MFE – di cui ha ridisegnato l’organigramma piazzando i suoi fedelissimi nei posti chiave – non stacca comunque gli occhi dalla televisione italiana. E ha buoni motivi: Mediaset deve dominare il mercato nazionale per puntare dritto alla piattaforma europea che sfidi i colossi tecnologici americani. Un’ambizione che fino a un anno fa avremmo liquidato come un sogno.
A Torino, l’arrivo dell’editore Alberto Leonardis e del direttore Antonio Di Rosa ha restituito fiducia a una redazione, quella della Stampa, che negli ultimi anni aveva imparato a convivere con la rassegnazione.
A Genova al Secolo XIX si è chiusa, finalmente, la lunga e complicata convivenza tra Michele Brambilla e l’editore Pierfrancesco Vago. Il gruppo Blue Media, controllato da Msc, ha ora un compito tutt’altro che scontato: costruire una strategia editoriale vera, dopo aver avviato il rilancio del Secolo XIX con un nuovo sito digitale e la scommessa sui business collaterali della blue economy. Se c’è un filo che lega tutte queste storie, è che nessuno crede più di poter difendere lo status quo. Tutti, chi con più lucidità chi con più azzardo, stanno provando a reinventarsi. *
La storia più significativa, forse, è quella di Mondadori Digital: in pochi anni il Gruppo ha messo in piedi uno dei principali ecosistemi digitali italiani, con 137 milioni di follower complessivi. Nella lunga intervista a Prima, l’amministratore delegato Andrea Santagata racconta una strategia che tiene insieme contenuti, creator economy, ad-tech e crescita per acquisizioni, ricordando che la vera sfida “non è inseguire la tecnologia, ma mettere l’innovazione al servizio di un patrimonio costruito in oltre 100 anni di storia del gruppo”. Bella frase. Resta da vedere se, nei fatti, l’innovazione serva davvero il patrimonio o finisca per riscriverlo.
Perché il digitale non è solo opportunità: ha anche un lato inquietante, che riguarda il modo stesso in cui oggi si forma – o si deforma – l’informazione. Lo racconta la vicenda di Marco Gregoretti, veterano del giornalismo, che aveva scelto YouTube per continuare a raccontare i fatti. Dopo una crescita rapida di pubblico e visualizzazioni, ha chiuso il canale, denunciando un ecosistema che premia polemica e aggressività più di approfondimento e qualità. Ha poi riaperto il canale, ma la sua non è una parentesi: è un sintomo.
Su un piano ancora più inquietante si muove l’intervista a Stefano Amoroso, direttore della comunicazione di Leonardo, che introduce il tema della guerra cognitiva: nei conflitti di oggi non si colpiscono solo infrastrutture e reti, ma la capacità stessa dei cittadini di farsi un’opinione libera. Se la battaglia si sposta dentro le nostre teste, la domanda su chi la sta vincendo diventa urgente.
Dall’informazione digitale si passa alla televisione, dove broadcaster tradizionali e nuovi operatori ridisegnano palinsesti e strategie in un mercato reso sempre più nervoso dagli ott. Dopo aver raccontato le mosse di MFE e le nuove deleghe affidate da Pier Silvio Berlusconi ai suoi manager, Prima passa in rassegna i palinsesti dei principali broadcaster: Sky Italia, sotto la guida ormai riconoscibilissima di Giuseppe De Bellis, rafforza il posizionamento tenendo insieme informazione, sport, intrattenimento e cinema; Warner Bros. Discovery rilancia Nove raddoppiando Fabio Fazio e blindando le alleanze distributive; La7 continua a crescere puntando sull’informazione e guardando al digitale. Il palinsesto, ormai, non è più un’offerta: è una dichiarazione di strategia industriale.
Chiude il capitolo televisivo l’analisi della nuova narrazione manageriale con cui l’amministratore delegato Giampaolo Rossi prova a riposizionare la Rai e, insieme, se stesso. Per oltre un anno Rossi ha governato la Rai parlando pochissimo; negli ultimi mesi ha invece cominciato a raccontarla. Mettendo in fila i suoi interventi si vede un amministratore delegato entrato in una seconda fase del mandato, che dopo essersi consolidato dentro l’azienda lavora ora a ridefinire la propria reputazione pubblica come manager della più grande media company italiana.
C’è poi l’intervista con il sindaco di Torino, Stefano Lo Russo. Lo avevamo conosciuto un anno fa dopo aver sentito raccontare del lavoro programmato nella capitale sabauda con i fondi del Pnrr e, proprio adesso, a dare consistenza materiale a questo racconto sono arrivati i dati per cui, alla scadenza europea del 30 giugno, la Città di Torino e la Città metropolitana hanno raggiunto il 100% delle milestone previste per gli interventi di loro competenza. Non significa che tutti i cantieri siano terminati, ma che sono stati rispettati gli obiettivi fissati per questa fase del programma. Grande soddisfazione di Lo Russo che racconta la sua idea di città, i rapporti con una Torino in pieno sviluppo tecnologico, ma anche la preoccupazione per il calo demografico e la necessità di saper gestire l’immigrazione.
Ampio spazio anche allo sport e alla comunicazione. Antonio Rossi, campione olimpico e voce autorevole dello sport italiano, riporta il discorso dove dovrebbe sempre stare: sulle persone e sui valori, ricordando che la comunicazione resta prima di tutto credibilità, esempio, capacità di creare legami, non solo numeri di ascolto.
E il Giro d’Italia diventa il racconto di un brand: l’esperienza di Banca Mediolanum dimostra come una grande sponsorizzazione possa trasformarsi in leva di relazione e reputazione, ben oltre la semplice visibilità.
Nella sezione Comunicazione, infine, ricostruiamo il percorso di Ferrovie dello Stato nella costruzione di una nuova identità di gruppo e proponiamo l’intervista al ceo e chairman di WPP Media Italia, Massimo Beduschi, sulle sfide del nuovo mercato pubblicitario globale, sul potere delle piattaforme e sulla trasformazione delle agenzie media nell’era dell’intelligenza artificiale. E poi la svolta di Audicom, chiamata a inventare nuovi criteri di misurazione dell’audience in un mercato dove televisione, digitale e piattaforme sono ormai, piaccia o no, la stessa cosa.
Scegli l’abbonamento che preferisci o acquista la copia digitale
*
Nota al pezzo cartaceo del Secolo XIX:
La frase “la redazione digitalweb è guidata da Beatrice D’Oria” va sostituita con “la redazione digital è guidata da Dario Freccero”"
20260807074401,Innovation Post,https://www.innovationpost.it/tecnologie/robotica/mitsubishi-motors-punta-sugli-umanoidi-sviluppo-e-test-in-fabbrica-a-kyoto/,,,,,,srclc:ita,"Mitsubishi Motors ha firmato un accordo con la startup giapponese Highlanders per sviluppare, produrre e utilizzare robot umanoidi nei propri stabilimenti. Dopo una prima fase di test, l’idea è di arrivare alla produzione in serie nello stabilimento di Kyoto a partire dal 2027.
Umanoidi
Mitsubishi Motors punta sugli umanoidi: sviluppo e test in fabbrica a Kyoto
Mitsubishi Motors produrrà e utilizzerà i robot umanoidi sviluppati da Highlanders nella propria fabbrica di Kyoto. Ma il progetto potrebbe andare oltre il semplice “autoconsumo”: il colosso giapponese punta infatti a diventare hub di produzione degli umanoidi anche per il mercato…
Continua a leggere questo articolo
Argomenti
Canali
ROBOTICA
- 
La geografia della robotica in Italia: Lombardia, Toscana e Puglia guidano un settore da 1,1 miliardi 06 Ago 2026
- 
Ecco Gemini Robotics 2: la Physical AI di Google per bracci robotici e umanoidi 05 Ago 2026
- 
Gli USA bloccano le importazioni di robot umanoidi e inverter: “Questione di sicurezza nazionale” 29 Lug 2026
- 
Robot, cobot o umanoide? La Physical AI dall’hype alla maturità industriale: guida agli investimenti e agli errori da evitare in fabbrica 28 Lug 2026
- 
La Physical AI aumenta il peso dell’elettronica nella robotica: in un umanoide ci sono 2.000 chip 22 Lug 2026"
20260807065752,Merate Online,https://www.merateonline.it/notizie/158758/aizurro-scuolabus-lavelli-spiega-perche-viene-tolto-il-servizio,,,,,,srclc:ita,"Aizurro, scuolabus: Lavelli spiega perché viene tolto il servizio
    			Il servizio scuolabus dedicato agli alunni residenti ad Aizurro è destinato a non essere confermato nelle attuali modalità a partire dal prossimo anno scolastico. A chiarire la posizione dell’amministrazione comunale di Airuno è stato il sindaco Gianfranco Lavelli, che nei giorni scorsi ha risposto ufficialmente alla richiesta di informazioni presentata dai consiglieri del gruppo di minoranza CambiAmo Airuno-Aizurro, dopo che la questione era emersa durante una riunione della Consulta della frazione.
Nella lettera, datata 5 agosto, il primo cittadino parte innanzitutto dai numeri. Il contratto per il trasporto scolastico relativo al biennio 2024-2026 è infatti arrivato a scadenza e, in vista di un nuovo affidamento, gli uffici comunali hanno effettuato un’indagine informale di mercato per verificare i costi del servizio. Tre gli operatori economici ai quali è stato richiesto un preventivo. Il risultato, secondo quanto riferito dal sindaco, sarebbe stato tutt’altro che incoraggiante: rispetto agli attuali 91,85 euro al giorno, le offerte ricevute oscillerebbero tra i 176 euro giornalieri, con un aumento del 91%, e i 242 euro al giorno, pari a un incremento del 163%.
Parallelamente il Comune ha preso in esame anche l’andamento demografico dei bambini residenti ad Aizurro. Le proiezioni per il quinquennio compreso tra gli anni scolastici 2026/2027 e 2030/2031 parlano di un numero sostanzialmente stabile di possibili utenti della scuola primaria: tra i cinque e i sei bambini ogni anno. Un dato che, rapportato ai nuovi preventivi, avrebbe fatto lievitare il costo complessivo del servizio dagli attuali circa 16mila euro annui a circa 30.300 euro per l’anno scolastico 2026/2027. Una spesa che, secondo l’amministrazione, non sarebbe più sostenibile considerando il numero ristretto di beneficiari.
“Il costo complessivo del servizio supera in misura significativa gli ordinari parametri di economicità dell’azione amministrativa”, ha spiegato Lavelli nella risposta, sottolineando come il mantenimento dell’attuale organizzazione comporterebbe l’impiego di risorse pubbliche che potrebbero invece essere destinate ad altri interventi legati al diritto allo studio.
Da qui la scelta, che il sindaco definisce presa “con rammarico”, di procedere a una riorganizzazione del servizio attraverso la cessazione dello scuolabus dedicato alla frazione e la contestuale introduzione di un sostegno economico alle famiglie interessate. Il contributo dovrebbe essere stabilito in misura forfettaria e uguale per tutti gli aventi diritto, in considerazione delle condizioni territoriali e della sostanziale identica distanza dal plesso scolastico.
Nella sua risposta Lavelli insiste inoltre sul fatto che, secondo l’amministrazione, garantire il diritto allo studio non significhi necessariamente mantenere un servizio di scuolabus dedicato. L’alternativa individuata sarebbe quindi quella di mettere le famiglie nelle condizioni di organizzare autonomamente il trasporto dei figli attraverso un contributo economico comunale, cercando così di contenere la spesa pubblica.
Il primo cittadino ha poi ricordato che la questione non sarebbe stata affrontata senza un confronto preventivo con la frazione. Le valutazioni e le possibili soluzioni alternative erano state illustrate alla Consulta di Aizurro nella riunione del 25 giugno. Il giorno seguente si era poi svolto un incontro con le famiglie direttamente interessate, convocate nominalmente, durante il quale erano stati spiegati gli esiti dell’istruttoria, le ragioni che avrebbero portato alla cessazione del servizio e le modalità di sostegno ipotizzate. Le famiglie assenti sarebbero state successivamente informate.
Nella parte conclusiva della risposta Lavelli replica anche direttamente alla minoranza, ricordando come una soluzione simile fosse già stata prospettata dalla precedente amministrazione, “in gran parte rappresentata” proprio dai consiglieri che oggi hanno firmato la richiesta di chiarimenti. Alla luce dell’aumento dei costi, l’attuale giunta ha quindi deciso di riprendere quell’impostazione, ritenendola “oggi la scelta più sostenibile”.
Una decisione che il sindaco riconosce essere tutt’altro che semplice. Nelle sue parole si tratta infatti di una scelta “assunta a malincuore"", ma dettata dalla necessità di amministrare le risorse dell’ente in maniera sostenibile, cercando allo stesso tempo di continuare a garantire il diritto allo studio attraverso una modalità considerata più compatibile con le possibilità economiche del Comune.
CLICCA QUI per visualizzare la risposta integrale
    		
Nella lettera, datata 5 agosto, il primo cittadino parte innanzitutto dai numeri. Il contratto per il trasporto scolastico relativo al biennio 2024-2026 è infatti arrivato a scadenza e, in vista di un nuovo affidamento, gli uffici comunali hanno effettuato un’indagine informale di mercato per verificare i costi del servizio. Tre gli operatori economici ai quali è stato richiesto un preventivo. Il risultato, secondo quanto riferito dal sindaco, sarebbe stato tutt’altro che incoraggiante: rispetto agli attuali 91,85 euro al giorno, le offerte ricevute oscillerebbero tra i 176 euro giornalieri, con un aumento del 91%, e i 242 euro al giorno, pari a un incremento del 163%.
Parallelamente il Comune ha preso in esame anche l’andamento demografico dei bambini residenti ad Aizurro. Le proiezioni per il quinquennio compreso tra gli anni scolastici 2026/2027 e 2030/2031 parlano di un numero sostanzialmente stabile di possibili utenti della scuola primaria: tra i cinque e i sei bambini ogni anno. Un dato che, rapportato ai nuovi preventivi, avrebbe fatto lievitare il costo complessivo del servizio dagli attuali circa 16mila euro annui a circa 30.300 euro per l’anno scolastico 2026/2027. Una spesa che, secondo l’amministrazione, non sarebbe più sostenibile considerando il numero ristretto di beneficiari.
“Il costo complessivo del servizio supera in misura significativa gli ordinari parametri di economicità dell’azione amministrativa”, ha spiegato Lavelli nella risposta, sottolineando come il mantenimento dell’attuale organizzazione comporterebbe l’impiego di risorse pubbliche che potrebbero invece essere destinate ad altri interventi legati al diritto allo studio.
Da qui la scelta, che il sindaco definisce presa “con rammarico”, di procedere a una riorganizzazione del servizio attraverso la cessazione dello scuolabus dedicato alla frazione e la contestuale introduzione di un sostegno economico alle famiglie interessate. Il contributo dovrebbe essere stabilito in misura forfettaria e uguale per tutti gli aventi diritto, in considerazione delle condizioni territoriali e della sostanziale identica distanza dal plesso scolastico.
Nella sua risposta Lavelli insiste inoltre sul fatto che, secondo l’amministrazione, garantire il diritto allo studio non significhi necessariamente mantenere un servizio di scuolabus dedicato. L’alternativa individuata sarebbe quindi quella di mettere le famiglie nelle condizioni di organizzare autonomamente il trasporto dei figli attraverso un contributo economico comunale, cercando così di contenere la spesa pubblica.
Il primo cittadino ha poi ricordato che la questione non sarebbe stata affrontata senza un confronto preventivo con la frazione. Le valutazioni e le possibili soluzioni alternative erano state illustrate alla Consulta di Aizurro nella riunione del 25 giugno. Il giorno seguente si era poi svolto un incontro con le famiglie direttamente interessate, convocate nominalmente, durante il quale erano stati spiegati gli esiti dell’istruttoria, le ragioni che avrebbero portato alla cessazione del servizio e le modalità di sostegno ipotizzate. Le famiglie assenti sarebbero state successivamente informate.
Nella parte conclusiva della risposta Lavelli replica anche direttamente alla minoranza, ricordando come una soluzione simile fosse già stata prospettata dalla precedente amministrazione, “in gran parte rappresentata” proprio dai consiglieri che oggi hanno firmato la richiesta di chiarimenti. Alla luce dell’aumento dei costi, l’attuale giunta ha quindi deciso di riprendere quell’impostazione, ritenendola “oggi la scelta più sostenibile”.
Una decisione che il sindaco riconosce essere tutt’altro che semplice. Nelle sue parole si tratta infatti di una scelta “assunta a malincuore"", ma dettata dalla necessità di amministrare le risorse dell’ente in maniera sostenibile, cercando allo stesso tempo di continuare a garantire il diritto allo studio attraverso una modalità considerata più compatibile con le possibilità economiche del Comune.
CLICCA QUI per visualizzare la risposta integrale
        		E.Ma."
20260807051211,Buonasera - News,https://www.buonasera24.it/news/cronaca/926420/buoni-educativi-0-6-anni-il-20-per-cento-delle-famiglie-rischia-di-pagare-la-retta-per-intero.html,,,,,,srclc:ita,"Cerca
Il caso
07 Agosto 2026 - 07:12
Un asilo - archivio
BARI - Fratelli d’Italia torna sulla questione dei buoni educativi destinati ai bambini da 0 a 6 anni e attacca la Regione Puglia per la gestione del nuovo avviso. La presa di posizione arriva attraverso una nota del presidente Paolo Pagliaro, sottoscritta insieme ai consiglieri regionali Tonia Spina, Dino Basile, Luigi Caroli, Giannicola De Leonardis, Andrea Ferri, Nicola Gatta, Renato Perrini, Tommaso Scatigna, Antonio Scianaro e Giampaolo Vietri.
Il gruppo ricorda che già il 29 luglio il consigliere Giannicola De Leonardis aveva sollevato la questione, chiedendo alla Giunta regionale di accelerare la pubblicazione dell’avviso in vista dell’avvio delle attività degli asili previsto a settembre.
Secondo quanto riferito dai consiglieri di Fratelli d’Italia, il nuovo bando dispone di 60 milioni di euro, rispetto ai 70 milioni dell’anno precedente. Una riduzione che, sostengono, potrebbe impedire di soddisfare tutte le domande.
«Non si riusciranno a soddisfare tutte le richieste ma un 20 per cento di famiglie pugliesi resterà fuori dal bonus», affermano i consiglieri nella nota, richiamando anche le dichiarazioni attribuite all’assessore regionale Silvia Miglietta. Per le famiglie escluse, evidenziano, potrebbe quindi rendersi necessario sostenere integralmente il costo della retta.
Particolare preoccupazione viene espressa per i nuclei familiari nei quali lavorano entrambi i genitori e con redditi superiori a 75.000 euro, che secondo Fratelli d’Italia rischierebbero di essere maggiormente penalizzati. Il gruppo collega inoltre la questione all’aumento dell’Irpef regionale, criticando le scelte compiute dall’amministrazione guidata dal presidente Antonio Decaro.
La nota punta poi l’attenzione sulle dimensioni del settore interessato. Secondo i dati riportati dai consiglieri, in Puglia sarebbero coinvolti circa 500 servizi educativi accreditati, con 7.000 lavoratori, il 95 per cento dei quali donne, e circa 14.000 famiglie.
Per Fratelli d’Italia il problema riguarda anche le tempistiche. Il bando si chiuderà alla fine di agosto e, secondo la previsione contenuta nel comunicato, le graduatorie degli ammessi al finanziamento e i successivi contratti con i gestori potrebbero essere disponibili non prima di novembre 2026.
«Il governo regionale ancora una volta dimostra incapacità amministrativa e assenza di programmazione su un argomento di fondamentale importanza», sostengono i consiglieri, denunciando l’incertezza che, a loro giudizio, riguarda contemporaneamente famiglie, lavoratori e gestori delle strutture.
La critica si estende infine alle politiche regionali a sostegno della natalità e delle giovani coppie. Secondo Fratelli d’Italia, le difficoltà nell’accesso ai servizi educativi e i maggiori costi a carico delle famiglie contribuirebbero ad aggravare il problema demografico.
«La politica del centrosinistra è incapace di strutturare un efficace sistema che aiuti i giovani e le famiglie a guardare con fiducia al futuro anziché fuggire dalla nostra terra», conclude la nota.
I più letti
Testata: Buonasera
ISSN: 2531-4661 (Sito web)
Registrazione: n.7/2012 Tribunale di Taranto
La società percepisce i contributi di cui al decreto legislativo  15 maggio 2017, n. 70. Indicazione resa ai sensi della lettera f) del comma 2 dell’articolo 5 del medesimo decreto legislativo
_________________________________________________________________
La testata aderisce all'Istituto di Autodisciplina pubblicitaria  www.iap.it
Piazza Giovanni XXIII 13 | 74123 | Taranto
Telefono: (+39)0996960416
Email: redazione.taranto@buonasera24.it
Pubblicità : pubblicita@buonasera24.it
Editore: SPARTA Società Cooperativa
Via Parini 51 | 74023 | Grottaglie (TA)
Iva: 03024870739
Presidente CdA Sparta: CLAUDIO SIGNORILE
Direttore responsabile: FRANCESCO ROSSI
Presidente Comitato Editoriale: DIEGO RANA"
20260807040055,Tutte Le Ultime Notizie,https://www.ilrestodelcarlino.it/cesena/cronaca/incentivi-alle-famiglie-numerose-di-5771aceb,,,,,,srclc:ita,"Legare i giovani alla collina e alla montagna, non facendo leva sul sentimentalismo ma sulle condizioni propizie. Il termine in auge è ’restanza’, antidoto alla lontananza: non permanenza statica, ma progettualità d’impresa, grazie al ricambio generazionale oppure ex novo.
Enrico Cangini, sindaco di Sarsina (243 metri sul livello del mare): la restanza dei giovani è un obiettivo politico?
""In un mondo in cui il capitale umano è diventato la risorsa più scarsa, riuscire ad attrarre e trattenere i giovani è una priorità, specie per i territori collinari. Negli ultimi anni vediamo sempre più ragazzi scegliere di investire qui, avviando attività soprattutto nei settori agricolo e turistico-ricettivo. Il bando del Gal dedicato alle startup extra-agricole, che ha assegnato contributi di 30 mila euro a giovani imprenditori sarsinati"".
Con quali strumenti e progettualità si sta muovendo il comune di Sarsina?
""Interveniamo su più frontre su più fronti. Insieme agli imprenditori della meccanica della Valle del Savio abbiamo fondato un istituto tecnico industriale di meccatronica che quest’anno ha diplomato i suoi primi primi studenti, costruendo un’economia circolare tra la scuola e le imprese del territorio. È stato siglato un accordo tra Comune e Bcc di Sarsina grazie al quale, per giovani famiglie che acquistano o ristrutturano la prima casa a Sarsina, il Comune abbatte il costo degli interessi per dieci anni. È stata realizzata la gratuità dell’asilo nido, dei trasporti e altro ancora"".
Come dovrebbe operare il sistema territoriale per evitare l’esodo dai piccoli comuni?
""Serve a monte la consapevolezza diffusa che chi vive in montagna svolge un servizio pubblico di presidio del territorio e di prevenzione del dissesto anche per chi sta a valle. Alle misure economiche bisogna affiancare un’azione culturale, valorizzando il settore primario e il privilegio di vivere a contatto con la natura. L’intelligenza artificiale trasformerà molti lavori intellettuali e il valore delle professioni legate al territorio crescerà. È qui che si deve lavorare"".
In che modo, sindaco?
""Sto lavorando a un progetto culturale per il 2027: un festival di due giorni dedicato all’economia delle aree periferiche, che ho ribattezzato ’Economia ascendente’, cioè l’economia di chi sceglie di cambiare prospettiva e guardare verso l’alto"".
C’è raccordo in questa direzione nella Unione dei Comuni?
""Purtroppo ci si muove singolarmente. In uno scenario di forte declino demografico è inevitabile che si apra una competizione tra territori per attrarre nuovi residenti. Il rischio sono gli spostamenti da un Comune all’altro, nella logica del ’mors tua, vita mea’. Bisogna lavorare sulla natalità"".
Con quali azioni? Può fare un esempio misurabile?
""Il comune di Sarsina sta valutando di applicare il cosiddetto fattore famiglia a beneficio dei nuclei più numerosi"".
L’inverno demografico sta falcidiando il paese di Sarsina?
""Avviene specie per le nascite, circa la metà dei decessi annui, tuttavia il trend demografico, dopo decenni di calo, si è stabilizzato. A inizio mandato, nel 2022 c’erano 3.290 residenti, oggi sono 3.307. Da un lato famiglie lasciano la città alla ricerca di migliore qualità della vita e di un rapporto più diretto con la natura, dall’altro c’è chi sceglie Sarsina anche per il costo più accessibile delle abitazioni"".
Trattenere i giovani: concludendo, lei è fiducioso?
""Abbiamo insegnato ai giovani che per avere successo bisognava scendere a valle. La sfida oggi è dimostrare che si può costruire futuro anche salendo verso l’alto""."
20260807040000,Tp24,https://tp24.it/2026/08/07/sanita/curarsi-al-nord-la-fuga-dalla-sicilia-continua-trapani-e-tra-le-province-peggiori/237676,,,,,,srclc:ita,"Curarsi al Nord, la fuga dalla Sicilia continua. Trapani è tra le province peggiori
Per migliaia di siciliani la diagnosi di una malattia grave segna l'inizio di un secondo viaggio, spesso lungo centinaia di chilometri. È quello della mobilità sanitaria, che continua a spingere molti pazienti a lasciare l'Isola per curarsi negli ospedali del Centro e del Nord Italia. Un fenomeno che pesa soprattutto nell'oncologia e che vede la provincia di Trapani tra le aree siciliane con il più alto tasso di emigrazione sanitaria.
I dati più recenti confermano una tendenza consolidata: quando si tratta di affrontare interventi chirurgici complessi, in particolare per i tumori, molti pazienti scelgono – o sono costretti – a rivolgersi a strutture fuori regione, affrontando non solo la malattia, ma anche i costi dei trasferimenti, degli alloggi e lunghi periodi lontano da casa.
Trapani maglia nera in Sicilia
Secondo l'ultima Analisi del contesto demografico e del profilo di salute della popolazione siciliana, elaborata dall'assessorato regionale alla Salute, la provincia di Trapani registra i valori più elevati di mobilità sanitaria extraregionale.
Tra gli uomini il tasso raggiunge il 7,2%, contro una media regionale del 4,8%. Tra le donne arriva al 6,1%, a fronte di una media siciliana del 4,1%.
Numeri che collocano Trapani davanti a tutte le altre province dell'Isola e che raccontano una difficoltà ormai strutturale nell'offerta sanitaria del territorio.
I tumori spingono i pazienti fuori dall'isola
Il fenomeno è particolarmente evidente nelle cure oncologiche.
Secondo i dati disponibili, il 28% dei pazienti siciliani con tumore alla prostata viene operato fuori dalla Sicilia. Per il tumore al polmone la mobilità riguarda il 17,9% dei pazienti, mentre per il tumore della mammella la quota è del 9,1%.
Le destinazioni sono quasi sempre le stesse: Lombardia, Veneto, Emilia-Romagna, Toscana e Lazio, dove si concentrano alcuni dei principali poli oncologici italiani.
Non è solo un viaggio, è una prova per le famiglie
Dietro le statistiche ci sono storie di persone costrette a lasciare la propria casa per settimane.
L'associazione ""A Casa Lontani Da Casa"", che offre accoglienza ai pazienti costretti a curarsi lontano dalla propria regione, evidenzia che oltre la metà delle richieste riguarda malati oncologici e che circa il 65% delle persone assistite proviene dal Sud e dalle Isole. La Sicilia è una delle regioni da cui arrivano più richieste di supporto.
Nel 70% dei casi il soggiorno fuori casa dura fino a una settimana, ma nel 15% supera i quindici giorni, spesso con trasferte ripetute durante il percorso terapeutico.
Dal 2022 al 2025 l'associazione ha assistito oltre 8 mila pazienti e caregiver ogni anno, offrendo posti letto, sostegno logistico, buoni spesa, voucher per i trasporti e supporto psicologico.
Un problema che va oltre la sanità
La mobilità sanitaria non rappresenta soltanto un indicatore dell'efficienza del sistema sanitario, ma anche un costo sociale ed economico per migliaia di famiglie.
Ansia, incertezza, difficoltà organizzative si aggiungono al peso della malattia.
Per la provincia di Trapani il dato assume un significato ancora più rilevante. Negli ultimi anni il territorio è stato al centro del dibattito sulla sanità siciliana, culminato con il caso dei ritardi nella refertazione degli esami istologici all'Asp di Trapani, che ha acceso i riflettori sulle criticità dell'assistenza oncologica. Pur trattandosi di fenomeni diversi, entrambi raccontano una stessa realtà: la fiducia dei cittadini nel sistema sanitario locale resta fragile e, quando si tratta di affrontare patologie gravi, molti continuano a guardare agli ospedali del Nord come alla soluzione più sicura.
Trapani. La notte più magica dell'estate trapanese si accende nella splendida cornice di Baglio Sorìa. Lunedì 10 agosto, dalle ore 20:00 all’una di notte, la tenuta Firriato spalanca le porte per...
Per migliaia di siciliani la diagnosi di una malattia grave segna l'inizio di un secondo viaggio, spesso lungo centinaia di chilometri. È quello della mobilità sanitaria, che continua a spingere molti pazienti a lasciare...
C'è una canzone nuova, ma soprattutto un nuovo percorso artistico. È quello che Gulino, voce storica dei Marta sui Tubi, porterà sul palco di Villa Genna domenica 9 agosto, all'interno della rassegna 'A...
Accelera l’iter per la realizzazione del nuovo servizio di Radioterapia e per l’ampliamento dell’ospedale “Sant’Antonio Abate” di Trapani. L’Azienda sanitaria provinciale, infatti, compie un passo decisivo..."
20260807031807,La Nazione,https://www.lanazione.it/umbria/cronaca/maturita-ecco-i-risultati-crescono-654ebb24,,,,,,srclc:ita,"L’Umbria continua a distinguersi tra le regioni italiane per il numero di studenti che concludono le scuole superiori con il massimo dei voti. Dopo i 318 diplomati con 100 e lode dell’anno scolastico 2024/2025, pari al 4,4% del totale dei maturati, quest’anno la quota sale al 4,7% (324), confermando una crescita costante delle eccellenze scolastiche e mantenendo la regione ben al di sopra della media nazionale, ferma al 2,9%.
Il dato del Ministero dell’Istruzione assume ancora più valore se confrontato con il recente passato. Nel 2024/2025 i diplomati con lode erano aumentati rispetto all’anno precedente, passando dal 3,8% al 4,4% dei maturati umbri: un incremento di 0,6 punti percentuali, pari a circa il 16% in termini relativi. Quest’anno si registra un ulteriore balzo dal 4,4% al 4,7%, cioè altri 0,3 punti percentuali, con una crescita relativa di quasi il 7%. In due anni l’incidenza dei ""100 e lode"" è così passata dal 3,8 al 4,7%, con un aumento complessivo di 0,9 punti percentuali, pari a circa il 24 per cento.
C’è però un’altra osservazione interessante: crescono le lodi sì, ma aumentanto pochissimo in termini assoluti (+6), mentre aumenta soprattutto la loro incidenza sul totale dei diplomati. Questo lascia intendere che i diplomati complessivi in Umbria siano leggermente diminuiti rispetto all’anno precedente, dato che conferma il problema demografico che ormai ha raggiunto anche quei livelli scolastici, non solo dunque a livello di scuole primarie.
Anche nel confronto con il resto del Paese l’Umbria conferma una posizione di assoluto rilievo. Calabria e Puglia guidano la graduatoria con il 6,1% di diplomati con lode, seguite dalla Sicilia (4,7%). L’Umbria raggiunge proprio il 4,7%, superando la Campania (4,4%) e distanziando nettamente Lazio (2,3%), Piemonte (1,6%), Veneto (1,4%) e Lombardia, che si ferma all’1%.
A livello nazionale i diplomati con 100 e lode sono passati da 13.857 del 2024/2025 a 14.123 nel 2025/2026.
Dietro questi numeri resta aperto il dibattito sulla distribuzione territoriale delle eccellenze. Lo stesso Ministero osserva come le regioni con la maggiore incidenza di lodi coincidano spesso con quelle che nelle prove Invalsi ottengono risultati meno brillanti, segno che la vallutazione risente più di parametri soggettivi rispetto a quelli oggettivi.
Michele Nucci"
20260806192318,Laleggepertutti,https://www.laleggepertutti.it/818192_denatalita-il-62-rinuncia-ai-figli-stipendi-bassi-e-asili-vuoti,,,,,,srclc:ita,"L’Italia tocca il minimo storico di nascite. Oltre due milioni di persone non fanno figli per problemi economici e paure legate alla carriera. L’Italia si svuota. Nel 2025 le nascite hanno toccato il nuovo minimo storico con appena 355mila neonati. Questa frenata demografica non deriva da una scelta libera e consapevole, ma da una profonda [...]"
20260806185539,Scenari Economici,https://scenarieconomici.it/germania-la-grande-illusione-immobiliare-e-finita-le-case-restano-invendute-e-la-crisi-spaventa-le-banche/,,,,,,srclc:ita,"EconomiaGermaniaImmobiliare
Germania, la grande illusione immobiliare è finita: le case restano invendute e la crisi spaventa le banche
Il mercato immobiliare tedesco entra in crisi con cali reali fino al 5,9%. Le vendite si fermano, le richieste crollano del 35% e la contrazione dei valori rischia di colpire i bilanci delle banche.
La locomotiva tedesca si sta scontrando con una dura realtà che per troppi anni è stata ignorata. Il mercato immobiliare della Germania è entrato ufficialmente in una nuova fase di profonda sofferenza. L’illusione di prezzi che sembrano ancora salire nasconde in verità un crollo reale dei valori. Questo blocco della domanda rischia di non fermarsi al mattone, ma di travolgere il sistema creditizio e bancario tedesco.
I venditori rimangono con le loro proprietà bloccate per mesi, gli acquirenti non riescono più a ottenere finanziamenti sostenibili e le nuove norme europee sulle ristrutturazioni spaventano chiunque voglia investire.
Il trucco dell’inflazione: prezzi nominali contro prezzi reali
A una prima lettura superficiale, i dati di facciata potrebbero ingannare. Se si guardano soltanto i cartellini dei prezzi senza considerare l’aumento del costo della vita, il mercato sembra tenere. Ma la realtà economica è del tutto diversa.
Secondo l’ultimo report dell’indice GREIX, elaborato dal prestigioso Kiel Institut für Weltwirtschaft (IfW), i prezzi reali delle abitazioni sono tutti in pieno territorio negativo.
L’impatto dell’inflazione erode l’effettivo potere d’acquisto di chi vende. Se incassi la stessa cifra nominale dell’anno prima, ma con quei soldi puoi comprare molto meno, stai subendo una perdita secca.
Per capire l’ampiezza di questo calo, basta osservare i dati del secondo trimestre confrontati con l’anno precedente:
Il crollo più pesante colpisce proprio gli edifici plurifamiliari. Si tratta degli immobili tipicamente destinati all’affitto o all’investimento, dove il valore reale scende di quasi sei punti percentuali in un anno.
Gli annunci restano vuoti: il crollo delle richieste
Gli esperti del Kiel Institut sottolineano come la dinamica si stia invertendo. Sempre più spesso i proprietari sono costretti a tagliare le richieste iniziali pubblicate sui portali immobiliari.
In passato questo fenomeno è sempre stato il segnale inequivocabile di una fase di forte debolezza del mercato.
I dati degli operatori sul campo confermano il momento critico. Benjamin Lorenz, amministratore delegato del portale di intermediazione Homeday, traccia un quadro preoccupante per chi cerca di vendere. Nella prima metà dell’anno le proprietà messe in vendita sono aumentate del 15% rispetto ai mesi precedenti, ma i compratori sono spariti.
Su diverse piattaforme online alcuni immobili registrano fino al 35% di richieste in meno rispetto allo stesso periodo dello scorso anno.
Chi spara cifre troppo alte fuori mercato si ritrova con la casa bloccata per un tempo indeterminato. I tempi di vendita si allungano a dismisura e gli acquirenti rimasti sono diventati spietati nelle trattative. Questo significa che il mercato immobiliare funziona solo in teoria: in pra
La morsa del credito e l’incubo delle norme ecologiche
I motivi di questa frenata improvvisa sono chiari e toccano da vicino il portafoglio delle famiglie:
- In primo luogo ci sono i tassi di interesse sui mutui, stabilizzati attorno al 4%. A prima vista può sembrare una cifra normale dal punto di vista storico, ma, rispetto all’era dei tassi azzerati, significa che la rata mensile per acquistare un’abitazione è raddoppiata o persino triplicata.
- In secondo luogo pesa la grave incertezza legata alle direttive energetiche e all’obbligo di ristrutturazione degli edifici vecchi.
- Infine c’è il problema di redditi che non crescono più come un tempo, anzi con la crisi del reddito questo è diventato più incerto, vista la crisi industriale in corso.
I costi dei materiali da costruzione e della mano d’opera sono schizzati alle stelle. A questo si aggiungono le continue discussioni sulle nuove norme per i sistemi di riscaldamento e i vincoli ecologici.
Chi compra sa che oltre al prezzo della casa dovrà tirare fuori decine o centinaia di migliaia di euro per adeguare l’immobile. Il risultato è scontato: per i vecchi edifici il valore crolla e le famiglie preferiscono rinunciare all’acquisto.
Non va trascurato il problema demografico e geografico. Le famiglie cercano case grandi vicino ai posti di lavoro o nei centri urbani serviti. Lì però l’offerta scarseggia e i costi sono insostenibili. Le case disponibili in periferia o nelle zone rurali distanti non interessano a nessuno. Di conseguenza, il mercato semplicemente si ferma.
Dalla crisi del mattone al rischio per il sistema bancario
Questo blocco del settore immobiliare porta con sé una minaccia ancora più seria per l’intera economia. Non si tratta soltanto di proprietari insoddisfatti o di agenzie in difficoltà, ma di un problema strisciante per il sistema creditizio.
Le banche tedesche ed europee detengono a bilancio miliardi di euro in prestiti e mutui garantiti proprio da questi immobili. Quando i prezzi delle case scendono e il mercato si paralizza, il valore delle garanzie poste a copertura dei prestiti si riduce. Se il valore dell’immobile scende al di sotto dell’importo del mutuo concesso, la banca si trova scoperta.
Se a questo uniamo il rischio che le famiglie o le piccole imprese non riescano più a pagare le rate , le sofferenze bancarie (i cosiddetti crediti deteriorati) inizieranno inevitabilmente a salire. Una banca che vede peggiorare la qualità dei propri attivi risponde sempre nello stesso modo: chiudendo i rubinetti del credito.
Questo fenomeno di stretta creditizia rischia di innescare una spirale negativa. Senza nuovi prestiti, sia l’edilizia sia i consumi privati subiscono un’altra pesante frenata, portando l’economia reale direttamente verso la recessione.
La Germania si trova quindi di fronte a un bivio pericoloso. La bolla immobiliare accumulata in anni di tassi zero si sta sgonfiando. Senza una ripresa della domanda reale e una semplificazione dei costi burocratici ed energetici, il crollo delle compravendite potrebbe presto trasformarsi nell’ennesimo mal di testa per gli istituti di credito europei. Tutti ovviamente stanno facendo finta di nulla, che tutto sia normale, ma non è assolutamente così."
20260806161927,Primo Numero News,https://www.primonumero.it/2026/08/castel-del-giudice-2050-il-diritto-di-restare-incontra-il-desiderio-di-arrivare/1530906957/,,,,,,srclc:ita,"Castel del Giudice 2050: il “diritto di restare” incontra il “desiderio di arrivare”
Castel del Giudice ha già ampiamente dimostrato come la marginalità di un territorio a rischio spopolamento possa trasformarsi in un modello virtuoso di rigenerazione fisica e abitativa. L’esempio più virtuoso è quello di Borgotufi, l’albergo diffuso nato dal recupero e dal restauro conservativo di antiche stalle e fienili nel pieno rispetto dell’assetto originario.
Oggi, tuttavia, il comune molisano intende compiere un ulteriore passo in avanti e lanciare una sfida ancora più ambiziosa: con la pubblicazione del Manifesto per la Rigenerazione Appenninica, Castel del Giudice punta a superare l’idea di semplice borgo da visitare per candidarsi a diventare un Hub di Rigenerazione permanente. Un passaggio fondamentale che sposta il focus dal mero restauro delle pietre alla rivitalizzazione delle funzioni vitali del territorio: demografia, economia e servizi.
La visione proiettata verso il 2050 punta a trasformare Castel del Giudice in un vero e proprio ecosistema in cui la memoria storica dei residenti possa dialogare con l’innovazione portata dai nuovi abitanti. Più che una strategia di marketing, si tratta di un atto di coraggio collettivo orientato al raggiungimento di un equilibrio demografico dinamico. Un laboratorio sociale in cui il “diritto di restare” della comunità storica incontra il “desiderio di arrivare” di chi ricerca una nuova dimensione di vita.
Il progetto“Riabitare Castel del Giudice” non si rivolge a spettatori o turisti temporanei, ma chiama a raccolta persone e famiglie disposte a mettersi in gioco come veri e propri “architetti del futuro”.
A fronte di un’amministrazione e di una comunità che mettono a disposizione un patrimonio abitativo pronto al riuso e un modello di governance partecipativa, ai nuovi arrivati si richiede l’impegno a integrare le proprie competenze con il tessuto e la cultura locale, così da innescare nuovi cicli virtuosi di sviluppo.
Per tradurre la visione in azioni concrete, il progetto ha visto l’attivazione di tre Cantieri Sistemici operativi:
- Cantiere Demografia: finalizzato a trasformare l’accoglienza in residenzialità consapevole, superando la logica delle “porte girevoli”.
- Cantiere Economia: volto a generare valore reale ed autonomo dai finanziamenti esterni, raccordando il lavoro da remoto con le filiere locali.
- Cantiere Servizi: strutturato per garantire un “welfare di precisione” e soluzioni di mobilità efficaci, capaci di rendere la vita in montagna una scelta di benessere moderno.
L’invito a farsi avanti è aperto a chiunque intenda mettere il proprio talento a servizio del cambiamento di un intero territorio, per guidare una rivoluzione silenziosa contro lo spopolamento.
Per iscriversi e partecipare al cantiere “Riabitare Castel del Giudice – Diventa Castellano”, è possibile compilare il modulo disponibile al link ufficiale"
20260806121151,Padovaoggi,https://www.padovaoggi.it/attualita/padova-industria-unioncamere-santocono-6-agosto-2026-1.html,,,,,,srclc:ita,"Produzione in crescita: nell'industria veneta segnali positivi ma resta il divario tra i settori
Secondo i dati di VenetoCongiuntura, la produzione sale del 3,3% su base annua, a Padova crescita dell'1,1%, ma pesa ancora l'incertezza dello scenario internazionale. Santocono presidente di Unioncamere: «Manca crescita vera»
Tra aprile e giugno, la variazione congiunturale destagionalizzata della produzione industriale in Veneto ha registrato una crescita del +1,2%. La crescita si attesta sul +3,3% su base tendenziale, ma con forti disomogeneità tra le diverse filiere, in cui trainano i comparti ad alta intensità tecnologica mentre i settori tradizionali e ad alto valore aggiunto per la nostra regione sono stazionari. Il grado di utilizzo degli impianti si attesta circa a 72%, in recupero rispetto al primo trimestre dell’anno.
Gli ordinativi evidenziano una crescita sia sul mercato estero (+3,0%) sia su quello interno (+2,4%). Anche il fatturato è in aumento, registrando una crescita del +2,7% su base annua. Le attese degli imprenditori per il periodo estivo, tra luglio e settembre, rimangono in linea con quelle del secondo trimestre 2025 riflettendo una sostanziale stabilità del clima di fiducia
nel breve periodo. Sono i risultati principali di VenetoCongiuntura, l’analisi congiunturale sull’industria manifatturiera realizzata da Unioncamere del Veneto su un campione di circa 2.200 imprese con almeno 10 addetti, cui fa riferimento un’occupazione complessiva di oltre 99mila addetti. 
«Si tratta di un quadro di tenuta e buona capacità di adattamento al complesso scenario internazionale, segnato da continui conflitti politici, commerciali e militari – commenta il Presidente di Unioncamere del Veneto e della Camera di Commercio di Padova Antonio Santocono - Ci sono alcuni indicatori positivi, come gli investimenti delle imprese in macchinari e tecnologie che continuano a crescere e l'automotive che è in forte ripresa grazie alla crescita delle immatricolazioni, in particolare di veicoli elettrici e ibridi. Quindi il bilancio di metà anno fa emergere l’immagine di un’industria veneta e padovana resiliente, che tuttavia anche nel prossimo futuro si troverà a dover affrontare cambiamenti e riassetti degli equilibri internazionali. La tenuta è un bene perché le nostre imprese, di fronte alle difficoltà, riescono a essere resilienti, ma mancano la crescita solida e quel passo di slancio duraturo».
E continua: «Come sistema economico e camerale è nostro compito supportare le imprese durante questa fase cruciale di trasformazione. Se fino al 2027 l'economia beneficerà dell'effetto trainante delle risorse del PNRR e di Transizione 4.0/5.0, dal 2028, con il ridimensionamento della spesa pubblica straordinaria, la tenuta e la competitività del sistema dipenderanno esclusivamente dalla nostra capacità di incrementare la produttività, fare riforme e agganciare la transizione tecnologica dell'IA. Dobbiamo quindi accompagnare le imprese nell'adozione delle nuove tecnologie digitali per diventare protagonisti dei processi di innovazione, favorire la riqualificazione del capitale umano per contrastare il declino demografico e l'invecchiamento della forza lavoro, semplificare gli iter amministrativi per agevolare gli investimenti privati e l'internazionalizzazione verso nuovi mercati. E per farlo è indispensabile uno sforzo di sistema, un coordinamento strategico e un impegno condiviso tra imprese e istituzioni».
Il quadro internazionale e nazionale
L’economia mondiale continua a crescere a un ritmo moderato ma resiliente, con il PIL mondiale in crescita del 3,0% nel 2026 e del 3,4% nel 2027 secondo il Fondo Monetario Internazionale (FMI). Lo scenario internazionale è influenzato da due fattori principali: il graduale allentamento delle tensioni commerciali, che ha ridotto l’impatto dei dazi statunitensi, e il forte sviluppo degli investimenti nell’Intelligenza Artificiale, che sostiene la crescita soprattutto negli Stati Uniti e nei Paesi asiatici produttori di tecnologie. Sul fronte energetico, le tensioni legate allo Stretto di Hormuz hanno determinato un temporaneo aumento dei prezzi di petrolio e gas, ma il successivo rientro delle quotazioni limita gli effetti sull’inflazione, che resta comunque elevata. L’Area euro continua invece a mostrare una crescita contenuta (+0,6% nel 2026), con forti differenze tra i Paesi: la Spagna resta l’economia più dinamica, mentre Germania e Francia registrano una ripresa ancora debole.
L’economia italiana prosegue su un sentiero di crescita moderata sostenuta dagli investimenti pubblici legati al Pnrr e a Trnsizione 4.0/5.0. I consumi delle famiglie rimangono prudenti, frenati dal recupero ancora incompleto del potere d'acquisto, mentre l'export continua a crescere (+1,8%), pur rallentando a causa delle tensioni geopolitiche e commerciali.
La congiuntura industriale in Veneto e a Padova
L’indagine VenetoCongiuntura sul secondo trimestre 2026 traccia un quadro di tenuta per il nostro sistema manifatturiero, che dimostra capacità di reazione pur muovendosi in un contesto internazionale denso di incognite. La produzione industriale in Veneto è in crescita del +1,2% su base congiunturale e del +3,3% su base annua, ma con una dinamica fortemente disomogenea tra le diverse filiere. A fare da traino sono i comparti ad alta intensità tecnologica, come le macchine elettriche ed elettroniche (+6,3%), la gomma-plastica (+5,7%) e i mezzi di trasporto (+5,3%). Seguono, con variazioni sopra la media regionale il legno e mobile (+4%), l’alimentare e bevande (+3,4%) e i metalli e prodotti in metallo (+3,3%). Di contro, settori tradizionali e ad alto valore aggiunto per la nostra regione, come il tessile-abbigliamento (+0,3%) e il comparto marmo, vetro e ceramica (0,0%), attraversano una fase di sostanziale stasi.
L'utilizzo medio degli impianti industriali si attesta al 72%, con un recupero di oltre un punto percentuale rispetto al trimestre precedente, mantenendo comunque margini di capacità inutilizzata che invitano alla prudenza. Fatturato (+2,7%) e ordini complessivi tengono sia sul mercato interno (+2,4%) sia su quello estero (+3,0%). In particolare, sul fronte estero si distinguono le performance del comparto tessile e abbigliamento (+9,0%), della gomma e plastica (+8,8%) e dei mezzi di trasporto (+6,2%).
Le aspettative degli imprenditori per la seconda metà dell'anno riflettono la prosecuzione di questa fase di assestamento e una sostanziale stabilità del clima di fiducia nel breve periodo: oltre il 38% delle imprese prevede un incremento del fatturato, ma la propensione a nuovi investimenti rimane condizionata dalla volatilità dei mercati e dai costi produttivi. Rispetto allo stesso periodo del 2025, le aspettative sulla produzione mostrano un lieve miglioramento: il 36,5% degli imprenditori prevede un aumento, rispetto al 34,4% registrato l'anno precedente.
Anche le previsioni sugli ordini interni evidenziano un rafforzamento dell'ottimismo: la quota di imprenditori che si attende un incremento sale al 34,7%, contro il 31,9% del 2025. Rimane invece sostanzialmente stabile la quota di ottimisti riguardo agli ordini esteri, pari al 33,5%. Sul fronte del fatturato, cresce al 38,7% la percentuale di imprenditori che si aspetta un aumento nei prossimi mesi, rispetto al 35,8% rilevato nello stesso periodo dell'anno precedente.
Per la provincia di Padova la produzione industriale è cresciuta dell’1,1%, spinta dalla tenuta degli ordini interni e dallo slancio di quelli esteri. Complessivamente, il fatturato è cresciuto del 2,1% rispetto all’anno precedente. Guardando la componente internazionale, l’incremento, sempre trimestrale, è stato del 5%, sostenuto dall’importante aumento dalla domanda emersa tra gennaio e marzo, l’8,2% in più di quanto osservato tra novembre e dicembre. Questa dinamica ha permesso di recuperare la contrazione del fatturato estero dei primi tre mesi (-5,1%), allineandolo ai valori del secondo trimestre dell’anno scorso (+0,2%). A causare questo andamento scostante è soprattutto il complesso scenario internazionale, segnato da continui conflitti politici, commerciali e militari. Da un lato, infatti, la fine del 2025 ha visto una progressiva normalizzazione della domanda da parte degli importatori americani, che avevano incrementato la richiesta di merci padovane nei primi sei mesi per sfruttare il ritardo nell’entrata in vigore dei dazi imposti all’Unione Europea da Washington. Dall’altro, la crisi della manifattura tedesca ha ulteriormente rallentato gli scambi tra Padova e Berlino, uno dei partner più rilevanti per valore annuale esportato.
Anche se non si può escludere che ulteriori shock emergano nei prossimi mesi, la domanda di beni manifatturieri tra aprile e giugno ha evidenziato una generale normalizzazione, con un incremento annuale del 2,5% sul fronte interno e del 2,8% su quello estero. Guardando le aspettative degli imprenditori per i prossimi tre mesi, il giudizio rimane generalmente positivo, anche se con qualche perplessità sui flussi internazionali. Sia la produzione che il fatturato, infatti, dovrebbero conoscere un incremento dell’1,7%, mentre le commesse interne dell’1,2%. Quelle estere dovrebbero invece rimanere stabili (+0,2%). Il bilancio di metà anno fa quindi emergere l’immagine di un’industria padovana resiliente, forte del suo know how e di un solido portafoglio prodotti, che tuttavia si troverà a dover affrontare cambiamenti e riassetti degli equilibri internazionali anche per il prevedibile futuro."
20260806104433,Il Sole 24 Ore,https://www.infodata.ilsole24ore.com/2026/08/06/litalia-cresce-poco-invecchia-molto-e-continua-a-scaricare-sulle-famiglie-e-soprattutto-sulle-donne-il-peso-della-cura/,,,,,,srclc:ita,"Il Rapporto annuale 2026 dell’Istat è una delle radiografie più complete dello stato del Paese. Ogni anno mette insieme economia, lavoro, demografia, consumi, disuguaglianze e trasformazioni sociali per raccontare come stanno davvero gli italiani. E l’edizione di quest’anno fotografa un’Italia che cresce poco, invecchia molto e continua a scaricare sulle famiglie – e soprattutto sulle donne – il peso della cura e della tenuta sociale. Secondo i primi dati, il Pil reale resta quasi fermo rispetto a quasi vent’anni fa, la povertà assoluta non rientra, il potere d’acquisto fatica a recuperare l’inflazione e la mobilità sociale si è inceppata.
Cinque numeri raccontano meglio di altri il Rapporto.
+1,9%
La crescita e salari ci rendono vulnerabili in Europa. 
È quanto il Pil reale italiano è cresciuto rispetto al 2007. In pratica, in quasi vent’anni l’economia italiana è rimasta quasi immobile. Nello stesso periodo Francia, Germania e Spagna hanno registrato crescite vicine o superiori al 20%. Il dato racconta una lunga stagnazione che ha rallentato salari, investimenti e produttività.  Le retribuzioni contrattuali nel 2025 hanno portato, per il secondo anno, a un recupero in termini reali ma rimanga una perdita di potere d’acquisto dell’8,6% dal 2019.
68,9%
Occupazione femminile e carichi di lavoro
È la quota di lavoro familiare svolta dalle donne all’interno della coppia. Nonostante l’aumento dell’occupazione femminile, la distribuzione del lavoro domestico resta quasi immutata da dieci anni. Al Sud il peso sale fino al 76%. L’Italia continua così ad avere uno dei tassi di occupazione femminile più bassi d’Europa: 53,8%.
34,3%
Povertà assoluta e welfare che non è sufficiente.
È la percentuale di persone che fornisce aiuti informali a familiari o conoscenti, in crescita dal 26,5%. Tradotto: sempre più welfare viene assorbito dalle reti familiari. Il sistema regge grazie al lavoro gratuito di cura, soprattutto femminile, mentre aumentano anziani soli, famiglie monogenitoriali e bisogni assistenziali.  La povertà assoluta è raddoppiata nel 2012 e non è mai tornata ai livelli precedenti ed è aumentata ulteriormente nel 2020 e nel 2022. Anche nel ceto medio, il 16,1% delle famiglie dichiara di arrivare a fine mese con difficoltà.
27,1%
Giovani e l’ascensore sociale che non c’è più
È la quota di trentenni della generazione nata tra il 1980 e il 1994 che oggi occupa una posizione sociale più bassa rispetto a quella del padre alla stessa età. Quelli che migliorano la condizione familiare sono invece il 25,1%. Per la prima volta il rischio di retrocedere supera la possibilità di avanzare. È uno dei segnali più forti del blocco della mobilità sociale italiana.
67,8%
Natalità e inverno demografico. 
È la quota di giovani under 34 entrati nel mercato del lavoro con un contratto a termine tra il 2024 e il 2025. Solo il 26,6% ha ottenuto subito un impiego stabile. Il risultato è una generazione più istruita dei genitori ma più fragile economicamente. E infatti, osserva l’Istat, il calo della natalità ha molto più a che fare con precarietà e incertezza che con la mancanza di desiderio di avere figli. Nell’Italia con la natalità ai minimi storici, 6,6 milioni di persone dichiarano di aver rinunciato ad avere bambini che desiderano. L’Istat segnala come tra i 9,8 milioni di persone tra i 18 e i 49 anni che esprimono l’intenzione di non avere figli in futuro, solo una piccola parte affermi che i bambini non rientrano nel proprio progetto di vita (il 5,5%).
Per approfondire.
In Europa il 20,1% dei giovani è a rischio povertà, contro il 16,8% della popolazione generale
Nel 2025 sono a rischio di povertà lavorativa il 10,2% degli occupati"
20260806095100,San Marino,https://www.sanmarinortv.sm/news/comunicati-c9/nuove-misure-a-sostegno-della-famiglia-il-segretario-di-stato-canti-rassicura-il-pdl-verra-approvato-definitivamente-a-settembre-p-v-a294259,,,,,,srclc:ita,"Il Segretario di Stato per la Giustizia con delega alla Famiglia accoglie l'appello dei sindacati e delle neomamme, manifestato con i Comunicati Stampa, circa l’approvazione in tempi brevi del progetto di legge “Modifiche alla Legge 14 settembre 2022 n. 129 e introduzione di nuove misure a sostegno della famiglia, della maternità e della natalità” e rassicura sulla sua approvazione definitiva nel mese di settembre p.v. in quanto richiederà la calendarizzazione dello stesso PdL nella prossima seduta del Consiglio Grande e Generale. Ricorda inoltre come il PdL sia stato approvato in sede referente dalla Commissione Consiliare Permanente IV nelle sedute del 28 aprile u.s. e del 7 e 8 maggio u.s. e successivamente ulteriormente emendato con il contributo delle organizzazioni sindacali e dei partiti politici di maggioranza. Emendamenti che saranno presentati durante i prossimi lavori Consigliari. Nel merito del PdL, l'ampliamento del congedo parentale è riconosciuto fino al diciottesimo mese di vita del neonato così suddiviso: l’80% della retribuzione netta giornaliera con un minimo di Euro 1.500,00 su base mensile nei primi tre mesi; il 40% con un minimo di Euro 1.000,00 fino al raggiungimento dell’anno di vita del bambino ed il 20% con un minimo di Euro 500,00 per il restate periodo. Relativamente alla richiesta di rendere la norma retroattiva (come già fatto durante i lavori della Commissione IV) si precisa che potranno beneficiare degli incentivi introdotti coloro che al momento dell'entrata in vigore della legge possiedono i requisiti per accedervi. Ogni istituto introdotto ha le sue caratteristiche e peculiarità per cui non c’è retroattività in senso specifico ad eccezione del riconoscimento dell’aspettativa post-partum (oggi congedo parentale), che in virtù di un emendamento presentato da Libera e condiviso dalla maggioranza, tale congedo verrà conteggiato ai fini di progressione di carriera anche per coloro che ne hanno già usufruito in passato. L'introduzione di nuove e più ampie tutele per le lavoratrici neo mamme intendono da una parte, tutelare il valore della maternità e dall’altra, offrire una risposta concreta per fronteggiare il calo demografico. Le Istituzioni sono consapevoli delle difficoltà quotidiane che incontrano le giovani famiglie e intendono pertanto rispondere con un impegno concreto alle loro aspettative di vita. L'obiettivo rimane quello di coniugare sostenibilità, benessere della comunità e mantenere serrato il confronto con le parti sociali e la cittadinanza per garantire politiche sociali necessarie a conciliare la maternità e il lavoro.
C.s. Segreteria di Stato per la Giustizia, la Previdenza, la Famiglia"
20260806094028,Ingenio Web,https://www.ingenio-web.it/articoli/fine-dello-stato-di-emergenza-inizia-la-ricostruzione-programmata-il-governo-ridisegna-il-futuro-del-centro-italia/,,,,,,srclc:ita,"Fine dello stato di emergenza, inizia la ricostruzione programmata: il Governo ridisegna il futuro del Centro Italia
Il Consiglio dei Ministri approva una riforma della ricostruzione post sisma 2016: termina lo stato di emergenza, viene prorogata la Struttura commissariale fino al 2029 e si rafforzano gli strumenti per il rilancio dei territori. Particolare attenzione è riservata ad Amatrice, Accumoli e Arquata del Tronto, con nuove misure dedicate e risorse per lo sviluppo economico e sociale.
Il Governo cambia il modello di gestione della ricostruzione del sisma 2016, archiviando progressivamente la fase emergenziale e puntando su una programmazione stabile fino al 2029. Il nuovo pacchetto di misure approvato dal Consiglio dei Ministri rafforza il ruolo del Commissario straordinario, introduce il ""Primo Cratere"" per Amatrice, Accumoli e Arquata del Tronto e destina nuove risorse allo sviluppo economico e sociale delle aree colpite. L'obiettivo è completare la ricostruzione materiale e favorire il rilancio delle comunità e delle aree interne.
Una nuova fase per il sisma del Centro Italia
A quasi dieci anni dalle scosse che hanno devastato il Centro Italia, il Governo imprime una svolta alla gestione della ricostruzione. Con il nuovo pacchetto di misure approvato dal Consiglio dei Ministri, si supera progressivamente la logica dell'emergenza per entrare in una fase di ricostruzione ordinaria, caratterizzata da una programmazione di lungo periodo, da una governance più stabile e da strumenti dedicati allo sviluppo economico e sociale dei territori colpiti. Tra le novità figurano la proroga della Struttura commissariale fino al 2029, il riconoscimento del cosiddetto ""Primo Cratere"" e un nuovo modello che affianca alla ricostruzione materiale quella delle comunità.
Dall'emergenza alla ricostruzione: cambia il modello di governance
Il provvedimento approvato dal Consiglio dei Ministri segna un passaggio istituzionale destinato a incidere profondamente sulla gestione della ricostruzione post-sisma del 2016. La cessazione dello stato di emergenza nazionale, prevista dal 31 dicembre 2026, non rappresenta infatti la conclusione dell'impegno dello Stato, bensì l'avvio di una fase amministrativa più strutturata e stabile.
La gestione degli interventi non sarà più fondata su continue proroghe emergenziali, ma verrà ricondotta all'interno dello ""stato della ricostruzione"", con procedure e strumenti pensati per accompagnare il completamento delle opere ancora in corso attraverso una pianificazione pluriennale.
Il Commissario straordinario alla ricostruzione, Guido Castelli, definisce questo passaggio come ""storico"" per i territori colpiti dal sisma del Centro Italia. Secondo Castelli, il superamento della fase emergenziale consente finalmente di governare la ricostruzione con regole organiche e una visione di lungo periodo, evitando quella condizione di emergenza permanente che ha spesso rallentato la realizzazione degli interventi.
Dal punto di vista operativo, il nuovo assetto prevede inoltre il trasferimento al Commissario straordinario delle attività e delle funzioni di Protezione Civile ancora strettamente connesse al completamento della ricostruzione, insieme alle relative risorse finanziarie. Una scelta che punta a garantire continuità amministrativa, semplificazione della governance e maggiore efficacia nella gestione degli interventi ancora aperti.
Struttura commissariale prorogata fino al 2029: continuità per completare gli interventi
Tra le misure più significative figura la proroga di tre anni della gestione straordinaria, che resterà operativa fino al 31 dicembre 2029. La decisione offre un orizzonte temporale coerente con le risorse economiche già stanziate per il triennio 2027-2029 e mette gli enti coinvolti nelle condizioni di programmare le attività con maggiore stabilità.
Per amministrazioni comunali, Uffici Speciali per la Ricostruzione e soggetti attuatori significa poter pianificare gli interventi senza l'incertezza delle proroghe annuali, accelerando la conclusione delle opere ancora incompiute e rafforzando la capacità amministrativa dei territori.
Castelli sottolinea come il rafforzamento delle competenze della Struttura commissariale non riduca il ruolo degli enti locali. Al contrario, il nuovo modello conferma la centralità dei sindaci, considerati il principale presidio istituzionale delle comunità locali, ai quali dovranno essere garantiti strumenti più efficaci e procedure amministrative più snelle.
Il ""Primo Cratere"": misure dedicate ad Amatrice, Accumoli e Arquata del Tronto
Una delle principali innovazioni normative riguarda l'introduzione del concetto di ""Primo Cratere"", che identifica i Comuni di Amatrice, Accumoli e Arquata del Tronto, ovvero i territori maggiormente colpiti dal terremoto del 24 agosto 2016 e segnati anche dalla perdita di numerose vite umane.
Per questi tre Comuni vengono previste misure specifiche finalizzate non soltanto alla ricostruzione degli edifici, ma anche al rafforzamento della capacità amministrativa e al rilancio del tessuto economico.
La norma favorisce la stabilizzazione del personale che ha maturato una lunga esperienza nella gestione della ricostruzione entro la fine del 2026, preservando competenze tecniche ormai fondamentali per il completamento degli interventi. Contestualmente vengono rinnovate le agevolazioni destinate alle imprese attraverso il rifinanziamento della Zona Franca Urbana, con due milioni di euro per ciascuno degli anni 2027 e 2028, così da sostenere un sistema produttivo che continua a operare in un contesto ancora fragile.
Ricostruzione e sviluppo economico: fino al 4% delle risorse per rilanciare i territori
Il nuovo impianto normativo amplia il concetto stesso di ricostruzione. Non si tratta più esclusivamente di riparare edifici e infrastrutture, ma di accompagnare la rinascita delle aree interne attraverso interventi di sviluppo economico e sociale.
Le nuove disposizioni consentono infatti al Commissario straordinario di destinare fino al 4% delle risorse disponibili per il periodo 2027-2029 a programmi di sviluppo territoriale, facendo leva sul Fondo ricostruzione che, per il sisma del 2016, dispone di risorse complessive prossime a 1,5 miliardi di euro.
Gli interventi potranno riguardare il rafforzamento del sistema produttivo locale, la valorizzazione delle risorse territoriali, il miglioramento dei servizi pubblici, la rigenerazione urbana e il sostegno all'occupazione, con l'obiettivo di rendere nuovamente attrattive le aree interne.
Per i Comuni del Primo Cratere è prevista inoltre una tutela rafforzata: almeno il 5% delle risorse destinate ai programmi di sviluppo dovrà essere riservato ad Amatrice, Accumoli e Arquata del Tronto, riconoscendo il peso straordinario che questi territori hanno sostenuto dall'agosto 2016.
Come evidenzia Guido Castelli, la ricostruzione non può limitarsi al patrimonio edilizio. La sfida riguarda soprattutto il rilancio sociale, economico e demografico delle comunità, creando le condizioni affinché cittadini, imprese e giovani possano scegliere di restare, tornare e investire nei territori colpiti dal sisma.
Anche il Questore della Camera dei Deputati Paolo Trancassini sottolinea il valore politico della riforma, definendola un approccio ""su misura"" per le aree interne. L'obiettivo è superare modelli uniformi di intervento e costruire politiche capaci di rispondere alle specifiche esigenze di ciascuna comunità, indirizzando risorse e strumenti in modo più efficace verso i territori che hanno subito le conseguenze più gravi del terremoto del 2016.
Fonte: Comunicato stampa Commissario Straordinario Ricostruzione Sisma 2016
Costruzioni
Costruzioni: su INGENIO articoli tecnici, normative e innovazioni per progettare, realizzare e gestire opere edilizie e infrastrutture.
Edilizia
Esplora il mondo dell'edilizia, il settore dedicato alla progettazione, costruzione, ristrutturazione e manutenzione di edifici e infrastrutture. Scopri come la normativa italiana, come il Testo Unico dell'Edilizia (D.P.R. 380/2001) e le Normative Tecniche per le Costruzioni (NTC), regolano le pratiche edilizie per garantire sicurezza e qualità. Approfondisci il significato etimologico del termine ""edilizia"" e come le leggi locali e regionali influenzano la costruzione e gestione degli immobili.
Ingegneria Strutturale
L’ingegneria strutturale garantisce sicurezza e durabilità alle costruzioni. Scopri su INGENIO materiali, norme, tecnologie e soluzioni per progettare, rinforzare e monitorare strutture nuove ed esistenti.
Restauro e Conservazione
Con il topic ""Restauro e Conservazione"" vengono raccolti tutti gli articoli pubblicati che esemplificano il corretto approccio a quel sistema di attività coerenti, coordinate e programmate, dal cui concorso si ottiene la conservazione del patrimonio culturale.
Sismica
Tutti gli articoli pubblicati da Ingenio nell’ambito della sismologia e dell’ingegneria sismica.
Territorio
Gestione e sviluppo sostenibile del territorio: su INGENIO articoli, normative e strategie per pianificazione urbana e tutela ambientale.
Condividi su: Facebook LinkedIn Twitter WhatsApp"
20260806093707,Bluewin,https://www.bluewin.ch/www.bluewin.ch/it/attualita/svizzera/iniziativa-10-milioni-l-analisi-vox-il-limite-demografico-ha-spaventato-gli-elettori-li.3554307,,,,,,srclc:ita,"Trovato un errore?
Segnalalo ora
Alla fine aveva prevalso il no con il 54,8%.
Keystone
L'iniziativa «No a una Svizzera da 10 milioni!» è fallita a causa dello scetticismo riguardo al limite demografico proposto, mentre le preoccupazioni relative all'esercito hanno contribuito all'approvazione della modifica della legge sul servizio civile. È quanto emerge dall'analisi VOX sui due oggetti in votazione il 14 giugno.
Secondo l'indagine, pubblicata oggi, anche la maggioranza degli oppositori al testo promosso dall'UDC percepiva la crescita della popolazione come un peso per le infrastrutture. Tuttavia, il fattore decisivo per il rifiuto sono state le potenziali conseguenze economiche e di politica estera dell'introduzione di una soglia massima al numero di abitanti, un unicum a livello mondiale. L'iniziativa è stata respinta alle urne con il 54,8% di no.
Il sostegno si è invece basato principalmente su considerazioni di politica migratoria e di crescita, rileva l'istituto di ricerca gfs.bern, autore dello studio. Il comportamento di voto è stato fortemente polarizzato, con l'elettorato dell'UDC in blocco (95%) a favore. Anche gli aventi diritto senza affiliazione partitica hanno accolto l'iniziativa, seppur di stretta misura (51% di sì).
Passando alla legge sul servizio civile, accettata dal 52,5% degli svizzeri, fondamentale è stata la volontà di garantire un organico sufficiente all'esercito. Un'argomentazione che peraltro ha trovato riscontro pure nelle file dei contrari.
Appoggio è giunto soprattutto dai simpatizzanti dell'UDC, del PLR e del Centro. Gli elettori più giovani si sono mostrati maggiormente propensi a bocciare la riforma.
Secondo l'analisi, la notevole affluenza, vicina al 59%, è stata trainata su tutti da individui interessati alla politica, affiliati a un partito, di una certa età, con un livello di istruzione e un reddito elevati: uno schema ricorrente. L'iniziativa «No a una Svizzera da 10 milioni!» è stata percepita come rilevante, tanto che, sulla scala d'importanza, ha ricevuto un punteggio medio di 8,1, il più alto fra tutte le proposte dell'attuale legislatura.
Per lo studio sono stati intervistati 3305 elettori. Le analisi VOX vengono condotte dopo ogni votazione federale e mirano a comprendere meglio le motivazioni di voto. L'inizio di queste indagini risale al 1977 e dal 2020 a realizzarle è gfs.bern su incarico della Cancelleria."
20260806090011,Pmi,https://www.pmi.it/finanza/risparmio/387886/silver-economy-longevity-economy-italia.html,,,,,,srclc:ita,"Se la Longevity Economy italiana fosse uno Stato sovrano si piazzerebbe al sesto posto nell’Unione Europea per Prodotto Interno Lordo, dopo Germania, Francia, Italia, Olanda e Polonia, e davanti agli altri 21 Paesi membri a partire da Belgio, Svezia, Irlanda e Austria. La stima arriva dal Centro Studi e Ricerche Itinerari Previdenziali, che ha applicato all’Italia la stessa metodologia usata da Oxford Economics per quantificare la Silver Economy europea: l’insieme delle attività economiche rivolte agli over 50 vale 714,8 miliardi di euro, il 33% del PIL 2024.
I numeri italiani secondo il Centro Studi e Ricerche Itinerari Previdenziali:
- l’impatto sul PIL delle attività rivolte agli over 50 vale 714,8 miliardi di euro, il 33% del Prodotto Interno Lordo 2024;
- circoscrivendo la misura ai soli ultra 65enni il valore scende a 363 miliardi, il 17% del PIL 2024;
- i consumi degli over 65 sostengono circa 5,6 milioni di posti di lavoro, che salgono a 9 milioni includendo gli over 50;
- gli over 65 sono 14 milioni 821mila all’1 gennaio 2026, il 25,1% della popolazione, secondo gli Indicatori demografici Istat relativi al 2025;
- il 20% dei titolari di piccole e medie imprese italiane ha superato i 65 anni.
Silver economy, in Italia vale quanto il PIL di un Paese UE
La Longevity Economy italiana vale 714,8 miliardi di euro, pari al 33% del Prodotto Interno Lordo 2024. La cifra misura il complesso delle attività economiche rivolte alla popolazione con almeno 50 anni: prodotti, servizi e occupazione legati a nutrizione, attività fisica, prevenzione, formazione continua, protezioni assicurative e assistenza, insieme all’attività economica indotta che quella spesa genera.
Il termine di paragone scelto da Itinerari Previdenziali rende leggibile l’ordine di grandezza: 714,8 miliardi superano il PIL di 21 dei 27 Stati membri dell’Unione Europea. Sopra restano soltanto Germania, con 4.121 miliardi, Francia, Italia, Olanda e Polonia, quest’ultima a 747,7 miliardi. Belgio, Svezia, Irlanda e Austria si fermano tutti sotto i 600 miliardi.
Restringendo il campo ai soli ultra 65enni, con la stessa metodologia già impiegata dalla Commissione Europea per il calcolo sul PIL comunitario, la stima scende a 363 miliardi di euro, il 17% del Prodotto Interno Lordo 2024. Il segmento 65+ da solo rappresenta poco più della metà dell’aggregato.
Per chi valuta un investimento su questo mercato la differenza è sostanziale: 351 miliardi di euro separano le due misure, e i comportamenti di consumo dei cinquantenni ancora occupati non coincidono con quelli dei pensionati.
Come sono cambiate le stime sulla Silver Economy
L’edizione precedente della ricerca, pubblicata nel 2022 con il titolo Chi sono, cosa fanno e cosa desiderano i Silver italiani, collocava la Silver Economy al terzo posto mondiale dietro Stati Uniti e Cina e quantificava l’impatto degli over 65 in una forbice tra 323,5 e 500 miliardi. Il volume 2026 restringe la forbice, allarga il campo agli over 50 e cambia il termine di paragone, passando dal ranking mondiale a quello europeo.
La revisione dello spendibile netto merita attenzione: il dato 2022, pubblicato all’epoca come 283,6 miliardi, viene ricalcolato in 288,7 miliardi nella nuova edizione. La proiezione al 2030 poggia su un’inflazione ipotizzata al 2% e sull’ampliamento della platea degli over 65 a 15,9 milioni entro cinque anni.
I consumi senior danno lavoro a caregiver, RSA e fornitori
I consumi dei circa 14,5 milioni di over 65 sostengono 5,6 milioni di posti di lavoro. Il conteggio comprende badanti regolari e irregolari, personale delle RSA, personale medico, fornitori di beni e servizi, apparecchiature e strumentazione. Allargando la misura agli over 50 che si preparano a una vita più lunga, il totale sale a circa 9 milioni di occupati.
La composizione della domanda smentisce lo stereotipo dell’anziano interessato ai soli servizi socio-sanitari. Dalle rilevazioni Istat sulla spesa per consumi delle famiglie nel 2024 e dall’indagine Itinerari Previdenziali-Format Research su un campione di 5.120 over 50 emerge una spesa concentrata su salute, alimentazione di qualità, casa, tecnologia e tempo libero, con una propensione ai consumi sani superiore a quella delle fasce più giovani. Domotica, nutraceutica, mobilità e servizi alla persona sono i comparti indicati in maggiore espansione.
Un titolare di PMI su cinque ha superato i 65 anni
Il 36% dei titolari di piccole e medie imprese italiane ha superato i 60 anni e il 20% ha oltre 65 anni, con quote del 25% in Lombardia e del 27% in Veneto. Il dato ripreso nel volume sulla Longevity Economy arriva dall’Osservatorio sulle PMI realizzato da Perpethua con Yuno AI, presentato nel marzo 2026 su elaborazione di dati del Registro Imprese aggiornati a ottobre 2025.
Va letta con attenzione la base di calcolo, che nessuna delle riprese giornalistiche esplicita: l’indagine ha esaminato 67mila imprese con fatturato tra 2 e 25 milioni di euro, non l’universo delle imprese italiane. L’età media dei titolari di quel campione è di 56,4 anni. Su questa base Brambilla costruisce una stima dichiaratamente ipotetica: su 4,9 milioni di imprese quasi un milione sarebbe guidato da over 65 e, supponendo un fatturato medio di 3 milioni e un valore aggiunto del 10%, il PIL coinvolto si aggirerebbe sui 300 miliardi di euro. È un ordine di grandezza, non una misura, e l’autore lo presenta come tale.
Per il titolare che rientra in quella quota il calcolo della pensione è il primo dato da mettere sul tavolo prima di datare l’uscita e impostare la successione aziendale.
Il patrimonio dei senior cambia mano
Le due fasce che compongono la Longevity Economy detengono il 75,9% della ricchezza delle famiglie italiane. Secondo le elaborazioni del Centro Studi e Ricerche Itinerari Previdenziali su dati Banca d’Italia, le famiglie con capofamiglia tra 51 e 64 anni dispongono di una ricchezza finanziaria media netta di 203.267 euro e quelle con un over 65 di 197.394 euro, per una patrimonializzazione rispettivamente di 1.733 e 1.797,86 miliardi. Sul fronte immobiliare le famiglie over 65 arrivano a 2.559,5 miliardi, il 44% dell’intera ricchezza immobiliare del Paese.
Questo patrimonio è destinato a muoversi. Nel volume Brambilla stima che tra il 2026 e il 2030 passino di mano circa 873 miliardi di euro, con un flusso di 174 miliardi l’anno, cui se ne aggiungerebbero altri 940 tra il 2031 e il 2035, cioè 186 miliardi all’anno. Una parte alimenterà i consumi degli stessi over 65, un’altra si trasferirà a figli e nipoti oggi over 40, spostando il baricentro della domanda senza uscire dal circuito della longevità.
Prevenzione, contratti e coperture, i nodi irrisolti
L’Italia arriva a questa transizione demografica con tre lacune che il volume indica come strutturali: la prevenzione quasi assente, con metà dei ventitré anni di vita guadagnati dal dopoguerra vissuti in condizioni di salute non buone e un conto sanitario, farmaceutico e assistenziale che cresce di conseguenza; i contratti di lavoro che non contemplano un ciclo di vita professionale allungato; le coperture contro i rischi finanziari, sanitari e assistenziali della longevità, prive di una disciplina organica e ancora poco diffuse.
Il dato demografico non lascia margini di attesa. Gli over 65 sono 14 milioni 821mila all’1 gennaio 2026, il 25,1% della popolazione, con 240mila unità in più rispetto all’anno precedente, secondo gli Indicatori demografici Istat relativi al 2025. Gli ultra 85enni sono 2 milioni 511mila e gli ultracentenari 24.700. L’età mediana italiana, pari a 49,1 anni, supera di oltre quattro anni quella media dell’Unione Europea a 27, ferma a 44,9. Entro il 2050 gli over 65 saranno il 34,5% della popolazione e gli over 80 il 13,6%, con un’aspettativa di vita oltre gli 87 anni.
Sul fronte delle coperture individuali, la pensione integrativa con garanzia long term care è lo strumento che intercetta insieme il rischio di reddito e quello di non autosufficienza, i due che la longevità amplifica in parallelo. La quota di famiglie mononucleari accentua l’urgenza: le persone sole dovrebbero salire al 31,2% nel 2030 e al 32,7% nel 2040, il che significa che entro vent’anni un over 65 su tre vivrà da solo."
20260806085941,Forbes,https://forbes.it/2026/08/06/pmi-italiane-fabio-papa-governance/,,,,,,srclc:ita,"La differenza competitiva non dipende dalla dimensione dell’impresa, ma dalla capacità di evolvere sul piano manageriale e organizzativo. Cioè, bisogna misurare la qualità della governance: a crescere non sono le imprese che producono meglio, ma che decidono meglio. E ancora: c’è una questione di passaggio generazionale in Italia? Come affrontarlo? Fabio Papa, Team Istituto Formazione e Ricerca Economica I-Aer, è uno dei più lucidi analisti dei processi delle pmi italiane. Elabora anche dati alla mano.
Tra scienza statistica, demografia, e il sostanzioso supporto AI è più facile guardare avanti ma la pre-visione non è incoraggiante. Forse è per questo che la evitiamo?
Viviamo un paradosso: non abbiamo mai avuto tanti dati e strumenti di analisi, eppure continuiamo a decidere come se il futuro fosse imprevedibile. Il problema non è tecnologico, ma culturale. Per anni la previsione è stata un esercizio teorico, utile al mondo accademico; oggi prevedere significa aumentare la qualità delle decisioni: non indovinare cosa accadrà, ma comprendere in anticipo quali fenomeni stanno maturando e prepararsi. La demografia ne è un esempio evidente. Da oltre vent’anni conosciamo con buona precisione l’invecchiamento della popolazione italiana, il calo delle nascite e la riduzione della popolazione in età lavorativa. Eppure discutiamo della carenza di lavoratori come di un’emergenza improvvisa, quando è una conseguenza largamente prevedibile.
Lo stesso vale per il passaggio generazionale: una parte rilevante del tessuto imprenditoriale dovrà affrontare il ricambio alla guida delle imprese. Non è un’ipotesi, è una dinamica già scritta nella struttura demografica del Paese: la domanda non è se accadrà, ma quanto le imprese saranno preparate. In questo contesto l’intelligenza artificiale è un cambio di paradigma: per la prima volta abbiamo strumenti capaci non solo di raccogliere dati, ma di individuare correlazioni, simulare scenari e supportare decisioni complesse. Sarebbe però un errore pensare che sostituisca il giudizio umano: l’algoritmo elabora informazioni, alle persone restano la visione, l’interpretazione e la scelta. È esattamente l’approccio di I-Aer: le nostre ricerche non descrivono il presente, ma cercano di comprendere le trasformazioni economiche prima che diventino evidenti. Quando analizziamo migliaia di bilanci, il passaggio generazionale o il mercato del lavoro, non raccogliamo semplicemente dati: cerchiamo i segnali deboli che anticipano i cambiamenti strutturali dell’economia.
L’economia italiana, il tessuto piccole imprese: che ne sarà?
Le piccole e medie imprese continueranno a rappresentare il cuore dell’economia italiana. È difficile immaginare l’Italia senza quel patrimonio di imprenditorialità diffusa che ha reso il Made in Italy competitivo. Ma è tempo di superare la narrazione per cui la competitività delle pmi dipenderebbe solo dalla qualità dei prodotti, dalla creatività o dal sacrificio degli imprenditori: restano punti di forza, oggi non più sufficienti. Le nostre ricerche raccontano una trasformazione più profonda: la differenza competitiva non dipenderà dalla dimensione dell’impresa, ma dalla capacità di evolvere sul piano manageriale e organizzativo. Abbiamo analizzato migliaia di imprese italiane da più prospettive, e il risultato converge: quelle che crescono non sono le imprese che producono meglio, ma quelle che decidono meglio. La ricerca “Livigno Vision”, condotta con interviste dirette a quasi 300 imprese del territorio, ne è un esempio: il 65% non costruisce un budget, il 76% non dispone di un organigramma, il 67% non ha mansionari formalizzati, l’81% dipende completamente dalla presenza del titolare e il 60% non ha definito obiettivi strategici per i tre anni successivi. Dati che non raccontano solo una debolezza imprenditoriale, ma una fase evolutiva del nostro sistema produttivo. L’imprenditore italiano è stato straordinario nel creare imprese, conquistare mercati e adattarsi. Oggi la sfida è diversa: non basta più il talento imprenditoriale, occorre costruire organizzazioni capaci di funzionare, innovare e crescere anche senza la presenza costante del fondatore.
Lo stesso emerge dalle oltre 40.500 pmi piemontesi analizzate: le difficoltà coinvolgono quasi tutti i comparti, segno di un cambiamento strutturale del contesto competitivo, non di una crisi di singoli settori. La domanda rilevante non è quali settori cresceranno, ma quali imprese saranno organizzate abbastanza da affrontare un contesto di volatilità, transizione tecnologica, invecchiamento demografico e crescente pressione competitiva, non solo cinese. Anche la ricerca sulle difficoltà di reperimento del personale lo conferma: oltre il 70% delle pmi fatica a trovare lavoratori qualificati, ma sarebbe riduttivo attribuirlo solo alla demografia. Accanto a skill mismatch, invecchiamento e limitata diffusione delle discipline Stem pesano criticità interne: scarsa pianificazione, pochi investimenti in formazione, organizzazioni poco strutturate, assenza di percorsi di crescita. La competitività delle Pmi dipenderà sempre meno da fattori esterni e sempre più dalla capacità di trasformarsi. Per anni abbiamo misurato la forza di un’impresa con il fatturato, i dipendenti o la quota di mercato; dovremo misurare anche la qualità della governance, la cultura manageriale, la capacità di usare i dati, la propensione all’innovazione e, sopra ogni cosa, l’investimento nelle persone. L’Italia ha un patrimonio imprenditoriale straordinario: la sfida non è sostituirlo, ma accompagnarlo verso un nuovo modello di competitività, in cui esperienza imprenditoriale, competenze manageriali e intelligenza artificiale lavorino insieme.
Territori, economie, competenze un intreccio inevitabile. Ma (le istituzioni? L’accademia?) c’è chi elabora processi?
Uno dei principali limiti del dibattito economico italiano è affrontare fenomeni sistemici con una logica troppo settoriale: parliamo di imprese senza competenze, di formazione senza il tessuto produttivo, di intelligenza artificiale come questione solo tecnologica, di sviluppo territoriale come tema di sole infrastrutture. Sono invece parti di un unico ecosistema: la competitività di un territorio non dipende solo dalle imprese eccellenti, ma dalla qualità delle relazioni tra imprese, istituzioni, università, sistema formativo e amministrazioni pubbliche. Analizzando Livigno, ad esempio, non ci siamo limitati al fatturato o al numero di turisti: abbiamo misurato la maturità manageriale del sistema economico locale, dal controllo di gestione alla pianificazione strategica, dal passaggio generazionale all’organizzazione, fino alla percezione degli imprenditori su opportunità e minacce del territorio.
La ricerca sulle pmi piemontesi conferma lo schema a scala regionale: il rallentamento attraversa quasi tutti i comparti, segno non di una crisi settoriale ma di un cambiamento del contesto competitivo. Quando cambia un settore si possono adottare politiche verticali, quando cambia il contesto competitivo occorre ripensare il modello di sviluppo. È qui che cambia il ruolo dei centri di ricerca: per anni la ricerca economica ha avuto una funzione descrittiva, oggi deve assumerne una progettuale, aiutare territori e imprese a leggere in anticipo le trasformazioni, individuare le priorità di investimento, misurare la maturità organizzativa e costruire politiche fondate su evidenze, non su percezioni. Le istituzioni, da parte loro, non possono limitarsi agli incentivi economici: devono costruire ecosistemi favorevoli all’innovazione, alla formazione continua, alle competenze digitali e manageriali e alla collaborazione tra pubblico e privato. La competitività non nasce mai da un singolo attore, ma dalla qualità dell’intero ecosistema e delle persone che ogni giorno lo animano.
Il passaggio generazionale è sicuramente uno degli anelli deboli. Come affrontarlo?
Il primo errore è considerare il passaggio generazionale un tema familiare. In realtà è una delle principali questioni economiche dei prossimi decenni per l’Italia. Le imprese familiari sono la struttura portante del sistema produttivo. Quando una di queste non riesce a gestire il ricambio generazionale, a perdere non è solo la famiglia proprietaria, ma il territorio, i lavoratori, le filiere e la competitività dell’intero sistema economico. La nostra ultima ricerca sul passaggio generazionale, realizzata su oltre 400 pmi familiari italiane, evidenzia con chiarezza la portata del fenomeno. Oggi il 56% degli imprenditori italiani ha più di 50 anni, circa l’80% delle imprese è di natura familiare e quasi il 40% di queste dovrà affrontare il passaggio generazionale entro i prossimi dieci anni. Significa circa 396 passaggi generazionali ogni giorno fino al 2034. Sono numeri che descrivono una trasformazione strutturale del capitalismo italiano.
C’è un secondo dato più interessante: contrariamente a quanto si pensa, il problema principale non è giuridico o fiscale, ma riguarda la comunicazione tra le generazioni, la condivisione della visione strategica, la difficoltà del fondatore a delegare e le differenze culturali tra senior e junior. Il passaggio generazionale non coincide con il trasferimento delle quote societarie, ma con quello della capacità decisionale: il patrimonio più importante di un’impresa non è il capitale, ma la conoscenza accumulata. Per questo dovrebbe iniziare almeno dieci anni prima del reale subentro della nuova generazione. Servono percorsi graduali di responsabilizzazione, esperienze esterne all’azienda, sviluppo di competenze manageriali e sistemi di governance che rendano l’impresa meno dipendente dal fondatore. La nostra ricerca sul campo mostra che chi affronta la successione con un percorso strutturato ottiene, già nei due anni successivi, performance mediamente superiori a chi la improvvisa. Così il passaggio generazionale può trasformarsi da problema a occasione di innovazione: ogni nuova generazione porta competenze diverse, maggiore familiarità con la tecnologia, nuovi modelli organizzativi e una diversa sensibilità verso i mercati internazionali. La vera sfida è non disperdere l’esperienza della generazione uscente e, insieme, permettere a quella entrante di costruire una nuova traiettoria competitiva.
L’intelligenza artificiale può essere utile? Come?
Credo esista oggi un rischio molto concreto: parlare troppo di intelligenza artificiale e troppo poco del motivo per cui dovremmo utilizzarla. L’AI non è un obiettivo, ma uno strumento, e produce valore solo dentro una strategia. Il dibattito si è concentrato quasi solo sull’automazione, mentre il vero contributo dell’intelligenza artificiale è un altro: aumentare la qualità delle decisioni. Le nostre ricerche mostrano che moltissime PMI italiane hanno margini enormi nella pianificazione, nel controllo di gestione, nella gestione finanziaria e nell’organizzazione interna. Qui l’intelligenza artificiale può essere un moltiplicatore straordinario. Ad esempio, può aiutare un imprenditore a leggere in tempo reale gli indicatori economici, prevedere scenari alternativi, simulare investimenti, individuare anomalie nei processi aziendali, analizzare grandi quantità di dati commerciali e supportare il controllo di gestione.
Secondo le evidenze richiamate nella nostra ricerca dedicata al mercato del lavoro, entro il 2035 l’AI potrebbe aumentare la produttività del lavoro tra l’11% e il 37%. Ma c’è un aspetto ancora più importante: l’AI renderà meno rilevante il possesso delle informazioni e più decisiva la capacità di interpretarle, esaltando il ruolo dell’essere umano dotato di spirito critico. Il vero investimento dei prossimi anni non sarà solo tecnologico, ma culturale: da sola l’AI non risolve nulla, perché senza persone preparate, organizzazioni mature e una visione strategica anche la migliore tecnologia produce risultati modesti. L’intelligenza artificiale, quindi, è una straordinaria opportunità, ma non sostituisce la leadership: la amplifica. Per anni abbiamo pensato che la competitività dipendesse dal capitale, dagli impianti o dalla capacità produttiva; ora dipenderà soprattutto dalla qualità delle decisioni. Le imprese che sapranno integrare esperienza imprenditoriale, competenze manageriali, dati e intelligenza artificiale costruiranno un vantaggio competitivo difficilmente replicabile, perché il vero valore dell’AI non sta nel sostituire l’intelligenza umana, ma nel renderla più capace di comprendere il futuro prima che diventi presente.
Innovation
In America imprenditori ex-militari stanno sfruttando l’IA per costruire armi migliori e più intelligenti
di: Forbes.it
Good Stories
Da azienda in crisi a impresa internazionale: la trasformazione di questa realtà pharma italiana
di: Andrea Bocchini
Investments
Il titolo Palantir vola a +29,5%: il ceo Alex Karp scala 67 posizioni nella classifica dei miliardari
di: Ty Roush"
20260806072321,Virgilio,https://www.virgilio.it/notizie/ondate-di-calore-il-rischio-delle-aule-roventi-gia-a-settembre-perche-l-aria-condizionata-a-scuola-e-utopia-1773951,,,,,,srclc:ita,"Ondate di calore, il rischio delle aule roventi già a settembre: perché l'aria condizionata a scuola è utopia
Tra meno di tre settimane i primi studenti chiamati a recuperarele materie torneranno a scuola: il rischio è di trovare aule roventi, quali sono le soluzioni a lungo termine
La quarta ondata di calore che sta interessando l’Europa sembra destinata a durare ancora qualche giorno. Tra i meteorologi c’è anche chi, come il colonnello Mario Giuliacci, si è persino scusato per non aver previsto un prolungamento delle giornate di caldo record. Giovedì 6 agosto sono ben 27 su 27 le città da bollino rosso, ossia la totalità di quelle prese a campione e monitorate dal Ministero della Salute. Ma la situazione non è migliore in altri Paesi europei, in particolare in quelli che si affacciano sul Mar Mediterraneo: Spagna e Francia sono alle prese con temperature record (e incendi), ma soprattutto sono preoccupate che, anche dopo la pausa prevista nei prossimi giorni, possano verificarsi altri picchi.
Il pensiero va anche alle scuole: tra meno di tre settimane in Italia i primi studenti che hanno avuto un debito torneranno in classe per gli esami e il timore è che le aule siano roventi. Il parere degli esperti, inoltre, è che anche in futuro si verificheranno estati (ma anche autunni) con temperature al di sopra delle medie del passato. Colme risolvere il problema del caldo nelle scuole? Finora si sono sperimentate soluzioni provvisorie: in Francia e Belgio le lezioni sono state sospese in anticipo, a fine giugno e inizio luglio; proprio in Belgio si vogliono dotare le aule di termometri per monitorare i livelli ed evitare che superino le soglie di pericolosità. In Spagna, invece, si sono sperimentati orari differenti, per esempio anticipando l’ingresso nelle scuole alle 8 invece che alle 8:30 e l’uscita alle 15 invece che alle 16:30. Ma è soprattutto sulla modifica del calendario scolastico che si concentrano le attenzioni.
L’intervista ad Antonello Giannelli, presidente dell’Associazione Nazionale dei Presidi (ANP).
Pensa che l’idea di modificare il calendario scolastico sia fattibile?
“Prima di tutto farei una premessa. L’Italia ha già una pausa estiva molto lunga (la più lunga in Europa, con 98 giorni di sospensione delle lezioni, NdR). Da un punto di vista pedagogico, quindi, ridurre un periodo così ampio sarebbe un bene. Il problema non è tanto il numero complessivo di vacanze rispetto all’anno scolastico, ma il fatto che sia concentrato soprattutto in estate, tolta la quale rimangono sostanzialmente solo Natale e Pasqua, molto corta. Detto questo e proprio per quest’ultimo motivo, non è possibile posticipare l’inizio delle lezioni, nel nostro Paese”.
Perché significherebbe far venir meno il numero minimo di giorni di lezioni all’anno?
“Esatto. Ipotizzare di iniziare a ottobre non permetterebbe di garantire il minimo annuale di lezioni, se non riducendo le pause per il periodo natalizio e pasquale. Non è materialmente fattibile. Avremmo bisogno, al contrario, di iniziare i primi di settembre e terminare a fine giugno: il modello di altri Paesi dove invece c’è una sospensione più ridotta in estate, ma più vacanze brevi distribuite sarebbe ottimale. Lo confermano, tra l’altro, anche i risultati scolastici delle graduatorie internazionali, che sono migliori dove esiste questa organizzazione”.
Potrebbe sussistere anche un problema di adeguamento dei contratti degli insegnanti?
“Quello al momento è un aspetto secondario, proprio perché non ci sono le condizioni per poter modificare il calendario, per le ragioni che ho appena esposto. Piuttosto occorre intervenire sull’edilizia scolastica e non è un fattore da poco”.
Le scuole italiane, infatti, sono spesso antiquate e, anche quando sono di più recente costruzione, esistono problemi di coibentazione. È così?
“Sì, purtroppo. In inverno a volte sono fin troppo riscaldate, ma almeno si può intervenire riducendo la temperatura. D’estate, invece, servirebbero condizionatori, ma l’installazione comporta una serie di problemi. La prima è di natura economica: in Italia ci sono 400 mila aule, in parte in diminuzione a causa del decremento demografico. Si dovrebbe prevedere l’acquisto di impianti e già questa è una prima spesa”.
Quali sono le altre?
“Il funzionamento e la manutenzione. Pensiamo che in termini di consumo elettrico, equivarrebbe a circa 1 Gigawatt ora. Poi bisognerebbe adeguare gli impianti, perché se in scuola si installano 50 condizionatori per 50 aule, si arriva a 50 KWatt di potenza in più e non è detto che gli impianti attuali reggano. Come detto, poi servirebbe una manutenzione dei filtri annuale, per evitare malattie respiratorie, allergie, ecc. Tutto ciò comporta, quindi, una serie di spese aggiuntive e stanziamenti permanenti, non certo una tantum”.
Cosa ne pensa di interventi per migliorare la coibentazione?
“Sarebbe utile migliorare l’edilizia, prevedendo pareti più spesse e isolanti, perché certamente un edificio costruito bene può fare a meno dell’aria condizionata. Ma noi abbiamo circa 40mila edifici e anche in questo caso occorrono investimenti e tempo. Non vedo, quindi, la possibilità di una soluzione a breve termine. Certo, se non si inizia, non si potrà trovare una risposta neppure in futuro, ma è un dato oggettivo che negli ultimi 30 o 40 anni non si è affrontato il problema”.
Un’ultima possibilità, secondo alcuni Paesi come la Spagna che l’ha sperimentata, è la modifica degli orari di inizio e fine lezione. Nel loro caso dalle 8:30 alle 8 e dalle 16:30 alle 15. Ma forse comporterebbe un intervento anche sul fronte dell’offerta dei mezzi pubblici di trasporto e sull’organizzazione familiare in termini di orari lavorativi dei genitori?
“Certamente, è chiaro che si tratterebbe di modificare radicalmente le abitudini di milioni di persone. Inoltre, in Italia si entra già alle 8, quindi si dovrebbe anticipare alle 7.30, ma non vedo un enorme vantaggio. L’unica soluzione è strutturale sugli edifici”."
20260806063012,Scenari Economici,https://scenarieconomici.it/la-nuova-coesione-europea-non-piu-sussidi-a-pioggia-ma-il-diritto-di-restare-e-costruire-il-proprio-futuro/,,,,,,srclc:ita,"AttualitàEuropa
La nuova coesione europea: non più sussidi a pioggia, ma il diritto di restare e costruire il proprio futuro
Ho inserito i riferimenti al Mezzogiorno, alla ZES unica e alla possibilità di rimodulare i fondi verso le nuove priorità, mantenendo il taglio equilibrato dell’editoriale.
Per troppo tempo l’Europa ha chiesto ai territori di adattarsi alle proprie procedure, anziché adattare le politiche europee alle necessità dei territori. È questo il nodo che la nuova impostazione della politica di coesione cerca finalmente di sciogliere: trasformare una macchina finanziaria spesso lenta, rigida e autoreferenziale in uno strumento capace di intervenire sulle emergenze economiche, sociali e demografiche dell’Unione.
La revisione avviata dalla Commissione europea non è quindi soltanto un aggiustamento contabile. È un cambio politico profondo. Agli Stati e alle Regioni viene offerta la possibilità di rimodulare i programmi 2021-2027, spostando risorse verso cinque priorità diventate ormai decisive: competitività e innovazione, difesa e sicurezza, abitazioni accessibili, resilienza idrica e transizione energetica.
Dentro questa impostazione c’è una rottura con il passato. I fondi non devono più restare imprigionati in programmi elaborati anni prima, quando il contesto economico e geopolitico era completamente diverso. Devono poter seguire rapidamente i bisogni delle imprese, delle famiglie e delle comunità locali. È proprio la rimodulazione voluta e sostenuta da Raffaele Fitto ad avere offerto agli Stati membri la possibilità di aggiornare le proprie scelte, correggendo programmi non più adeguati e indirizzando le risorse verso priorità nuove, senza attendere l’apertura di un ulteriore ciclo finanziario europeo.
La politica di coesione europea vale circa 392 miliardi di euro nel ciclo 2021-2027. A queste risorse si aggiungono i cofinanziamenti nazionali. Per l’Italia la dotazione complessiva supera i 75 miliardi. Numeri che spiegano perché la semplificazione non sia una questione burocratica per addetti ai lavori, ma una scelta politica dalla quale dipende la capacità di generare investimenti, occupazione e servizi.
Raffaele Fitto ha avuto un ruolo importante nel portare questa impostazione dentro la Commissione. Sarebbe tuttavia riduttivo trasformare il processo in una celebrazione personale. La svolta nasce soprattutto dalla presa d’atto che il vecchio modello non era più sufficiente: troppo lento per rispondere alle crisi, troppo uniforme per territori profondamente diversi, troppo concentrato sulla correttezza formale della spesa e non abbastanza sui risultati.
Per l’Italia questa impostazione assume un significato particolare soprattutto nel Mezzogiorno, dove il problema non è soltanto spendere le risorse disponibili, ma trasformarle in investimenti produttivi, infrastrutture, occupazione stabile e servizi. La ZES unica rappresenta, da questo punto di vista, uno degli strumenti più importanti per collegare coesione, politica industriale e semplificazione amministrativa. Incentivi, autorizzazioni più rapide e programmazione unitaria possono consentire al Sud di attrarre capitali e rafforzare le filiere, evitando che i fondi europei restino frammentati in interventi privi di una strategia complessiva.
Il passaggio più innovativo riguarda però la strategia europea sul Right to Stay, il diritto a restare. L’obiettivo è garantire che un giovane non sia costretto ad abbandonare un’area interna, una zona rurale, un’isola o un territorio montano solo perché mancano lavoro, trasporti, scuole, sanità o connessione digitale. Partire deve essere una scelta, non l’unica alternativa possibile.
La Commissione ha avviato nel maggio 2026 la costruzione di questa strategia, pensata per contrastare spopolamento, declino demografico e perdita di capitale umano. La coesione torna così alla sua missione originaria: non distribuire risorse in modo indistinto, ma ridurre concretamente le distanze tra territori forti e territori fragili.
Qui entra in gioco anche la nuova Politica agricola comune. Agricoltura e sviluppo rurale non possono più essere considerati compartimenti separati dalla coesione. La PAC deve sostenere il reddito degli agricoltori, ma anche contribuire a mantenere vivi i territori, favorendo servizi, infrastrutture, innovazione, ricambio generazionale e nuove attività economiche. Nel ciclo attuale il Fondo europeo agricolo per lo sviluppo rurale dispone di oltre 95 miliardi di euro: risorse che devono diventare parte di una politica più ampia contro l’abbandono delle campagne e delle aree periferiche.
La stessa revisione della coesione indica la necessità di rafforzare il collegamento con l’iniziativa LEADER della PAC, sviluppando opportunità che vadano oltre l’agricoltura: turismo sostenibile, artigianato, lavoro da remoto, servizi di prossimità e piccole imprese. È questa la dimensione concreta del diritto a restare.
Anche la proposta di bilancio europeo 2028-2034, vicina ai 2.000 miliardi di euro, prova a costruire un quadro più flessibile, nel quale coesione e agricoltura siano integrate nei nuovi Piani nazionali e regionali di partenariato. La Commissione ha previsto inoltre una quota minima obbligatoria per le regioni meno sviluppate e una salvaguardia affinché non ricevano complessivamente meno risorse rispetto all’attuale ciclo.
La direzione è giusta, ma non mancano i rischi. Flessibilità non può significare centralizzazione nelle mani dei governi nazionali, né sottrazione di risorse alle Regioni più deboli per finanziare emergenze contingenti. E la semplificazione non deve trasformarsi in minori controlli. La vera sfida sarà conservare la natura territoriale della coesione, coinvolgendo Regioni, Comuni e comunità locali nelle decisioni.
La rivoluzione copernicana consiste proprio in questo: non chiedere più alle persone di spostarsi dove si concentrano sviluppo e servizi, ma portare opportunità, infrastrutture e diritti nei luoghi in cui quelle persone vivono.
Dopo decenni nei quali l’Europa è stata percepita soprattutto attraverso vincoli, moduli e procedure, la coesione può tornare a essere il suo volto più concreto. Non un bancomat né un sistema di sussidi a pioggia, ma una politica che riconosce a ogni cittadino europeo il diritto di scegliere dove vivere, lavorare e costruire il proprio futuro."
