date_str,source,url,themes,locations,persons,organizations,tone,translation_info,full_text
20261004230000,La Prealpina,https://www.prealpina.it/news/busto-valle-olona/556293/dal-vuoto-delle-aule-al-nido-santedoardo-riconverte-la-materna-per-le-famiglie.html,,,,,,srclc:ita,"Il progetto
05 Ottobre 2026
Don Antonio mostra il progetto
Le prime demolizioni dell’ala vecchia della scuola materna sono cominciate nei mesi scorsi, ma adesso sono terminate le analisi sullo stato delle condutture dell’acqua e il quadro è diventato più preciso. «Avremmo voluto aprire il prossimo gennaio, ma una serie di complessità ci hanno rallentato. Apriremo a settembre», ha annunciato ieri mattina il parroco di Sant’Edoardo, don Antonio Corvi.
Insieme ai suoi collaboratori, all’inizio di quest’anno il sacerdote ha preso una decisione che cambierà la fisionomia della parrocchia ma anche il quartiere: aprire un asilo nido al posto delle vecchie stanze della scuola dell’infanzia che sono rimaste vuote per via del calo delle nascite. «È un’esigenza», ha rimarcato ieri don Antonio svelando ai parrocchiani i primi rendering di come sarà il nido di Sant’Edoardo. «Il calo demografico ha fatto venire meno due sezioni della materna, per il nido sono già arrivate trenta mail di manifestazione di interesse da parte delle famiglie». La materna di viale Alfieri andrà avanti come sempre: quest’anno sono sei le sezioni avviate per un totale di circa 140 bambini. Ma è un fatto che negli anni Novanta – prima che l’Italia iniziasse a fare i conti con le culle vuote – si arrivasse quasi a duecento iscritti. Poi piano piano i numeri sono calati fino a svuotare due classi e così la parrocchia ha deciso di riconvertire quegli spazi in modo da dare alle famiglie un servizio che ad oggi non c’è. «Sarà creato un polo per i bambini da zero a sei anni», ha spiegato la coordinatrice della materna Maria Ausiliatrice, Romina Rossi. «Il valore del progetto sta nell’accoglienza delle famiglie, perché il credo e la postura educativa saranno condivisi da nido e materna».
Non a caso per guidare lo spazio riservato ai più piccoli è stata individuata una figura che già opera in viale Alfieri, Michela Bussolari. I progetti circa quello che si vuole realizzare sono pronti. Adesso si tratta di dare seguito al cantiere che finora ha visto l’abbattimento delle pareti dell’ala vecchia dell’asilo e alcuni interventi sull’area esterna per sondare la situazione dello spiazzo su cui si affaccia la casa canonica e risolvere i problemi con lo scolo dell’acqua che in passato hanno creato qualche guaio. Per i lavori, secondo le ultime stime di don Corvi, serviranno circa 500mila euro. Nel quadro rientrano anche la creazione di un nuovo ingresso a servizio del nido su via Sondrio e la trasformazione dello spazio accanto alla chiesa in una vera e propria piazza a servizio dei bambini e della parrocchia.
I più letti
Dati societari - © Copyright La Prealpina Srl - Tutti i diritti riservati - C.F. e P.IVA 01620270122 - Testata registrata preso il Tribunale di Varese n.6"
20261004221914,Faro Di Roma,https://www.farodiroma.it/la-spagna-e-travolta-dalle-proteste-per-lemergenza-sfratti-la-penuria-di-alloggi-a-canoni-accessibili-e-la-difficolta-dei-giovani-ad-accedere-alla-disponibilita-di-una-casa-e-in-italia-non-va-megl/,,,,,,srclc:ita,"La protesta è scoppiata dopo che il 23 settembre una commissione giudiziaria ha ordinato lo sfratto dell’87enne ammalata María del Carmen (Maricarmen) Abascal dal suo appartamento in affitto nella capitale Madrid, su richiesta del fondo finanziario proprietario Urbagestión. La donna è stata portata via in barella dalla casa in cui viveva da oltre 70 anni e trasportata in ospedale in ambulanza.
L’accaduto ha fomentato le proteste e il giorno dello sfratto, centinaia di persone si sono radunate davanti all’abitazione di Maricarmen, cercando di impedire l’esecuzione della sentenza. Sono scoppiati scontri tra i manifestanti e la polizia, che ha fatto uso di spray al peperoncino, come riportato dai media spagnoli.
Il 26 settembre, le proteste hanno acquisito uno slancio a livello nazionale: manifestazioni con lo slogan “Basta Maricarmen” si sono svolte in almeno altre 11 città, tra cui Barcellona, Valencia, Burgos, Ibiza e Cordoba. A Madrid, gli organizzatori del Sindacato degli Inquilini hanno stimato il numero a 500.000 manifestanti, che hanno reclamato maggiori tutele per i diritti degli inquilini a fronte della carenza di alloggi e dell’aumento vertiginoso degli affitti.
Sanchez ha risposto con coraggio, accogliendo le istanze e il disagio dei cittadini più vulnerabili, ma le sue proposte di legge a effetto immediato sono state bocciate. Il 2 ottobre il Congresso si è difatti riunito per votare due decreti abitativi, assolutamente condivisibili nei contenuti, volti a fronteggiare la crisi.
Il primo decreto voluto dai socialisti prevedeva, tra le altre cose, la sospensione degli sfratti forzati degli inquilini vulnerabili fino al 2030, nonché un tetto massimo agli aumenti degli affitti e una regolamentazione più rigorosa per gli affitti a breve termine e per le locazioni a stanze singole. Il secondo decreto riguardava il rinnovo automatico dei contratti di locazione in assenza di validi motivi legali per la rescissione da parte del proprietario.
Tuttavia, a causa della resistenza del Partito Popolare, all’opposizione di centro-destra, nonché del partito di estrema destra Vox e del partito catalano Junts, il Congresso ha respinto entrambi i decreti.
Il sindacato degli inquilini ha quindi indetto nuove proteste di massa e annunciato l’intenzione di chiedere uno sciopero generale. Il Primo Ministro Pedro Sánchez (Partito Socialista Operaio Spagnolo, PSOE), secondo fonti governative citate da El Diario , si è preso del tempo per valutare la possibilità di sciogliere il Parlamento e indire elezioni anticipate dopo il fallimento della votazione. Le stesse fonti affermano che prenderà una decisione definitiva questo fine settimana.
La Spagna a un bivio
Il caso spagnolo dimostra quanto i partiti neoliberali e conservatori siano propensi a stroncare sul nascere qualsiasi iniziativa politica che possa ispirarsi a principi di equità e giustizia sociale. Le destre delle banche e della finanza si arroccano contro ogni istanza di rinnovamento che provenga dal basso, e che possa contrapporsi al disegno elitarista della società della rendita.
La sinistra italiana non coglie l’assist di Madrid e smarrisce lo spirito di lotta asservendosi ai paradigmi neoliberali
Quanto invece sorprende in maniera assoluta, è il silenzio assordante della sinistra italiana, sopra un tema che invece riguarda anche il Belpaese.
In Italia la crisi abitativa interessa circa 1,5 milioni di famiglie in grave disagio economico e sociale, a fronte di un mercato degli affitti in forte tensione e di un patrimonio di milioni di immobili inutilizzati.
I Numeri del Disagio Abitativo
Il 15,5% delle famiglie italiane spende oltre il 30% del proprio reddito per l’abitazione; per 1,5 milioni di nuclei il disagio è acuto.
La spesa supera il 30% del reddito per il 41% delle famiglie al Sud e nelle Isole, e per il 38% nei grandi centri urbani.
Oltre 650.000 famiglie (per un totale di circa 1,4 milioni di persone) sono in lista d’attesa per un alloggio popolare.
Nel 2024 sono stati emessi 40.158 provvedimenti esecutivi di sfratto (+1,99% sul 2021/2023), causati prevalentemente da morosità. Le richieste di esecuzione presentate agli ufficiali giudiziari hanno raggiunto quota 81.054.
L’ISTAT censisce circa 96.197 persone senza fissa dimora in Italia, di cui oltre 12.800 minorenni.
In Italia si stimano inoltre tra i 5,5 e gli 8,5 milioni di case vuote o sottoutilizzate, spesso non immesse sul mercato.
In aggiunta, la diffusione delle locazioni turistiche sottrae migliaia di immobili alla residenza stabile nelle città e crea un effetto vertiginoso e ingestibile sui canoni di locazione.
Alla luce di questi dati incontrovertibili, si osserva come anche i giovani italiani siano tra i più vulnerabili, perche se non ereditano del patrimonio immobiliare sono esclusi dalla prospettiva di accedere a immobili dignitosi e di fatto dalla possibilità di costruirsi una famiglia, aggravando il tasso di denatalità.
Una politica ispirata ai principi del equo canone, e non genoflessa alla dittatura del capitalismo finanziario, potrebbe apportare soluzioni concrete.
Il caso Spagna serva ad aprire un varco di riflessione nella sinistra italiana, affinché auspicabilmente si metta al servizio di una visione di società non più incentrata sulla rendita, bensì delle opportunità, tutelando maggiormente i giovani e i più fragili, che subiscono indiscriminatamente l’ingordigia dei fondi immobiliari, i quali speculano sul diritto sacrosanto della casa e generano danni macroeconomici evidenti, sottraendo risparmi e consumi che incentiverebbero invece la ripresa dell’economia reale.
Christian Meier"
20261004210000,La Stampa,https://www.lastampa.it/editoriali/lettere-e-idee/2026/10/05/news/stati_uniti_cina_visti_da_noi_fidarsi_e_sentirsi_traditi-15757236/,,,,,,srclc:ita,"L’erba del vicino è sempre più verde, a patto che il “vicino” sia abbastanza lontano da non farci scorgere le erbacce nel suo giardino. In geopolitica funziona così, e il vertice alla Casa Bianca tra Trump e Xi ce lo ha ricordato: a migliaia di chilometri di distanza le minacce sfumano e persino le crepe di un regime si notano meno; da vicino, invece, il terreno appare irregolare e pieno di buche…"
20261004165408,Corriere Dell'irpinia,https://corriereirpinia.it/il-premio-prata-e-la-parola-che-custodisce-lirpinia/,,,,,,srclc:ita,"di Rosa Bianco e Fiore Carullo
Alcuni riconoscimenti appartengono alla cronaca di una sera; altri, più raramente, assumono nel tempo il valore di una testimonianza. Il Premio Prata, fondato e presieduto da Antonietta Gnerre, tornato quest’anno alla sua XVI edizione dopo cinque anni, appartiene certamente a questa seconda categoria. Nella Basilica Paleocristiana della SS. Annunziata, gremita di pubblico, di voci e di musica, la cultura ha ritrovato la sua dimensione più autentica: quella di una comunità capace ancora di emozionarsi, riconoscersi e condividere la bellezza.
Tra i momenti più intensi della serata vi è stato quello in cui Gianni Festa, direttore del Corriere dell’Irpinia e decano del giornalismo italiano, ha consegnato a Monia Gaita il Premio per il libro di poesia.
Non è un dettaglio della cerimonia. È, piuttosto, un’immagine che contiene molto del senso stesso del Premio.
Gianni Festa è un giornalista che l’Irpinia non si è limitato a raccontarla: l’ha attraversata, osservata, interpretata per decenni. Ne conosce i paesi, le trasformazioni, le contraddizioni, le stagioni culturali e politiche, le ferite dello spopolamento e la tenacia di chi continua a credere che questa provincia possa ancora generare pensiero, cultura, bellezza.
La sua è una conoscenza che non nasce dal mero distacco dello studioso, ma dalla lunga frequentazione della realtà. È la conoscenza di chi ha fatto del giornalismo una forma di presenza civile e del racconto del territorio una responsabilità.
Per questo la scelta di affidare proprio al Direttore Festa la consegna del riconoscimento a una poetessa che ha fatto dell’Irpinia una delle matrici profonde della propria scrittura assume un significato particolare.
E la motivazione da lui personalmente scritta per Monia Gaita possiede la precisione di un giudizio critico e, insieme, la misura di una dichiarazione di poetica:
«“Per aver offerto, attraverso la forza della parola poetica, una testimonianza viva di bellezza, riflessione e ascolto delle profonde inquietudini del nostro tempo. I suoi versi scavano con nitidezza nella complessità dell’esistenza, offrendo al lettore uno spazio di sosta e verità interiore in cui la poesia torna ad essere uno strumento indispensabile di comprensione.”»
È una motivazione che restituisce alla poesia il suo compito più autentico: non decorare la realtà, ma interrogarla. Non consolare necessariamente, ma comprendere. Cercare, attraverso la parola, quella verità interiore che il rumore del presente spesso rende difficile ascoltare.
Monia Gaita ha accolto il riconoscimento con una commozione evidente, sottolineando quanto per lei fosse diverso ricevere un premio nella propria terra. Ha parlato dell’Irpinia come della sua appartenenza più preziosa e ha richiamato la necessità di difendere, in un’epoca dominata dall’utilitarismo e dalla pervasività tecnologica, la bellezza, la speranza, la felicità e la libertà della parola.
Un discorso che ha trovato la sua naturale prosecuzione nei versi letti subito dopo.
La poesia scelta dalla Gaita racconta, infatti, l’Irpinia attraverso la figura di una giovane laureata costretta a partire. È la metafora di una generazione che studia, si forma, sogna, ma spesso è costretta a cercare altrove il proprio futuro. L’emigrazione diventa così una ferita personale e insieme collettiva.
Eppure quella ragazza che parte non riesce a portare via soltanto se stessa: porta con sé i campi, le spighe, i castagni, i faggi, le chiese, i ricordi familiari. Porta soprattutto una terra che continua ad abitare dentro di lei.
L’Irpinia descritta dalla poetessa è dunque una terra dalla quale si può partire, ma che non si può abbandonare davvero. È una geografia che diventa memoria, sangue, identità.
Ed è proprio qui che il gesto del Direttore Festa assume il suo significato più profondo.
Il Direttore del Corriere dell’Irpinia premia una poetessa che, attraverso la parola, restituisce voce a una terra che spesso rischia di perderla. Il giornalista che da decenni ne racconta la storia riconosce nella poesia uno strumento capace di dire ciò che le statistiche sullo spopolamento, sulla denatalità e sull’emigrazione non riescono interamente a raccontare: il dolore umano della partenza e la permanenza ostinata delle radici.
La poesia, allora, diventa anche giornalismo della memoria. E il giornalismo, quando è esercitato con coscienza, può diventare una forma di letteratura civile.
È questo uno dei significati più alti di una manifestazione come il Premio Prata: mettere in relazione linguaggi diversi e persone diverse, riconoscendo nella cultura non un esercizio ornamentale, ma una forma di conoscenza della realtà.
Gli altri premiati Maurizio De Giovanni, Cesare Gridelli, Alfonso Pirozzi, Roberto De Fazio, Emanuela Sica, Rosalia Spolverino, Emanuele Marinelli, Giulietta Fabbo, Tommaso Delli Paoli, Angelina Di Sisto, Renata Romano, Antonella Gensale hanno rappresentato nella stessa serata la letteratura, la medicina, il giornalismo, la legalità, il volontariato, l’arte e l’impegno sociale. Una pluralità che restituisce l’immagine di una comunità che sa riconoscere il valore delle competenze e dell’impegno.
Ma forse il momento della poesia ha lasciato nell’aria una domanda ulteriore.
Che cosa resta di una terra quando i suoi figli sono costretti a partire?
Resta la memoria. Restano le parole. Restano i paesaggi custoditi dentro gli occhi. Restano i nomi dei nonni, le chiese, i boschi, le stagioni, il dialetto, il silenzio dei paesi, la forma delle montagne.
E resta la poesia.
Perché una terra può perdere abitanti, può conoscere l’abbandono e perfino rischiare di smarrire la propria voce. Ma finché qualcuno la nomina, la racconta, la canta e la riconosce come parte di sé, quella terra continua ad esistere.
Nella Basilica dell’Annunziata, mentre Monia Gaita leggeva i suoi versi e Gianni Festa ascoltava, l’Irpinia ha ritrovato una delle sue forme più autentiche: quella di una terra che, nonostante tutto, continua a essere casa."
20261004161945,Padovaoggi,https://www.padovaoggi.it/politica/padova-getta-terra-crocifisso-4-ottobre-2026.html,,,,,,srclc:ita,"Getta a terra crocifisso: «Non deve essere derubricato a mero gesto di uno squilibrato»
A dichiararlo è stato il vicesegretario di Forza Italia Padova, Lorenzo Innocenti a seguito del grave episodio avvenuto all'Arcella all'interno della chiesa di San Gregorio
Sul grave gesto avvenuto all'Arcella, dove una persona non ancora identificata ha fatto irruzione nella chiesa di San Gregorio durante una funzione, gettato a terra un crocifisso e sputato su di esso, interviene Lorenzo Innocenti, vicesegretario di Forza Italia Padova e consigliere pastorale in una parrocchia del centro storico. Lorenzo Innocenti ha dichiarato: «Quanto accaduto è gravissimo e preoccupante e non deve essere derubricato a mero gesto di uno squilibrato. È evidente che chi si è comportato in una maniera tanto abietta non stia bene mentalmente, ma il tema vero riguarda, a mio avviso, una montante ed esplicita intolleranza verso la Chiesa e i cristiani, cui si assiste purtroppo anche in Italia, negli ultimi tempi».
Innocenti ha rincarato la dose: «Sono sempre più frequenti gli atti vandalici nei confronti di icone ed altari votivi, si pensi a quanto accaduto recentemente a Roma, con la pesante vandalizzazione della chiesetta del Santissimo Crocifisso e quella della statua di San Giovanni Paolo II, appena fuori dalla stazione. O si pensi a quanto accaduto a Lourdes l’estate appena passata, con la statua della Madonna ricoperta di vernice e di scritte ingiuriose. Leggevo poi di un’icona della Vergine gettata in questi giorni da una vetta montana a Croda Granda. Per non dire delle aggressioni a religiosi cattolici, come quella a don Rodrigo Grajales Gaviria, accoltellato a Modena nel dicembre scorso».
Ha concluso il leader forzista: «Credo sia dunque importante rendersi conto della sistematicità di quanto sta accadendo e tutelare religiosi, fedeli e luoghi di culto da una violenza sempre più sistematica e concreta, che arriva a toccare anche la nostra città. Questo vale per tutte le fedi, naturalmente, dato che l’intolleranza religiosa si manifesta sotto forme molteplici e ugualmente turpi. Quello di cui prendere maggiormente coscienza, oggi, è la crescente vulnerabilità di cattolici e cristiani in generale, all’interno di uno scenario demografico, culturale e sociale in rapidissima trasformazione»."
20261004151500,Everyeye,https://tech.everyeye.it/notizie/scoperto-leucina-nasconde-super-potere-non-immaginate-904053.html,,,,,,srclc:ita,"Hanno scoperto che la leucina nasconde un ""super potere"" che non immaginate
Aggiungici come fonte preferita su Google
Per chi pratica allenamento con i pesi, la leucina è solo uno dei tanti integratori, un semplice tassello utile ai muscoli. Tuttavia, questo amminoacido svolge anche un compito diverso, legato all’energia delle cellule: a mostrarlo è uno studio dell’Università di Colonia pubblicato su Nature Cell Biology.
Le centrali energetiche della cellula, cioè i mitocondri, non operano sempre allo stesso ritmo. Il team di Thorsten Hoppe, dell’Istituto di Genetica e del centro CECAD sull’invecchiamento, ha scoperto che la leucina è uno dei segnali attraverso cui la dieta ne modula l’efficienza.
Come la leucina protegge i mitocondri
Si tratta fondamentalmente di un amminoacido essenziale: l’organismo non riesce a sintetizzarlo e lo ricava da latticini, carne e legumi. 
Questa impedisce la degradazione delle proteine della membrana esterna dei mitocondri, che funzionano come varchi e regolano l’accesso delle sostanze fondamentali; finché queste proteine restano integre, il mitocondrio può lavorare alla massima capacità.
Nel sistema di ""controllo qualità"" della cellula agisce un ispettore, la proteina SEL1L, capace di riconoscere le catene proteiche danneggiate o mal ripiegate e indirizzarle verso la distruzione. Se la leucina è presente in quantità alta, l’attività di SEL1L viene attenuata. Di conseguenza, le proteine della membrana esterna resistono più a lungo e la respirazione cellulare ne guadagna.
Fertilità e cellule di tumore polmonare
Per testare l’effetto su un organismo completo, i ricercatori hanno esaminato il verme Caenorhabditis elegans, che condivide molti processi genetici con l’uomo. Quando il metabolismo della leucina risultava alterato, il rendimento dei mitocondri diminuiva e comparivano evidenti difetti di fertilità.
In linee cellulari di tumore polmonare umano, alcune modifiche genetiche connesse alla leucina sembrano invece favorire la sopravvivenza del tumore.
La prima autrice, Qiaochu Li, osserva che, in presenza di abbondanza di cibo, la leucina influisce in modo diretto sulla produzione di energia e consente alle cellule di adattarsi rapidamente alle necessità dell’organismo.
Va però ricordato che gli esperimenti citati sono stati condotti su vermi e linee cellulari: per questo, quando si parla di integratori ad alto dosaggio, è necessaria prudenza. SEL1L, infatti, contribuisce anche a eliminare gli scarti cellulari, e una sua inibizione prolungata potrebbe rivelarsi controproducente.
Questo testo include collegamenti di affiliazione: se effettui un acquisto o un ordine attraverso questi collegamenti, il nostro sito potrebbe ricevere una commissione in linea con la nostra pagina etica. Le tariffe potrebbero variare dopo la pubblicazione dell'articolo."
20261004151349,Pressenza,https://www.pressenza.com/it/2026/10/per-le-mamme-no-pfas-non-esistono-popoli-diversi-ma-figli-in-comune/,,,,,,srclc:ita,"MAMME NO PFAS- MOVIMENTO SPONTANEO DI LIBERI CITTADINI
1-2-3 OTTOBRE 2026 ROMA
CONTROFORUM DEL MEDITERRANEO SULL’ACQUA
Siamo Giovanna e Michela, portavoci del movimento MAMME NO PFAS del Veneto, della Rete Zero PFAS
ITALIA. e delle Mamme da Nord a Sud.
La nostra storia inizia nel 2017, quando scopriamo, attraverso un piano di monitoraggio della Regione Veneto, che nel sangue dei nostri figli ci sono concentrazioni estremamente elevate di PFAS, livelli mai registrati prima in nessuna parte del mondo.
Non avevamo mai sentito prima questa parola: PFAS. Ma ci è stato subito chiaro che nel sangue dei nostri ragazzi non doveva esserci.
Le istituzioni ci rassicuravano: ci dicevano che era tutto sotto controllo. Questo atteggiamento però, invece di
rassicurarci, ci allarmava ancora di più. Così ci siamo messe a studiare, ad approfondire il problema, diventando delle vere e proprie “esperte”. E abbiamo iniziato a bussare a tutte le porte: da quella del Comune a quelle delle istituzioni a Roma fino ad arrivare a quelle del Parlamento Europeo.
Sono molte le emozioni che ci hanno spinto ad agire. All’inizio provavamo solo rabbia, una rabbia furiosa, bruciante.
Poi questa rabbia ha lasciato il posto al desiderio di informare la gente, le persone, di far sapere agli altri quello che stava succedendo. E così abbiamo trasformato la rabbia in energia e grinta per iniziare un lavoro di sensibilizzazione costante, pressante, insistente e costruttivo. Un lavoro che non è ancora finito.
Ognuno di noi può fare qualcosa. Pensate: se ognuno di noi si impegnasse ad informare altre dieci persone, in piazza insieme a noi arriverebbero 10.000 persone! Perché ogni singola goccia insieme alle altre diventa un mare.
Dall’Italia all’Europa, dal Brasile all’India le madri sono tutte uguali, ci capiamo anche solo con lo sguardo: I figli non si toccano!
COSA SONO I PFAS? SOSTANZE PERFLUOROALCHILICHE
Sono una famiglia di molecole chimiche (più di 20.000) che in natura non esistono, contengono legami fluoro-carbonio estremamente forti e persistenti, non si biodegradano nell’ambiente e vi rimangono per centinaia o migliaia di anni.  Sono per questo chiamate: “Sostanze chimiche eterne”.
Si diffondono rapidamente nell’acqua per la loro elevata mobilità. Nell’aria i PFAS si comportano come sostanze altamente contaminanti e vengono trasportati lontano arrivando a contaminare perfino i ghiacciai dell’Artico e dell’Antartide.
I terreni le assorbono come spugne e si legano alle sostanze organiche.
Vengono utilizzate in molti settori per le loro proprietà di idrorepellenza, oleorepellenza tensioattività, stabilità termica. Le possiamo trovare nei tessuti impermeabili, nelle vernici, lubrificanti, utensili da cucina come padelle antiaderenti, in imballaggi alimentari, nei cosmetici, detersivi, nei presidi medico sanitari.
Sono un elemento chiave anche nella produzione di armi. I governi (quello italiano e non solo) ci presentano i PFAS come sostanze irrinunciabili, per giustificare la corsa agli armamenti. Ma di irrinunciabile per noi c’è solo il diritto alla salute!
In Italia, oltre alla Miteni di Trissino, in Veneto, esiste un’altra azienda che produce PFAS: si trova in Piemonte, a Spinetta Marengo, e si chiama Syensqo (ex Solvay). Oltre alle due condanne per inquinamento già ricevute (una negli Stati Uniti, l’altra in Italia) ora sta affrontando altri procedimenti in tutta Europa.
Ricorda la parola PFAS e cercala perché puoi trovare tutto su Internet.
CHE COSA È SUCCESSO IN VENETO?
Una piccolissima azienda, la Miteni (Mitsubishi-giapponese ed ENI-italiana, poi venduta ad ICIG per 1 euro) di Trissino in provincia di Vicenza, ha contaminato la seconda ricarica degli acquiferi più grande d’Europa, la nostra falda acquifera: 30 Comuni contaminati tra le province di Verona, Vicenza e Padova; 350.000 persone colpite, che diventeranno 800.000 a causa del movimento delle acque in falda; acqua potabile e cibo contaminati.
Noi, che un tempo eravamo la terra delle acque, ora siamo diventati la Zona Rossa PFAS. Questa è una ferita
incredibile per la nostra terra. La cosa più terribile è che siamo state noi stesse, noi mamme, senza saperlo, a
trasmettere queste sostanze ai nostri figli, durante la gravidanza, attraverso la placenta, e poi attraverso
l’allattamento al seno. Questo spiega perché i livelli di PFAS nel sangue dei nostri figli sono più alti dei nostri. E scoprire tutto questo ha fatto nascere in noi un senso di colpa indescrivibilmente profondo.
Cosa fanno i PFAS al corpo umano? Si legano alle proteine del sangue accumulandosi negli organi e nei tessuti. Sono interferenti endocrini, che alterano tutto il sistema ormonale, riducono la fertilità, creano patologie della tiroide, causano ipertensione alle donne in gravidanza e problemi di sviluppo nei neonati.
Attaccano il sistema immunitario riducendo la produzione di anticorpi e diminuendo l’efficacia dei vaccini. Provocano danni al fegato, fanno aumentare il colesterolo danneggiando il sistema cardiovascolare (ictus, infarto, danni cardiaci e circolatori), sono cancerogeni. Si bioaccumulano perché il nostro organismo li scambia per ormoni e vengono eliminati difficilmente.
IL PROCESSO MITENI
Il 26 giugno 2025 si è concluso il processo contro la Miteni. È stato il primo processo penale sui PFAS, ed è importante perché ha riconosciuto il dolo, cioè la coscienza e la volontà di inquinare. Finalmente, dopo questa storica sentenza, possiamo gridare ad alta voce la parola: “criminali”! Per tutte noi questa sentenza è stata fonte di una grande soddisfazione, ed un momento che rimarrà indelebile nelle nostre vite. Ci siamo sentite come “Davide contro Golia”.
Ma ora dobbiamo pensare ai nostri obiettivi futuri. In primis, la bonifica del sito di Miteni, e poi all’ottenimento di una legge sia nazionale che europea, che ne vieti la produzione e l’uso.
L’Italia non ha aderito al “Manifesto Ban Pfas”, nonostante sia uno dei Paesi più contaminati al mondo e questo è veramente sconfortante.
Altro problema urgente è quello che riguarda la presenza di Pfas negli alimenti, un punto dolente e molto delicato che si dovrà affrontare tutti insieme, garantendo supporto anche alla categoria degli allevatori e degli agricoltori.
E poi non ci stancheremo mai di parlare di prevenzione e di principio di precauzione, punti fondamentali. che devono essere alla base di ogni scelta politica. Per cominciare, chiediamo che le persone abbiano la possibilità di testare liberamente il proprio sangue per i PFAS, cosa che al momento non è ancora possibile, fatta eccezione per i residenti nella zona rossa.
Dobbiamo continuare ad essere come falchi sul collo delle istituzioni, perché se abbassiamo la guardia, le istituzioni tendono ad addormentarsi, a diventare indifferenti. Quindi, oggi più che mai dobbiamo continuare questo importante lavoro di sensibilizzazione.
RETE ZERO PFAS – CHE COSA VOGLIAMO?
Rete Zero Pfas nasce, prima di tutto, per imparare gli uni dagli altri, condividere conoscenze ed esperienze, costruire relazioni e creare reti tra associazioni, comitati, gruppi spontanei di cittadini, società civile ed esperti impegnati nel far fronte alla contaminazione da Pfas nelle matrici di aria, acqua, terra. L’aria, l’acqua e la terra sono i nostri polmoni, il nostro sangue, il nostro corpo: sono il nostro futuro.
Fare rete è fondamentale per riuscire a prenderci cura del nostro piccolo pianeta Terra, che è solo un minuscolo punto dell’Universo infinito.
Il nostro obiettivo è creare alleanze con tutti i popoli del Pianeta, per vigilare sugli abusi perpetrati ai danni della Terra e della salute di tutti noi.
È una guerra quella che si sta combattendo nei nostri territori. Una guerra silenziosa.
In questa guerra non si usano bombe, non si usano armi. Si uccide attraverso l’acqua, l’acqua che beviamo dal nostro rubinetto, che attingiamo dai nostri fiumi per irrigare i campi e gli orti; attraverso il cibo che mangiamo e l’aria che respiriamo.
Uno studio scientifico ha dichiarato 4.000 morti in Veneto a causa della contaminazione da Pfas in poco
più di 20 anni.
Noi società civile e noi madri in particolare abbiamo un grande compito e una grande responsabilità: non solo pensare e riflettere su quanto sta accadendo, ma anche agire.
Dobbiamo agire ora! Non possiamo dire che lo faremo domani. Adesso è il momento di agire, perché non c’è più tempo! Per i nostri figli siamo noi le garanti delle istituzioni e non li possiamo tradire.
Il male più grande è l’INDIFFERENZA, è il cancro della nostra anima che va curata con consapevolezza e coraggio.
Ricordiamoci che chi inquina consapevolmente usa astuzie, inganni e spesso pianifica a tavolino strategie per dissimulare la realtà. Più le persone rimangono addormentate, più facilmente loro possono agire. Pertanto, dobbiamo svegliarci tutti ed in fretta!
Non dobbiamo arrenderci di fronte al fallimento, non dobbiamo perderci d’animo. Dobbiamo ricordare che quando una madre cade ce n’è sempre un’altra pronta a rialzarla. I figli del mondo sono tutti figli nostri.
RINGRAZIAMENTI
Vogliamo ringraziare gli operosi movimenti e associazioni della Rete Zero Pfas Italia, i preziosi medici per l’ambiente di ISDE, tutti i movimenti ambientalisti che ci hanno insegnato ed accompagnato, dagli avvocati ai giuristi avidi di giustizia, ai tecnici, ai chimici, ai geologi ed ai politici seri e umani che ancora esistono.
Un grazie ai giornalisti puliti e coraggiosi che hanno dato voce alla nostra disperazione e al nostro lavoro.
Un grazie a tutti voi perché esistete.
Un abbraccio Mamme no Pfas
Michela Piccoli
Giovanna Dal Lago
genitoricontroipfas@gmail.com
Rete Zero Pfas:
info@zeropfas-italia.org
info.veneto@zeropfas-italia.org
https://www.zeropfas-italia.org/"
20261004143222,Trapani Si,https://www.trapanisi.it/firenze-conclusa-lottava-edizione-del-festival-nazionale-delleconomia-civile/,,,,,,srclc:ita,"(Adnkronos) – Si è chiusa a Firenze l’ottava edizione del Festival Nazionale dell’Economia Civile, dal titolo “EUconomia. L’economia che fa bene, il rumore della foresta che cresce”. Negli otto anni di lavoro, il Festival ha costruito una comunità nazionale di persone, imprese, amministrazioni e organizzazioni che nei propri territori tengono insieme economia, coesione sociale e cura del bene comune. Sono 80 gli ambasciatori e le ambasciatrici dell’economia civile provenienti da tutte le regioni italiane che si rendono protagonisti di percorsi discussi a Firenze, che poi vengono attuati in tutta Italia. Nell’edizione 2026 sono stati realizzate 12 progettualità territoriali che hanno coinvolto 2.500 persone.   Sostiene Leonardo Becchetti, Direttore del Festival Nazionale dell’Economia Civile e Co-fondatore NeXt Economia: “Al Festival l’editor del Rapporto Mondiale sulla Felicità ha mostrato come nello studio su 30 milioni di intervistati nel mondo, solo il 22% è soddisfatto del proprio lavoro, delineando i contorni di un’immensa carestia di senso del vivere. Il problema dell’economia tradizionale, oltre ad inflazione, diseguaglianze, crisi climatica, è anche e soprattutto questo. Si comporta come quel tale che quando amici organizzano un viaggio si preoccupa che non si superi il limite di velocità, che quando la benzina finisce si faccia rifornimento, che non si finisca fuori strada. L’economia civile dice che oltre che rispettare regole, limiti e vincoli si può fare molto di più per migliorare la qualità del viaggio. E ha lavorato in questi giorni su soluzioni sui temi più importanti di oggi come diseguaglianze, inflazione, povertà dei salari, emergenza climatica. Intelligenza relazionale, generatività, partecipazione sono le chiavi delle risposte che ci avvicinano alla meta attraverso indipendenza strategica e aumentata capacità di creare valore economico ed impatto sociale ed ambientale”.   Per Augusto dell’Erba, Presidente Federcasse-BCC “si chiude un Festival nel quale abbiamo potuto toccare con mano quanta economia civile e quanta domanda ci sia in Italia – soprattutto dai giovani – di buone pratiche replicabili. Al tempo stesso, questo Festival ha chiamato tutte le forze più sane del Paese ad attivarsi per determinare davvero un cambiamento sostanziale nelle politiche pubbliche e nello sviluppo sociale ed economico. Ispirate a logiche di autentico bene comune, nella consapevolezza che il tempo a disposizione non è illimitato e che le transizioni in atto non aspettano. Come Credito Cooperativo mettiamo a disposizione di questo progetto tutta l’esperienza della mutualità bancaria, che si conferma una delle leve per garantire inclusione e lotta alle disuguaglianze. La strada è ancora lunga ma davvero – come recita il titolo scelto per questa ottava edizione, una foresta sta crescendo senza fare rumore. A noi sta il compito di proteggerla e di darle nuova linfa”.    Afferma Maurizio Gardini, presidente Confcooperative “Si chiude un Festival che ha dimostrato come l'economia civile non sia una teoria, ma una pratica quotidiana. Le cooperative generano impresa, reddito e ricchezza, con l'8% del Pil nazionale, e lo fanno mettendo al centro persone e territori. Dalla transizione ecologica all'invecchiamento demografico, dalla digitalizzazione alle disuguaglianze, le cooperative offrono risposte, dalle metropoli alle aree interne. La nostra economia guarda al lungo periodo e investe in competenze e innovazione. L'Italia ha i numeri per diventare un riferimento mondiale nel segno di San Francesco e Antonio Genovesi”.   Durante i quattro giorni di lavori sono intervenuti al Festival, tra gli altri: Raffaele Fitto (Vice Presidente Esecutivo della Commissione europea per la Coesione e le riforme), Shirin Ebadi (Premio Nobel per la Pace del 2003), Philippe Aghion (Economista e Premio Nobel per l’Economia nel 2025), Orazio Schillaci (Ministro della Salute), Lucia Albano (Sottosegretario al Ministero dell’Economia e delle Finanze), Roberto Garofoli (Presidente di Sezione del Consiglio di Stato), Isata Mahoi (Ministra per le Pari Opportunità e l’Infanzia della Sierra Leone), Sara Funaro (Sindaca del Comune di Firenze), Gaetano Manfredi (Presidente ANCI e Sindaco di Napoli), Maurizio Martina (Vice Direttore Generale FAO) e Jan-Emmanuel De Neve (Professore di Economia e Scienze Comportamentali all’Università di Oxford e Direttore dell’Oxford Wellbeing Research Centre).   Il Festival nasce da un’idea di Federcasse (Associazione Nazionale delle Banche di Credito Cooperativo, Casse Rurali, Casse Raiffeisen), promosso con Confcooperative, organizzato e progettato con NeXt – Nuova Economia per Tutti, con il contributo di Fondosviluppo, Assimoco, Federazione Toscana delle BCC, Publiacqua e la collaborazione dell’Università degli Studi di Firenze, SEC – Scuola di Economia Civile, Gioosto.com e la Fondazione MUS.E e il patrocinio del Comune di Firenze. 
—economiawebinfo@adnkronos.com (Web Info)"
20261004142956,Napolike,https://www.napolike.it/gravidanza-extrauterina-sintomi-e-quando-andare-al-pronto-soccorso,,,,,,srclc:ita,"Gravidanza extrauterina: sintomi e quando andare in ospedale
Immagine realizzata con IA
Una gravidanza che inizia fuori dall’utero è una condizione che va riconosciuta in fretta. La gravidanza extrauterina, detta anche ectopica, si verifica quando l’embrione si annida in un punto diverso dalla cavità dell’utero.
In questa guida spieghiamo quali sono i sintomi tipici e quelli di allarme, quando è il caso di andare al pronto soccorso e come si affronta il problema. Le informazioni sono divulgative e non sostituiscono il parere di ginecologo, ostetrica o medico.
Cos’è la gravidanza extrauterina
Nella gravidanza normale l’ovulo fecondato raggiunge l’utero e qui si impianta, trovando lo spazio e i tessuti adatti. Nella gravidanza extrauterina, invece, l’impianto avviene prima, in una sede che non è fatta per accogliere un embrione.
La forma più frequente è quella tubarica, cioè nella tuba di Falloppio, il canale che collega ovaio e utero. Proprio la tuba è la sede più delicata, perché non può dilatarsi come fa l’utero.
Una gravidanza ectopica non può arrivare a termine. Per questo è importante individuarla presto, prima che cresca abbastanza da creare complicazioni.
Dove si annida l’embrione
Oltre che nella tuba, più raramente l’embrione può impiantarsi nell’ovaio, nel collo dell’utero o nella cavità addominale. Sono sedi rare, ma ugualmente a rischio.
Esiste anche una forma particolare, la gravidanza eterotopica: una gravidanza dentro l’utero e una fuori, presenti insieme. È rara, ma possibile.
Qualunque sia la sede, il punto è lo stesso: il tessuto che la ospita non è adatto a sostenere un embrione per nove mesi.
Perché è pericolosa
Man mano che l’embrione cresce, il tessuto che lo contiene si tende fino a lacerarsi. Quando questo accade si può verificare un sanguinamento interno importante.
È proprio l’emorragia la complicanza più temibile: può mettere in pericolo la vita della donna se non viene trattata in tempo. Da qui l’importanza dei sintomi.
Fortunatamente, con una diagnosi precoce il problema si gestisce in sicurezza nella grande maggioranza dei casi, senza conseguenze permanenti.
Come si forma l’impianto fuori sede
Per capire la gravidanza ectopica serve un accenno al percorso naturale della fecondazione. L’ovulo viene fecondato nella tuba e, guidato da piccole ciglia, viaggia verso l’utero per impiantarsi.
Se la tuba è infiammata, cicatrizzata o parzialmente ostruita, il percorso può rallentare o bloccarsi. Così l’embrione si ferma e si annida dove si trova.
In altri casi il movimento delle ciglia non funziona bene, anche senza un’ostruzione evidente. La conseguenza è la stessa: l’impianto avviene in una sede sbagliata.
Sintomi: i segnali da non ignorare
All’inizio i sintomi possono essere vaghi e simili a quelli di una gravidanza normale. È per questo che la diagnosi precoce non è sempre immediata.
Il campanello più tipico è un dolore addominale, spesso su un solo lato, insieme a perdite di sangue scure e leggere, diverse dal flusso mestruale.
Molte donne scoprono di essere incinte proprio grazie al test positivo, e solo dopo arriva il dolore. Un test positivo con dolore va sempre segnalato al medico.
I primi sintomi
Tra i segni iniziali possono comparire ritardo mestruale, nausea, seno teso e stanchezza, gli stessi di una gravidanza che procede normalmente.
Poi si aggiunge il dolore pelvico o addominale, che può essere sordo e continuo oppure a crampi. A volte si concentra da un lato solo.
Possono esserci anche piccole perdite marroni o rosso scuro. Non sono mai un motivo per tranquillizzarsi da sole: vanno riferite subito al ginecologo.
I sintomi di allarme: quando è emergenza
Ci sono segnali che indicano che la situazione sta precipitando e richiedono un intervento immediato. Non vanno osservati a lungo, ma affrontati subito.
Il dolore forte e improvviso a una spalla è un campanello classico: può indicare sangue nella cavità addominale che irrita il diaframma. Non è un semplice dolore muscolare.
Attenzione anche a pallore, sudorazione fredda, vertigini e svenimento: insieme al dolore, possono segnalare un’emorragia in corso.
Il dolore addominale molto intenso che peggiora di colpo, infine, è un altro segno da non sottovalutare. In questi casi non si aspetta la visita programmata.
Quando andare subito al pronto soccorso
Se compaiono i segnali di allarme, non si aspetta la visita programmata e non ci si limita a chiamare il medico di famiglia. Si va al pronto soccorso o si chiama il 112.
Tra i campanelli che impongono l’accesso immediato ci sono:
- dolore addominale forte e improvviso, soprattutto con malessere generale;
- svenimento o sensazione di stare per svenire;
- dolore alla spalla in una donna con test di gravidanza positivo;
- sanguinamento vaginale abbondante o che tende ad aumentare;
- pallore, sudorazione fredda e battito accelerato.
In presenza di questi segni è meglio una visita in più che un ritardo. Il personale sanitario saprà valutare la situazione con esami rapidi.
Per sapere come muoversi in città si può consultare la guida su come accedere al pronto soccorso a Napoli, con ospedali e numeri di emergenza sempre utili in caso di bisogno.
Differenza con l’aborto spontaneo
Non è raro confondere i sintomi di un’ectopica con quelli di un aborto spontaneo precoce. In entrambi i casi possono comparire dolore e perdite.
Nell’aborto spontaneo l’utero tende a svuotarsi e le beta-hCG scendono progressivamente; nell’ectopica, invece, il valore può salire in modo anomalo o restare su un plateau.
Da sole non è possibile distinguere le due situazioni: serve una valutazione medica con esami e ecografia. Mai trarre conclusioni personali da un sintomo isolato.
Come si diagnostica
La diagnosi si basa su esami del sangue e un’ecografia transvaginale. Nessuno dei due, da solo, basta: i risultati vanno letti insieme.
Conta anche il racconto dei sintomi. Dolore, perdite e test positivo sono informazioni che orientano subito il medico verso il sospetto corretto.
Quando il quadro è incerto, si preferisce un monitoraggio ravvicinato invece di una diagnosi affrettata. È una prudenza che protegge la salute.
Le beta-hCG
Il dosaggio dell’ormone beta-hCG misura la gonadotropina corionica presente nel sangue. In una gravidanza che evolve bene, questo valore tende a raddoppiare in circa due giorni.
Se l’aumento è più lento del previsto, il medico sospetta che qualcosa non proceda come dovrebbe. Il dato, però, va sempre interpretato nel contesto.
Per questo spesso si ripete il prelievo a distanza di 48 ore: la curva che ne emerge è più significativa del singolo valore isolato.
L’ecografia
L’ecografia transvaginale cerca la camera gestazionale dentro l’utero. Se l’utero appare vuoto mentre le beta-hCG sono alte, il sospetto cresce.
In alcuni casi l’ecografia riesce a individuare una massa fuori dall’utero, magari proprio nella tuba, oppure del liquido nella cavità addominale.
A volte la diagnosi resta incerta e servono controlli ripetuti nei giorni successivi. Solo il medico può decidere quando è il momento di agire.
I numeri e la diagnosi precoce
La gravidanza ectopica non è un evento rarissimo: secondo le stime sanitarie internazionali riguarda circa una gravidanza su cento.
Il dato più incoraggiante riguarda la diagnosi: quando viene fatta presto, le complicanze gravi diventano rare e il recupero è più semplice.
Per questo conta non rimandare il primo controllo quando il test è positivo, soprattutto in presenza di dolore o di fattori di rischio.
Segnali che a volte mancano
Non tutte le donne avvertono subito dolore. In alcuni casi l’ectopica si scopre durante un controllo di routine, senza sintomi evidenti.
Per questo l’ecografia precoce è importante: può individuare la sede della gravidanza anche quando il quadro è ancora silenzioso.
Se però compaiono sintomi nuovi, non si aspetta l’appuntamento già fissato: si anticipa la richiesta di una valutazione.
I fattori di rischio
La gravidanza extrauterina può capitare anche senza fattori di rischio evidenti. Conoscerli, però, aiuta a essere più attente e a fare i controlli giusti.
Un precedente episodio aumenta la probabilità di una nuova gravidanza ectopica. Lo stesso vale per interventi alle tube o per alcune infezioni pelviche.
Anche fumo, età materna più avanzata e alcune tecniche di procreazione assistita sono associati a un rischio maggiore. Non sono cause certe, ma elementi da tenere presenti.
Chi ha uno di questi fattori dovrebbe informare subito il ginecologo appena scopre di essere incinta, per programmare un controllo precoce.
I trattamenti possibili
La scelta del trattamento dipende da dimensioni, sede e stabilità clinica. Non esiste una sola strada valida: il medico valuta caso per caso.
Quando la condizione è stabile e diagnosticata presto, si può ricorrere a una terapia farmacologica; negli altri casi serve un intervento chirurgico.
In ogni situazione la priorità resta la sicurezza della donna. Le opzioni vengono spiegate con chiarezza prima di procedere.
Il metotrexato
Il metotrexato è un farmaco che blocca lo sviluppo delle cellule in rapida crescita. Si usa in alcune gravidanze ectopiche piccole e non complicate.
Va somministrato in ambiente controllato e richiede analisi periodiche per verificare che il valore delle beta-hCG scenda come previsto.
Non è adatto a tutte: instabilità, rottura o gravidanza avanzata lo escludono. Solo il medico può stabilire se è la scelta giusta.
L’intervento chirurgico
Quando c’è instabilità o rottura, si procede con un intervento in laparoscopia o, in casi particolari, a cielo aperto. Serve a fermare l’emorragia.
L’operazione può rimuovere la gravidanza dalla tuba conservando la tuba stessa, quando le condizioni lo consentono, oppure rimuovere la tuba interessata.
Nei casi di urgenza la priorità assoluta è fermare il sanguinamento: ogni scelta viene poi spiegata alla donna e ai familiari.
Dopo una gravidanza extrauterina
Dopo il trattamento serve un controllo delle beta-hCG fino alla loro negativizzazione. È un passaggio obbligato, anche per escludere residui.
Molti si chiedono se sarà possibile una nuova gravidanza. Nella maggior parte dei casi la fertilità resta possibile, soprattutto se l’altra tuba è integra.
Il ginecologo può indicare esami e tempi adatti per un nuovo tentativo. Una gravidanza successiva va seguita con un controllo precoce.
Anche il sostegno emotivo conta: vivere un’ectopica è un’esperienza dura da elaborare. Parlarne con il medico o con figure dedicate aiuta davvero.
Gravidanza extrauterina e futuro: cosa sapere
Dopo un’ectopica il corpo ha bisogno di tempo per riprendersi, sia fisicamente sia emotivamente. Non c’è una data uguale per tutte per ricominciare.
Il medico può consigliare un periodo di attesa prima di un nuovo tentativo, così da permettere ai tessuti di guarire e ai valori di normalizzarsi.
È anche l’occasione per rivedere i fattori di rischio e programmare un controllo precoce della gravidanza successiva, senza ansie inutili.
In questa fase può servire rivedere lo stile di vita: la guida su cosa mangiare in gravidanza e quella sui farmaci in gravidanza offrono indicazioni pratiche.
Cosa fare in attesa del medico
Se hai un test positivo e un dolore nuovo, contatta subito il ginecologo o l’ostetrica. Non rimandare per capire “come evolve la situazione”.
Nell’attesa non prendere antidolorifici da sola per mascherare il sintomo: il dolore è un’informazione clinica importante per la diagnosi.
Evita sforzi e rapporti sessuali e non mettere nulla in vagina, compresi lavande o assorbenti interni. Tieni traccia di perdite e dolore.
Se hai il sospetto di un’ectopica, fatti accompagnare da qualcuno agli esami o in ospedale. Non guidare se ti senti male.
Cosa non fare quando c’è il sospetto
Di fronte al sospetto di un’ectopica l’errore più comune è aspettare, sperando che il dolore passi da solo. Il tempo, in questi casi, non è un alleato.
Un altro errore è assumere farmaci per il dolore senza parere: il sintomo va valutato, non spento, perché orienta la diagnosi.
Infine, non affidarsi ai consigli di gruppi online al posto della visita: le esperienze altrui non dicono nulla sul tuo caso specifico.
Quando rivolgersi al medico
Con un test di gravidanza positivo e dolore o perdite, contatta subito il ginecologo o l’ostetrica. Non rimandare per vedere come evolve.
Davanti a dolore forte, svenimento o sanguinamento abbondante non aspettare: chiama i soccorsi o vai al pronto soccorso. La rapidità conta più di ogni altra cosa.
Per i dubbi non urgenti, medico di famiglia e consultorio possono orientare. In caso di necessità si può fare riferimento alla rete delle farmacie sempre aperte a Napoli per un primo consiglio.
Il ruolo del consultorio e dell’ostetrica
Il consultorio familiare è un servizio pubblico pensato anche per accompagnare la gravidanza fin dalle prime settimane, spesso a costo zero.
Qui un’ostetrica può raccogliere la storia clinica, chiarire i dubbi e indirizzare agli esami più opportuni. È un appoggio utile mentre si attende una diagnosi.
Anche il medico di famiglia può essere il primo riferimento per un dolore addominale con test positivo, e sa quando è il caso di accelerare.
Per orientarsi nel percorso dei controlli può essere utile la guida sulla curva glicemica in gravidanza, che spiega una delle tappe più comuni.
Domande frequenti
La gravidanza extrauterina si può prevenire?
Non del tutto. Ridurre il fumo e curare le infezioni pelviche aiuta, ma la forma ectopica può verificarsi anche in assenza di fattori di rischio.
Si può avere un test di gravidanza positivo?
Sì. Il test può essere positivo perché l’ormone beta-hCG viene prodotto comunque. Ecco perché un test positivo con dolore va sempre approfondito.
Quanto dura un ricovero per gravidanza extrauterina?
Dipende dal trattamento. Con la terapia farmacologica serve un monitoraggio con prelievi periodici; dopo l’intervento i tempi variano caso per caso.
È pericolosa per la vita?
Se non trattata in tempo può esserlo, per via dell’emorragia interna. Diagnosticata presto, invece, si gestisce in sicurezza nella quasi totalità dei casi.
Dopo un’ectopica si può rimanere incinta di nuovo?
Sì, la fertilità resta possibile nella maggior parte dei casi. Il ginecologo valuta la situazione e indica come impostare una nuova gravidanza.
Dove informarsi in modo affidabile
Online le informazioni sulla gravidanza extrauterina sono tante e a volte confuse. Per orientarsi conviene partire da fonti istituzionali, non da forum o gruppi social.
Il Ministero della Salute e l’Istituto Superiore di Sanità pubblicano materiali informativi aggiornati e affidabili sul tema.
Anche la Società Italiana di Pediatria e l’Organizzazione Mondiale della Sanità offrono indicazioni di riferimento per la salute di mamma e bambino.
Questi materiali aiutano a capire il problema, ma non sostituiscono la visita. La decisione clinica resta sempre del medico che segue la gravidanza.
Una parola sul sostegno
Affrontare un’ectopica può lasciare paura e tristezza, anche quando tutto procede nel modo giusto dal punto di vista medico.
Parlarne con il partner, una persona fidata o lo psicologo del consultorio aiuta a elaborare l’accaduto senza restare soli.
Chiedere aiuto non è un segno di debolezza: il benessere emotivo fa parte della salute, prima, durante e dopo la gravidanza.
In sintesi
La gravidanza extrauterina è un’urgenza da riconoscere presto. Dolore addominale, perdite e test positivo sono i segnali su cui non si deve sorvolare.
I campanelli di allarme, come dolore alla spalla, svenimento o pallore, impongono il pronto soccorso immediato. Meglio un controllo in più che un minuto perso.
Con una diagnosi tempestiva il trattamento è efficace e sicuro. Per ogni dubbio, il riferimento resta sempre ginecologo e ostetrica.
Per seguire il percorso dei nove mesi si possono rileggere le guide su settimane di gravidanza e sui sintomi mese per mese: conoscere i segnali aiuta a non farsi cogliere impreparate.
Se il test è appena arrivato, è utile anche la guida su come leggere il risultato del test di gravidanza. E per i controlli di routine ecco quando si fa la curva glicemica.
Scopri di più da Napolike.it
Abbonati per ricevere gli ultimi articoli inviati alla tua e-mail."
20261004142433,Sassuolo Duemila,https://www.sassuolo2000.it/2026/10/04/sanita-cisl-sassuolo-scandiano-non-bypassare-chi-lavora-la-svolta-possibile-solo-con-un-dialogo-coraggioso/,,,,,,srclc:ita,"“Bisogna capire se l’integrazione tra Sassuolo e Scandiano, tra Modena e Reggio, può diventare davvero un progetto innovativo per chi lavora nella sanità e per i cittadini, oppure se rischia di trasformarsi in una semplice operazione di imbellettamento per scarsità di risorse umane ed economiche. Il sindacato è pronto a fare la sua parte ma prima va risolto un problema di metodo: di una scelta presentata come strategica stiamo discutendo soprattutto attraverso annunci e titoli di giornale. Non c’è stato un coinvolgimento del talento e delle competenze di chi, tra i medici e i sanitari, rappresenta il cuore e l’anima dei nostri ospedali”.
Così Cisl Emilia Centrale, Cisl Medici Emilia Centrale e Cisl Fp Emilia Centrale intervengono sul percorso avviato dalle Aziende sanitarie di Modena e Reggio Emilia, con un forcing che tra lavoratori e professionisti non ha suscitato ‘l’effetto wow’ atteso. Il mondo del lavoro è stato, semplicemente, bypassato. “Gli annunci sono arrivati sulla testa di chi lavora nei reparti e questo ha generato delusione. Basta ascoltare cosa dicono e scrivono in queste ore i professionisti della sanità. Siamo alla fase zero, ci viene detto. Bene: proprio per questo sarebbe servita da subito una volontà d’ascolto. Non dopo gli annunci”, incalzano i sindacati.
Gli stessi documenti aziendali che stanno circolando solo ora prevedono gruppi professionali interaziendali chiamati a elaborare scenari concreti. “I gruppi di lavoro devono servire a costruire e confrontare scenari diversi, non a dare attuazione a scelte già definite – osservano Cisl, Cisl Medici e Cisl Fp –, non per tradurre un mandato già confezionato, ma per modularlo e, se necessario, correggerlo. Il confronto deve partire da dati trasparenti: liste d’attesa, mobilità dei pazienti, tempi di accesso, posti letto, organici, investimenti e conseguenze sull’intera rete. Così come non si può progettare una nuova rete sanitaria senza un piano del personale: quanti medici, infermieri, oss e tecnici serviranno, dove lavoreranno, se sono previste assunzioni o mobilità e quali effetti ci saranno su turni, guardie e pronte disponibilità”. Il metodo riguarda anche Scandiano, dato che l’Ausl reggiana valuta diverse soluzioni per l’ospedale, compresa una nuova struttura, e ha già attivato un gruppo di lavoro sull’offerta futura.
POLITICA AL SERVIZIO DELLA SANITA’
“Una riforma lungo l’asse Scandiano-Sassuolo come quella appresa a mezzo stampa non può cadere dall’alto chiedendo poi ai professionisti di adeguarsi. Dobbiamo mettere chi cura nelle condizioni di individuare e realizzare ciò che serve davvero ai cittadini e ai lavoratori. La politica e la programmazione devono essere al servizio del bisogno sanitario, è finita la stagione in cui si chiede al professionista sanitario di diventare esecutore di un disegno politico già definito”, proseguono i sindacati. Superare i confini amministrativi, per la Cisl, ha una ratio forte: Sassuolo e Scandiano sono territori storicamente e socio-demograficamente integrati. “Se la sfida è una rete più moderna, capace di mettere insieme competenze e specializzazioni, il sindacato c’è. Ma innovare non significa spostare attività: significa progettare in maniera più funzionale al bisogno sanitario reale, verificando cosa rafforzare, cosa integrare, con quali organici e risorse”.
OCCHIO ALLA DEMOGRAFIA
Decisivo anche il fattore demografico. Basta guardare al calo delle nascite e all’invecchiamento accelerato di due province che, al 2042, avranno circa il 28% in più di over 65. Integrare i bacini può aiutare a mantenere competenze, qualità e sicurezza. I Sindaci fanno bene a occuparsene, le Aziende farebbero bene a considerare i lavoratori come ingegneri e protagonisti del cambiamento.
Il progetto prevede infine che gli scenari arrivino alle Conferenze territoriali sociali e sanitarie, ma per i sindacati queste “non possono essere soltanto il luogo in cui approda un progetto già costruito. Diventino uno dei luoghi, non l’unico, in cui sia possibile orientarlo e accompagnarlo, facendone, anche attraverso altre sedi di confronto con i lavoratori e i cittadini, un vero progetto di comunità e territorio. Se questo è davvero l’inizio del cantiere, le Aziende dimostrino che il dialogo con i lavoratori non è un rito accessorio”, concludono i sindacati."
20261004132950,Unione,https://www.unionesarda.it/news-sardegna/gallura/paesaggi-delle-migrazioni-e-dellaccoglienza-stefano-boeri-a-la-maddalena-oz6a4yhc,,,,,,srclc:ita,"Paesaggi delle migrazioni e dell’accoglienza, Stefano Boeri a La Maddalena
L’appuntamento è per venerdì 9 ottobre
Per restare aggiornato entra nel nostro canale Whatsapp
Sarà Stefano Boeri uno dei protagonisti di “ISOLE#2 – Paesaggi delle migrazioni e dell’accoglienza”, il convegno in programma venerdì 9 ottobre agli Ex Magazzini Ilva di Cala Gavetta, a La Maddalena. L’architetto interverrà nella conferenza introduttiva con una relazione dal titolo “L’arcipelago come metafora della buona politica”.
L’appuntamento, organizzato da AIAPP e Associazione Coast, metterà al centro il rapporto tra migrazioni, trasformazioni dei territori e progettazione del paesaggio, affrontando il tema dell’accoglienza attraverso il contributo di studiosi e progettisti italiani e internazionali. I lavori inizieranno alle 9.20, dopo la registrazione e gli accrediti previsti dalle 9, e proseguiranno sino alle 18. Il programma sarà articolato in tre panel: “Attraversare”, “Co-abitare” e “Radicare”. Al centro del confronto ci saranno le rotte migratorie, il diritto alla città e i cambiamenti sociali e ambientali che interessano il Mediterraneo. L’iniziativa punta a leggere le migrazioni non soltanto come fenomeno demografico e sociale, ma anche attraverso gli effetti prodotti sugli spazi, sulle comunità e sui paesaggi attraversati. Da qui la riflessione sul possibile ruolo della progettazione nella costruzione di nuovi modelli di convivenza e accoglienza.
La giornata maddalenina rappresenterà inoltre la prima tappa di un percorso che proseguirà con un workshop e con l’elaborazione del Manifesto di La Maddalena, documento destinato a raccogliere riflessioni e proposte emerse dal confronto."
20261004130200,Corriere,https://www.corriere.it/economia/professionisti/commercialisti/26_ottobre_04/commercialisti-il-paradosso-dell-ai-la-usano-in-7-su-10-ma-il-lavoro-manuale-non-cala-037d0de5-0853-42b7-9bfa-34b215d8axlk.shtml,,,,,,srclc:ita,"Commercialisti, il paradosso dell’AI: la usano in 7 su 10, ma il lavoro manuale non cala
Negli studi l’intelligenza artificiale è già entrata: il 71,3% dei professionisti la utilizza. Eppure quasi la metà dice che il carico di lavoro è aumentato nell’ultimo anno. Il 62,4% perde almeno un giorno alla settimana in attività ripetitive. Il problema? Tanti software, pochi sistemi che dialogano tra loro
L’intelligenza artificiale è già arrivata negli studi dei commercialisti. Ma per ora non ha fatto quello che ci si aspetterebbe da una tecnologia che promette di automatizzare il lavoro: far lavorare meno.
Anzi. Il 71,3% dei commercialisti italiani dichiara di utilizzare già strumenti di AI e quasi uno su due, il 49,8%, dice che il proprio carico di lavoro è aumentato nell’ultimo anno. Nel frattempo il 62,4% dedica l’equivalente di almeno una giornata lavorativa alla settimana ad attività manuali e ripetitive, dalla raccolta dei documenti al data entry fino ai solleciti ai clienti. Per il 18,8% degli intervistati il tempo assorbito da queste attività supera addirittura il 30%.
È il paradosso della nuova digitalizzazione degli studi professionali: la tecnologia cresce, ma l’operatività non necessariamente diminuisce.
I numeri arrivano da una ricerca quantitativa realizzata da Sibill in collaborazione con AstraRicerche, condotta a fine agosto su 303 commercialisti italiani. E raccontano una professione nella quale il problema non sembra più essere convincere i professionisti ad adottare la tecnologia, ma fare in modo che le tecnologie adottate riescano a lavorare insieme.
L’AI c’è, ma spesso vive fuori dal gestionale
La fotografia dell’intelligenza artificiale è infatti tutt’altro che quella di una categoria resistente al cambiamento. Oltre al 71,3% che già utilizza l’AI, un altro 23,4% sta valutando di farlo: complessivamente, dunque, il 94,7% degli intervistati è già utilizzatore o potenziale utilizzatore.
Ma il modo in cui l’intelligenza artificiale entra negli studi è significativo. Tra chi la utilizza, il 90,7% ricorre ad almeno un assistente generalista. ChatGPT è utilizzato dal 50,5% degli intervistati e Gemini dal 42,1%. Gli strumenti di AI integrati direttamente nel gestionale vengono invece utilizzati dal 24,1%.
L’intelligenza artificiale, insomma, arriva spesso come un nuovo strumento da aggiungere a quelli già esistenti, non come un livello che mette in comunicazione dati, documenti e processi.
Ed è qui che emerge il secondo paradosso. Il 57,8% degli studi utilizza più di un software per gestire contabilità, fatturazione e adempimenti; il 13,2% ne usa addirittura quattro o cinque. Solo il 42,2% lavora invece con un unico sistema integrato. Il risultato è che il 27,2% dei commercialisti stima di perdere più di tre ore alla settimana proprio per attività legate alla gestione e alla frammentazione degli strumenti.
La percentuale sale al 36% tra chi utilizza più software e arriva al 48% negli studi con più di dieci collaboratori.
Non è quindi necessariamente la mancanza di tecnologia a creare inefficienza. È la tecnologia che non parla con altra tecnologia.    
Il tempo che si perde tra un software e l’altro
Gli attriti sono molto concreti. Il 21,8% degli intervistati indica tra le principali difficoltà il recupero e la gestione di dati e documenti dai clienti, un altro 21,8% la lentezza dei sistemi e il 19,5% l’inserimento manuale di dati e fatture. Il 17,2% segnala invece interfacce poco intuitive.
Il risultato è che una parte consistente del lavoro del commercialista continua a svolgersi lontano da quella consulenza che dovrebbe rappresentare il valore aggiunto della professione.
E la pressione non arriva soltanto dai software. Il 39,6% indica come principale difficoltà quotidiana l’aggiornamento normativo continuo e la burocrazia. Seguono i clienti poco digitalizzati e le richieste last minute, indicati dal 33%, e la mole di adempimenti e scadenze, al 30%.
Il problema è aggravato dalla difficoltà di trovare persone. Il 52,8% degli intervistati considera difficile reperire revisori, contabili e commercialisti da inserire nello studio.
Il dato si inserisce in un cambiamento demografico della professione. Secondo il Rapporto 2026 sull’Albo dei Dottori Commercialisti e degli Esperti Contabili della Fondazione Nazionale di Ricerca dei Commercialisti, a fine 2025 gli iscritti erano 119.050, 902 in meno rispetto all’anno precedente. Le nuove iscrizioni sono scese dalle 1.958 del 2024 alle 1.494 del 2025. E tra il 2008 e il 2025 la quota degli under 41 è passata dal 29% al 15,8%, mentre quella degli over 60 è salita dal 15% al 29,7%.
Meno persone disponibili e più lavoro da gestire rendono quindi ancora più importante riuscire a togliere dal tavolo le attività a basso valore aggiunto.
La prossima frontiera non è usare più AI, ma farla lavorare
È proprio su questo terreno che si inserisce la nuova proposta di Sibill, società fondata nel 2021 da Mattia Montepara, Lorenzo Liguori e Dario Prencipe.
L’azienda ha lanciato Sibill per Commercialisti, un software AI di contabilità costruito attorno a tre elementi: centralizzazione delle informazioni, automazione delle attività ripetitive e collaborazione tra studio e cliente. L’obiettivo dichiarato è concentrare conti, dati, documenti e fatture in un unico ambiente e utilizzare l’AI per automatizzare fino al 95% delle registrazioni contabili.
Il punto, però, non è soltanto automatizzare una singola operazione. È ridurre il numero di volte in cui il professionista deve passare da un sistema all’altro, chiedere un documento al cliente, ricopiare un dato o controllare manualmente informazioni già disponibili altrove.
«Il punto non è più convincere i commercialisti a utilizzare la tecnologia: lo stanno già facendo», dice Mattia Montepara, CEO e co-founder di Sibill. «La ricerca mostra però che l’adozione sta correndo più velocemente dell’integrazione. L’intelligenza artificiale può semplificare molte singole attività dei commercialisti, ma il vero salto di qualità avviene quando dati, documenti e persone lavorano insieme, senza aggiungere nuovi passaggi o attività da gestire, ma facendo le cose per loro».
È un passaggio interessante perché sposta il dibattito sull’AI dal “quanto la usi” al “che cosa riesce davvero a fare per te”.
Anche perché la disponibilità a cambiare sembra esserci già: il 90,8% dei commercialisti intervistati si aspetta trasformazioni importanti della professione nei prossimi tre-cinque anni e il 46,9% utilizza il proprio gestionale principale da meno di cinque anni. L’8,9% lo ha cambiato addirittura nell’ultimo anno.
La prossima fase, dunque, potrebbe non essere quella della corsa a un nuovo software o a un nuovo assistente AI. Potrebbe essere quella, molto meno visibile ma più decisiva, dell’integrazione.
Perché se l’intelligenza artificiale si limita ad aggiungersi alla lista degli strumenti che il commercialista deve aprire, controllare e alimentare, il rischio è che la tecnologia aumenti le possibilità senza ridurre il lavoro.
«Sibill per i Commercialisti nasce proprio con questo obiettivo: alleggerire l’operatività quotidiana e restituire tempo alla consulenza, alla relazione con il cliente e alla crescita dello studio», conclude Montepara.
E forse è proprio qui che si misura la differenza tra digitalizzare uno studio e trasformarlo davvero: non nel numero di strumenti che utilizza, ma nel numero di attività che il professionista non deve più fare.
LEGGI ANCHE
- La scuola che prepara i nuovi professionisti dell’AI. In aula dalle 9 alle 18, si studia anche etica delle macchine. Il 95% trova subito lavoro
- Stefano Garisto (Lefebvre Giuffrè): «Siamo la Netflix dell’editoria, un'azienda hi-tech con cent'anni di vantaggio»
- Il letto si riscalda, si raffredda e monitora la salute. Eight Sleep reinventa il sonno: «Il nuovo Pod 6 verso il via libera come dispositivo medico»
- Chi guadagna di più e chi non paga le tasse in Italia: il confronto tra lavoratori dipendenti e partite Iva. Evasione fiscale, 24,8 milioni non pagano nulla
- Avvocati, in aumento i contenziosi con i clienti: ecco perché i giovani abbandonano gli studi
- Gli affitti brevi spingono al rialzo le camere doppie per studenti: a Roma si arriva a 1.500 euro (e a poco servono gli studentati)
- Riforma delle professioni, il tirocinio deve essere pagato e l’Ai entra nei codici deontologici: chi riguarda"
20261004124335,Sardegna Live,https://www.sardegnalive.net/adnkronos/firenze-conclusa-lottava-edizione-del-festival-nazionale-delleconomia-civile-nb5gadbu,,,,,,srclc:ita,"Firenze, 4 ott. (Adnkronos) - Si è chiusa a Firenze l’ottava edizione del Festival Nazionale dell’Economia Civile, dal titolo “EUconomia. L’economia che fa bene, il rumore della foresta che cresce”. Negli otto anni di lavoro, il Festival ha costruito una comunità nazionale di persone, imprese, amministrazioni e organizzazioni che nei propri territori tengono insieme economia, coesione sociale e cura del bene comune. Sono 80 gli ambasciatori e le ambasciatrici dell’economia civile provenienti da tutte le regioni italiane che si rendono protagonisti di percorsi discussi a Firenze, che poi vengono attuati in tutta Italia. Nell’edizione 2026 sono stati realizzate 12 progettualità territoriali che hanno coinvolto 2.500 persone.
Sostiene Leonardo Becchetti, Direttore del Festival Nazionale dell’Economia Civile e Co-fondatore NeXt Economia: “Al Festival l’editor del Rapporto Mondiale sulla Felicità ha mostrato come nello studio su 30 milioni di intervistati nel mondo, solo il 22% è soddisfatto del proprio lavoro, delineando i contorni di un’immensa carestia di senso del vivere. Il problema dell’economia tradizionale, oltre ad inflazione, diseguaglianze, crisi climatica, è anche e soprattutto questo. Si comporta come quel tale che quando amici organizzano un viaggio si preoccupa che non si superi il limite di velocità, che quando la benzina finisce si faccia rifornimento, che non si finisca fuori strada. L’economia civile dice che oltre che rispettare regole, limiti e vincoli si può fare molto di più per migliorare la qualità del viaggio. E ha lavorato in questi giorni su soluzioni sui temi più importanti di oggi come diseguaglianze, inflazione, povertà dei salari, emergenza climatica. Intelligenza relazionale, generatività, partecipazione sono le chiavi delle risposte che ci avvicinano alla meta attraverso indipendenza strategica e aumentata capacità di creare valore economico ed impatto sociale ed ambientale”.
Per Augusto dell’Erba, Presidente Federcasse-BCC “si chiude un Festival nel quale abbiamo potuto toccare con mano quanta economia civile e quanta domanda ci sia in Italia - soprattutto dai giovani - di buone pratiche replicabili. Al tempo stesso, questo Festival ha chiamato tutte le forze più sane del Paese ad attivarsi per determinare davvero un cambiamento sostanziale nelle politiche pubbliche e nello sviluppo sociale ed economico. Ispirate a logiche di autentico bene comune, nella consapevolezza che il tempo a disposizione non è illimitato e che le transizioni in atto non aspettano. Come Credito Cooperativo mettiamo a disposizione di questo progetto tutta l’esperienza della mutualità bancaria, che si conferma una delle leve per garantire inclusione e lotta alle disuguaglianze. La strada è ancora lunga ma davvero - come recita il titolo scelto per questa ottava edizione, una foresta sta crescendo senza fare rumore. A noi sta il compito di proteggerla e di darle nuova linfa”.
Afferma Maurizio Gardini, presidente Confcooperative “Si chiude un Festival che ha dimostrato come l'economia civile non sia una teoria, ma una pratica quotidiana. Le cooperative generano impresa, reddito e ricchezza, con l'8% del Pil nazionale, e lo fanno mettendo al centro persone e territori. Dalla transizione ecologica all'invecchiamento demografico, dalla digitalizzazione alle disuguaglianze, le cooperative offrono risposte, dalle metropoli alle aree interne. La nostra economia guarda al lungo periodo e investe in competenze e innovazione. L'Italia ha i numeri per diventare un riferimento mondiale nel segno di San Francesco e Antonio Genovesi”.
Durante i quattro giorni di lavori sono intervenuti al Festival, tra gli altri: Raffaele Fitto (Vice Presidente Esecutivo della Commissione europea per la Coesione e le riforme), Shirin Ebadi (Premio Nobel per la Pace del 2003), Philippe Aghion (Economista e Premio Nobel per l’Economia nel 2025), Orazio Schillaci (Ministro della Salute), Lucia Albano (Sottosegretario al Ministero dell’Economia e delle Finanze), Roberto Garofoli (Presidente di Sezione del Consiglio di Stato), Isata Mahoi (Ministra per le Pari Opportunità e l’Infanzia della Sierra Leone), Sara Funaro (Sindaca del Comune di Firenze), Gaetano Manfredi (Presidente ANCI e Sindaco di Napoli), Maurizio Martina (Vice Direttore Generale FAO) e Jan-Emmanuel De Neve (Professore di Economia e Scienze Comportamentali all’Università di Oxford e Direttore dell’Oxford Wellbeing Research Centre).
Il Festival nasce da un’idea di Federcasse (Associazione Nazionale delle Banche di Credito Cooperativo, Casse Rurali, Casse Raiffeisen), promosso con Confcooperative, organizzato e progettato con NeXt – Nuova Economia per Tutti, con il contributo di Fondosviluppo, Assimoco, Federazione Toscana delle BCC, Publiacqua e la collaborazione dell’Università degli Studi di Firenze, SEC – Scuola di Economia Civile, Gioosto.com e la Fondazione MUS.E e il patrocinio del Comune di Firenze."
20261004123222,Savona News,https://www.savonanews.it/2026/10/04/leggi-notizia/articolo/firenze-conclusa-lottava-edizione-del-festival-nazionale-delleconomia-civile.html,,,,,,srclc:ita,"(Adnkronos) - Si è chiusa a Firenze l’ottava edizione del Festival Nazionale dell’Economia Civile, dal titolo “EUconomia. L’economia che fa bene, il rumore della foresta che cresce”. Negli otto anni di lavoro, il Festival ha costruito una comunità nazionale di persone, imprese, amministrazioni e organizzazioni che nei propri territori tengono insieme economia, coesione sociale e cura del bene comune. Sono 80 gli ambasciatori e le ambasciatrici dell’economia civile provenienti da tutte le regioni italiane che si rendono protagonisti di percorsi discussi a Firenze, che poi vengono attuati in tutta Italia. Nell’edizione 2026 sono stati realizzate 12 progettualità territoriali che hanno coinvolto 2.500 persone.
Sostiene Leonardo Becchetti, Direttore del Festival Nazionale dell’Economia Civile e Co-fondatore NeXt Economia: “Al Festival l’editor del Rapporto Mondiale sulla Felicità ha mostrato come nello studio su 30 milioni di intervistati nel mondo, solo il 22% è soddisfatto del proprio lavoro, delineando i contorni di un’immensa carestia di senso del vivere. Il problema dell’economia tradizionale, oltre ad inflazione, diseguaglianze, crisi climatica, è anche e soprattutto questo. Si comporta come quel tale che quando amici organizzano un viaggio si preoccupa che non si superi il limite di velocità, che quando la benzina finisce si faccia rifornimento, che non si finisca fuori strada. L’economia civile dice che oltre che rispettare regole, limiti e vincoli si può fare molto di più per migliorare la qualità del viaggio. E ha lavorato in questi giorni su soluzioni sui temi più importanti di oggi come diseguaglianze, inflazione, povertà dei salari, emergenza climatica. Intelligenza relazionale, generatività, partecipazione sono le chiavi delle risposte che ci avvicinano alla meta attraverso indipendenza strategica e aumentata capacità di creare valore economico ed impatto sociale ed ambientale”.
Per Augusto dell’Erba, Presidente Federcasse-BCC “si chiude un Festival nel quale abbiamo potuto toccare con mano quanta economia civile e quanta domanda ci sia in Italia - soprattutto dai giovani - di buone pratiche replicabili. Al tempo stesso, questo Festival ha chiamato tutte le forze più sane del Paese ad attivarsi per determinare davvero un cambiamento sostanziale nelle politiche pubbliche e nello sviluppo sociale ed economico. Ispirate a logiche di autentico bene comune, nella consapevolezza che il tempo a disposizione non è illimitato e che le transizioni in atto non aspettano. Come Credito Cooperativo mettiamo a disposizione di questo progetto tutta l’esperienza della mutualità bancaria, che si conferma una delle leve per garantire inclusione e lotta alle disuguaglianze. La strada è ancora lunga ma davvero - come recita il titolo scelto per questa ottava edizione, una foresta sta crescendo senza fare rumore. A noi sta il compito di proteggerla e di darle nuova linfa”.
Afferma Maurizio Gardini, presidente Confcooperative “Si chiude un Festival che ha dimostrato come l'economia civile non sia una teoria, ma una pratica quotidiana. Le cooperative generano impresa, reddito e ricchezza, con l'8% del Pil nazionale, e lo fanno mettendo al centro persone e territori. Dalla transizione ecologica all'invecchiamento demografico, dalla digitalizzazione alle disuguaglianze, le cooperative offrono risposte, dalle metropoli alle aree interne. La nostra economia guarda al lungo periodo e investe in competenze e innovazione. L'Italia ha i numeri per diventare un riferimento mondiale nel segno di San Francesco e Antonio Genovesi”.
Durante i quattro giorni di lavori sono intervenuti al Festival, tra gli altri: Raffaele Fitto (Vice Presidente Esecutivo della Commissione europea per la Coesione e le riforme), Shirin Ebadi (Premio Nobel per la Pace del 2003), Philippe Aghion (Economista e Premio Nobel per l’Economia nel 2025), Orazio Schillaci (Ministro della Salute), Lucia Albano (Sottosegretario al Ministero dell’Economia e delle Finanze), Roberto Garofoli (Presidente di Sezione del Consiglio di Stato), Isata Mahoi (Ministra per le Pari Opportunità e l’Infanzia della Sierra Leone), Sara Funaro (Sindaca del Comune di Firenze), Gaetano Manfredi (Presidente ANCI e Sindaco di Napoli), Maurizio Martina (Vice Direttore Generale FAO) e Jan-Emmanuel De Neve (Professore di Economia e Scienze Comportamentali all’Università di Oxford e Direttore dell’Oxford Wellbeing Research Centre).
Il Festival nasce da un’idea di Federcasse (Associazione Nazionale delle Banche di Credito Cooperativo, Casse Rurali, Casse Raiffeisen), promosso con Confcooperative, organizzato e progettato con NeXt – Nuova Economia per Tutti, con il contributo di Fondosviluppo, Assimoco, Federazione Toscana delle BCC, Publiacqua e la collaborazione dell’Università degli Studi di Firenze, SEC – Scuola di Economia Civile, Gioosto.com e la Fondazione MUS.E e il patrocinio del Comune di Firenze."
20261004123222,Periodico Daily,https://www.periodicodaily.com/firenze-conclusa-lottava-edizione-del-festival-nazionale-delleconomia-civile/,,,,,,srclc:ita,"(Adnkronos) – Si è chiusa a Firenze l’ottava edizione del Festival Nazionale dell’Economia Civile, dal titolo “EUconomia. L’economia che fa bene, il rumore della foresta che cresce”. Negli otto anni di lavoro, il Festival ha costruito una comunità nazionale di persone, imprese, amministrazioni e organizzazioni che nei propri territori tengono insieme economia, coesione sociale e cura del bene comune. Sono 80 gli ambasciatori e le ambasciatrici dell’economia civile provenienti da tutte le regioni italiane che si rendono protagonisti di percorsi discussi a Firenze, che poi vengono attuati in tutta Italia. Nell’edizione 2026 sono stati realizzate 12 progettualità territoriali che hanno coinvolto 2.500 persone.   Sostiene Leonardo Becchetti, Direttore del Festival Nazionale dell’Economia Civile e Co-fondatore NeXt Economia: “Al Festival l’editor del Rapporto Mondiale sulla Felicità ha mostrato come nello studio su 30 milioni di intervistati nel mondo, solo il 22% è soddisfatto del proprio lavoro, delineando i contorni di un’immensa carestia di senso del vivere. Il problema dell’economia tradizionale, oltre ad inflazione, diseguaglianze, crisi climatica, è anche e soprattutto questo. Si comporta come quel tale che quando amici organizzano un viaggio si preoccupa che non si superi il limite di velocità, che quando la benzina finisce si faccia rifornimento, che non si finisca fuori strada. L’economia civile dice che oltre che rispettare regole, limiti e vincoli si può fare molto di più per migliorare la qualità del viaggio. E ha lavorato in questi giorni su soluzioni sui temi più importanti di oggi come diseguaglianze, inflazione, povertà dei salari, emergenza climatica. Intelligenza relazionale, generatività, partecipazione sono le chiavi delle risposte che ci avvicinano alla meta attraverso indipendenza strategica e aumentata capacità di creare valore economico ed impatto sociale ed ambientale”.   Per Augusto dell’Erba, Presidente Federcasse-BCC “si chiude un Festival nel quale abbiamo potuto toccare con mano quanta economia civile e quanta domanda ci sia in Italia – soprattutto dai giovani – di buone pratiche replicabili. Al tempo stesso, questo Festival ha chiamato tutte le forze più sane del Paese ad attivarsi per determinare davvero un cambiamento sostanziale nelle politiche pubbliche e nello sviluppo sociale ed economico. Ispirate a logiche di autentico bene comune, nella consapevolezza che il tempo a disposizione non è illimitato e che le transizioni in atto non aspettano. Come Credito Cooperativo mettiamo a disposizione di questo progetto tutta l’esperienza della mutualità bancaria, che si conferma una delle leve per garantire inclusione e lotta alle disuguaglianze. La strada è ancora lunga ma davvero – come recita il titolo scelto per questa ottava edizione, una foresta sta crescendo senza fare rumore. A noi sta il compito di proteggerla e di darle nuova linfa”.    Afferma Maurizio Gardini, presidente Confcooperative “Si chiude un Festival che ha dimostrato come l'economia civile non sia una teoria, ma una pratica quotidiana. Le cooperative generano impresa, reddito e ricchezza, con l'8% del Pil nazionale, e lo fanno mettendo al centro persone e territori. Dalla transizione ecologica all'invecchiamento demografico, dalla digitalizzazione alle disuguaglianze, le cooperative offrono risposte, dalle metropoli alle aree interne. La nostra economia guarda al lungo periodo e investe in competenze e innovazione. L'Italia ha i numeri per diventare un riferimento mondiale nel segno di San Francesco e Antonio Genovesi”.   Durante i quattro giorni di lavori sono intervenuti al Festival, tra gli altri: Raffaele Fitto (Vice Presidente Esecutivo della Commissione europea per la Coesione e le riforme), Shirin Ebadi (Premio Nobel per la Pace del 2003), Philippe Aghion (Economista e Premio Nobel per l’Economia nel 2025), Orazio Schillaci (Ministro della Salute), Lucia Albano (Sottosegretario al Ministero dell’Economia e delle Finanze), Roberto Garofoli (Presidente di Sezione del Consiglio di Stato), Isata Mahoi (Ministra per le Pari Opportunità e l’Infanzia della Sierra Leone), Sara Funaro (Sindaca del Comune di Firenze), Gaetano Manfredi (Presidente ANCI e Sindaco di Napoli), Maurizio Martina (Vice Direttore Generale FAO) e Jan-Emmanuel De Neve (Professore di Economia e Scienze Comportamentali all’Università di Oxford e Direttore dell’Oxford Wellbeing Research Centre).   Il Festival nasce da un’idea di Federcasse (Associazione Nazionale delle Banche di Credito Cooperativo, Casse Rurali, Casse Raiffeisen), promosso con Confcooperative, organizzato e progettato con NeXt – Nuova Economia per Tutti, con il contributo di Fondosviluppo, Assimoco, Federazione Toscana delle BCC, Publiacqua e la collaborazione dell’Università degli Studi di Firenze, SEC – Scuola di Economia Civile, Gioosto.com e la Fondazione MUS.E e il patrocinio del Comune di Firenze. 
—economiawebinfo@adnkronos.com (Web Info)"
20261004123222,Vigevano24,https://www.vigevano24.it/2026/10/04/leggi-notizia/articolo/firenze-conclusa-lottava-edizione-del-festival-nazionale-delleconomia-civile.html,,,,,,srclc:ita,"(Adnkronos) - Si è chiusa a Firenze l’ottava edizione del Festival Nazionale dell’Economia Civile, dal titolo “EUconomia. L’economia che fa bene, il rumore della foresta che cresce”. Negli otto anni di lavoro, il Festival ha costruito una comunità nazionale di persone, imprese, amministrazioni e organizzazioni che nei propri territori tengono insieme economia, coesione sociale e cura del bene comune. Sono 80 gli ambasciatori e le ambasciatrici dell’economia civile provenienti da tutte le regioni italiane che si rendono protagonisti di percorsi discussi a Firenze, che poi vengono attuati in tutta Italia. Nell’edizione 2026 sono stati realizzate 12 progettualità territoriali che hanno coinvolto 2.500 persone.
Sostiene Leonardo Becchetti, Direttore del Festival Nazionale dell’Economia Civile e Co-fondatore NeXt Economia: “Al Festival l’editor del Rapporto Mondiale sulla Felicità ha mostrato come nello studio su 30 milioni di intervistati nel mondo, solo il 22% è soddisfatto del proprio lavoro, delineando i contorni di un’immensa carestia di senso del vivere. Il problema dell’economia tradizionale, oltre ad inflazione, diseguaglianze, crisi climatica, è anche e soprattutto questo. Si comporta come quel tale che quando amici organizzano un viaggio si preoccupa che non si superi il limite di velocità, che quando la benzina finisce si faccia rifornimento, che non si finisca fuori strada. L’economia civile dice che oltre che rispettare regole, limiti e vincoli si può fare molto di più per migliorare la qualità del viaggio. E ha lavorato in questi giorni su soluzioni sui temi più importanti di oggi come diseguaglianze, inflazione, povertà dei salari, emergenza climatica. Intelligenza relazionale, generatività, partecipazione sono le chiavi delle risposte che ci avvicinano alla meta attraverso indipendenza strategica e aumentata capacità di creare valore economico ed impatto sociale ed ambientale”.
Per Augusto dell’Erba, Presidente Federcasse-BCC “si chiude un Festival nel quale abbiamo potuto toccare con mano quanta economia civile e quanta domanda ci sia in Italia - soprattutto dai giovani - di buone pratiche replicabili. Al tempo stesso, questo Festival ha chiamato tutte le forze più sane del Paese ad attivarsi per determinare davvero un cambiamento sostanziale nelle politiche pubbliche e nello sviluppo sociale ed economico. Ispirate a logiche di autentico bene comune, nella consapevolezza che il tempo a disposizione non è illimitato e che le transizioni in atto non aspettano. Come Credito Cooperativo mettiamo a disposizione di questo progetto tutta l’esperienza della mutualità bancaria, che si conferma una delle leve per garantire inclusione e lotta alle disuguaglianze. La strada è ancora lunga ma davvero - come recita il titolo scelto per questa ottava edizione, una foresta sta crescendo senza fare rumore. A noi sta il compito di proteggerla e di darle nuova linfa”.
Afferma Maurizio Gardini, presidente Confcooperative “Si chiude un Festival che ha dimostrato come l'economia civile non sia una teoria, ma una pratica quotidiana. Le cooperative generano impresa, reddito e ricchezza, con l'8% del Pil nazionale, e lo fanno mettendo al centro persone e territori. Dalla transizione ecologica all'invecchiamento demografico, dalla digitalizzazione alle disuguaglianze, le cooperative offrono risposte, dalle metropoli alle aree interne. La nostra economia guarda al lungo periodo e investe in competenze e innovazione. L'Italia ha i numeri per diventare un riferimento mondiale nel segno di San Francesco e Antonio Genovesi”.
Durante i quattro giorni di lavori sono intervenuti al Festival, tra gli altri: Raffaele Fitto (Vice Presidente Esecutivo della Commissione europea per la Coesione e le riforme), Shirin Ebadi (Premio Nobel per la Pace del 2003), Philippe Aghion (Economista e Premio Nobel per l’Economia nel 2025), Orazio Schillaci (Ministro della Salute), Lucia Albano (Sottosegretario al Ministero dell’Economia e delle Finanze), Roberto Garofoli (Presidente di Sezione del Consiglio di Stato), Isata Mahoi (Ministra per le Pari Opportunità e l’Infanzia della Sierra Leone), Sara Funaro (Sindaca del Comune di Firenze), Gaetano Manfredi (Presidente ANCI e Sindaco di Napoli), Maurizio Martina (Vice Direttore Generale FAO) e Jan-Emmanuel De Neve (Professore di Economia e Scienze Comportamentali all’Università di Oxford e Direttore dell’Oxford Wellbeing Research Centre).
Il Festival nasce da un’idea di Federcasse (Associazione Nazionale delle Banche di Credito Cooperativo, Casse Rurali, Casse Raiffeisen), promosso con Confcooperative, organizzato e progettato con NeXt – Nuova Economia per Tutti, con il contributo di Fondosviluppo, Assimoco, Federazione Toscana delle BCC, Publiacqua e la collaborazione dell’Università degli Studi di Firenze, SEC – Scuola di Economia Civile, Gioosto.com e la Fondazione MUS.E e il patrocinio del Comune di Firenze."
20261004123222,Adnkronos,https://www.adnkronos.com/economia/firenze-conclusa-lottava-edizione-del-festival-nazionale-delleconomia-civile_6FnTwQrnv5x3A7936M9d9G,,,,,,srclc:ita,"Si è chiusa a Firenze l’ottava edizione del Festival Nazionale dell’Economia Civile, dal titolo “EUconomia. L’economia che fa bene, il rumore della foresta che cresce”. Negli otto anni di lavoro, il Festival ha costruito una comunità nazionale di persone, imprese, amministrazioni e organizzazioni che nei propri territori tengono insieme economia, coesione sociale e cura del bene comune. Sono 80 gli ambasciatori e le ambasciatrici dell’economia civile provenienti da tutte le regioni italiane che si rendono protagonisti di percorsi discussi a Firenze, che poi vengono attuati in tutta Italia. Nell’edizione 2026 sono stati realizzate 12 progettualità territoriali che hanno coinvolto 2.500 persone.
Sostiene Leonardo Becchetti, Direttore del Festival Nazionale dell’Economia Civile e Co-fondatore NeXt Economia: “Al Festival l’editor del Rapporto Mondiale sulla Felicità ha mostrato come nello studio su 30 milioni di intervistati nel mondo, solo il 22% è soddisfatto del proprio lavoro, delineando i contorni di un’immensa carestia di senso del vivere. Il problema dell’economia tradizionale, oltre ad inflazione, diseguaglianze, crisi climatica, è anche e soprattutto questo. Si comporta come quel tale che quando amici organizzano un viaggio si preoccupa che non si superi il limite di velocità, che quando la benzina finisce si faccia rifornimento, che non si finisca fuori strada. L’economia civile dice che oltre che rispettare regole, limiti e vincoli si può fare molto di più per migliorare la qualità del viaggio. E ha lavorato in questi giorni su soluzioni sui temi più importanti di oggi come diseguaglianze, inflazione, povertà dei salari, emergenza climatica. Intelligenza relazionale, generatività, partecipazione sono le chiavi delle risposte che ci avvicinano alla meta attraverso indipendenza strategica e aumentata capacità di creare valore economico ed impatto sociale ed ambientale”.
Per Augusto dell’Erba, Presidente Federcasse-BCC “si chiude un Festival nel quale abbiamo potuto toccare con mano quanta economia civile e quanta domanda ci sia in Italia - soprattutto dai giovani - di buone pratiche replicabili. Al tempo stesso, questo Festival ha chiamato tutte le forze più sane del Paese ad attivarsi per determinare davvero un cambiamento sostanziale nelle politiche pubbliche e nello sviluppo sociale ed economico. Ispirate a logiche di autentico bene comune, nella consapevolezza che il tempo a disposizione non è illimitato e che le transizioni in atto non aspettano. Come Credito Cooperativo mettiamo a disposizione di questo progetto tutta l’esperienza della mutualità bancaria, che si conferma una delle leve per garantire inclusione e lotta alle disuguaglianze. La strada è ancora lunga ma davvero - come recita il titolo scelto per questa ottava edizione, una foresta sta crescendo senza fare rumore. A noi sta il compito di proteggerla e di darle nuova linfa”.
Afferma Maurizio Gardini, presidente Confcooperative “Si chiude un Festival che ha dimostrato come l'economia civile non sia una teoria, ma una pratica quotidiana. Le cooperative generano impresa, reddito e ricchezza, con l'8% del Pil nazionale, e lo fanno mettendo al centro persone e territori. Dalla transizione ecologica all'invecchiamento demografico, dalla digitalizzazione alle disuguaglianze, le cooperative offrono risposte, dalle metropoli alle aree interne. La nostra economia guarda al lungo periodo e investe in competenze e innovazione. L'Italia ha i numeri per diventare un riferimento mondiale nel segno di San Francesco e Antonio Genovesi”.
Durante i quattro giorni di lavori sono intervenuti al Festival, tra gli altri: Raffaele Fitto (Vice Presidente Esecutivo della Commissione europea per la Coesione e le riforme), Shirin Ebadi (Premio Nobel per la Pace del 2003), Philippe Aghion (Economista e Premio Nobel per l’Economia nel 2025), Orazio Schillaci (Ministro della Salute), Lucia Albano (Sottosegretario al Ministero dell’Economia e delle Finanze), Roberto Garofoli (Presidente di Sezione del Consiglio di Stato), Isata Mahoi (Ministra per le Pari Opportunità e l’Infanzia della Sierra Leone), Sara Funaro (Sindaca del Comune di Firenze), Gaetano Manfredi (Presidente ANCI e Sindaco di Napoli), Maurizio Martina (Vice Direttore Generale FAO) e Jan-Emmanuel De Neve (Professore di Economia e Scienze Comportamentali all’Università di Oxford e Direttore dell’Oxford Wellbeing Research Centre).
Il Festival nasce da un’idea di Federcasse (Associazione Nazionale delle Banche di Credito Cooperativo, Casse Rurali, Casse Raiffeisen), promosso con Confcooperative, organizzato e progettato con NeXt – Nuova Economia per Tutti, con il contributo di Fondosviluppo, Assimoco, Federazione Toscana delle BCC, Publiacqua e la collaborazione dell’Università degli Studi di Firenze, SEC – Scuola di Economia Civile, Gioosto.com e la Fondazione MUS.E e il patrocinio del Comune di Firenze."
20261004123222,Varesenoi,https://www.varesenoi.it/2026/10/04/leggi-notizia/articolo/firenze-conclusa-lottava-edizione-del-festival-nazionale-delleconomia-civile.html,,,,,,srclc:ita,"(Adnkronos) - Si è chiusa a Firenze l’ottava edizione del Festival Nazionale dell’Economia Civile, dal titolo “EUconomia. L’economia che fa bene, il rumore della foresta che cresce”. Negli otto anni di lavoro, il Festival ha costruito una comunità nazionale di persone, imprese, amministrazioni e organizzazioni che nei propri territori tengono insieme economia, coesione sociale e cura del bene comune. Sono 80 gli ambasciatori e le ambasciatrici dell’economia civile provenienti da tutte le regioni italiane che si rendono protagonisti di percorsi discussi a Firenze, che poi vengono attuati in tutta Italia. Nell’edizione 2026 sono stati realizzate 12 progettualità territoriali che hanno coinvolto 2.500 persone.
Sostiene Leonardo Becchetti, Direttore del Festival Nazionale dell’Economia Civile e Co-fondatore NeXt Economia: “Al Festival l’editor del Rapporto Mondiale sulla Felicità ha mostrato come nello studio su 30 milioni di intervistati nel mondo, solo il 22% è soddisfatto del proprio lavoro, delineando i contorni di un’immensa carestia di senso del vivere. Il problema dell’economia tradizionale, oltre ad inflazione, diseguaglianze, crisi climatica, è anche e soprattutto questo. Si comporta come quel tale che quando amici organizzano un viaggio si preoccupa che non si superi il limite di velocità, che quando la benzina finisce si faccia rifornimento, che non si finisca fuori strada. L’economia civile dice che oltre che rispettare regole, limiti e vincoli si può fare molto di più per migliorare la qualità del viaggio. E ha lavorato in questi giorni su soluzioni sui temi più importanti di oggi come diseguaglianze, inflazione, povertà dei salari, emergenza climatica. Intelligenza relazionale, generatività, partecipazione sono le chiavi delle risposte che ci avvicinano alla meta attraverso indipendenza strategica e aumentata capacità di creare valore economico ed impatto sociale ed ambientale”.
Per Augusto dell’Erba, Presidente Federcasse-BCC “si chiude un Festival nel quale abbiamo potuto toccare con mano quanta economia civile e quanta domanda ci sia in Italia - soprattutto dai giovani - di buone pratiche replicabili. Al tempo stesso, questo Festival ha chiamato tutte le forze più sane del Paese ad attivarsi per determinare davvero un cambiamento sostanziale nelle politiche pubbliche e nello sviluppo sociale ed economico. Ispirate a logiche di autentico bene comune, nella consapevolezza che il tempo a disposizione non è illimitato e che le transizioni in atto non aspettano. Come Credito Cooperativo mettiamo a disposizione di questo progetto tutta l’esperienza della mutualità bancaria, che si conferma una delle leve per garantire inclusione e lotta alle disuguaglianze. La strada è ancora lunga ma davvero - come recita il titolo scelto per questa ottava edizione, una foresta sta crescendo senza fare rumore. A noi sta il compito di proteggerla e di darle nuova linfa”.
Afferma Maurizio Gardini, presidente Confcooperative “Si chiude un Festival che ha dimostrato come l'economia civile non sia una teoria, ma una pratica quotidiana. Le cooperative generano impresa, reddito e ricchezza, con l'8% del Pil nazionale, e lo fanno mettendo al centro persone e territori. Dalla transizione ecologica all'invecchiamento demografico, dalla digitalizzazione alle disuguaglianze, le cooperative offrono risposte, dalle metropoli alle aree interne. La nostra economia guarda al lungo periodo e investe in competenze e innovazione. L'Italia ha i numeri per diventare un riferimento mondiale nel segno di San Francesco e Antonio Genovesi”.
Durante i quattro giorni di lavori sono intervenuti al Festival, tra gli altri: Raffaele Fitto (Vice Presidente Esecutivo della Commissione europea per la Coesione e le riforme), Shirin Ebadi (Premio Nobel per la Pace del 2003), Philippe Aghion (Economista e Premio Nobel per l’Economia nel 2025), Orazio Schillaci (Ministro della Salute), Lucia Albano (Sottosegretario al Ministero dell’Economia e delle Finanze), Roberto Garofoli (Presidente di Sezione del Consiglio di Stato), Isata Mahoi (Ministra per le Pari Opportunità e l’Infanzia della Sierra Leone), Sara Funaro (Sindaca del Comune di Firenze), Gaetano Manfredi (Presidente ANCI e Sindaco di Napoli), Maurizio Martina (Vice Direttore Generale FAO) e Jan-Emmanuel De Neve (Professore di Economia e Scienze Comportamentali all’Università di Oxford e Direttore dell’Oxford Wellbeing Research Centre).
Il Festival nasce da un’idea di Federcasse (Associazione Nazionale delle Banche di Credito Cooperativo, Casse Rurali, Casse Raiffeisen), promosso con Confcooperative, organizzato e progettato con NeXt – Nuova Economia per Tutti, con il contributo di Fondosviluppo, Assimoco, Federazione Toscana delle BCC, Publiacqua e la collaborazione dell’Università degli Studi di Firenze, SEC – Scuola di Economia Civile, Gioosto.com e la Fondazione MUS.E e il patrocinio del Comune di Firenze."
20261004123222,La Voce Di Imperia,https://www.lavocediimperia.it/2026/10/04/leggi-notizia/articolo/firenze-conclusa-lottava-edizione-del-festival-nazionale-delleconomia-civile.html,,,,,,srclc:ita,"(Adnkronos) - Si è chiusa a Firenze l’ottava edizione del Festival Nazionale dell’Economia Civile, dal titolo “EUconomia. L’economia che fa bene, il rumore della foresta che cresce”. Negli otto anni di lavoro, il Festival ha costruito una comunità nazionale di persone, imprese, amministrazioni e organizzazioni che nei propri territori tengono insieme economia, coesione sociale e cura del bene comune. Sono 80 gli ambasciatori e le ambasciatrici dell’economia civile provenienti da tutte le regioni italiane che si rendono protagonisti di percorsi discussi a Firenze, che poi vengono attuati in tutta Italia. Nell’edizione 2026 sono stati realizzate 12 progettualità territoriali che hanno coinvolto 2.500 persone.
Sostiene Leonardo Becchetti, Direttore del Festival Nazionale dell’Economia Civile e Co-fondatore NeXt Economia: “Al Festival l’editor del Rapporto Mondiale sulla Felicità ha mostrato come nello studio su 30 milioni di intervistati nel mondo, solo il 22% è soddisfatto del proprio lavoro, delineando i contorni di un’immensa carestia di senso del vivere. Il problema dell’economia tradizionale, oltre ad inflazione, diseguaglianze, crisi climatica, è anche e soprattutto questo. Si comporta come quel tale che quando amici organizzano un viaggio si preoccupa che non si superi il limite di velocità, che quando la benzina finisce si faccia rifornimento, che non si finisca fuori strada. L’economia civile dice che oltre che rispettare regole, limiti e vincoli si può fare molto di più per migliorare la qualità del viaggio. E ha lavorato in questi giorni su soluzioni sui temi più importanti di oggi come diseguaglianze, inflazione, povertà dei salari, emergenza climatica. Intelligenza relazionale, generatività, partecipazione sono le chiavi delle risposte che ci avvicinano alla meta attraverso indipendenza strategica e aumentata capacità di creare valore economico ed impatto sociale ed ambientale”.
Per Augusto dell’Erba, Presidente Federcasse-BCC “si chiude un Festival nel quale abbiamo potuto toccare con mano quanta economia civile e quanta domanda ci sia in Italia - soprattutto dai giovani - di buone pratiche replicabili. Al tempo stesso, questo Festival ha chiamato tutte le forze più sane del Paese ad attivarsi per determinare davvero un cambiamento sostanziale nelle politiche pubbliche e nello sviluppo sociale ed economico. Ispirate a logiche di autentico bene comune, nella consapevolezza che il tempo a disposizione non è illimitato e che le transizioni in atto non aspettano. Come Credito Cooperativo mettiamo a disposizione di questo progetto tutta l’esperienza della mutualità bancaria, che si conferma una delle leve per garantire inclusione e lotta alle disuguaglianze. La strada è ancora lunga ma davvero - come recita il titolo scelto per questa ottava edizione, una foresta sta crescendo senza fare rumore. A noi sta il compito di proteggerla e di darle nuova linfa”.
Afferma Maurizio Gardini, presidente Confcooperative “Si chiude un Festival che ha dimostrato come l'economia civile non sia una teoria, ma una pratica quotidiana. Le cooperative generano impresa, reddito e ricchezza, con l'8% del Pil nazionale, e lo fanno mettendo al centro persone e territori. Dalla transizione ecologica all'invecchiamento demografico, dalla digitalizzazione alle disuguaglianze, le cooperative offrono risposte, dalle metropoli alle aree interne. La nostra economia guarda al lungo periodo e investe in competenze e innovazione. L'Italia ha i numeri per diventare un riferimento mondiale nel segno di San Francesco e Antonio Genovesi”.
Durante i quattro giorni di lavori sono intervenuti al Festival, tra gli altri: Raffaele Fitto (Vice Presidente Esecutivo della Commissione europea per la Coesione e le riforme), Shirin Ebadi (Premio Nobel per la Pace del 2003), Philippe Aghion (Economista e Premio Nobel per l’Economia nel 2025), Orazio Schillaci (Ministro della Salute), Lucia Albano (Sottosegretario al Ministero dell’Economia e delle Finanze), Roberto Garofoli (Presidente di Sezione del Consiglio di Stato), Isata Mahoi (Ministra per le Pari Opportunità e l’Infanzia della Sierra Leone), Sara Funaro (Sindaca del Comune di Firenze), Gaetano Manfredi (Presidente ANCI e Sindaco di Napoli), Maurizio Martina (Vice Direttore Generale FAO) e Jan-Emmanuel De Neve (Professore di Economia e Scienze Comportamentali all’Università di Oxford e Direttore dell’Oxford Wellbeing Research Centre).
Il Festival nasce da un’idea di Federcasse (Associazione Nazionale delle Banche di Credito Cooperativo, Casse Rurali, Casse Raiffeisen), promosso con Confcooperative, organizzato e progettato con NeXt – Nuova Economia per Tutti, con il contributo di Fondosviluppo, Assimoco, Federazione Toscana delle BCC, Publiacqua e la collaborazione dell’Università degli Studi di Firenze, SEC – Scuola di Economia Civile, Gioosto.com e la Fondazione MUS.E e il patrocinio del Comune di Firenze."
20261004123222,Targatocn.it,https://www.targatocn.it/2026/10/04/leggi-notizia/articolo/firenze-conclusa-lottava-edizione-del-festival-nazionale-delleconomia-civile.html,,,,,,srclc:ita,"(Adnkronos) - Si è chiusa a Firenze l’ottava edizione del Festival Nazionale dell’Economia Civile, dal titolo “EUconomia. L’economia che fa bene, il rumore della foresta che cresce”. Negli otto anni di lavoro, il Festival ha costruito una comunità nazionale di persone, imprese, amministrazioni e organizzazioni che nei propri territori tengono insieme economia, coesione sociale e cura del bene comune. Sono 80 gli ambasciatori e le ambasciatrici dell’economia civile provenienti da tutte le regioni italiane che si rendono protagonisti di percorsi discussi a Firenze, che poi vengono attuati in tutta Italia. Nell’edizione 2026 sono stati realizzate 12 progettualità territoriali che hanno coinvolto 2.500 persone.
Sostiene Leonardo Becchetti, Direttore del Festival Nazionale dell’Economia Civile e Co-fondatore NeXt Economia: “Al Festival l’editor del Rapporto Mondiale sulla Felicità ha mostrato come nello studio su 30 milioni di intervistati nel mondo, solo il 22% è soddisfatto del proprio lavoro, delineando i contorni di un’immensa carestia di senso del vivere. Il problema dell’economia tradizionale, oltre ad inflazione, diseguaglianze, crisi climatica, è anche e soprattutto questo. Si comporta come quel tale che quando amici organizzano un viaggio si preoccupa che non si superi il limite di velocità, che quando la benzina finisce si faccia rifornimento, che non si finisca fuori strada. L’economia civile dice che oltre che rispettare regole, limiti e vincoli si può fare molto di più per migliorare la qualità del viaggio. E ha lavorato in questi giorni su soluzioni sui temi più importanti di oggi come diseguaglianze, inflazione, povertà dei salari, emergenza climatica. Intelligenza relazionale, generatività, partecipazione sono le chiavi delle risposte che ci avvicinano alla meta attraverso indipendenza strategica e aumentata capacità di creare valore economico ed impatto sociale ed ambientale”.
Per Augusto dell’Erba, Presidente Federcasse-BCC “si chiude un Festival nel quale abbiamo potuto toccare con mano quanta economia civile e quanta domanda ci sia in Italia - soprattutto dai giovani - di buone pratiche replicabili. Al tempo stesso, questo Festival ha chiamato tutte le forze più sane del Paese ad attivarsi per determinare davvero un cambiamento sostanziale nelle politiche pubbliche e nello sviluppo sociale ed economico. Ispirate a logiche di autentico bene comune, nella consapevolezza che il tempo a disposizione non è illimitato e che le transizioni in atto non aspettano. Come Credito Cooperativo mettiamo a disposizione di questo progetto tutta l’esperienza della mutualità bancaria, che si conferma una delle leve per garantire inclusione e lotta alle disuguaglianze. La strada è ancora lunga ma davvero - come recita il titolo scelto per questa ottava edizione, una foresta sta crescendo senza fare rumore. A noi sta il compito di proteggerla e di darle nuova linfa”.
Afferma Maurizio Gardini, presidente Confcooperative “Si chiude un Festival che ha dimostrato come l'economia civile non sia una teoria, ma una pratica quotidiana. Le cooperative generano impresa, reddito e ricchezza, con l'8% del Pil nazionale, e lo fanno mettendo al centro persone e territori. Dalla transizione ecologica all'invecchiamento demografico, dalla digitalizzazione alle disuguaglianze, le cooperative offrono risposte, dalle metropoli alle aree interne. La nostra economia guarda al lungo periodo e investe in competenze e innovazione. L'Italia ha i numeri per diventare un riferimento mondiale nel segno di San Francesco e Antonio Genovesi”.
Durante i quattro giorni di lavori sono intervenuti al Festival, tra gli altri: Raffaele Fitto (Vice Presidente Esecutivo della Commissione europea per la Coesione e le riforme), Shirin Ebadi (Premio Nobel per la Pace del 2003), Philippe Aghion (Economista e Premio Nobel per l’Economia nel 2025), Orazio Schillaci (Ministro della Salute), Lucia Albano (Sottosegretario al Ministero dell’Economia e delle Finanze), Roberto Garofoli (Presidente di Sezione del Consiglio di Stato), Isata Mahoi (Ministra per le Pari Opportunità e l’Infanzia della Sierra Leone), Sara Funaro (Sindaca del Comune di Firenze), Gaetano Manfredi (Presidente ANCI e Sindaco di Napoli), Maurizio Martina (Vice Direttore Generale FAO) e Jan-Emmanuel De Neve (Professore di Economia e Scienze Comportamentali all’Università di Oxford e Direttore dell’Oxford Wellbeing Research Centre).
Il Festival nasce da un’idea di Federcasse (Associazione Nazionale delle Banche di Credito Cooperativo, Casse Rurali, Casse Raiffeisen), promosso con Confcooperative, organizzato e progettato con NeXt – Nuova Economia per Tutti, con il contributo di Fondosviluppo, Assimoco, Federazione Toscana delle BCC, Publiacqua e la collaborazione dell’Università degli Studi di Firenze, SEC – Scuola di Economia Civile, Gioosto.com e la Fondazione MUS.E e il patrocinio del Comune di Firenze."
20261004123222,Notizie.it,https://www.notizie.it/firenze-conclusa-lottava-edizione-del-festival-nazionale-delleconomia-civile/,,,,,,srclc:ita,"(Adnkronos) – Si è chiusa a Firenze l’ottava edizione del Festival Nazionale dell’Economia Civile, dal titolo “EUconomia. L’economia che fa bene, il rumore della foresta che cresce”. Negli otto anni di lavoro, il Festival ha costruito una comunità nazionale di persone, imprese, amministrazioni e organizzazioni che nei propri territori tengono insieme economia, coesione sociale e cura del bene comune.
Sono 80 gli ambasciatori e le ambasciatrici dell’economia civile provenienti da tutte le regioni italiane che si rendono protagonisti di percorsi discussi a Firenze, che poi vengono attuati in tutta Italia. Nell’edizione 2026 sono stati realizzate 12 progettualità territoriali che hanno coinvolto 2.500 persone.
Sostiene Leonardo Becchetti, Direttore del Festival Nazionale dell’Economia Civile e Co-fondatore NeXt Economia: “Al Festival l’editor del Rapporto Mondiale sulla Felicità ha mostrato come nello studio su 30 milioni di intervistati nel mondo, solo il 22% è soddisfatto del proprio lavoro, delineando i contorni di un’immensa carestia di senso del vivere.
Il problema dell’economia tradizionale, oltre ad inflazione, diseguaglianze, crisi climatica, è anche e soprattutto questo. Si comporta come quel tale che quando amici organizzano un viaggio si preoccupa che non si superi il limite di velocità, che quando la benzina finisce si faccia rifornimento, che non si finisca fuori strada. L’economia civile dice che oltre che rispettare regole, limiti e vincoli si può fare molto di più per migliorare la qualità del viaggio.
E ha lavorato in questi giorni su soluzioni sui temi più importanti di oggi come diseguaglianze, inflazione, povertà dei salari, emergenza climatica. Intelligenza relazionale, generatività, partecipazione sono le chiavi delle risposte che ci avvicinano alla meta attraverso indipendenza strategica e aumentata capacità di creare valore economico ed impatto sociale ed ambientale”.
Per Augusto dell’Erba, Presidente Federcasse-BCC “si chiude un Festival nel quale abbiamo potuto toccare con mano quanta economia civile e quanta domanda ci sia in Italia – soprattutto dai giovani – di buone pratiche replicabili. Al tempo stesso, questo Festival ha chiamato tutte le forze più sane del Paese ad attivarsi per determinare davvero un cambiamento sostanziale nelle politiche pubbliche e nello sviluppo sociale ed economico. Ispirate a logiche di autentico bene comune, nella consapevolezza che il tempo a disposizione non è illimitato e che le transizioni in atto non aspettano. Come Credito Cooperativo mettiamo a disposizione di questo progetto tutta l’esperienza della mutualità bancaria, che si conferma una delle leve per garantire inclusione e lotta alle disuguaglianze. La strada è ancora lunga ma davvero – come recita il titolo scelto per questa ottava edizione, una foresta sta crescendo senza fare rumore. A noi sta il compito di proteggerla e di darle nuova linfa”.
Afferma Maurizio Gardini, presidente Confcooperative “Si chiude un Festival che ha dimostrato come l’economia civile non sia una teoria, ma una pratica quotidiana. Le cooperative generano impresa, reddito e ricchezza, con l’8% del Pil nazionale, e lo fanno mettendo al centro persone e territori. Dalla transizione ecologica all’invecchiamento demografico, dalla digitalizzazione alle disuguaglianze, le cooperative offrono risposte, dalle metropoli alle aree interne. La nostra economia guarda al lungo periodo e investe in competenze e innovazione. L’Italia ha i numeri per diventare un riferimento mondiale nel segno di San Francesco e Antonio Genovesi”.
Durante i quattro giorni di lavori sono intervenuti al Festival, tra gli altri: Raffaele Fitto (Vice Presidente Esecutivo della Commissione europea per la Coesione e le riforme), Shirin Ebadi (Premio Nobel per la Pace del 2003), Philippe Aghion (Economista e Premio Nobel per l’Economia nel 2025), Orazio Schillaci (Ministro della Salute), Lucia Albano (Sottosegretario al Ministero dell’Economia e delle Finanze), Roberto Garofoli (Presidente di Sezione del Consiglio di Stato), Isata Mahoi (Ministra per le Pari Opportunità e l’Infanzia della Sierra Leone), Sara Funaro (Sindaca del Comune di Firenze), Gaetano Manfredi (Presidente ANCI e Sindaco di Napoli), Maurizio Martina (Vice Direttore Generale FAO) e Jan-Emmanuel De Neve (Professore di Economia e Scienze Comportamentali all’Università di Oxford e Direttore dell’Oxford Wellbeing Research Centre).
Il Festival nasce da un’idea di Federcasse (Associazione Nazionale delle Banche di Credito Cooperativo, Casse Rurali, Casse Raiffeisen), promosso con Confcooperative, organizzato e progettato con NeXt – Nuova Economia per Tutti, con il contributo di Fondosviluppo, Assimoco, Federazione Toscana delle BCC, Publiacqua e la collaborazione dell’Università degli Studi di Firenze, SEC – Scuola di Economia Civile, Gioosto.com e la Fondazione MUS.E e il patrocinio del Comune di Firenze.
—
economia
webinfo@adnkronos.com (Web Info)"
20261004123222,Monte Carlo News,https://www.montecarlonews.it/2026/10/04/notizie/articolo/firenze-conclusa-lottava-edizione-del-festival-nazionale-delleconomia-civile.html,,,,,,srclc:ita,"(Adnkronos) - Si è chiusa a Firenze l’ottava edizione del Festival Nazionale dell’Economia Civile, dal titolo “EUconomia. L’economia che fa bene, il rumore della foresta che cresce”. Negli otto anni di lavoro, il Festival ha costruito una comunità nazionale di persone, imprese, amministrazioni e organizzazioni che nei propri territori tengono insieme economia, coesione sociale e cura del bene comune. Sono 80 gli ambasciatori e le ambasciatrici dell’economia civile provenienti da tutte le regioni italiane che si rendono protagonisti di percorsi discussi a Firenze, che poi vengono attuati in tutta Italia. Nell’edizione 2026 sono stati realizzate 12 progettualità territoriali che hanno coinvolto 2.500 persone.
Sostiene Leonardo Becchetti, Direttore del Festival Nazionale dell’Economia Civile e Co-fondatore NeXt Economia: “Al Festival l’editor del Rapporto Mondiale sulla Felicità ha mostrato come nello studio su 30 milioni di intervistati nel mondo, solo il 22% è soddisfatto del proprio lavoro, delineando i contorni di un’immensa carestia di senso del vivere. Il problema dell’economia tradizionale, oltre ad inflazione, diseguaglianze, crisi climatica, è anche e soprattutto questo. Si comporta come quel tale che quando amici organizzano un viaggio si preoccupa che non si superi il limite di velocità, che quando la benzina finisce si faccia rifornimento, che non si finisca fuori strada. L’economia civile dice che oltre che rispettare regole, limiti e vincoli si può fare molto di più per migliorare la qualità del viaggio. E ha lavorato in questi giorni su soluzioni sui temi più importanti di oggi come diseguaglianze, inflazione, povertà dei salari, emergenza climatica. Intelligenza relazionale, generatività, partecipazione sono le chiavi delle risposte che ci avvicinano alla meta attraverso indipendenza strategica e aumentata capacità di creare valore economico ed impatto sociale ed ambientale”.
Per Augusto dell’Erba, Presidente Federcasse-BCC “si chiude un Festival nel quale abbiamo potuto toccare con mano quanta economia civile e quanta domanda ci sia in Italia - soprattutto dai giovani - di buone pratiche replicabili. Al tempo stesso, questo Festival ha chiamato tutte le forze più sane del Paese ad attivarsi per determinare davvero un cambiamento sostanziale nelle politiche pubbliche e nello sviluppo sociale ed economico. Ispirate a logiche di autentico bene comune, nella consapevolezza che il tempo a disposizione non è illimitato e che le transizioni in atto non aspettano. Come Credito Cooperativo mettiamo a disposizione di questo progetto tutta l’esperienza della mutualità bancaria, che si conferma una delle leve per garantire inclusione e lotta alle disuguaglianze. La strada è ancora lunga ma davvero - come recita il titolo scelto per questa ottava edizione, una foresta sta crescendo senza fare rumore. A noi sta il compito di proteggerla e di darle nuova linfa”.
Afferma Maurizio Gardini, presidente Confcooperative “Si chiude un Festival che ha dimostrato come l'economia civile non sia una teoria, ma una pratica quotidiana. Le cooperative generano impresa, reddito e ricchezza, con l'8% del Pil nazionale, e lo fanno mettendo al centro persone e territori. Dalla transizione ecologica all'invecchiamento demografico, dalla digitalizzazione alle disuguaglianze, le cooperative offrono risposte, dalle metropoli alle aree interne. La nostra economia guarda al lungo periodo e investe in competenze e innovazione. L'Italia ha i numeri per diventare un riferimento mondiale nel segno di San Francesco e Antonio Genovesi”.
Durante i quattro giorni di lavori sono intervenuti al Festival, tra gli altri: Raffaele Fitto (Vice Presidente Esecutivo della Commissione europea per la Coesione e le riforme), Shirin Ebadi (Premio Nobel per la Pace del 2003), Philippe Aghion (Economista e Premio Nobel per l’Economia nel 2025), Orazio Schillaci (Ministro della Salute), Lucia Albano (Sottosegretario al Ministero dell’Economia e delle Finanze), Roberto Garofoli (Presidente di Sezione del Consiglio di Stato), Isata Mahoi (Ministra per le Pari Opportunità e l’Infanzia della Sierra Leone), Sara Funaro (Sindaca del Comune di Firenze), Gaetano Manfredi (Presidente ANCI e Sindaco di Napoli), Maurizio Martina (Vice Direttore Generale FAO) e Jan-Emmanuel De Neve (Professore di Economia e Scienze Comportamentali all’Università di Oxford e Direttore dell’Oxford Wellbeing Research Centre).
Il Festival nasce da un’idea di Federcasse (Associazione Nazionale delle Banche di Credito Cooperativo, Casse Rurali, Casse Raiffeisen), promosso con Confcooperative, organizzato e progettato con NeXt – Nuova Economia per Tutti, con il contributo di Fondosviluppo, Assimoco, Federazione Toscana delle BCC, Publiacqua e la collaborazione dell’Università degli Studi di Firenze, SEC – Scuola di Economia Civile, Gioosto.com e la Fondazione MUS.E e il patrocinio del Comune di Firenze."
20261004123222,Senzalinea,https://www.senzalinea.it/giornale/firenze-conclusa-lottava-edizione-del-festival-nazionale-delleconomia-civile/,,,,,,srclc:ita,"(Adnkronos) – Si è chiusa a Firenze l’ottava edizione del Festival Nazionale dell’Economia Civile, dal titolo “EUconomia. L’economia che fa bene, il rumore della foresta che cresce”. Negli otto anni di lavoro, il Festival ha costruito una comunità nazionale di persone, imprese, amministrazioni e organizzazioni che nei propri territori tengono insieme economia, coesione sociale e cura del bene comune. Sono 80 gli ambasciatori e le ambasciatrici dell’economia civile provenienti da tutte le regioni italiane che si rendono protagonisti di percorsi discussi a Firenze, che poi vengono attuati in tutta Italia. Nell’edizione 2026 sono stati realizzate 12 progettualità territoriali che hanno coinvolto 2.500 persone.   Sostiene Leonardo Becchetti, Direttore del Festival Nazionale dell’Economia Civile e Co-fondatore NeXt Economia: “Al Festival l’editor del Rapporto Mondiale sulla Felicità ha mostrato come nello studio su 30 milioni di intervistati nel mondo, solo il 22% è soddisfatto del proprio lavoro, delineando i contorni di un’immensa carestia di senso del vivere. Il problema dell’economia tradizionale, oltre ad inflazione, diseguaglianze, crisi climatica, è anche e soprattutto questo. Si comporta come quel tale che quando amici organizzano un viaggio si preoccupa che non si superi il limite di velocità, che quando la benzina finisce si faccia rifornimento, che non si finisca fuori strada. L’economia civile dice che oltre che rispettare regole, limiti e vincoli si può fare molto di più per migliorare la qualità del viaggio. E ha lavorato in questi giorni su soluzioni sui temi più importanti di oggi come diseguaglianze, inflazione, povertà dei salari, emergenza climatica. Intelligenza relazionale, generatività, partecipazione sono le chiavi delle risposte che ci avvicinano alla meta attraverso indipendenza strategica e aumentata capacità di creare valore economico ed impatto sociale ed ambientale”.   Per Augusto dell’Erba, Presidente Federcasse-BCC “si chiude un Festival nel quale abbiamo potuto toccare con mano quanta economia civile e quanta domanda ci sia in Italia – soprattutto dai giovani – di buone pratiche replicabili. Al tempo stesso, questo Festival ha chiamato tutte le forze più sane del Paese ad attivarsi per determinare davvero un cambiamento sostanziale nelle politiche pubbliche e nello sviluppo sociale ed economico. Ispirate a logiche di autentico bene comune, nella consapevolezza che il tempo a disposizione non è illimitato e che le transizioni in atto non aspettano. Come Credito Cooperativo mettiamo a disposizione di questo progetto tutta l’esperienza della mutualità bancaria, che si conferma una delle leve per garantire inclusione e lotta alle disuguaglianze. La strada è ancora lunga ma davvero – come recita il titolo scelto per questa ottava edizione, una foresta sta crescendo senza fare rumore. A noi sta il compito di proteggerla e di darle nuova linfa”.    Afferma Maurizio Gardini, presidente Confcooperative “Si chiude un Festival che ha dimostrato come l'economia civile non sia una teoria, ma una pratica quotidiana. Le cooperative generano impresa, reddito e ricchezza, con l'8% del Pil nazionale, e lo fanno mettendo al centro persone e territori. Dalla transizione ecologica all'invecchiamento demografico, dalla digitalizzazione alle disuguaglianze, le cooperative offrono risposte, dalle metropoli alle aree interne. La nostra economia guarda al lungo periodo e investe in competenze e innovazione. L'Italia ha i numeri per diventare un riferimento mondiale nel segno di San Francesco e Antonio Genovesi”.   Durante i quattro giorni di lavori sono intervenuti al Festival, tra gli altri: Raffaele Fitto (Vice Presidente Esecutivo della Commissione europea per la Coesione e le riforme), Shirin Ebadi (Premio Nobel per la Pace del 2003), Philippe Aghion (Economista e Premio Nobel per l’Economia nel 2025), Orazio Schillaci (Ministro della Salute), Lucia Albano (Sottosegretario al Ministero dell’Economia e delle Finanze), Roberto Garofoli (Presidente di Sezione del Consiglio di Stato), Isata Mahoi (Ministra per le Pari Opportunità e l’Infanzia della Sierra Leone), Sara Funaro (Sindaca del Comune di Firenze), Gaetano Manfredi (Presidente ANCI e Sindaco di Napoli), Maurizio Martina (Vice Direttore Generale FAO) e Jan-Emmanuel De Neve (Professore di Economia e Scienze Comportamentali all’Università di Oxford e Direttore dell’Oxford Wellbeing Research Centre).   Il Festival nasce da un’idea di Federcasse (Associazione Nazionale delle Banche di Credito Cooperativo, Casse Rurali, Casse Raiffeisen), promosso con Confcooperative, organizzato e progettato con NeXt – Nuova Economia per Tutti, con il contributo di Fondosviluppo, Assimoco, Federazione Toscana delle BCC, Publiacqua e la collaborazione dell’Università degli Studi di Firenze, SEC – Scuola di Economia Civile, Gioosto.com e la Fondazione MUS.E e il patrocinio del Comune di Firenze. 
—economiawebinfo@adnkronos.com (Web Info)"
20261004123222,Info Vercelli 24,https://www.infovercelli24.it/2026/10/04/leggi-notizia/articolo/firenze-conclusa-lottava-edizione-del-festival-nazionale-delleconomia-civile.html,,,,,,srclc:ita,"(Adnkronos) - Si è chiusa a Firenze l’ottava edizione del Festival Nazionale dell’Economia Civile, dal titolo “EUconomia. L’economia che fa bene, il rumore della foresta che cresce”. Negli otto anni di lavoro, il Festival ha costruito una comunità nazionale di persone, imprese, amministrazioni e organizzazioni che nei propri territori tengono insieme economia, coesione sociale e cura del bene comune. Sono 80 gli ambasciatori e le ambasciatrici dell’economia civile provenienti da tutte le regioni italiane che si rendono protagonisti di percorsi discussi a Firenze, che poi vengono attuati in tutta Italia. Nell’edizione 2026 sono stati realizzate 12 progettualità territoriali che hanno coinvolto 2.500 persone.
Sostiene Leonardo Becchetti, Direttore del Festival Nazionale dell’Economia Civile e Co-fondatore NeXt Economia: “Al Festival l’editor del Rapporto Mondiale sulla Felicità ha mostrato come nello studio su 30 milioni di intervistati nel mondo, solo il 22% è soddisfatto del proprio lavoro, delineando i contorni di un’immensa carestia di senso del vivere. Il problema dell’economia tradizionale, oltre ad inflazione, diseguaglianze, crisi climatica, è anche e soprattutto questo. Si comporta come quel tale che quando amici organizzano un viaggio si preoccupa che non si superi il limite di velocità, che quando la benzina finisce si faccia rifornimento, che non si finisca fuori strada. L’economia civile dice che oltre che rispettare regole, limiti e vincoli si può fare molto di più per migliorare la qualità del viaggio. E ha lavorato in questi giorni su soluzioni sui temi più importanti di oggi come diseguaglianze, inflazione, povertà dei salari, emergenza climatica. Intelligenza relazionale, generatività, partecipazione sono le chiavi delle risposte che ci avvicinano alla meta attraverso indipendenza strategica e aumentata capacità di creare valore economico ed impatto sociale ed ambientale”.
Per Augusto dell’Erba, Presidente Federcasse-BCC “si chiude un Festival nel quale abbiamo potuto toccare con mano quanta economia civile e quanta domanda ci sia in Italia - soprattutto dai giovani - di buone pratiche replicabili. Al tempo stesso, questo Festival ha chiamato tutte le forze più sane del Paese ad attivarsi per determinare davvero un cambiamento sostanziale nelle politiche pubbliche e nello sviluppo sociale ed economico. Ispirate a logiche di autentico bene comune, nella consapevolezza che il tempo a disposizione non è illimitato e che le transizioni in atto non aspettano. Come Credito Cooperativo mettiamo a disposizione di questo progetto tutta l’esperienza della mutualità bancaria, che si conferma una delle leve per garantire inclusione e lotta alle disuguaglianze. La strada è ancora lunga ma davvero - come recita il titolo scelto per questa ottava edizione, una foresta sta crescendo senza fare rumore. A noi sta il compito di proteggerla e di darle nuova linfa”.
Afferma Maurizio Gardini, presidente Confcooperative “Si chiude un Festival che ha dimostrato come l'economia civile non sia una teoria, ma una pratica quotidiana. Le cooperative generano impresa, reddito e ricchezza, con l'8% del Pil nazionale, e lo fanno mettendo al centro persone e territori. Dalla transizione ecologica all'invecchiamento demografico, dalla digitalizzazione alle disuguaglianze, le cooperative offrono risposte, dalle metropoli alle aree interne. La nostra economia guarda al lungo periodo e investe in competenze e innovazione. L'Italia ha i numeri per diventare un riferimento mondiale nel segno di San Francesco e Antonio Genovesi”.
Durante i quattro giorni di lavori sono intervenuti al Festival, tra gli altri: Raffaele Fitto (Vice Presidente Esecutivo della Commissione europea per la Coesione e le riforme), Shirin Ebadi (Premio Nobel per la Pace del 2003), Philippe Aghion (Economista e Premio Nobel per l’Economia nel 2025), Orazio Schillaci (Ministro della Salute), Lucia Albano (Sottosegretario al Ministero dell’Economia e delle Finanze), Roberto Garofoli (Presidente di Sezione del Consiglio di Stato), Isata Mahoi (Ministra per le Pari Opportunità e l’Infanzia della Sierra Leone), Sara Funaro (Sindaca del Comune di Firenze), Gaetano Manfredi (Presidente ANCI e Sindaco di Napoli), Maurizio Martina (Vice Direttore Generale FAO) e Jan-Emmanuel De Neve (Professore di Economia e Scienze Comportamentali all’Università di Oxford e Direttore dell’Oxford Wellbeing Research Centre).
Il Festival nasce da un’idea di Federcasse (Associazione Nazionale delle Banche di Credito Cooperativo, Casse Rurali, Casse Raiffeisen), promosso con Confcooperative, organizzato e progettato con NeXt – Nuova Economia per Tutti, con il contributo di Fondosviluppo, Assimoco, Federazione Toscana delle BCC, Publiacqua e la collaborazione dell’Università degli Studi di Firenze, SEC – Scuola di Economia Civile, Gioosto.com e la Fondazione MUS.E e il patrocinio del Comune di Firenze."
20261004123222,Il Fatto Nisseno,https://www.ilfattonisseno.it/2026/10/firenze-conclusa-lottava-edizione-del-festival-nazionale-delleconomia-civile/,,,,,,srclc:ita,"(Adnkronos) – Si è chiusa a Firenze l’ottava edizione del Festival Nazionale dell’Economia Civile, dal titolo “EUconomia. L’economia che fa bene, il rumore della foresta che cresce”. Negli otto anni di lavoro, il Festival ha costruito una comunità nazionale di persone, imprese, amministrazioni e organizzazioni che nei propri territori tengono insieme economia, coesione sociale e cura del bene comune. Sono 80 gli ambasciatori e le ambasciatrici dell’economia civile provenienti da tutte le regioni italiane che si rendono protagonisti di percorsi discussi a Firenze, che poi vengono attuati in tutta Italia. Nell’edizione 2026 sono stati realizzate 12 progettualità territoriali che hanno coinvolto 2.500 persone.   Sostiene Leonardo Becchetti, Direttore del Festival Nazionale dell’Economia Civile e Co-fondatore NeXt Economia: “Al Festival l’editor del Rapporto Mondiale sulla Felicità ha mostrato come nello studio su 30 milioni di intervistati nel mondo, solo il 22% è soddisfatto del proprio lavoro, delineando i contorni di un’immensa carestia di senso del vivere. Il problema dell’economia tradizionale, oltre ad inflazione, diseguaglianze, crisi climatica, è anche e soprattutto questo. Si comporta come quel tale che quando amici organizzano un viaggio si preoccupa che non si superi il limite di velocità, che quando la benzina finisce si faccia rifornimento, che non si finisca fuori strada. L’economia civile dice che oltre che rispettare regole, limiti e vincoli si può fare molto di più per migliorare la qualità del viaggio. E ha lavorato in questi giorni su soluzioni sui temi più importanti di oggi come diseguaglianze, inflazione, povertà dei salari, emergenza climatica. Intelligenza relazionale, generatività, partecipazione sono le chiavi delle risposte che ci avvicinano alla meta attraverso indipendenza strategica e aumentata capacità di creare valore economico ed impatto sociale ed ambientale”.   Per Augusto dell’Erba, Presidente Federcasse-BCC “si chiude un Festival nel quale abbiamo potuto toccare con mano quanta economia civile e quanta domanda ci sia in Italia – soprattutto dai giovani – di buone pratiche replicabili. Al tempo stesso, questo Festival ha chiamato tutte le forze più sane del Paese ad attivarsi per determinare davvero un cambiamento sostanziale nelle politiche pubbliche e nello sviluppo sociale ed economico. Ispirate a logiche di autentico bene comune, nella consapevolezza che il tempo a disposizione non è illimitato e che le transizioni in atto non aspettano. Come Credito Cooperativo mettiamo a disposizione di questo progetto tutta l’esperienza della mutualità bancaria, che si conferma una delle leve per garantire inclusione e lotta alle disuguaglianze. La strada è ancora lunga ma davvero – come recita il titolo scelto per questa ottava edizione, una foresta sta crescendo senza fare rumore. A noi sta il compito di proteggerla e di darle nuova linfa”.    Afferma Maurizio Gardini, presidente Confcooperative “Si chiude un Festival che ha dimostrato come l'economia civile non sia una teoria, ma una pratica quotidiana. Le cooperative generano impresa, reddito e ricchezza, con l'8% del Pil nazionale, e lo fanno mettendo al centro persone e territori. Dalla transizione ecologica all'invecchiamento demografico, dalla digitalizzazione alle disuguaglianze, le cooperative offrono risposte, dalle metropoli alle aree interne. La nostra economia guarda al lungo periodo e investe in competenze e innovazione. L'Italia ha i numeri per diventare un riferimento mondiale nel segno di San Francesco e Antonio Genovesi”.   Durante i quattro giorni di lavori sono intervenuti al Festival, tra gli altri: Raffaele Fitto (Vice Presidente Esecutivo della Commissione europea per la Coesione e le riforme), Shirin Ebadi (Premio Nobel per la Pace del 2003), Philippe Aghion (Economista e Premio Nobel per l’Economia nel 2025), Orazio Schillaci (Ministro della Salute), Lucia Albano (Sottosegretario al Ministero dell’Economia e delle Finanze), Roberto Garofoli (Presidente di Sezione del Consiglio di Stato), Isata Mahoi (Ministra per le Pari Opportunità e l’Infanzia della Sierra Leone), Sara Funaro (Sindaca del Comune di Firenze), Gaetano Manfredi (Presidente ANCI e Sindaco di Napoli), Maurizio Martina (Vice Direttore Generale FAO) e Jan-Emmanuel De Neve (Professore di Economia e Scienze Comportamentali all’Università di Oxford e Direttore dell’Oxford Wellbeing Research Centre).   Il Festival nasce da un’idea di Federcasse (Associazione Nazionale delle Banche di Credito Cooperativo, Casse Rurali, Casse Raiffeisen), promosso con Confcooperative, organizzato e progettato con NeXt – Nuova Economia per Tutti, con il contributo di Fondosviluppo, Assimoco, Federazione Toscana delle BCC, Publiacqua e la collaborazione dell’Università degli Studi di Firenze, SEC – Scuola di Economia Civile, Gioosto.com e la Fondazione MUS.E e il patrocinio del Comune di Firenze. 
—economiawebinfo@adnkronos.com (Web Info)
                        
                        
                                                	
								di Redazione 3
							
												 Lun, 05/10/2026 - 11:05"
20261004123200,Libero Quotidiano,https://www.liberoquotidiano.it/news/esteri/49292495/mondo-a-destra-4-miliardi-dato-spazza-via-compagni/,,,,,,srclc:ita,"«Noi, i borghesi». Quasi cento anni fa, il 15 maggio 1927, su Rassvet, settimanale sionista in lingua russa, usciva un articolo di Vladimir Jabotinsky, padre fondatore della destra israeliana; aveva quelle parole come titolo e come incipit. Nella forma, lo scritto faceva il verso ai manifesti politici della sinistra, come quello comunista di Marx ed Engels; quanto al contenuto, Jabotinsky vi faceva una previsione generale sulla direzione della storia. L’umanità, scriveva, non marcia verso il socialismo ma nella direzione opposta. E, se esiste una classe che porta sulle spalle il futuro, quella classe siano «noi, i borghesi», araldi dell’individualismo, dell’umanità e della nazione.
Cent’anni dopo, quella previsione è senz’altro azzeccata per il Paese che Vladimir (noto anche col nome ebraico di Ze’ev, Lupo) contribuì a creare: Israele. Lo Stato ebraico viene definito da qualcuno un Paese di gente di sinistra che vota a destra o al centro. Ma il sionismo è un fenomeno politico europeo e, se allarghiamo lo sguardo al pianeta intero, notiamo che partiti e coalizioni di destra si stanno diffondendo dappertutto.
Probabilmente è un caso e basterà aspettare qualche anno e qualche elezione in Paesi popolosi per invertire la tendenza. E tuttavia, proprio se ci concentriamo sugli andamenti di medio periodo, notiamo una cosa.
Trent’anni fa il centrosinistra governava quasi tutto l’Occidente. Oggi la mappa si è rovesciata: tra le democrazie e i regimi ibridi del pianeta, la destra guida circa 54 paesi contro i 38 della sinistra. E soprattutto governa una popolazione quasi cinque volte più numerosa: tra 3,5 e 4 miliardi di persone, contro circa 750 milioni.
Alla fine degli anni Novanta, chiusa la Guerra Fredda e completata la “terza ondata” di democratizzazioni, il centrosinistra toccò il suo massimo storico. Nell’Unione Europea a quindici, circa tredici governi erano guidati o partecipati da socialisti e socialdemocratici: Blair a Londra, Jospin a Parigi (ma Chirac era all’Eliseo), Schröder a Berlino, Prodi e poi D’Alema a Roma. Alla Casa Bianca sedeva Clinton, in Canada governavano i liberali di Chrétien. Era una alleanza storica fra sinistra e centro che si ritrova oggi quasi solo al Parlamento europeo.
Il resto del mondo era più variegato. L’America Latina viveva il decennio delle riforme di mercato e la stagione delle sinistre sarebbe cominciata solo con la vittoria di Chávez in Venezuela nel 1998. In India il BJP (nazionalista indù di destra) arrivò al governo nello stesso anno, dopo la stagione del Congresso (nazionalista indiano, non solo indù, e socialista). Nel 1998 anche la Corea del Sud passò al centrosinistra con Kim Dae-jung, e l’anno dopo la Nuova Zelanda scelse i laburisti di Helen Clark.
TENDENZA
Oggi nel Vecchio Continente, su 36 Paesi considerati (Unione Europea, Regno Unito, Svizzera, Norvegia e Balcani occidentali), 19 sono guidati dalla destra o dal centrodestra, 8 dalla sinistra, 9 dal centro o sono in fase di transizione. A destra ci sono la Germania di Merz e l’Italia di Meloni, la Grecia, il Portogallo, l’Austria, il Belgio, la Finlandia, la Repubblica Ceca di Babi§.
Il 2026 ha rafforzato la tendenza. In Ungheria Péter Magyar ha battuto Orbán con una maggioranza dei due terzi, un cambio che resta però dentro il centrodestra. In Slovenia è tornato Janez Jan§a.
La sinistra tiene il Regno Unito, la Spagna di Sánchez è in bilico e la Norvegia è socialdemocratica. In Svezia l’opposizione rosso-verde ha vinto di misura il voto del 13 settembre ma al momento non sembra in grado di governare.
Tra i paesi di centro o in transizione figurano la Francia del governo Lecornu, i Paesi Bassi di Rob Jetten, alla guida di una coalizione con due partiti di centrodestra, e la Polonia di Donald Tusk (centrista alleato alle sinistre).
L’America Latina è la regione dove la svolta è stata più rapida. Tra il 2023 e il 2026 la destra ha vinto 11 delle 14 elezioni presidenziali. Oggi governa 14 dei 33 stati della regione: l’Argentina di Milei, il Cile di Kast, la Colombia di Abelardo de la Espriella, insediato il 7 agosto, e il Perù di Keiko Fujimori, eletta a giugno con il 50,13% dei voti. In Bolivia Rodrigo Paz ha chiuso vent’anni di governi del MAS. Nei Caraibi anglofoni prevalgono i laburisti mentre in America Centrale la destra guida i soliti satelliti Usa: Costa Rica, El Salvador, Honduras e Panama. La sinistra conserva però i due giganti, Brasile e Messico, che insieme contano circa 340 milioni di abitanti. Ma il Brasile vota oggi. Esclusi i regimi autoritari, in Asia restano 23 paesi: 12 sono governati dalla destra, 4 dalla sinistra, 7 non sono classificabili in termini occidentali. Qui il dato decisivo è demografico. L’India di Modi da sola conta circa 1,45 miliardi di abitanti, a cui si aggiungono l’Indonesia di Prabowo, il Pakistan, le Filippine e il Giappone.
A Tokyo, l’8 febbraio, il Partito liberaldemocratico di Sanae Takaichi ha conquistato 316 seggi su 465, il miglior risultato della sua storia. Nello stesso mese il conservatore Anutin ha vinto le elezioni in Thailandia e il BNP di Tarique Rahman è tornato al governo in Bangladesh. A sinistra restano soprattutto la Corea del Sud di Lee Jae-myung e lo Sri Lanka. In Africa le democrazie competitive sono 19: 9 guidate dalla sinistra, 7 dalla destra, 3 non classificabili. In Oceania l’Australia è governata dai laburisti di Albanese, la Nuova Zelanda dai conservatori di Luxon, che si ripresentano al voto il 7 novembre.
BILANCIO
Sommando tutte le aree, e aggiungendo gli Stati Uniti di Trump e il Canada di Carney, la destra governa tra 3,5 e 4 miliardi di persone, la sinistra circa 750 milioni, il centro circa 250 milioni. Altri 3 miliardi vivono sotto regimi autoritari, a partire dalla Cina. In trent'anni il baricentro si è spostato: alla fine del Novecento il centrosinistra governava la maggior parte dei paesi ricchi, oggi la destra governa più paesi e, soprattutto, molte più persone. Aveva ragione Vladimir Jabotinsky? Forse. Di sicuro c’è che la destra nacque come antitesi violenta alla democrazia e oggi invece della democrazia parlamentare, delle elezioni e della volontà popolare è un baluardo."
20261004112816,Affaritaliani,https://www.affaritaliani.it/economia/il-futuro-rubato-il-libro-di-mastrapasqua-su-pensioni-lavoro-e-giovani-come-invertire-il-declino-dellitalia.html,,,,,,srclc:ita,"Che cosa succede alle pensioni se diminuiscono i giovani che lavorano e versano contributi? È una delle domande da cui parte Antonio Mastrapasqua ne Il futuro rubato, il nuovo saggio pubblicato da Solferino. Un’analisi dell’Italia che perde capitale umano e fatica a trasformare talento e competenze in crescita.
Giovani che partono, meno lavoratori e pensioni: Mastrapasqua mette insieme tre problemi italiani
Il titolo parla di un futuro “rubato”, ma Antonio Mastrapasqua parte da qualcosa di molto concreto: il numero dei giovani che lavorano, producono reddito e versano contributi. Perché il sistema previdenziale italiano vive anche su un equilibrio generazionale che l’inverno demografico, la precarietà e l’emigrazione stanno rendendo sempre più difficile. È questa una delle direttrici di Il futuro rubato. Pensioni, lavoro, giovani: come invertire la rotta del declino, il nuovo saggio pubblicato da Solferino. Mastrapasqua, per dieci anni ai vertici dell’Inps e presidente dell’Istituto dal 2008 al 2014, guarda alla previdenza partendo dal lavoro e alle difficoltà del lavoro partendo soprattutto dai giovani.
Sulla quarta di copertina il legame viene espresso senza molti giri di parole: “C’è un legame indissolubile tra il lavoro dei giovani e la pensione: non solo quella loro, futura, ma quella della generazione che li precede. La pagano loro. Così come la pensione di quelli che oggi sono figli sarà pagata, un giorno, dai loro figli. Il sistema a ripartizione funziona così, e non c’è ingegneria normativa che possa cambiarlo. Funziona finché ci sono giovani che lavorano e versano contributi. Finisce quando i giovani non ci sono più. È matematica, non politica.“
È probabilmente la frase che restituisce meglio l’impostazione del libro. Mastrapasqua non tratta pensioni, occupazione e crisi demografica come compartimenti separati. Li lega attraverso il funzionamento concreto di un sistema a ripartizione e prova a mostrare cosa accade quando diminuiscono le persone che entrano nel mercato del lavoro mentre cresce il numero di quelle che devono essere sostenute dal sistema previdenziale.
Il problema non è soltanto quanti giovani restano, ma perché decidono di partire
Il libro individua un secondo passaggio nella capacità dell’Italia di trattenere le proprie energie migliori. Parla di giovani che cercano altrove merito, mobilità, competizione e opportunità e attribuisce questa emorragia a un sistema che premia l’immobilismo, rende più difficile la crescita e riconosce con fatica l’eccellenza. Da qui Mastrapasqua allarga l’analisi alla macchina pubblica e alle politiche adottate negli ultimi anni. Nel mirino finiscono gli interventi previdenziali realizzati con “colpi d’accetta”, i bonus distribuiti senza una strategia di lungo periodo, le «quote» ritenute insostenibili e una pubblica amministrazione che deve confrontarsi con decisioni sempre più complesse.
L’autore conosce direttamente quella macchina. Oltre all’esperienza all’Inps, nel 2021 ha fatto parte della Commissione consultiva sulla Riforma della Pubblica Amministrazione istituita dal governo Draghi. Oggi svolge attività di consulenza manageriale ed è presidente di Proger Ingegneria e vicepresidente di Proger Spa. Il libro però non si ferma alla diagnosi. La parte propositiva comprende liberalizzazione del mercato del lavoro, semplificazione normativa, ritorno alle preferenze elettorali e maggiore presenza dei giovani nei luoghi in cui vengono prese le decisioni. Sono proposte che appartengono a terreni diversi, dalla politica economica alle istituzioni, ma che Mastrapasqua riconduce alla stessa esigenza: ridurre gli ostacoli che impediscono a una generazione di partecipare alla crescita del Paese. La tesi più interessante del volume sta proprio nel collegamento tra presente e futuro. Discutere di pensioni significa anche discutere di salari, lavoro stabile, produttività, natalità e possibilità per un ragazzo di costruire la propria vita in Italia. Se quei lavoratori mancano, il problema previdenziale non può essere risolto intervenendo soltanto sull’età di uscita o sulla formula con cui si calcola un assegno.
“Il futuro rubato”, la presentazione l’8 ottobre a Roma
Il futuro rubato ha 224 pagine, è pubblicato nella collana Saggi di Solferino. Il volume sarà presentato giovedì 8 ottobre alle ore 18 a Palazzo Wedekind a Roma. Con Antonio Mastrapasqua dialogheranno Renato Brunetta, Sabino Cassese, Gabriele Fava e Antonio Polito. L’incontro si svolgerà con il patrocinio dell’Inps."
20261004102351,Fanpage News,https://www.fanpage.it/politica/non-disturbiamo-i-padri-i-figli-sono-un-problema-da-donne-cosi-roccella-offende-anche-gli-uomini/,,,,,,srclc:ita,"Una donna su cinque lascia il lavoro dopo il parto, ma Eugenia Roccella vuole che tutto resti come è. La ministra si è detta contraria ai congedi paritari obbligatori, perché ""non amo gli obblighi"". Ma in questo modo lo ""svantaggio"" legato alla genitorialità rimane un problema solo per le donne. Continua a leggere"
20261004095200,Molfetta Viva,https://www.molfettaviva.it/notizie/elly-schlein-a-molfetta-felice-di-tornare-qui-dopo-la-vittoria-di-minervini/,,,,,,srclc:ita,"Politica
Elly Schlein a Molfetta: «Felice di tornare qui dopo la vittoria di Manuel Minervini»
La segretaria nazionale del PD ha partecipato alla Festa di Liberazione insieme a Maurizio Acerbo, Nico Bavaro e Michele Gubitosa 
                Molfetta - domenica 4 ottobre 2026
 11.43                                            
È tornata a Molfetta Elly Schlein, segretaria nazionale del Partito democratico, per partecipare alla Festa di Liberazione organizzata in piazza Paradiso. Un appuntamento politico che ha riunito esponenti delle diverse forze del centrosinistra e che ha offerto alla leader dem l'occasione per intervenire su alcuni dei principali temi al centro dell'agenda nazionale.
«Sono molto felice di tornare a Molfetta, per la prima volta dopo la bella, splendida vittoria di Emanuele Minervini e della coalizione che lo ha sostenuto, compreso il Partito democratico, che qui è forte, è rinato», ha detto Schlein al suo arrivo. «È un grande piacere tornare qui per questa festa», ha aggiunto. All'iniziativa hanno partecipato Maurizio Acerbo, segretario nazionale di Rifondazione Comunista, Nico Bavaro di Sinistra Italiana e Michele Gubitosa, vicepresidente nazionale del Movimento 5 Stelle. La presenza dei rappresentanti delle diverse forze politiche è stata indicata dalla stessa Schlein come un'occasione per mettere a confronto le battaglie comuni del fronte progressista.
Dal palco il ragionamento si è concentrato sulla prospettiva dell'alleanza progressista e sul richiamo alla Costituzione. «Continuo ad essere convinta, soprattutto dopo i mesi di battaglie che ci hanno visto uniti in questo 2026 nella grande partecipazione popolare delle nuove generazioni e della società civile, che per tenere vivo quello spirito non ci sia miglior programma per l'alleanza progressista che attuare fino in fondo la nostra Costituzione antifascista, articolo per articolo», ha affermato Schlein. Tra i temi affrontati anche la scuola e l'inclusione. La segretaria dem ha replicato alle parole della presidente del Consiglio Giorgia Meloni sugli striscioni comparsi davanti alle scuole: «Noi nelle classi non vediamo italiani e stranieri, vediamo bambini e bambine che hanno tutti lo stesso diritto a un'istruzione di qualità».
Da qui la richiesta di maggiori investimenti nell'edilizia scolastica e nel sistema dell'istruzione. «Non servono i tetti discriminatori per cacciare i bambini con la pelle più scura dalle classi, serve che non cadano i tetti sui ragazzi», ha sostenuto Schlein, richiamando anche la condizione degli insegnanti e la necessità di introdurre l'educazione alle differenze e all'affettività nei cicli scolastici.
Ampio spazio anche al lavoro e alle politiche per le famiglie. «Aiutiamo a riappropriarci di una parola che la sinistra deve fare propria, che è la redistribuzione della ricchezza, del potere, del tempo anche delle famiglie e del carico di cura dentro le famiglie», ha affermato. Tra le proposte citate anche il congedo paritario: «Immaginate un'Italia in cui quando ti nasce un figlio ci sono cinque mesi di congedo pagati al 100% non soltanto per le madri, anche per i padri». Nel corso dell'intervento sono stati affrontati anche il costo dell'energia e la tassazione degli extraprofitti delle società energetiche. «Si tassino gli extraprofitti delle grandi società energetiche perché è giusto che chi si è arricchito anche nella crisi contribuisca a dare respiro a tutte le altre famiglie, lavoratori e imprese italiane», ha detto Schlein.
Il confronto ha toccato inoltre ambiente, tutela del territorio, consumo di suolo, energie rinnovabili, contrasto al nucleare, diritto alla casa, edilizia popolare, riduzione dell'orario di lavoro e lavoro povero. Tra le questioni richiamate anche il calo demografico legato all'emigrazione, la difficoltà economica delle famiglie e la situazione dell'Ilva, considerata particolarmente rilevante anche per il territorio pugliese."
20261004095128,Il Gazzettino,https://www.ilgazzettino.it/nordest/padova/procreazione_assistita_ovociti_congelati_pazienti_oncologiche-9803485.html,,,,,,srclc:ita,"PADOVA - Non più solo donne, ma anche ragazze e bambine. La scelta di crioconservare gli ovociti anche in età precoce imposta dall'insorgere di una malattia, o dalla necessità di sottoporsi a terapie che possono compromettere la fertilità, è sempre più frequente e diventa una possibilità concreta per coronare poi, magari dopo molti anni, il desiderio di maternità. A delineare lo scenario è la professoressa Alessandra Andrisani, direttore dell'unità operativa complessa Procreazione medicalmente assistita dell'Azienda Ospedale Università di Padova. «Sta aumentando - spiega la specialista - la richiesta di preservazione della fertilità, e non solo tra le pazienti oncologiche. Negli ultimi mesi stiamo ricevendo molte richieste e stiamo implementando i trattamenti e le prese in carico per quanto riguarda la sfera riproduttiva da parte di coloro che hanno bisogno di un supporto: si tratta sia donne adulte, che di adolescenti, e addirittura stanno arrivando tante ragazzine di 11-12 anni».
L'abbassamento dell'età è dovuto all'allargamento di questa opportunità soprattutto alle giovanissime che vengono colpite da una malattia oncoematologica, oppure devono subire un trapianto di midollo per esempio per sclerosi multipla refrattaria alle terapie convenzionali, o sottoporsi a chemioterapia, o a trattamenti pesanti. Poi queste persone vengono seguite per tutte le problematiche ginecologiche. «Proprio di recente - aggiunge Andrisani - è tornata da noi la prima paziente alla quale tre anni fa avevamo effettuato il prelievo di tessuto ovarico. La neoplasia non si è ripresentata, ma ha altre problematiche per cui la mamma dalla Sardegna l'ha riportata da noi per una cura. Nel nostro reparto, quindi, stiamo garantendo un benessere per il presente, oltre che una speranza per il futuro. La presa in carico attualmente riguarda numerose 15-16enni che magari avevano affrontato il percorso oncologico un paio di anni fa. E quasi mai si tratta di soggetti che avevano avuto tumori all'apparato riproduttivo».
Fin qui la preservazione della fertilità, ma l'unità operativa complessa si occupa pure della fase legata al concepimento per le persone che hanno superato una malattia importante. «In questo periodo - prosegue - cominciamo a vedere anche pazienti con endometriosi, insufficienza ovarica che cercano una gravidanza e vengono a chiederci l'utilizzo degli ovociti precedentemente crioconservati: la novità è che non si tratta più di casi eccezionali, ma di istanze frequenti, per di più con una consapevolezza importante da parte delle donne stesse. Positivo, comunque, è il fatto che riusciamo a garantire una presa in carico a 360 gradi, dalle bambine alle donne mature». C'è poi una novità che si sta delineando e cioè che le malate sottoposte a trattamenti oncologici pesanti vanno incontro a menopausa precoce magari a 18 o a 20 anni, con invecchiamento sistemico dell'organismo, e la conseguenza è che sono esposte a malattie che solitamente si presentano nelle over 50, come il rischio cardiovascolare. «Noi - dice ancora Andrisani - non ci limitiamo a congelare gli ovociti e ad aiutarle in futuro a diventare madri, ma le vediamo almeno una volta l'anno per valutare il loro stato di salute endocrino-metabolico a livello generale, identificando eventuali campanelli d'allarme per il futuro e mettendole in contatto con i colleghi che possono essere coinvolti in questo percorso di cura e prevenzione. Quest'ultima secondo me è oggi la parola chiave in medicina, perché riuscire appunto a prevenire, o a rallentare, situazioni patologiche è fondamentale per garantire la qualità di vita a una persona».
Nel reparto Pma dell'Azienda è diventata routine lavorare in sinergia: «Abbiamo creato dei gruppi di lavoro - ha concluso il direttore -. Con i colleghi ostetrici coordinati dalla collega Paola Veronese e un comitato etico abbiamo seguito casi particolarissimi di pazienti trapiantate, o addirittura pluri-trapiantate, con patologie epatiche importanti, o gravemente cardiopatiche che ci hanno inviato i professori Umberto Cillo e Giovanni Di Salvo: attraverso un counseling attento si valuta la possibilità di una gravidanza, ampliando l'opportunità anche a chi soffre di malattie finora considerate incompatibili con la maternità»."
20261004091142,Tgcom24,https://www.tgcom24.mediaset.it/people/carolina-marconi-tumore-prevenzione_117277417-202602k.shtml,,,,,,srclc:ita,"Carolina Marconi, cinque anni in tre foto: ""Un controllo mi ha salvato la vita""
Dalla ""tempesta"" della malattia ai capelli lunghi e al sorriso di oggi, affida ai social un racconto per immagini del suo percorso dopo il tumore al seno
Tre fotografie per raccontare cinque anni che hanno cambiato tutto. Carolina Marconi sceglie immagini semplici, ma potentissime per sintetizzare il suo percorso di rinascita dopo il tumore al seno: nella prima c'è la donna immersa nel momento più difficile, nella seconda quella che prova a ricominciare, nella terza c'è invece Carolina oggi, con i capelli lunghi, il sorriso e ancora tanti sogni da realizzare.
Fotogallery - Carolina Marconi sui social dopo la malattia
Il ricordo della malattia resta, ma oggi Carolina guarda a quegli anni con la consapevolezza di aver attraversato una delle prove più difficili della sua vita. ""Nella prima ero nel pieno della tempesta. Nella seconda stavo ricominciando. Nella terza ci sono io oggi: con i capelli lunghi, il sorriso e ancora tantissimi sogni nel cuore"". Sono parole che raccontano non soltanto il cambiamento fisico, ma soprattutto quello interiore. La fotografia dei capelli lunghi e del sorriso diventa così il simbolo di una nuova fase.
Il messaggio sulla prevenzione
Il post di Carolina arriva nel mese dedicato alla prevenzione e il suo racconto assume un significato ancora più forte: ""Ottobre è il mese della prevenzione e io posso dirvelo sulla mia pelle: un controllo mi ha salvato la vita"". Da qui parte il suo appello a non rimandare gli esami e a non lasciarsi bloccare dalla paura, perché, spiega, a volte proprio il timore di scoprire qualcosa può spingere a evitare i controlli.
L'invito a prendersi cura di sé
Il cuore del messaggio di Carolina è proprio qui: la prevenzione come gesto di responsabilità verso se stessi. ""Nessuno può fare quel controllo al posto nostro"", ricorda, invitando le donne ad ascoltare il proprio corpo e a trovare il coraggio di non rimandare. Un invito che nasce dalla sua esperienza personale e che non vuole essere soltanto un racconto della malattia, ma anche una testimonianza sull'importanza della diagnosi e dei controlli.
C'è poi un'altra parte del post che racconta qualcosa di meno visibile: ""Dopo una malattia come questa può capitare di avere paura persino di sognare"". Lei, però, racconta di non aver mai smesso di farlo, ha continuato a credere nel futuro anche nei momenti più complicati: ""Si può tornare a vivere, a sorridere e anche a sognare più forte di prima"", scrive.
Il messaggio finale è un invito diretto alla prevenzione: ""Fatelo per voi e per tutte le persone che vi amano"". Una frase che racchiude il senso dell'intero racconto: le tre fotografie non rappresentano soltanto il tempo che passa, ma la possibilità di guardare indietro e riconoscere quanta strada è stata percorsa. E Carolina conclude con quella leggerezza che oggi sembra raccontare bene la sua rinascita: ""Un bacio grande da una ex pelatina come me"".
Il tumore: cosa le è successo
Carolina Marconi ha scoperto di avere un tumore al seno nel 2021, durante gli accertamenti che aveva iniziato anche in vista di una gravidanza. Il tumore, descritto come aggressivo ma di piccole dimensioni, non era stato individuato subito con mammografia ed ecografia e per arrivare alla diagnosi era stata necessaria una risonanza. Marconi ha quindi affrontato chemioterapia, l'asportazione di 13 linfonodi e una mastectomia totale. Le cure hanno avuto conseguenze anche sulla sua fertilità."
20261004090244,La Repubblica,https://napoli.repubblica.it/cronaca/2026/10/04/news/risparmiare_sulla_scuolanon_e_mai_vincente-425625005/?rss=,,,,,,srclc:ita,"Non c’è esponente politico che, parlando di scuola, non ne riconosca il ruolo fondamentale nella formazione dei cittadini e nello sviluppo del Paese. Ma alle dichiarazioni dovrebbero seguire investimenti adeguati. In Italia la spesa per l’istruzione resta sotto la media europea: secondo Eurostat, nel 2023 era pari al 4,1% del Pil, contro il 4,7% dell’Ue.
In Svezia raggiungeva il 6,8%, in Finlandia il 6,3% e in Belgio il 6,2%. È una criticità strutturale che attraversa governi di diverso orientamento e pesa soprattutto sui territori più fragili, dove il diritto allo studio rischia di restare sulla carta. Trasporti insufficienti, edifici in cattive condizioni, poche mense e palestre, scarso tempo pieno e classi troppo numerose: affrontare questi problemi richiede risorse ma, prima di tutto, la volontà politica di farne una priorità.
Il numero degli alunni per classe è un esempio evidente. Il calo demografico è un problema per il Paese, ma poteva diventare un’occasione per la scuola: meno studenti e classi meno affollate mantenendo i docenti invece di ridurre classi e organico insieme agli iscritti. Si sarebbe potuto seguire meglio ogni alunno senza costruire nuovi edifici. Anche il Pnrr indicava la riduzione degli alunni per classe tra i suoi obiettivi, accanto alla riorganizzazione delle autonomie scolastiche.
Nei fatti, però, quest’ultima è stata attuata con precisione; la diminuzione generalizzata del numero di alunni per classe non ha avuto la stessa forza, pur essendo stato formalmente raggiunto il traguardo previsto dal Piano. Si è persa così l’occasione di trasformare una difficoltà demografica in un miglioramento concreto dell’istruzione.
La natura politica delle scelte che la riguardano emerge anche dall’adozione del decreto sul limite del 30% nelle classi, volto ad affrontare le difficoltà di integrazione linguistica.
È una questione che richiede certamente risposte. In tale prospettiva, classi meno numerose darebbero agli insegnanti più tempo e maggiori possibilità di seguire chi sta imparando l’italiano e di accompagnarne l’inserimento. Aiuterebbe anche gli studenti con altre fragilità e migliorerebbe la didattica per tutti, favorendo l’inclusione senza creare separazioni. Ridurre gli alunni per classe consentirebbe, dunque, di affrontare insieme più problemi: è questa la direzione che lo Stato dovrebbe intraprendere per favorire la qualità della scuola.
In Campania, intanto, le scelte statali hanno portato le autonomie scolastiche da 853 a 830 per il 2026/2027. La Regione ha attuato gli accorpamenti, riducendole di 23 unità, con una delibera del gennaio 2026. Ora, accorpare scuole non significa necessariamente chiudere i plessi o aumentare il numero di alunni per classe.
Può però allontanare direzione e uffici amministrativi dalle famiglie e affidare a una sola istituzione scuole distribuite fra molti comuni. Sono conseguenze da considerare soprattutto nelle aree interne, dove le distanze sono grandi e i collegamenti difficili. Qui la presenza di istituzioni scolastiche autonome aiuta a mantenere un rapporto diretto con famiglie, docenti ed enti locali e a rispondere ai bisogni dei territori.
La Regione dovrà presto organizzare la rete scolastica per il 2027/2028. Non può decidere quanti alunni compongano una classe, in quanto questa scelta spetta allo Stato. Non ha obblighi di ulteriore riduzione delle autonomie, perché si è già adeguata alla previsione statale. Può, però, nel definire il prossimo piano, redistribuirle sul territorio, dando più peso alle aree interne estese, alle distanze fra i plessi, ai collegamenti e al numero dei comuni serviti, favorendone la presenza dove sono più necessarie. Sarebbe un intervento coerente altresì con la Strategia nazionale per le aree interne 2021-2027, che considera la scuola un servizio essenziale da rafforzare anche per contrastare lo spopolamento. La prossima delibera offrirebbe così al presidente Fico l’occasione di dare seguito all’attenzione che, sin dalla fase elettorale, ha dichiarato, di voler riservare a questi territori, migliorando tra l’altro, il diritto allo studio per quanto può fare la Regione, in attesa che lo Stato intervenga sulla riduzione della numerosità delle classi a vantaggio di tutti gli alunni."
20261004090000,Io Donna,https://www.iodonna.it/benessere/amore-e-sesso/2026/10/04/ci-salvera-lamicizia-amorosa-matteo-lancini/,,,,,,srclc:ita,"Matteo Lancini: «Ci salverà l’amicizia amorosa»
La coppia tradizionale è finita, quella tra i giovani funziona a giorni alterni e la solitudine avanza. Nel suo ultimo libro, lo psicoterapeuta riflette su una società che mette al primo posto la realizzazione individuale, mentre è la relazione con l’altro a mandare avanti l’umanità. Come fare? Una via d’uscita c’è
Ha cominciato a occuparsi di adolescenti 35 anni fa, con una tesi di laurea sui campi estivi, e non ha più smesso. Ancora oggi, in loro trova sempre qualcosa che lo incuriosisce, un motore di cambiamento, un risvolto della società. Matteo Lancini, 60 anni, psicologo e psicoterapeuta, presidente della Fondazione Minotauro di Milano e docente di Psicologia dello sviluppo all’Università di Milano Bicocca, quando gli chiedono se dopo gli incontri con i ragazzi si porti a casa il peso delle loro difficoltà, risponde che difficili sono gli adulti. Quando si è a tu per tu con i giovani pazienti, invece, non ci si stanca mai di conoscerli. Ed è così che, dopo aver dedicato una trilogia alle relazioni tra adolescenti e adulti, ora Lancini mette a fuoco i rapporti tra pari.
A volte ti amo, il nuovo libro di Matteo Lancini sulla crisi della coppia tradizionale
A volte ti amo. La rivoluzione dei rapporti nel mondo fragile delle nuove generazioni (Einaudi) è dedicato alle giovani coppie, e a quel che oggi la parola “coppia” voglia dire. Spoiler: molto poco.
Professor Lancini, il titolo A volte ti amo fa pensare che la giovane coppia funzioni a intermittenza. Ma è solo una questione di tempi?
«La coppia negli ultimi decenni è cambiata. Una volta c’era l’amore romantico, l’idea che una relazione fosse per sempre, che avesse un progetto di coniugalità e di genitorialità. Si dipendeva affettivamente l’uno dall’altra, si facevano sacrifici (soprattutto le donne). Chi non costruiva una coppia stabile era considerato poco maturo, un vitellone. Poi siamo entrati nella fase della coppia narcisistica, dove l’obiettivo è la soddisfazione non dell’altro ma della propria immagine e di sé. Il figlio o la figlia di questa coppia viene incoraggiato fin dall’asilo nido all’autonomia, a sviluppare il talento personale, a non rinunciare a nulla. Oggi abbiamo fatto un passo ulteriore: non ci basta che i nostri figli siano i più belli e i più bravi, ma gli chiediamo anche di non disturbarci con le loro emozioni profonde, perché siamo così fragili che non potremmo sopportarle. “A volte ti amo” lo dicono i giovani ma è anche un modo nuovo di vedere la coppia, dove non si ha più bisogno dell’altro».
L’epoca della denatalità per scelta
Ma se non c’è bisogno dell’altro vuol dire che la coppia è finita.
«Per come la intendiamo noi, sì. Se sai che si concluderà, se non pensi che significhi mediazione, o negoziazione, allora è finita. D’altra parte, a Milano le famiglie unipersonali hanno superato il 50 per cento, a Bologna il 54. Abbiamo due persone che condividono un pezzo di strada per un certo tempo, pensando ognuno ai propri percorsi di crescita, senza progetti a lungo termine».
Che ne è della genitorialità?
«L’anno scorso in Italia sono nati 350mila bambini. È la prima volta nella storia dell’umanità che possiamo osservare una denatalità per scelta, per una legittimata affermazione dell’individualismo, non per guerre o carestie. Nel libro c’è il tentativo di far capire che un vincolo, che non è il sacrificio del passato, serve comunque, altrimenti vivremmo in una dimensione di individualismo assoluto. Abbiamo voluto sdoganare l’autonomia, il non voler dipendere da nessuno ma c’è una sofferenza mentale che aumenta. Allora il tema della relazione diventa fondamentale, non si può vivere senza. Il problema più grande di oggi è la solitudine».
Se il sesso è meno interessante e la troppa vicinanza fa paura
E il sesso che ruolo ha?
«Il corpo sessuato ha lasciato il posto a quello estetico della società dell’immagine, della sovraesposizione. Il sesso è meno interessante. Aggiungo che questi giovani sono i primi a crescere in un’epoca dove l’atto fisico non è più indispensabile per la procreazione. Il sesso non serve alla sopravvivenza della specie».
Lei definisce la giovane coppia quella del “ci stiamo frequentando”, che teme di stare insieme sul serio.
«La troppa vicinanza fa paura, perché espone al pericolo di perdere una parte di sé. Se oggi una ragazza dicesse che vorrebbe rinunciare a qualcosa del suo programma individuale per uno di coppia, si penserebbe che abbia una dipendenza affettiva, che sia coinvolta in una relazione tossica. Lo stesso timore lo esprimono gli adulti rispetto a chi geolocalizza il fidanzato/a o conosce le sue password».
Ma geolocalizzazione e condivisione delle password non sono una forma di controllo?
«Noi demonizziamo comportamenti dei ragazzi che sono cresciuti assecondando i desideri dei genitori e della scuola. Li controlliamo sempre – con il cellulare,con il registro elettronico – e se lo fanno loro è sbagliato? Questa è l’ipocrisia degli adulti: i loro comportamenti sono di attenzione e cura. Quelli dei figli sono tossici. I ragazzi hanno bisogno del contatto ma con la geolocalizzazione lo modulano come e quando vogliono, così si sentono vicini ma non esposti agli altri. Attenzione però a parlare di patriarcato, a proposito del controllo».
Sulla violenza di genere, attenzione: non usiamo schemi di 30 anni fa
Perché, di che cos’altro si tratta?
«Non nego che ci sia, in certi contesti. Ma pensiamo al femminicidio di Giulia Cecchettin: ha sconvolto il Paese perché l’assassino era il classico “bravo ragazzo”. La violenza giovanile di oggi, compresa quella di genere, ha più a che vedere con il vuoto identitario di chi non ha potuto esprimere emozioni come la rabbia, la tristezza, che con il patriarcato. Bisogna stare attenti quando facciamo prevenzione della violenza di genere. Non possiamo usare gli schemi di 30 anni fa. Se parliamo di droghe leggere usando i criteri di una volta, quando gli spinelli avevano un valore trasgressivo, sbaglieremmo. Per essere efficaci, dobbiamo intercettare la trama affettiva degli adolescenti di oggi. Parliamo di demenza digitale degli adolescenti ma è la società a essere demente. Penso al gruppo Facebook “Mia moglie” che pubblicava foto intime di donne ritratte di nascosto dai loro compagni. Patriarcato? Piuttosto una nuova forma di maschilismo. Mio nonno, che era un patriarca, mai avrebbe fotografato e condiviso le caviglie di mia nonna».
Per quanto riguarda la prevenzione della violenza di genere, quali sono i progetti scolastici validi?
«Parlare di educazione alle relazioni quando nei gruppi WhatsApp spesso i genitori sono molto aggressivi è quanto meno una discrepanza. Non funziona l’adulto che entra e spiega che certe emozioni, come la rabbia, sono sbagliate. Le emozioni vanno legittimate, anche quelle che non ci piacciono, questa è prevenzione. Il ruolo dell’adulto è mediarle, è chiedere: che cosa significa questo per te? Che cosa provi? E ascoltare con attenzione. Non sopportiamo che un bambino abbia paura di un clown, e vogliamo convincerlo che fa ridere. Gli insegniamo che deve essere autonomo, precoce, e quando cresce e sta insieme con qualcuno gli diciamo che ha una dipendenza affettiva. Ma la dipendenza nasce perché fai qualcosa che ti piace. La base è sana, tutti nasciamo con una dipendenza, la prima è dalla mamma. Poi cresciamo con un processo di separazione, sostituiamo la mamma con lo sport, il lavoro o un altro affetto».
Lo psicoterapeuta Matteo Lancini: «Ci salverà l’amicizia amorosa»
Lei sostiene che le relazioni sono fondamentali. Ma c’è spazio oggi per una coppia che riesca a sostenere anche i progetti individuali?
«Credo di sì, e nel futuro dei giovani vedo una relazione che somigli a un’amicizia amorosa, una specie di democrazia affettiva basata sulla solidarietà e la pariteticità, dove ci sia spazio anche per l’intimità. Una dimensione dove due persone si incontrano senza sovrapporsi, con un progetto condiviso modulato a seconda dei bisogni.Dove il dolore non si nega ma non è il sacrificio richiesto in passato. Dove ci si riconosce e, certo, si procede per negoziazione. Si può chiamare come si vuole ma saper stare insieme salva l’individuo e la società».
iO Donna ©RIPRODUZIONE RISERVATA"
20261004084500,Nostro Figlio,https://www.nostrofiglio.it/nomi/7-nomi-da-amare-se-ti-piace-vittoria-ma-vuoi-qualcosa-di-piu-raro,,,,,,srclc:ita,"Preferisci ascoltare il riassunto audio? Abbiamo scelto una voce realizzata con strumenti avanzati IA per rendere rendere i nostri testi subito accessibili a tutti
Se ami Vittoria ma vuoi altro
In certi momenti della gravidanza il mondo sembra rallentare. Immagini il viso della tua bambina, la stringi già tra le braccia con il pensiero. E in quella fantasia c’è sempre un dettaglio che torna: il suo nome, la prima parola che la racconterà al mondo. È un suono che porterà per tutta la vita, una piccola eredità d’amore che nasce proprio da voi.
Molti genitori si innamorano di Vittoria: è forte, importante, ha un significato luminoso di successo e trionfo. Ma a volte la percezione è che sia un po’ troppo sentito, un po’ troppo “grande” per la delicatezza di un neonato. E nasce il desiderio di trovare un’alternativa che ne conservi l’eleganza, ma con un tocco più soffice, meno altisonante, magari anche più raro.
Nella storia dei nomi femminili esistono tantissime varianti di questo equilibrio: suoni morbidi, radici antiche, significati intensi ma sussurrati. Alcuni arrivano dal latino, altri dal greco o dal mondo slavo e anglosassone; molti hanno attraversato secoli di letteratura, arte, devozione religiosa e miti, restando sempre un passo indietro rispetto ai nomi più famosi, ma proprio per questo più particolari.
In questo articolo trovi 7 nomi da amare se ti piace Vittoria ma vorresti qualcosa che si senta meno. Per ciascuno scoprirai origine, significato, piccole curiosità storiche o culturali e la sensazione che può evocare. Lasciati guidare dal suono, dalle immagini che ti ispirano e da quella piccola emozione allo stomaco che ti dirà: “Ecco, è lei”.
Virginia
Virginia nasce dal gentilizio latino Verginius/Virginius, tradizionalmente collegato all’idea di ""vergine, pura"". È un nome dal suono classico, raffinato, che mantiene qualcosa della solennità di Vittoria ma con un ritmo più morbido, quasi vellutato. Chi porta questo nome può festeggiare l’onomastico il 7 gennaio o il 7 maggio, a seconda delle tradizioni locali.
La figura di Virginia è legata anche alla storia romana: la leggenda di Virginia, giovane romana simbolo di onestà e dignità, ha ispirato opere letterarie e teatrali.
In epoca moderna il nome è stato reso ancora più celebre dalla scrittrice inglese Virginia Woolf, che lo ha trasformato in un’icona di creatività e indipendenza femminile. In Italia è un nome conosciuto, ma non inflazionato, spesso percepito come colto e dal fascino un po’ retrò.
Virginia è una scelta dolce per chi ama i nomi tradizionali ma vuole qualcosa di discreto, dal passo lieve. Evoca una bambina sensibile e determinata, capace di grande delicatezza ma anche di una forza silenziosa.
Vivine
Vivine è una variante inglese e multilingue di Viviana, che affonda le sue radici nel latino ""vivus"", cioè vivo. Questo nome porta con sé immagini di vita, movimento, energia che sboccia. È raro, dolcissimo, con quel suono in ""vi"" che ricorda Vittoria, ma orientato più alla vitalità che al trionfo.
Viviana e le sue varianti compaiono in diversi Paesi europei, soprattutto in area latina e anglosassone. Chi sceglie Vivine abbraccia una forma ancora più particolare, quasi da fiaba moderna, che rimane in mente proprio perché poco comune. L’onomastico può essere associato al 15 giugno, in riferimento a San Vito e alle forme affini come Viviana, secondo alcune tradizioni.
Vivine è perfetto se desideri un nome luminoso ma delicato, che parli di energia interiore più che di vittoria esteriore. Sa di risata leggera, di bambina curiosa e piena di voglia di scoprire il mondo.
Luda
Luda è una variante slava e polacca del nome Luisa, che risale al germanico Hlodowig e racchiude l’idea di ""illustre combattente"". In questa forma breve e moderna, il significato di forza resta sullo sfondo, mentre in primo piano c’è un suono tenero, rotondo, facilissimo da pronunciare. L’onomastico si può festeggiare il 25 agosto, come tradizionalmente avviene per Luisa.
Nei Paesi dell’Est Europa Luda può essere anche un diminutivo affettuoso di altri nomi, usato in famiglia e tra amici. In Italia rimane una scelta decisamente rara, dal gusto internazionale, che richiama un po’ l’atmosfera delle capitali dell’Est e delle loro storie.
Proprio perché così corto e semplice, si abbina bene a cognomi lunghi o importanti, bilanciandoli con leggerezza.
È un nome per chi cerca qualcosa di essenziale, dal carattere deciso ma non rumoroso. Luda sembra fatto per una bambina che sappia essere dolce ma anche coraggiosa, forte senza bisogno di proclamarlo.
Camila
Camila è la variante ispanofona di Camilla, e risale al latino ""camillus"", il giovane che assisteva alle cerimonie sacre. Porta quindi con sé un’aura di sacralità discreta, di servizio e dedizione. Rispetto a Vittoria, ha un’eleganza altrettanto classica, ma più dolce e scorrevole all’orecchio. L’onomastico può cadere il 14 luglio, come per Camillo/Camilla, a seconda delle tradizioni.
Camila è amatissimo nei Paesi di lingua spagnola e portoghese, dall’America Latina fino alla Spagna, e compare spesso nelle telenovelas e nella musica contemporanea. In Italia sta iniziando a diffondersi soprattutto grazie alle famiglie con radici straniere o a chi è affascinato dai nomi dal sapore internazionale. Esistono varianti come Camilla, Kamila, Camilia, ma Camila resta tra le più morbide all’ascolto.
È un nome per chi immagina una bambina elegante e spontanea, dal carattere gentile ma deciso. Camila suona come una carezza: un modo raffinato per raccontare una personalità sensibile e luminosa, senza risultare mai troppo “ingombrante”.
Sofija
Sofija è la forma slava di Sofia e deriva dal greco ""sophía"", che significa sapienza, saggezza. È un nome che parla di intelligenza profonda, di conoscenza, di uno sguardo curioso sul mondo. Mantiene tutta la bellezza della diffusissima Sofia, ma la scrittura con la ""j"" la rende più rara e particolare. L’onomastico si festeggia di solito il 30 aprile o il 15 maggio, secondo i diversi calendari.
Sofia è stato uno dei nomi più scelti in Italia negli ultimi anni, proprio per il suo significato alto e la musicalità semplice. Sofija conserva lo stesso nucleo, ma aggiunge un tocco internazionale che la avvicina ai Paesi dell’Europa dell’Est, come la Croazia, la Serbia o la Slovenia.
È un nome che si legge facilmente anche in tante lingue diverse, e questo lo rende adatto a contesti multiculturali.
Se ami la profondità e la dolcezza di Sofia ma vorresti evitare un nome troppo comune, Sofija può essere una splendida via di mezzo. Evoca una bambina riflessiva, sensibile, capace di guardare lontano con calma e lucidità.
Màja
Màja affonda le sue radici nel nome della dea Maia, di origine greco-latina, legata alla primavera, alla crescita e alla fertilità. Il significato tradizionale richiama l’idea di ""nutrice, madre, creatrice"", una figura che dà vita e protegge. È un nome brevissimo, dolce e quasi sussurrato, che scivola leggero sulle labbra. L’onomastico si celebra il 1 novembre, perché considerato nome ""adespoto"", cioè senza una santa specifica.
Maia è presente nella mitologia romana come madre del dio Mercurio, e il mese di maggio sembra proprio prendere il nome da lei. Nelle varie lingue europee compaiono forme simili, come Maya, Maja, Maïa, spesso legate anche ad altre tradizioni culturali. In Italia non è ancora molto diffuso, ma è immediato da pronunciare e ricordare, con un suono che sa di fiaba e di natura in fiore.
Màja è una scelta delicata e piena di poesia, ideale se cerchi qualcosa di breve ma profondissimo nel significato. Evoca una bambina solare, creativa, che porta con sé l’energia gentile della primavera.
Ivy
Ivy è un nome inglese che richiama direttamente l’edera, la pianta capace di arrampicarsi e resistere, simbolo di tenacia e fedeltà. È collegato anche a Ivana, forma femminile di Giovanni, che in ebraico significa ""Dio ha avuto misericordia"". Un nome cortissimo, modernissimo, che porta con sé sia un’immagine naturale sia una sfumatura spirituale. L’onomastico può essere celebrato il 24 giugno, come per Giovanni/Ivana, o il 13 gennaio secondo alcuni calendari moderni.
Nei Paesi anglosassoni Ivy è stato usato anche come nome floreale, al pari di Lily o Rose, soprattutto in epoca vittoriana e poi di nuovo nel Novecento.
Oggi sta vivendo una nuova stagione di successo in Gran Bretagna e negli Stati Uniti, anche grazie a personaggi noti e alla moda dei nomi brevi e botanici. In Italia è ancora molto raro, ma facile da pronunciare e riconoscere.
Ivy è l’ideale se desideri un nome delicato ma dal carattere forte, senza nessun tono pomposo. Evoca una bambina tenace e affettuosa, capace di aggrapparsi alla vita e alle persone che ama con dolce determinazione.
Altri nomi da esplorare
Se questi 7 nomi ti hanno fatto battere il cuore ma non hai ancora trovato quello giusto, non fermarti qui. Nella sezione dedicata ai nomi di NostroFiglio puoi scoprire molte altre idee, significati e curiosità.
Prenditi il tempo di ascoltare ogni suono e immaginare la tua bambina mentre lo porti sulle labbra. Da Virginia a Ivy, ogni nome è una piccola storia: sta a voi scegliere quella che accompagnerà la vostra."
20261004083035,Napolike,https://www.napolike.it/test-di-gravidanza-quando-farlo-e-come-leggere-il-risultato,,,,,,srclc:ita,"Test di gravidanza: quando farlo e come leggere il risultato
Immagine realizzata con IA
Un ritardo del ciclo basta a far scattare la domanda: sono incinta? Il test di gravidanza è lo strumento più semplice per rispondere, ma il risultato dipende da due cose: quando lo fai e come lo leggi. Sbagliare i tempi è l’errore più comune e produce un negativo che non significa nulla.
In questa guida trovi quando fare il test, la differenza tra test delle urine e beta-hCG nel sangue, come interpretare positivo, negativo e la temuta linea tenue. Le informazioni hanno finalità divulgativa e seguono le indicazioni di Ministero della Salute ed Epicentro – ISS: non sostituiscono il parere del medico o dell’ostetrica.
Cos’è il test di gravidanza e come funziona
Il test cerca nel corpo la gonadotropina corionica umana (hCG), l’ormone prodotto dall’embrione subito dopo l’impianto nell’utero. Non è un esame che “decide”: misura una presenza, e la sua affidabilità dipende dalla quantità di ormone presente nel momento in cui si fa la prova.
L’hCG comincia a essere prodotta dopo l’annidamento, che avviene in genere 6-12 giorni dopo il concepimento. Nelle prime ore la concentrazione è bassissima e raddoppia circa ogni 48 ore: ecco perché un test fatto troppo presto può non rilevarla.
Da questa dinamica derivano le due regole pratiche: aspettare il ritardo del ciclo e, in caso di dubbio, ripetere il test dopo qualche giorno. Un singolo negativo non esclude una gravidanza se il test è stato fatto prima del tempo.
Quando fare il test di gravidanza
Il momento più affidabile è il primo giorno di ritardo del ciclo. Con cicli regolari significa circa 14 giorni dopo l’ovulazione, quando la concentrazione di hCG è ormai alta abbastanza per quasi tutti i test in commercio.
Chi ha cicli irregolari o più lunghi può non sapere con precisione quando aspettare il ciclo: in questo caso conviene attendere qualche giorno in più dalla data ipotetica, invece di fare il test troppo presto.
Molti test dichiarano di funzionare fino a 5-6 giorni prima del ritardo, ma la sensibilità reale in quei giorni è più bassa. In pratica: prima fai il test, più alta è la probabilità di un falso negativo.
Se il test è negativo e il ciclo non arriva, la cosa più sensata è ripetere la prova dopo 3-5 giorni. Se il ritardo continua, la strada giusta è un dosaggio delle beta-hCG nel sangue, prescritto dal medico di base o dal ginecologo.
Test di gravidanza con ciclo irregolare
Con un ciclo irregolare o lungo il conto del ritardo è meno semplice. In questi casi l’ovulazione può spostarsi di diversi giorni, e il test fatto alla data “prevista” rischia di essere troppo presto.
Un criterio pratico è non contare dal calendario, ma dal proprio corpo: attendere almeno una settimana di ritardo rispetto al ciclo più lungo abituale, prima di considerare attendibile un negativo.
Se i cicli sono molto irregolari o il dubbio resta, il dosaggio del sangue è la soluzione più chiara. Il medico può anche valutare eventuali alterazioni ormonali che spiegano il ritardo, come la sindrome dell’ovaio policistico.
Un consiglio spiccio: annotare su un’app o su un calendario l’inizio di ogni ciclo per qualche mese. Serve a capire la propria media e a scegliere il giorno giusto per il test senza tirare a indovinare.
Test di gravidanza urine o sangue: le differenze
Il test delle urine è quello che si compra in farmacia o al supermercato. Cerca l’hCG direttamente nell’urina, è veloce, costa poco e dà una risposta qualitativa: positivo o negativo. La sensibilità tipica è di circa 20-25 mIU/mL.
Il test del sangue misura la stessa sostanza ma con un dosaggio quantitativo, cioè un valore numerico. È più sensibile e rileva l’hCG già 7-11 giorni dopo l’ovulazione, spesso prima che il test delle urine diventi positivo.
Per questo il sangue è lo strumento di riferimento in casi specifici: procreazione medicalmente assistita, sospetta gravidanza extrauterina, monitoraggio dell’andamento iniziale o anomalie mestruali di origine incerta.
In sintesi: le urine sono il primo passo pratico, il sangue è la conferma affidata al medico. Nessun test fai-da-te, per quanto sensibile, sostituisce una valutazione clinica.
Sensibilità del test: cosa significano i mIU/mL
La sigla mIU/mL indica la concentrazione minima di hCG che il test riesce a rilevare. Più il numero è basso, più il test è sensibile, cioè capace di dare un positivo precocemente.
I test più comuni dichiarano 20-25 mIU/mL, la maggior parte dei casi di gravidanza li supera al momento del ritardo. I modelli “early” arrivano a 10 mIU/mL e possono dare una risposta qualche giorno prima.
Attenzione al rovescio della medaglia: un test molto sensibile fatto troppo presto può rilevare una quantità di hCG che poi non evolve. È il caso della gravidanza biochimica, in cui il positivo iniziale si trasforma in un negativo pochi giorni dopo.
La sensibilità dichiarata vale in condizioni ottimali: prima urina del mattino, test integro e conservato correttamente, tempo di lettura rispettato. Fuori da queste condizioni, il dato sulla confezione conta meno di quanto sembri.
Come leggere il risultato del test
I test a linea mostrano una linea di controllo che deve comparire sempre: se non appare, il test è da buttare e va ripetuto con un campione nuovo. La seconda linea è quella che segnala la presenza di hCG.
Con i test digitali compare direttamente una scritta, “incinta” o “non incinta”, che elimina il problema dell’interpretazione delle linee. Sono più costosi ma più semplici da leggere, utili per chi non ha familiarità con i test classici.
Un risultato positivo, sia esso una seconda linea ben visibile o la scritta “incinta”, va considerato un’indicazione forte ma va sempre confermato dal medico. Un negativo, invece, va letto insieme al calendario del ciclo.
- Positivo: due linee o scritta “incinta” – contatta il medico per la conferma.
- Negativo: una linea o scritta “non incinta” – se il ciclo non arriva, ripeti dopo 3-5 giorni.
- Linea tenue: spesso è comunque positivo – ripeti dopo 48 ore o dosa le beta-hCG.
- Risultato non valido: nessuna linea di controllo o comparsa fuori tempo – ripeti il test.
Linea tenue: cosa significa davvero
La linea tenue è il risultato che crea più ansia. Se compare entro il tempo indicato dalle istruzioni, significa che una piccola quantità di hCG è stata rilevata: nella maggior parte dei casi è un positivo precoce.
Per capire se la gravidanza procede, si ripete il test dopo 48 ore usando la prima urina del mattino. Se l’hCG raddoppia come previsto, la linea tende a diventare più marcata; il dosaggio del sangue è comunque il modo più preciso per seguire l’andamento.
Diverso è il caso della linea di evaporazione: una seconda linea che appare dopo il tempo massimo indicato e che non ha valore diagnostico. Per questo conviene leggere il test entro i minuti previsti, non la sera dopo.
Gravidanza biochimica: quando il test torna negativo
Si parla di gravidanza biochimica quando il test risulta positivo per la presenza di hCG, ma la gravidanza non si sviluppa e l’ormone cala fino a scomparire. È un evento più frequente di quanto si pensi, spesso vissuto senza nemmeno accorgersene.
La sequenza tipica è un positivo molto precoce, magari con linea tenue, seguito dopo qualche giorno da un test negativo e dall’arrivo del ciclo. In questi casi il corpo gestisce da solo la situazione, ma il medico va informato.
Il dosaggio delle beta-hCG nel sangue è l’unico modo per distinguere una gravidanza che evolve da una che si interrompe. Due valori a 48 ore di distanza dicono molto di più di dieci test fatti a casa.
Se il fenomeno si ripete più volte, è opportuno parlarne con il ginecologo, che può valutare eventuali approfondimenti. Non è una colpa né una “gravidanza immaginaria”: è un evento clinico reale che merita attenzione.
Falso negativo e falso positivo: quando il test inganna
Il falso negativo è l’errore più frequente e quasi sempre dipende dai tempi. Le cause tipiche sono un test fatto troppo presto, urine molto diluite per aver bevuto molto, un ciclo irregolare o un test scaduto o conservato male.
Anche un uso scorretto può falsare il risultato: bastoncino non immerso abbastanza, tempo di lettura sbagliato o campione raccolto in un contenitore non pulito. Rileggere le istruzioni prima di iniziare riduce di molto questi errori.
Il falso positivo è più raro ma esiste. Può comparire dopo un aborto spontaneo recente, dopo alcuni trattamenti per la fertilità che contengono hCG, in presenza di particolari farmaci o in situazioni cliniche che il medico è in grado di valutare.
Per questo nessun risultato va interpretato da solo: un positivo con poco hCG, come in una gravidanza biochimica che non evolve, può dare una linea che poi scompare. Il medico distingue i casi con il dosaggio nel sangue e un’eventuale ecografia.
Gli errori più comuni da evitare
La maggior parte dei test sbagliati non dipende dal prodotto, ma da piccoli errori di procedura. Conoscere i più frequenti aiuta a non ripetere l’esame inutilmente e a fidarsi del risultato.
- Fare il test troppo presto: è la causa numero uno dei falsi negativi.
- Usare urine diluite: bere molto prima del test abbassa la concentrazione di hCG.
- Leggere fuori tempo: una linea comparsa dopo i minuti previsti non vale.
- Usare un test scaduto: la data di scadenza e le condizioni di conservazione contano.
- Non rispettare i tempi di immersione: ogni test ha le sue istruzioni, spesso diverse.
Un accorgimento semplice: fare il test al mattino, con la prima urina, e rileggerlo subito dopo il tempo indicato. Se il risultato è dubbio, non ripetere subito: aspettare 48 ore aiuta a vedere una variazione reale.
Quando rivolgersi al medico (o al pronto soccorso)
Alcuni segnali richiedono una valutazione medica rapida, senza aspettare il prossimo appuntamento:
- Dolore forte e improvviso al basso ventre, soprattutto da un lato.
- Sanguinamento vaginale abbondante o perdite con dolore.
- Svenimento, capogiri intensi o dolore alla spalla con sanguinamento.
- Test positivo accompagnato da questi sintomi: possibile gravidanza extrauterina, va esclusa subito.
- Test negativo ma sintomi persistenti e ciclo assente da settimane.
In caso di dubbio chiama il medico di base o l’ostetrica; per i sintomi acuti rivolgiti a un pronto soccorso a Napoli. Per un consulto non urgente puoi chiedere in farmacia di turno a Napoli o al consultorio.
Cosa fare dopo un test positivo
Un test positivo a casa è un punto di partenza, non un traguardo. La prima cosa da fare è contattare il medico di base o il ginecologo per confermare la gravidanza e programmare i primi esami.
Se non era già iniziata, in questa fase si valuta l’assunzione di acido folico, la vitamina che riduce il rischio di difetti del tubo neurale. Va assunto prima del concepimento e nelle prime settimane, su indicazione del medico.
È utile annotare la data dell’ultimo ciclo, perché da lì si contano le settimane di gravidanza. Per orientarti puoi consultare la tabella delle settimane di gravidanza, che riporta mesi, trimestri e tappe dei controlli.
Nelle prime settimane conviene ridurre alcol e fumo, evitare i farmaci non prescritti e segnalare al medico tutti i medicinali che si stanno assumendo. Anche l’alimentazione va adattata, come spiegano le indicazioni del Ministero della Salute.
Test dopo parto, aborto o sospensione della pillola
Dopo un parto l’hCG può restare rilevabile per alcune settimane: un test positivo in questo periodo non indica per forza una nuova gravidanza. È il medico a indicare quando un test ha senso.
Lo stesso vale dopo un aborto spontaneo o volontario: l’ormone cala gradualmente e può dare positivi residui. In questi casi un risultato positivo va sempre letto con il ginecologo, non interpretato da soli.
Dopo la sospensione della pillola il primo ciclo può tardare anche di qualche settimana, perché l’organismo ritrova il proprio ritmo. Il ritardo, da solo, non significa gravidanza: è la somma tra ritardo e test a dare l’indicazione.
In tutte queste situazioni la regola è una: contesto clinico prima del test. Un positivo o un negativo vanno sempre inquadrati nella storia della persona, che il medico conosce.
Dove comprare il test e quanto costa
Il test di gravidanza si trova in farmacia, parafarmacia e nella maggior parte dei supermercati. Non serve ricetta e si può acquistare senza prescrizione; il costo indicativo va da 8 a 20 euro per i modelli classici.
I test digitali costano in genere tra 15 e 25 euro e mostrano una scritta al posto delle linee. Non sono più affidabili dei test a linea: la differenza è nella semplicità di lettura, non nella sensibilità.
Se il ciclo è in ritardo e hai bisogno di un consulto non urgente, in farmacia di turno a Napoli il personale può aiutarti a scegliere il test più adatto. Per le domande sulla salute, però, il riferimento resta il medico.
Test di gravidanza e genitori a Napoli: qualche riferimento
Diventare genitori è un percorso, e le prime domande non finiscono con il test. Nei mesi successivi si programma la prima visita, si scelgono i controlli e, più avanti, si organizzano gli spostamenti con il bambino.
Per le famiglie napoletane può essere utile sapere come viaggiare con i bambini e come muoversi sui trasporti di Napoli, così come trovare spunti per le prime gite, dalla Costiera Amalfitana con i bambini a Ischia e Procida.
Sono informazioni pratiche che affiancano, e non sostituiscono, il percorso sanitario. Ogni dubbio sulla gravidanza va portato al medico o all’ostetrica, che conoscono la storia clinica della persona.
Domande frequenti sul test di gravidanza
Quanto tempo dopo il rapporto si può fare il test?
Non si conta dal rapporto, ma dal momento in cui il ciclo non arriva. In media conviene attendere il primo giorno di ritardo; il test del sangue può dare una risposta un po’ prima, da 7-11 giorni dopo l’ovulazione.
Il test del mattino è più affidabile?
Sì, la prima urina del mattino è più concentrata e quindi più facile da interpretare, soprattutto all’inizio. Non è obbligatorio, ma nelle prime settimane aiuta a ridurre i falsi negativi.
Un test negativo può diventare positivo dopo?
Sì. Se il test è stato fatto troppo presto, l’hCG può non essere ancora rilevabile. In quel caso si ripete la prova dopo 3-5 giorni o si fa un dosaggio del sangue su indicazione del medico.
La linea tenue è una gravidanza?
Molto spesso sì: una linea tenue entro il tempo indicato segnala hCG presenti. Va però confermata, ripetendo il test dopo 48 ore o con le beta-hCG nel sangue, perché un valore basso può anche non evolvere.
Quanto costa un test di gravidanza in farmacia?
I modelli classici costano in genere 8-20 euro, quelli digitali 15-25 euro. Non serve la ricetta. In farmacia di turno a Napoli puoi chiedere consiglio sulla scelta.
Quando il test diventa attendibile al cento per cento?
Nessun test fai-da-te è attendibile al cento per cento. Il riferimento per la conferma sono il dosaggio delle beta-hCG e l’ecografia, prescritti dal medico. Un risultato positivo va sempre comunicato al medico.
Si può bere prima di fare il test?
Bere molta acqua diluisce le urine e può abbassare la concentrazione di hCG, favorendo un falso negativo. Se puoi, fai il test al mattino, prima di bere e mangiare.
Questo articolo ha finalità informative e non sostituisce il parere del medico. Per qualsiasi dubbio su gravidanza, sintomi o terapie è necessario consultare il medico di base, il ginecologo o l’ostetrica.
Scopri di più da Napolike.it
Abbonati per ricevere gli ultimi articoli inviati alla tua e-mail."
20261004073717,Bresciatoday,https://www.bresciatoday.it/social/barone-pizzini-legambiente.html,,,,,,srclc:ita,"Barone Pizzini: la cantina bresciana è 'Custode della Biodiversità' per Legambiente
Il riconoscimento consegnato da Legambiente nell'ambito del progetto Life NatConnect2030
La cantina Barone Pizzini di Provaglio d'Iseo è 'Custode della Biodiversità' per Legambiente: il riconoscimento certifica un ulteriore livello di sensibilità ambientale, dopo l'attestato internazionale 'Biodiversity Friend', ennesima conferma per l'azienda franciacortina ormai da più di 30 anni in prima fila nei temi ambientali. La certificazione arriva nell'ambito di Life NatConnect2030, progetto europeo che punta a rafforzare la tutela della natura attraverso una rete di soggetti – imprese, enti, associazioni e comunità – chiamati a prendersi cura (concretamente) del proprio territorio. Entrare nella Rete dei Custodi significa non solo ricevere un ""patentino"", ma assumere specifici impegni di conservazione e valorizzazione della biodiversità.
""Abbiamo sempre visto gli enti certificatori come un punto di vista nuovo – dichiara Silvano Brescianini, ad di Barone Pizzini –, un occhio che guardava le cose in modo diverso rispetto a come le guardavamo noi, quindi come un'opportunità e non un limite. Noi facciamo il biologico perché, almeno per il pezzo di terra che lavori, si cerca di cambiare il mondo. Incoraggiando la biodiversità, permettiamo alla vita di crescere in un suolo ricco di vita, sviluppando anche una maggiore resistenza alle malattie"".
L'impegno nella Rete dei Custodi
Tra gli impegni previsti c’è il monitoraggio della biodiversità del suolo, un ambito sul quale Barone Pizzini lavora già da anni insieme allo Studio Agronomico SATA. Il programma prevede il censimento dei microartropodi utilizzati come indicatori della salubrità e della fertilità biologica del terreno e l’attribuzione dell’indice QBS-ar, in collaborazione con l’Agrofood Research Hub dell’Università degli Studi di Brescia. Parallelamente sarà monitorata anche la biodiversità presente al di sopra del suolo, con particolare attenzione a carabidi, coleotteri, ditteri e imenotteri.
L’impegno comprende inoltre la valutazione dei servizi agroecosistemici presenti nei vigneti, dai siti di nidificazione alle aree umide e agli spazi favorevoli agli insetti pronubi, oltre al calcolo della capacità di sequestro del carbonio dell’ecosistema agricolo. I dati e le attività saranno anche oggetto di divulgazione.
Il progetto Life NatConnect2030
Life NatConnect2030 – Natural connections for Natura2000 in Northern Italy to 2030 – è un progetto cofinanziato dall’Unione Europea, coordinato da Regione Lombardia con la partecipazione di 16 partner eil supporto di Fondazione Cariplo. Avviato nel 2024 e destinato a proseguire fino al 2032, coinvolge Lombardia, Piemonte, Veneto, Emilia-Romagna e Provincia autonoma di Trento. L’obiettivo è rafforzare la tutela della biodiversità e la connessione della rete ecologica, intervenendo sul ripristino degli habitat, sulle connessioni ecologiche, sull’adattamento ai cambiamenti climatici e sulla gestione delle specie invasive."
20261004060025,Primo Numero News,https://www.primonumero.it/2026/10/san-francesco-e-la-vigna-del-signore/1530911762/,,,,,,srclc:ita,"Se c’è una cosa che ho imparato dai frati francescani di stanza a Gerusalemme è il loro saluto: pace e bene.
San Francesco all’inizio della sua vita evangelica, aveva ascoltato una chiamata: “Il Signore mi rivelò che dicessimo questo saluto: “Il Signore ti dia pace”.
Con queste parole essenziali consegna ai suoi Frati e a ogni credente lo stupore interiore che il Vangelo aveva portato nella sua esistenza: la pace è la somma di tutti i beni di Dio, un dono che scende dall’Alto, dono attivo, da accogliere e vivere ogni giorno.
La vita di san Francesco è un cantico di pace e di bene. Oltre al ben noto cantico delle creature, scritto ad Assisi due anni prima della morte del 1226 mentre Francesco soffriva terribilmente infezione agli occhi, con forti problemi allo stomaco e la malaria cronica, il nostro patrono d’Italia ci ha insegnato a diffondere la pace come armonia verticale e orizzontale tra Dio e gli uomini tra gli uomini e il creato.
Papa Leone non si stanca di annunciare la pace come rimedio ai mali del mondo e come futuro dell’umanità. Una pace disarmata e disarmante è il frutto più bello e maturo di un messaggio evangelico concentrato in quel grido pasquale di “Pace a Voi” (Gv 20,19).
Prima di morire il santo con le stimmate nella sua carne lascia ai frati il suo piccolissimo testamento spirituale: “Così disteso sulla terra, dopo aver deposto la veste di sacco, sollevò la faccia al cielo, secondo la sua abitudine, totalmente intento a quella gloria celeste, mentre con la mano sinistra copriva la ferita del fianco destro perché non si vedesse. E disse ai frati: Io ho fatto la mia parte; la vostra, Cristo ve la insegni” (Fonti Francescane, 1239).
San Francesco è il patrono d’Italia, forse il santo che più evoca la bellezza e la cura del creato e la povertà evangelica.
Ha scritto di lui Aldo Cazzullo che di uomini così ne nascono uno ogni mille anni. Duemila anni fa Gesù, nel millennio prima Buddha, in quello successivo Francesco.
Francesco è il padre spirituale del cristianesimo medioevale, colui che ha scritto la prima poesia in italiano, ha inventato il presepe, ha rivoluzionato il teatro e la pittura. Ha ispirato grandi italiani come Dante, Petrarca Boccaccio, Giotto Manzoni, De Gasperi (era terziari francescani).
Ha trattato le donne da pari a pari, ha insegnato a rispettare i bambini, ad amare la natura, a proteggere gli animali. Ha restituito dignità a tutti, ai deboli, ai lebbrosi, agli ultimi. Dice Cazzullo: san Francesco è la parte migliore di noi!
La liturgia di questa domenica è incentrata sull’immagine della vigna, non ci è difficile pensare alla vigna come il campo di Dio, la Chiesa e di come noi la trattiamo.
La parabola di Matteo narra del padrone della vigna che manda i suoi servi per raccogliere i frutti ma i contadini diventano così strani che respingono, lapidano, uccidono i servi.
Il padrone allora decide di fare una cosa molto strana, invece di continuare a mandare servi che vengono offesi, insultati e uccisi manda il proprio figlio il “figlio mio”.
I contadini che fanno? Pazzescamente ragionano e dicono: “Costui è l’erede: venite uccidiamo lui e avremo l’eredità sua” (Mt 21,38).
L’avidità di questi contadini è così grande da arrivare a pensare di togliere a Dio quello che lui ha creato e donato.
Nella Bibbia tutto ciò che è violenza, avidità è contrario alla logica di Dio. La vigna è data a tutti e tutti sono chiamati ad amarla e farla fruttificare.
La logica del Regno è esattamente opposta a quella dei vignaioli: per poter possedere qualcosa, bisogna accettare di non averne l’esclusiva e accoglierla come un dono fatto a me come a tutti gli altri.
L’immagine della vigna evoca nell’Antico Testamento l’amore tra il Padrone (Dio) e i contadini (il popolo). Nel libro del profeta Isaia il canto della vigna vuole mettere in risalto il desiderio d’amore dell’amante verso l’amato e la sua delusione per non essere ricambiato.
La vigna richiede grande attenzione perché porti buoni frutti. Senza passione, cura non si raccoglie nulla, anzi mortifichiamo il dono grande della vigna di Dio.
Il Concilio Vaticano II ha voluto far proprio l’immagine della vigna e avvicinarla alla Chiesa. Essa è stata piantata da Dio come vigna scelta. “Cristo è la vera vite, che dà vita e fecondità ai tralci, cioè a noi, che per mezzo della Chiesa rimaniamo in lui, e senza di lui nulla possiamo fare” (Lumen Gentium, 6).
La chiesa è la nostra casa è il luogo dove facciamo esperienza della cura e dell’amore, questa chiesa dove noi viviamo e cresciamo va amata non posseduta perché sappiamo bene che non è nostra ma del Signore.
Forse è bene ricordare che la vigna rifiorisce non perché il padrone punisce i vignaioli omicidi, ma perché il Figlio rimane fedele alla logica di un amore che non vuole possedere nulla, neppure la propria vita.
Proprio per questo può continuare a riceverla dal Padre, portando frutti di comunione e di unità per chiunque si pente (Mt 21,32), abbandona la logica della violenza e crede alla forza dell’amore."
20261004054528,Sicilia News24,https://www.sicilianews24.it/nebrodi-284-milioni-di-euro-di-investimenti-ma-risultati-ancora-difficili-da-misurare-843966.html,,,,,,srclc:ita,"Nebrodi, 284 milioni di euro di investimenti ma risultati ancora difficili da misurare
Investimenti pubblici consistenti, ma una capacità ancora debole di misurare gli effetti concreti sul territorio. È la fotografia dei Nebrodi contenuta nel report su economia e sviluppo dell’area, presentato all’undicesima edizione del Festival del giornalismo enogastronomico in corso a Galati Mamertino, nel Messinese.
Secondo i dati elaborati dall’associazione Network insieme alla Fondazione Innovation Island, dal 2016 al 2025 OpenCoesione registra nei 42 comuni del territorio 284 milioni di euro di pagamenti, relativi a 3.168 progetti e 8.857 movimenti. Una cifra che non rappresenta però l’intera spesa pubblica destinata all’area: dal monitoraggio restano escluse, tra le altre, la spesa corrente, una parte consistente degli aiuti agricoli, le risorse del Pnrr e gli interventi attribuiti esclusivamente a livelli provinciali o regionali.
La quota maggiore degli investimenti, 186,9 milioni di euro, riguarda lavori pubblici, mentre gli incentivi diretti alle imprese ammontano a 48,1 milioni. Sul piano tematico, 78,3 milioni sono stati destinati a trasporti e mobilità, 47,2 milioni all’ambiente, 45,3 milioni alla competitività delle imprese e 22,3 milioni a cultura e turismo.
Il problema, secondo il report, è che a fronte di queste risorse non esiste ancora una valutazione territoriale integrata capace di misurare gli effetti economici degli interventi, né di quantificare in modo sistematico i servizi effettivamente attivati.
Popolazione in calo e sviluppo concentrato sulla costa
Il quadro demografico resta uno dei principali elementi di fragilità. Nel 2024 i 42 comuni del partenariato pubblico-privato Gal Nebrodi Plus contavano complessivamente 134.104 residenti, 603 in meno rispetto all’anno precedente. A pesare maggiormente è il saldo naturale, più negativo rispetto a quello migratorio interno.
Anche il sistema produttivo presenta forti differenze territoriali. Industria e servizi risultano concentrati soprattutto nei centri costieri e nei poli di maggiori dimensioni. Nel 2023 le 10.312 unità locali presenti nei 42 comuni hanno prodotto complessivamente 893,9 milioni di euro di valore aggiunto, ma la ricchezza generata appare distribuita in maniera molto disomogenea.
Particolarmente frammentato è il comparto agricolo. Il censimento del 2020 rileva 9.649 aziende agricole su una superficie complessiva di 100.275 ettari. Almeno sei aziende su dieci, tuttavia, presentano una produzione standard inferiore ai 4.000 euro annui, a conferma di una struttura produttiva caratterizzata da numerose piccole realtà.
Anche le filiere considerate simbolo dei Nebrodi, come il suino nero, la provola e la nocciola, scontano una carenza di dati omogenei e confrontabili. Mancano infatti informazioni sistematiche su quantità prodotte, prezzi, trasformazione, occupazione e valore economico trattenuto nei diversi passaggi della filiera.
Il report mette così in evidenza una delle principali sfide per il futuro dei Nebrodi: non soltanto attrarre e spendere risorse, ma riuscire a misurarne gli effetti sul tessuto economico, sociale e demografico, individuando quali interventi producano realmente sviluppo e quali invece non riescano a tradursi in benefici duraturi per le comunità locali."
20261004053700,Newsrimini,https://www.newsrimini.it/ultima-ora/limmgrazione-e-un-problema-o-una-risorsa,,,,,,srclc:ita,"L'immigrazione è un problema o una risorsa?
L’EDITORIALE DELLA DOMENICA
di Carlo Alberto Pari
L’immigrazione è una necessità impellente ed irrinunciabile. L’immigrazione richiede interventi urgenti, per evitare serie problematiche. Due affermazioni che appaiono un ossimoro, di converso, sono la realtà, spesso traviata, in relazione agli interessi di parte.
L’immigrazione è una necessità impellente del Paese, non è un pensiero, è un’analisi determinata da dati reali che non sono soggettivi, ma drammaticamente
oggettivi. Il futuro a volte è prevedibile, anni addietro, scrissi provocatoriamente che dovremmo essere noi ad andare a prendere gli immigrati.
Ecco i motivi :
1) abbiamo una denatalità, tra le più gravi rapportata ai Paesi europei e non solo. Alcune stime, indicano che nel 2030, tra invecchiamento della popolazione e
denatalità. mancheranno tra 100/150.000 lavoratori ogni anno, i danni potrebbero amplificarsi in modo esponenziale, nel medio e lungo periodo.
2) Autorevoli studi, indicano che a causa (anche) del calo demografico e dell’invecchiamento della popolazione, Il PIL ( Prodotto interno lordo) rischia di
scendere di circa il 18% nel 2050! Siamo uno dei Paesi più indebitati al Mondo (in rapporto al PIL) abbiamo traguardato circa 3.200 miliardi e siamo vicini ai 100
miliardi annui di interessi da pagare ( altroché finanziarie !). Se il numero lavoratori sarà in drastica diminuzione, così anche il PIL, pensate che la previdenza pensionistica, l’assistenza, la sanità, la sicurezza, l’istruzione, possano reggere? Inoltre, le imprese faticano a trovare lavoratori, anche se c’è disoccupazione, tra le varie cause, noi cittadini, spesso opulenti, non vogliamo più fare lavori pesanti e poco pagati. Guardate nei cantieri delle strade, nelle costruzioni, nell’agricoltura, sono tutti italiani? Di fronte a questa situazione, nella quale ho escluso volutamente risvolti umani e morali (ed esistono), è ancora possibile sostenere che non serve l’immigrazione?
L’immigrazione irregolare, è un problema serio per il Paese. Non è difficilissimo comprendere che coloro che non lavorano (salvo i ricchi ed i mantenuti), in qualche modo devono “mangiare”. Non è difficilissimo comprendere che in questi casi, le situazioni a rischio malavita si amplificano. Non è difficilissimo comprendere che spesso, sono vite vissute ai margini, senza argini, nella disperazione. Con la disperazione ed il disagio, si diventa spesso più pericolosi, vale per tutti. Ed allora, proviamo ad analizzare ciò che accade:
- 1) In Italia, oggi, nonostante il tasso di disoccupazione sia intorno al 6%, si stimano carenze di centinaia di migliaia di lavoratori. In Italia, oggi, sono
presenti circa 340.000 immigrati non regolari (stime). Visto che i posti di lavoro scoperti, non di rado sono attività che gli italiani non sempre
accettano, forse, sarebbe auspicabile cercare di organizzare un sistema che metta in contatto le due “necessità”, ed in parte, qualcosa si
potrebbe risolvere, un tentativo di inclusione, per il bene di tutti. Altrimenti, tutto continuerà sul solco attuale.
- 2) In Italia, oggi, circa il 30 per cento dei detenuti nelle carceri sono stranieri. Una percentuale assai elevata, in sostanza, nelle carceri italiane ci sono
circa 65.000 detenuti, tra questi, circa 20.000 sono stranieri, la maggioranza assoluta irregolari ( dati rilevati da associazioni che seguono il settore ). Serve altro per evidenziare che il problema esiste?
A mio avviso, spetta alla politica trovare soluzioni. A mio avviso, non sono sufficienti le consuete affermazioni “non ci sono risorse”. Serve il coraggio di
tagliate le tante spese dello Stato non proprio necessarie, senza la paura di lottare con le corporazioni, senza la paura di non essere rieletti, questo è il
bene del Paese: ridurre i debiti e trovare le risorse per le necessità impellenti. La sicurezza è una di queste, insieme alla sanità e diverse altre. Di
converso, troppo spesso, si indicano continue emergenze per giustificare l’aumento dei debiti, che rimarranno in carico alle future generazioni.
Concludendo, l’immigrazione è necessaria ed indispensabile per il Paese, è una realtà supportata da dati e studi oggettivi ed insindacabili. Al momento, sono circa 2.500.000 i lavoratori stranieri occupati, oltre il 10% della forza Paese, immaginate se non ci fossero, sarebbe un vero disastro! Esiste però un problema collaterale e preoccupante, l’immigrazione irregolare. Sono numeri presumibilmente ancora gestibili, ma lasciare persone abbandonate nel bisogno, senza intervenire, oltre che umanamente assai discutibile, mette a rischio la sicurezza e la tranquillità del vivere dell’intera comunità."
20261004051202,La Nazione,https://www.lanazione.it/pontedera/cronaca/salvare-la-scuola-pascoli-ecco-ef11aa00,,,,,,srclc:ita,"PONTEDERAIl futuro della scuola Primaria Pascoli è stato al centro della riunione della consulta Bellaria-Galimberti alla presenza dell’assessore alla scuola e alla cultura Francesco Mori. Quest’anno non è stato possibile comporre una classe prima e con questo andazzo la Pascoli rischia di chiudere. La paura, per il quartiere, è che la sparizione della scuola sia anche l’avvio di un processo di svilimento della zona e di chiusura delle attività. Questo il Comune non lo vuole, ha detto chiaramente l’assessore Mori e ha in mente di creare intorno alla Pascoli un rinnovato movimento di interesse con l’eventuale tempo pieno, l’apertura di una ludoteca e di attività pomeridiane e un pulmino per il trasporto di bambini da altri quartieri della città.
Ma serve che la scuola – nello specifico l’Istituto comprensivo Pacinotti di cui la Pascoli fa parte – faccia il suo. La nuova dirigente Arianna Gremigni e lo staff di presidenza con le insegnanti della Primaria della Bellaria stanno già lavorando per questo, dimostrando, al contrario di quanto successo nello stesso istituto gli anni scorsi, una diversa sensibilità. L’obiettivo più imminente è far sì che dall’anno scolastico 2027/2028 la Pascoli torni ad avere una prima classe. Durante la riunione della consulta Mori ha parlato dell’inverno demografico che colpisce anche Pontedera, come il resto d’Italia, e delle continue nuove prescrizioni governative rispetto agli edifici scolastici che costringono, ogni anno, i Comuni a prendere decisioni che mal si conciliano con una programmazione di lungo termine.
Lo stesso Mori ha anche esortato a non farsi trascinare nel vortice senza uscita della narrazione che la Pacinotti è una scuola meno attrattiva rispetto ad altre. Dalla consulta, presieduta da Ilicia Di Ienno, la volontà di continuare a seguire il caso-Pascoli."
20261004050000,Corriere,https://milano.corriere.it/notizie/cronaca/26_ottobre_04/ex-della-lega-attori-avvocati-i-22-mila-fedeli-lombardi-del-generale-vannacci-tra-loro-sylvie-lubamba-e-laura-ravetto-9f1316ae-2460-4853-8292-cb739050fxlk.shtml,,,,,,srclc:ita,"Ex della Lega, attori, avvocati: i 22 mila fedeli lombardi del generale Vannacci. Tra loro Sylvie Lubamba e Laura Ravetto
Sono 130 i comitati in 25 città. A Vigevano ce ne sono tre. Secondo gli ultimi sondaggi Futuro Nazionale viaggia tra il 7 e l’8%. Il nodo del ruolo nel centrodestra
Nella tunisina Hammamet,  buen retiro/prigione di Bettino Craxi, sepolto nel minuto cimitero cristiano (la bouganville a ridosso della lapide di marmo bianco spesso all’ombra, i rumori e i profumi dell’attigua medina), nonché  geografia centrale nella storia d’Italia, di Milano e del Partito socialista, è già una sfida interna dietro la spinta dei pensionati nostrani che là svernano, sul Mediterraneo, aria e popolo miti, poche tasse regalate a Roma ladrona, impietosa e villana. Due infatti  i comitati costituenti di Futuro Nazionale fondati per favorire lì come ovunque  l’insediamento territoriale del movimento del generale Roberto Vannacci.
Lì come ovunque. Giustappunto. In Lombardia il numero dei Comitati ha raggiunto le circa 130 unità. Dovete scusarci  la mancata precisione ma uno degli uomini forti del generale in Padania nemmeno ha risposto al telefono con una mezza sillaba, figurarsi col pronunciamento statistico ufficiale. Amen. Trattasi del tributarista Luca Daniel Ferrazzi, 58 anni da Gallarate, già assessore regionale all’Agricoltura sotto Formigoni, uno del trio del gruppetto vannacciano in Consiglio regionale, e nella sua esistenza politica un giramondo del centrodestra: dapprima Alleanza nazionale, quindi il Celeste, poi vicino a Bobo Maroni, infine lui. Vannacci. Che in totale, sempre in Lombardia, conta su  22mila iscritti (prima regione in Italia davanti a Lazio e Veneto) mentre a Milano i comitati sono 25 compreso quello creato dall’ultrà dalla prima ora Sylvie Lubamba, 54 anni, showgirl.
Milano, Milano. Milano e le elezioni comunali per eleggere il sindaco con in corsa un altro generale e un altro uomo di Vannacci, il 69enne di Anzio Carmelo Burgio. Milano ma non soltanto. Si andrà al voto in primavera per ulteriori nuovi sindaci in quasi metà Lombardia, il che a maggior ragione sollecita un interesse marcato, anzi approfondite analisi ragionando su dinamiche e alleanze in merito all’attuale schema regionale di Vannacci. Queste le altre città capoluogo delle elezioni: Monza, Como, Varese e Lodi; e queste alcune delle cittadine: Sesto San Giovanni, la Gallarate di Ferrazzi, Cinisello Balsamo, Crema, Seriate, Cantù, Desenzano del Garda, e luoghi di significativo fermento del popolo del generale come Lissone, Desio, Cesano Maderno, Limbiate, tutte quante comunità in quella provincia di Monza e Brianza dove punta a incidere Teodoro Garruto, un attore di origini foggiane, 39 anni, residente a Ceriano Laghetto, a margine del bosco delle Groane, un appeal crescente.
Un volto nuovo a differenza degli acclarati nomi di riferimento di Vannacci: Laura Ravetto (55 anni, avvocata, di Cuneo), sottosegretaria con Berlusconi premier, assai attiva, con impegno e merito, contro le violenze di genere; e vecchie volpi della politica ovvero il varesino Piero Galparoli, imprenditore di 59 anni, e Pietro Macconi, anch’egli imprenditore, di anni 77, originario di Costa Imagna, un hombre dell’area della destra cattolica, cresciuto là nel suo ameno paesello, mille metri d’altitudine e panorami sui bricchi quali il Resegone. Il tema delle micro comunità lombarde, il tema delle località di confine rappresenta oggi un efficace strumento di lettura locale e nazionale. Valga l’esempio dell’Oltrepo pavese: i problemi della denatalità, dello spopolamento progressivo, e insieme il fatto che industria, agricoltura, spedizioni, logistica e la rinomata catena del vino resistono unicamente perché vi lavorano migranti.
Ebbene Broni e Stradella, più le meno note Codevilla (900 abitanti), Santa Giuletta (1.500) e Colli Verdi (900) rappresentano basi del movimento vannacciano che nella parte opposta di Lombardia, a Como e Lecco, ancora abbisogna, come dire, di spinta. Dopodiché, poste tali premesse, secondo gli ultimi sondaggi Futuro Nazionale viaggia tra il 7 e l’8%. Non c’è tempo ma al contempo ve n’è molto. Per andar verso dove? Con quale modalità rispetto a Fratelli d’Italia e Lega? Al proposito di Lega: l’ex sindaco di Vigevano Andrea Ceffa è uno di quelli che ha giurato che morirà leghista; sua moglie Barbara Pazzaglia ha appena deciso di creare il terzo Comitato a Vigevano per Vannacci."
20261004045331,Tutte Le Ultime Notizie,https://www.ilrestodelcarlino.it/macerata/cronaca/straniero-un-giovane-su-quattro-0d4bcd26,,,,,,srclc:ita,"""Macerata, dopo Ancona, è la città marchigiana con il maggior numero di stranieri rispetto al totale dei residenti. Secondo l’Istat sono il 13,09% dei 40.689 abitanti, in costante crescita. Nella fascia tra 18 e 40 anni a Macerata quasi una persona su quattro non è italiana, per la precisione gli stranieri sono 2.335 su 9.900, pari al 23,59%"". Gianluca Puliti, responsabile del dipartimento socio-sanitario Fnp Cisl Marche, invita a un bagno di realismo. ""Non siamo una banlieue di Parigi, non conosciamo le tensioni sociali delle periferie delle grandi città. Ma, proprio per questo, vanno sviluppate le politiche di integrazione"". Puliti rileva come interagiscano diversi fattori. ""La popolazione invecchia e il tasso di natalità decresce. La città è condannata al declino demografico con un divario tra giovani (in diminuzione) e anziani (in aumento) che si allarga sempre più"". Il fenomeno non è solo maceratese, ma se la città contiene il regresso demografico lo deve all’apporto degli stranieri. ""Al primo gennaio di quest’anno il numero dei non italiani è aumentato di 204 unità rispetto al 2025: si è passati da 5.121 a 5.325. In tal modo viene compensata la decrescita di 100 unità registrata tra i maceratesi con cittadinanza italiana. Aggiungiamo la maggiore propensione degli stranieri ad avere figli, una immigrazione che riguarda per lo più persone tra 18 e 40 anni, una tendenza dei giovani maceratesi a lasciare la città ed è facile fare il pronostico: la fascia giovane della popolazione è destinata a essere sempre più straniera"". Secondo Puliti, anche tra i maceratesi fa presa una certa narrazione che alimenta la percezione di insicurezza e la sensazione che i giovani stranieri, più di altri, abbiano una qualche propensione verso spaccio e crimini di strada. ""Si potrebbero aprire nuovi scenari, in cui irrisolte questioni razziali ed etniche sfociano nella intolleranza e nella violenza"". Oggi Macerata è esente da questi eventi, ma ""non può dirsi permanentemente immunizzata. Col tempo è possibile che possano acuirsi differenze e diffidenze. Sarà il caso che ci si interroghi subito su questi fenomeni che vanno considerati da chi ha l’ambizione di coltivare un progetto che guarda ai giovani e al futuro, orientando le politiche pubbliche verso azioni di prevenzione sociale"".
Franco Veroli"
20261004045312,Tutte Le Ultime Notizie,https://www.ilrestodelcarlino.it/cesena/cronaca/la-croce-dellultimo-parroco-molte-55aeba8b,,,,,,srclc:ita,"Parroco della Cattedrale dal 2009, don Giordano Amati, 75 anni, prete neopensionato, si congeda dalla comunità oggi alle 17.30, con la messa nella chiesa dei Servi. È l’ultimo parroco nella secolare storia della Cattedrale il cui titolo è passato alla chiesa dei Servi (primo nuovo parroco don Andrea Budelacci). Il suo ministero in Duomo iniziò nel 1982, da cappellano di don Gino Baldacci, fino al 1990, poi fu parroco a Martorano. A lungo insegnante di religione, ha guidato per 44 anni l’ufficio diocesano per l’Insegnamento della religione cattolica.
Don Giordano Amati, come è cambiato il territorio della parrocchia in questi anni, nel cuore della città?
""Profondamente. Si pensi al calo demografico, evidente tra bambini e ragazzi in età scolare, e all’immigrazione. La sera, in piazza della Libertà, sono ormai più numerosi i ragazzi figli di immigrati rispetto agli italiani. Poi ci sono la chiusura di tanti negozi e il trasferimento di molti uffici dal centro storico"".
Che opinione ha in merito?
""Che non possiamo pensare di risolvere il problema con qualche sporadico evento mangereccio o sportivo"".
Come sta la chiesa locale?
""Vive il rapido processo di scristianizzazione, con il calo della frequenza religiosa e delle vocazioni sacerdotali"".
I cambiamenti hanno inciso sulla vita della parrocchia?
""Moltissimo. Oggi fare il parroco è più difficile anche rispetto a vent’anni fa. In Duomo ha inciso anche la ztl, che non ha favorito l’accessibilità"".
Con quali conseguenze?
""Molte persone che la domenica venivano dalla campagna o dalla periferia hanno smesso di frequentare. Gli anziani non trovano da parcheggiare vicino"".
Meno funerali. È vero? ""Nettamente. Da diversi anni ne celebro in Duomo circa la metà rispetto al passato. Non è che si muoia meno, ma le salme vengono portate nella chiesa del cimitero o al crematorio, perché in centro non si entra"".
Molti giovani lasciano presto la parrocchia?
""La loro presenza è diminuita sensibilmente, in città come in periferia e in campagna. Incidono denatalità, cultura laicista, le tante attività sportive e ricreative. Ma alla base c’è anche la scarsa sensibilità di molti giovani genitori verso l’educazione religiosa dei figli"".
Dove la rinviene? ""Ormai tutto viene prima della messa e del catechismo"".
Cosa vede di positivo? ""Le proposte educative forti, come oratori, centri estivi, convivenze e gruppi associativi, come l’Agesci. Troviamo ancora ragazzi e giovani presenti, motivati e impegnati"".
Dal 2022 il centro è organizzato in un’Unità parrocchiale tra cinque realtà. Come procede?
""All’inizio siamo partiti con molte perplessità e qualche fatica, soprattutto da parte dei laici. Non è però mancato il desiderio di lavorare insieme. Col tempo la spinta è venuta meno: di fatto, insieme abbiamo fatto poco. Mi auguro che con i cambiamenti recenti si possa ripartire con maggiore slancio"".
Si va verso la parrocchia unica in centro? ""Il calo dei sacerdoti porterà in tempi non lontani alla presenza di un solo parroco"".
Come sarà il Duomo che ora non è più parrocchia? ""La parrocchia si trasferisce alla chiesa dei Servi, mantenendo il titolo di San Giovanni Battista. La Cattedrale non sarà più sede parrocchiale, ma verrà configurata giuridicamente come rettoria. Per nomina e mandato del vescovo sarò io il rettore"".
Con quali funzioni?
""Non molto diverse da quelle che svolgo da dieci anni come delegato del vescovo: programmare e preparare le celebrazioni liturgiche, specie quelle solenni presiedute dal vescovo"".
Il Duomo continuerà a essere una chiesa viva e partecipata?
""Certamente. Saranno celebrate le messe nei giorni feriali e festivi, anche se con un numero ridotto di celebrazioni. Gli orari saranno comunicati alla riapertura, dopo i lavori"".
Si arricchirà di funzioni?
""La Cattedrale può essere valorizzata come luogo per concerti di musica sacra e conferenze di carattere biblico, teologico e catechetico. Le idee non mancheranno""."
20261004033210,La Nazione,https://www.lanazione.it/lucca/cronaca/scuola-green-lavori-conclusi-cf217970,,,,,,srclc:ita,"Aria di festa alla nota scuola ""Don Giovanni Bosco"" di Motaltissimo, siamo nel comune di Molazzana immersi nel verde della Garfagnana, per l’inaugurazione dell’edificio scolastico rinnovato e riqualificato in termini di efficienza e di risparmio energetico. Sorrisi aperti, risate squillanti e tanti applausi al momento del taglio del nastro che venerdì mattina ha riunito di fronte alla scuola dirigenti, insegnanti, genitori, molti nonni, vista la concomitanza con i festeggiamenti per la loro festa, e tanti alunni gioiosi.
Una scuola, che con le sue classi di Primaria e dell’Infanzia fa parte dell’Istituto Comprensivo di Gallicano diretto dalla dirigente scolastica Rosa Cinque e attrae, per i suoi metodi di insegnamento ritenuti una delle eccellenze del territorio, bambini provenienti da diversi comuni limitrofi. Tanto che quest’anno conta addirittura una classe in più, non succedeva da circa 25 anni, in totale controtendenza rispetto al fenomeno diffuso del calo demografico nelle aree cosiddette ""interne"".
Qui, è stato fatto un intervento sulle pareti, sulla copertura e i serramenti per isolare la struttura e creare un cappotto per proteggersi dal freddo dei mesi invernali e dall’ alte temperature in quelli più caldi. Una scuola ’green’, dunque, in perfetta sintonia con il contesto naturale che la circonda, dove sono stati investiti un totale di 254 mila 669 euro di risorse del programma ""Pr Fesr 2021-27"" della Regione Toscana, destinati alla Strategia territoriale dell’Area interna ""Garfagnana, Lunigiana, Media Valle del Serchio e Appennino Pistoiese, della quale l’Unione Comuni Garfagnana è ente capofila, per abbattere di almeno il 30 per cento il fabbisogno di energia primaria della scuola.
""Da oggi la nostra scuola è quasi completamente autosufficiente – ha commentato il sindaco di Molazzana Andrea Talani –. Abbiamo rifatto il cappotto, il tetto, gli infissi e sostituito il gasolio con la pompa di calore e il fotovoltaico. Un ulteriore investimento che conferma la volontà di questa amministrazione di guardare al benessere e al futuro dei nostri ragazzi"".
La presidente dell’Unione Comuni Garfagnana Raffaella Mariani, nel complimentarsi con gli amministratori e gli uffici per l’eccellente lavoro fatto ha sottolineato: ""Tramite la Strategia Nazionale delle Aree Interne abbiamo potuto fare investimenti sul nostro territorio che vive la marginalità come un elemento di vanto. L’attenzione verso i temi energetici e ambientali non è affatto scontata. Ringrazio le istituzioni e i settori amministrativi, per la sensibilità e la capacità di intercettare i bandi, e il corpo docente che si dedica ogni giorno all’educazione ambientale e civica dei bimbi"".
Fiorella Corti"
20261004032003,Il Gazzettino,https://www.ilgazzettino.it/nordest/treviso/avis_festa_100_anni_donatori-9802127.html,,,,,,srclc:ita,"TREVISO Il calo demografico e l’invecchiamento della popolazione colpiscono anche le donazioni di sangue. Il saldo tra chi smette e chi inizia è negativo: l’Avis perde tra gli 80 e i 100 donatori all’anno. Fino ad ora l’associazione è comunque riuscita a rispondere alle domande di sangue e plasma. Ma in prospettiva c’è il rischio che il sistema diventi insostenibile. È questa la sfida più importante emersa nell’incontro organizzato ieri dall’Avis comunale di Treviso per celebrare il centenario del gruppo donatori. «Avis rappresenta un patrimonio di cui tutti noi dobbiamo avere cura - sottolinea la presidente Elena Cappelletto - perché rappresenta un prezioso luogo d’incontro per quelle persone che ancora credono alla solidarietà, al poter fare del bene e al potere del fare del bene».
Il convegno
Oggi Avis comunale Treviso conta 1.600 soci. La sua storia è iniziata nel 1926. Ed resta proiettata al futuro. Nell’auditorium del Sant’Artemio sono state ripercorse le tappe di un secolo di volontariato. «Cento anni di dono, solidarietà e servizio alla comunità rappresentano un patrimonio straordinario - ha evidenziato in apertura il sindaco Mario Conte - l’Avis comunale è stata anche insignita del Totila d’Oro, la più alta benemerenza civica della città. Dal 1926 generazioni di trevigiani hanno scelto di tendere il braccio per aiutare qualcuno. Un gesto semplice, gratuito, silenzioso, che può salvare una vita. La sfida dei prossimi cento anni sarà coinvolgere sempre più giovani e trasmettere loro il grande esempio di responsabilità e solidarietà».
Il percorso
La storia dell’Avis comunale inizia quando Piero Brisotto, giovane medico dell’ospedale di Treviso, organizza i pochi donatori allora disponibili per assicurare il sangue necessario ai reparti. L’anno successivo, a Milano, il dottor Vittorio Formentano riunisce 17 donatori dando vita all’Avis nazionale. E nel 1929 il gruppo trevigiano aderisce alla nuova organizzazione, diventando la prima sezione Avis del Veneto. Nel 1956 è arrivato il primo centro trasfusionale. Nel 1976 il cinquantenario è stato coronato dall’opera di Toni Benetton dedicata ai donatori. E nel 1979 è nato il Tempio del Donatore di sangue sulle Pianezze. Ieri il percorso è stato raccontato, tra gli altri, da Angelina Bertolaso, nipote del professor Brisotto, Mario Bassano e dalla stessa Cappelletto. Mentre Ivan Zatta, medico del centro trasfusionale del Ca’ Foncello, ha fatto il punto sull’evoluzione della medicina trasfusionale.
I riconoscimenti
Nella cerimonia sono state anche assegnate 237 benemerenze, a testimonianza della fedeltà dei donatori. Tra i riconoscimenti ai livelli più alti, un Oro con Diamante a Lucia Scudeller, un Oro con Smeraldo a Lucia Bottan e sette Ori con Rubino: Fabio Artuso, Massimo Bandiera, Adriano Calzavara, Maria Jlenia Cantavenera, Graziana Fuser, Massimo Salicone e Luca Tovaglia. A chiudere la giornata, la consegna ad Avis dell’opera realizzata dall’artista e donatrice Giulia De Serio. Gli interventi musicali che hanno accompagnato la cerimonia sono stati firmati dalla cantautrice Erica Boschiero."
20261004031915,Il Giorno,https://www.ilgiorno.it/milano/cronaca/scavuzzo-punzecchia-majorino-milano-si-c9b782e0,,,,,,srclc:ita,"Dopo il sindaco Giuseppe Sala, anche la vicesindaco Anna Scavuzzo (nella foto), aspirante candidata sindaco alle primarie del centrosinistra, replica a Pierfrancesco Majorino, capogruppo del Pd in Regione nonché suo possibile avversario nella competizione interna alla coalizione in vista delle Comunali del 2027.
Una risposta alle accuse sul ""troppo cemento in città"" che arriva con un videomessaggio sui social, lo stesso strumento scelto da Majorino, che pure la vicesindaco non cita mai: ""Milano è una città straordinaria che tutti amiamo e rispettiamo. In questi 15 anni di governo del centrosinistra la città si è trasformata in meglio. Lo dimostrano i fatti. E proprio per questo le primarie non possono diventare un lancio di accuse, una battaglia a colpi di attacchi mediatici. Devono invece essere un confronto vero sulle idee, sulle proposte, sul futuro di Milano"".
Scavuzzo, subito dopo, aggiunge: partecipo al Governo della città da 15 anni con Giuliano Pisapia e Beppe Sala e metto a disposizione la mia esperienza, tutto ciò che ho imparato, per una cosa molto chiara: migliorare la vita quotidiana delle persone. Mettiamo al centro le persone, la casa, il caro vita, l’inverno demografico e il cambiamento climatico. Continuiamo a lavorare con la capacità di innovare e realizzare i cambiamenti che le milanese e i milanesi ci chiedono Confrontiamoci sui fatti e sulle soluzioni.
M.Min."
20261004010400,San Marino,https://www.sanmarinortv.sm/news/comunicati-c9/nuova-legge-a-sostegno-della-famiglia-online-le-prime-circolari-applicative-iss-a296774,,,,,,srclc:ita,"Con l’entrata in vigore, lo scorso 28 settembre, della Legge 141/2026 sulle nuove misure a  sostegno della famiglia, della maternità e della natalità, prende avvio anche la fase di  applicazione amministrativa delle nuove disposizioni.  La Direzione Amministrativa dell’Istituto per la Sicurezza Sociale ha infatti avviato l’emanazione  delle circolari esplicative destinate a fornire a cittadini, residenti e soggetti interessati le  indicazioni necessarie per l’accesso alle prestazioni e la gestione delle pratiche.  Tra i primi documenti emanati, la circolare relativa alle domande già presentate e  all’adeguamento dei trattamenti economici in corso, con la quale si precisa che le istanze già  presentate e le autorizzazioni già acquisite conservano la propria validità, venendo d'ufficio  allineate - a decorrere dal 28 settembre 2026 - alle nuove disposizioni normative. Online anche  la disposizione relativa all’adeguamento degli importi degli assegni familiari a decorrere dal mese  di ottobre 2026.  Le circolari sono consultabili sul portale Gov.sm, nella sezione “Salute e Situazioni di Vita”, e sul  sito dell’Istituto per la Sicurezza Sociale, nella sezione “Come fare per”.  Contestualmente è in fase di aggiornamento la modulistica collegata alle nuove prestazioni: già  predisposto e disponibile il modulo per la richiesta dell’Incentivo Bebè previsto dall’articolo 28  della nuova legge.  Per le richieste riguardanti l’applicazione della nuova normativa è inoltre attiva la casella di posta  elettronica prestazioni.famiglia@iss.sm, riferita all’Ufficio Prestazioni Economiche e Pensioni  dell’ISS. Le ulteriori circolari e indicazioni operative saranno rese disponibili progressivamente  attraverso i medesimi canali istituzionali.  “Con l’entrata in vigore della legge, il passaggio successivo riguarda la sua concreta fruibilità –  afferma il Segretario di Stato per la Giustizia, la Previdenza e la Famiglia Stefano Canti –. Il  coordinamento con l’ISS è essenziale perché le nuove tutele trovino un’applicazione ordinata e  perché chi ne ha diritto possa individuare con precisione procedure e riferimenti. Una politica a  sostegno della famiglia deve infatti tradurre le disposizioni normative in strumenti effettivamente  utilizzabili nella vita quotidiana delle persone”.  “L’attività di queste settimane è finalizzata a tradurre le nuove disposizioni in procedure  amministrative definite e facilmente individuabili dagli utenti – dichiara il Direttore  Amministrativo dell’ISS Manuel Canti –. Stiamo procedendo per ambiti, aggiornando le    indicazioni e la documentazione necessaria e mantenendo ferme, dove previsto dalla legge, le  pratiche già presentate. La casella dedicata offre inoltre un riferimento specifico per i quesiti  relativi alle nuove prestazioni, mentre seguiranno ulteriori circolari sugli aspetti che richiedono  indicazioni applicative”. 
c.s. Ufficio Stampa ISS 
Nuova legge a sostegno della famiglia: online le prime circolari applicative ISS
Disponibili su Gov.sm e sul sito dell’Istituto le indicazioni operative sulle nuove disposizioni. Attivata anche una casella e-mail dedicata alle prestazioni per la famiglia
                                4 ott 2026
                            
Riproduzione riservata ©"
20261004010015,San Marino,https://www.sanmarinortv.sm/news/comunicati-c9/attiva-mente-san-marino-la-vita-indipendente-non-va-in-pensione-a296773,,,,,,srclc:ita,"A San Marino la Vita Indipendente non è ancora garantita ai bambini, ai giovani e agli adulti con disabilità. Basterebbe già questo a farci arrossire, anche di fronte agli organismi internazionali. Mancano un quadro organico e strumenti adeguati per rendere effettivo un diritto che dovrebbe accompagnare le persone fin dall’infanzia, con sostegni appropriati alle diverse fasi della vita.    Non siamo di fronte a una semplice carenza nell’offerta dei servizi, ma alla mancata attuazione di un diritto umano. Un diritto che non si esaurisce al raggiungimento di una certa età e deve essere garantito anche alle persone anziane, tanto a chi invecchia con una disabilità quanto a chi la acquisisce durante l’invecchiamento.    Non si tratta, dunque, di estendere alle età più avanzate garanzie già assicurate nelle precedenti, ma di colmare una lacuna che attraversa l’intero corso della vita.    Il recente dibattito sulla denatalità e i dati dell’Ufficio di Statistica richiamano giustamente l’attenzione sulle misure di sostegno alla natalità, alla maternità e alle famiglie. La diminuzione delle nascite, però, contribuisce anche al progressivo invecchiamento della popolazione. L’attenzione alle nuove generazioni deve quindi accompagnarsi alla responsabilità di garantire condizioni di vita dignitose e libertà di scelta a quelle che invecchiano. Anche il rapporto tra invecchiamento, disabilità e Vita Indipendente deve diventare una priorità politica.    È una questione ancora troppo poco affrontata nel nostro Paese, ma già al centro di importanti dibattiti in Europa e nel resto del mondo, per le sue implicazioni sanitarie, abitative, urbanistiche e sociali.    Vivere più a lungo è una conquista, non una garanzia di vivere bene. Le persone anziane non costituiscono un gruppo omogeneo e l’età non comporta necessariamente la perdita di autonomia. Quando aumenta il bisogno di aiuto, però, non deve diminuire il diritto di decidere. È questo il senso della Vita Indipendente: non fare tutto da soli, ma poter mantenere il controllo sulla propria vita disponendo dei sostegni necessari.    Questa libertà non è una concessione assistenziale, ma un diritto riconosciuto dall’articolo 19 della Convenzione delle Nazioni Unite sui diritti delle persone con disabilità (CRPD): vivere ed essere inclusi nella comunità, scegliere dove e con chi abitare e avere accesso ai sostegni necessari per farlo. Un diritto che, come chiarito dal Comitato ONU nel Commento generale n. 5, riguarda le persone con disabilità di ogni età.    Per rendere concreta questa libertà bisogna intervenire sulle condizioni in cui le persone vivono. Le difficoltà, infatti, non dipendono soltanto dalla salute: l’inaccessibilità degli ambienti, la povertà, l’isolamento e l’assenza di assistenza possono costringere una persona ad abbandonare la propria casa e le proprie relazioni. Servono quindi abitazioni accessibili e adattabili, assistenti personali, sostegni domiciliari personalizzati, ausili e tecnologie, trasporti fruibili e servizi di prossimità. Queste risposte non possono restare interventi isolati: devono far parte di un sistema organizzato intorno alle persone, anziché alle strutture.    In un sistema fondato sulla scelta, ben vengano anche il co-housing e le nuove forme di abitare condiviso, comprese quelle rivolte alle persone anziane. Devono però rappresentare una possibilità in più, non una soluzione obbligata. Scegliere di vivere insieme ad altre persone è cosa ben diversa dal dover lasciare la propria casa perché mancano i sostegni necessari per restarvi.    Cura sanitaria e sostegno alla vita quotidiana, inoltre, sono dimensioni distinte che devono integrarsi. Avere bisogno di cure, anche importanti, non giustifica l’esclusione dalle decisioni sulla propria salute, sul luogo in cui vivere, sull’utilizzo delle proprie risorse o sull’organizzazione della propria giornata. Essere protetti non può significare perdere voce.    Questo vale anche per le persone con demenza, deterioramento cognitivo o condizioni sanitarie che richiedono sostegni molto intensi. È nei casi più complessi che si misura la qualità di un sistema fondato sui diritti. La domanda da cui partire non è chi debba decidere al posto della persona, ma quali sostegni, relazioni, strumenti e forme di assistenza possano consentire di rispettarne la volontà e le preferenze, preservandone il più possibile le abitudini e i legami con la propria comunità.    Anche la digitalizzazione dei servizi richiede attenzione. Prenotazioni sanitarie, operazioni bancarie e pratiche amministrative online possono facilitare la vita quotidiana, ma diventano nuove barriere quando mancano accessibilità, assistenza e alternative non digitali. L’innovazione deve ampliare le possibilità delle persone, non obbligarle a dipendere da qualcuno anche per le operazioni più comuni.    I sostegni devono seguire le necessità della persona lungo l’intero arco della vita, senza ridursi o interrompersi automaticamente al raggiungimento di una determinata età. Né è accettabile che, a parità di esigenze, l’accesso a sostegni, ausili e servizi dipenda dal momento della vita in cui è insorta la disabilità. I bisogni non scompaiono al compimento dei 65 anni e i diritti non si riducono: la Vita Indipendente non può avere una data di scadenza.    Per San Marino, che sulla Vita Indipendente sconta un’inadempienza politica e istituzionale ormai indifendibile, prepararsi al futuro significa anzitutto smettere di negare nel presente un diritto umano fondamentale.    Occorre quindi integrare politiche sociali, sanitarie, abitative, urbanistiche e dei trasporti. Servono dati che non si limitino agli aspetti medici, ma descrivano le condizioni in cui le persone vivono, i sostegni disponibili e quelli mancanti, le barriere e le situazioni di isolamento. E serve il coinvolgimento diretto delle persone interessate e delle loro organizzazioni rappresentative: non semplici destinatarie di interventi decisi altrove, ma protagoniste nella costruzione delle risposte.    Affrontare la denatalità è indispensabile, ma mentre ci chiediamo quanti saremo dobbiamo domandarci anche come vivremo. L’istituzionalizzazione non può diventare il destino già scritto di chi invecchia o acquisisce una disabilità. Non basta affermare la libertà di scelta: bisogna creare le condizioni per esercitarla, prima che l’assenza di alternative decida al posto delle persone.    I diritti non hanno un'età, e una società che invecchia deve saper offrire più sostegni, non meno libertà. 
c.s. Associazione Attiva-Mente
Attiva-Mente San Marino: ""La vita indipendente non va in pensione""
                                4 ott 2026
                            
Riproduzione riservata ©"
20261004010000,La Nazione,https://www.lanazione.it/grosseto/cronaca/un-vero-baby-boom-allargentario-in-meno-di-tre-settimane-dodici-tra-fiocchi-rosa-e-azzurri-omxductz,,,,,,srclc:ita,"Monte Argentario, 4 ottobre 2026 – Dodici bambini in appena tre settimane e almeno altri tre in arrivo a breve. Fiocchi rosa e azzurri spuntano all’Argentario, dove una serie di lieti eventi sta accompagnando questo fine estate – inizio dell’autunno. Secondo la segnalazione dell’ufficio anagrafe, sono nove i nuovi nati di Porto Santo Stefano e tre quelli di Porto Ercole, per un totale di sette femmine e cinque maschi, che portano a dodici il conto dei bimbi nati sul promontorio in meno di un mese.
Un dato interessante se si considera l’andamento al ribasso sulla natalità degli ultimi anni in Italia e anche in provincia di Grosseto.
Il confronto con l’anno scorso
Il confronto con l’anno scorso dà infatti la misura di questa concentrazione di nascite. Nell’intero 2025, sempre secondo i dati ufficiali dei Servizi demografici comunali, i nati erano stati complessivamente 51, di cui sei stranieri. Di questi, 41 residenti a Porto Santo Stefano, nove a Porto Ercole e uno iscritto all’Aire, l’Anagrafe degli italiani residenti all’estero.
In questo scorcio di fine estate – benché infatti l’autunno sia già ’entrato’ le temperature sono decisamente più vicine alla stagione calda - il promontorio si prepara ad accogliere almeno altri tre bambini, che arriveranno proprio in questi giorni.
Un balzo in avanti per il 2026
Un conteggio ancora informale, che potrebbe crescere ulteriormente se ci fossero altre nascite attese e ancora non comprese nella segnalazione. E che quindi fa ben sperare per il balzo in avanti che potrebbe fa segnare il 2026."
20261003221352,Baritoday,https://www.baritoday.it/dossier/articoli-dossier-settimana-27set-3-ott.html,,,,,,srclc:ita,"Matriarcato criminale, i commercianti baresi che resistono, il boom della nuda proprietà. Cosa vi siete persi questa settimana su Dossier
Dalle rotte dei veleni e del cemento truccato dell'ecomafia alle colonizzazioni criminali degli alloggi popolari, guidate con pugno di ferro dal matriarcato dei clan. Nuova settimana e nuovi fari accesi dal lavoro di approfondimenti di Dossier. Spazio anche alle scelte sul futuro e sulla salute con il debutto del contributo regionale per il social freezing, al fenomeno finanziario della nuda proprietà che fa gola a chi cerca casa, fino alle ramificazioni foggiane e partenopee del malaffare d'alta velocità che sfiorano le nostre periferie e alle visioni urbanistiche che ridisegneranno il Municipio 1.
Mentre l'e-commerce e i giganti del retail globale tentano di omologare le vetrine di mezzo mondo, all'ombra del Murattiano va in scena l'epopea della resistenza-vetrinara. Adalisa Mei racconta il grande romanzo delle famiglie e degli eredi storici del commercio barese, capitani d'azienda e pionieri dell'Adriatico che si rifiutano categoricamente di cedere le armi ai fondi d'investimento. Tra boutique d'antan, botteghe d'eccellenza e cognomi blasonati, la dinastia mercantile nostrana continua a cucire l'identità profonda di Bari, dimostrando come il vero fiuto per gli affari sia un gene di famiglia che non si liquida per nessuna cifra.
Sette mila e duecento tonnellate di macerie edili e veleni vari, conditi da un'abbondante spolverata d'amianto, finiti dritti sotto il manto stradale di una grande opera pubblica da 22 milioni di euro. Nel racconto di Marco Giuliani, la Poligonale Esterna si trasforma nell'ennesimo teatro di sub-asfaltizzazione creativa: residui tossici spacciati per materiale riciclato pur di intascare una maxi-plusvalenza da 4,5 milioni sui costi di smaltimento. L'operazione ""Retta via"" incastra l'ecomafia nostrana e conferma il monopolio-monnezza della Puglia, ormai stabilmente sul podio nazionale per reati ambientali e prima assoluta per illeciti amministrativi.
Quando i boss finiscono al fresco, a San Pio scatta il dominio del matriarcato: il controllo capillare degli appartamenti popolari passa senza intermediari nelle mani del commando femminile del clan Strisciuglio. Marco Giuliani ricostruisce la ragnatela parente-criminale guidata da Marzia Carella e dalle sue alleate, capaci di orchestrare un vero e proprio pizzo-immobiliare a colpi di intimidazioni, occupazioni abusive ed espropri forzati. Un presidio di strada al femminile che dettava legge sull'edilizia residenziale pubblica, trasformando la gestione del patrimonio abitativo in una spietata dimostrazione di sovranità di quartiere.
La Puglia veste i panni dell'apripista nazionale e vara il sostegno al social freezing, provando a democratizzare la crioconservazione degli ovociti per ragioni personali e sociali. Grazia Rizzi fa i conti con questo salva-fertilità a trazione regionale: 300mila euro all'anno per il triennio 2025-2027 destinati alle giovani donne under 37 con Isee contenuto. Tra rimborsi fino a 3mila euro, un'impennata di richieste e nodi strutturali legati ai centri di procreazione assistita, la misura tenta di disinnescare la bomba della denatalità lasciando alle pazienti piena libertà di scelta, mentre il resto d'Italia prova ad accodarsi.
""Se non godiamo noi, spacchiamo tutto"": il biglietto da visita con cui gli emissari del clan Strisciuglio pretendevano di esercitare il pizzo-usufrutto sugli alloggi di Edilizia Residenziale Pubblica a San Pio. Marco Giuliani ci porta nel cuore delle indagini culminate nel sequestro di quattro appartamenti occupati abusivamente e nella successiva restituzione al Comune. Ma quando la graduatoria scorre e le chiavi passano a nuove famiglie assegnatarie, scatta il racket-scasso: minacce e soprusi per riaffermare una feroce signoria territoriale che scambia il patrimonio pubblico per un feudo privato di famiglia.
Vendersi le quattro mura di casa ma rimanere comodamente sul divano fino alla fine dei propri giorni: a Bari cresce a dismisura la febbre da nuda proprietà. Grazia Rizzi esplora il fenomeno della compravendita immobiliare, spinta a suon di tabelle ministeriali da anziani a caccia di liquidità immediata per integrare le pensioni e da investitori affamati di sconti sul valore di mercato. Un patto intergenerazionale tra cash-seeking e mattonari lungimiranti che sta trasformando il mercato del capoluogo pugliese, ridefinendo il concetto stesso di abitazione tra investimento a lungo termine e bisogno di sussistenza.
Dalle mazzette avvolte nei tovaglioli al ristorante fino ai mini-phonici usati per schivare le cimici: Marco Giuliani traccia la mappa barese della maxi-inchiesta partenopea sugli appalti dell'Alta Velocità Napoli-Bari. Al centro della bufera c'è un ingegnere residente a Loseto, figura chiave nei consorzi di gestione dei cantieri e accusato di essersi letteralmente asservito ai desiderata dell'impresa subappaltatrice. Tra orologi da quattromila euro e condotte spregiudicate, il romanzo del tangento-cantiere dimostra come le grandi infrastrutture del Sud continuino a viaggiare sui binari dell'illiceità.
Da Bari Vecchia a Torre a Mare, passando per la densificazione del Libertà e le nuove ambizioni costiere di Sant'Anna: Nicola Andrisani traccia la mappa della metamorfosi-urbanistica del Municipio 1 all'interno del nuovo Piano Generale. Oltre 115mila abitanti divisi in rioni antitetici pronti a cambiare pelle tra parchi marittimi, bus d'assalto e recuperi volumetrici. Un gigantesco mosaico-quartiere dove il turismo cannibalizza i vicoli storici e le periferie a sud sognano una riqualificazione moderna, in un delicato equilibrio tra viuzze ingorgate, viali avveniristici e nuove visioni di città."
