date_str,source,url,themes,locations,persons,organizations,tone,translation_info,full_text
20260707163500,Laregione,https://www.laregione.ch/cantone/ticino/1936861/in-ticino-e-troppo-difficile-per-un-anziano-invecchiare-a-casa-propria,,,,,,srclc:ita,Avanti con Ticino&Lavoro presenta un dossier con diciannove misure per aiutare gli over 65. ‘Dalla casa ai trasporti serve cambiare paradigma’
20260707161341,Il Giorno,https://www.ilgiorno.it/salute/geriatra-di-comunita-lombardia-j1177aqh,,,,,,srclc:ita,"Milano, 7 luglio 2026 – Inverno demografico e popolazione sempre più anziana: la sanità territoriale corre ai ripari e si attrezza per rispondere in modo più efficace alle esigenze delle persone. È questo l'obiettivo della Risoluzione per l'istituzione della figura del “Geriatra di Comunità”, approvata all’unanimità nella seduta di oggi del Consiglio regionale.
L’evoluzione demografica
Il documento prende atto dell'evoluzione demografica in corso: in Lombardia - secondo i dati ricordati - si contano oggi 177 persone over 65 ogni 100 under 15, un dato destinato a crescere nei prossimi decenni ed entro dieci anni gli over 80 cresceranno del 41%. Una trasformazione che richiede strumenti innovativi per garantire continuità assistenziale, prevenzione e qualità delle cure e nuovi modelli organizzativi per la presa in carico delle persone anziane fragili.
Di cosa si occuperà il Geriatra di Comunità
La Risoluzione quindi, riferiscono gli uffici del Consiglio regionale, impegna la Giunta ad avviare percorsi sperimentali nelle Case di Comunità e nelle reti territoriali delle Asst, introducendo la figura del “Geriatra di Comunità” come specialista di riferimento per la valutazione precoce della fragilità, il supporto ai medici di assistenza primaria e la costruzione di percorsi personalizzati di cura.
Le misure previste
Tra le misure previste figurano, inoltre, lo screening proattivo della fragilità, il potenziamento delle ""Frailty Unit"" nei Pronto Soccorso, la creazione di una rete dedicata alla fragilità e l’istituzione di percorsi di aggiornamento per favorire una maggiore integrazione tra i diversi professionisti coinvolti nella presa in carico della popolazione anziana. La Risoluzione prevede, infine, l'istituzione di un Gruppo di lavoro regionale sulla geriatria con funzioni consultive e di supporto alla Direzione Generale Welfare, chiamato a monitorare l'attuazione delle sperimentazioni e a valutarne i risultati.
""Servizi a misura dei cittadini”
“Con questa Risoluzione poniamo le basi per una sanità di prossimità sempre più moderna, capace di rispondere ai bisogni di una popolazione che invecchia e di offrire servizi sempre più vicini ai cittadini, investendo con decisione sulla prevenzione e sulla presa in carico territoriale – ha detto la relatrice del provvedimento, Paola Bulbarelli (Fratelli d'Italia). L'introduzione del Geriatra di Comunità rappresenta un tassello strategico per intercettare precocemente le situazioni di fragilità, favorire la permanenza degli anziani al proprio domicilio e garantire un'assistenza multidimensionale e continuativa. Allo stesso tempo, il rafforzamento delle Frailty Unit nei Pronto Soccorso consentirà di assicurare percorsi dedicati agli over 65, migliorando la qualità delle cure e offrendo un supporto concreto anche alle famiglie, spesso chiamate a gestire situazioni particolarmente complesse”.
“L'invecchiamento della popolazione richiede un cambio di paradigma che vada oltre il tradizionale modello ospedaliero – ha detto il relatore Davide Casati (PD). È necessario rafforzare l'integrazione tra ospedale e territorio, valorizzando le professionalità già presenti nel sistema sanitario e costruendo percorsi assistenziali sempre più efficaci. L'obiettivo è ridurre gli accessi impropri ai Pronto Soccorso, garantire una presa in carico più adeguata delle persone anziane e offrire un sostegno concreto anche alle loro famiglie, contribuendo così a migliorarne la qualità della vita”.
Il sottosegretario con delega Autonomia e Rapporti con il Consiglio Regionale, Mauro Piazza ha sottolineato come la mozione affronti “un tema centrale per evoluzione del sistema socio sanitario regionale. Il testo valorizza la figura del Geriatra di comunità come punto di riferimento per la gestione proattiva delle fragilità in coerenza con gli indirizzi di potenziamento della sanità territoriale”."
20260707145621,Corriere Dell'irpinia,https://corriereirpinia.it/mezzogiorno-svimez-ultimi-5-anni-area-piu-dinamica-del-paese-dazi-la-campania-rischia/,,,,,,srclc:ita,"Negli ultimi cinque anni il Mezzogiorno si è confermato l’area più dinamica del Paese, registrando una crescita cumulata del 9,5%, superiore sia alla media nazionale (+7,1%) sia a quella del Centro-Nord (+6,6%). Anche nel 2025 il Sud dovrebbe mantenere un ritmo di crescita leggermente più sostenuto rispetto al resto d’Italia, con un incremento del Pil [...]"
20260707130709,Bergamonews,https://www.bergamonews.it/2026/07/07/saldi-nel-primo-weekend-a-bergamo-328-mila-presenze-in-citta-spende-chi-ha-gia-in-tasca-il-portafoglio-pieno/907378/,,,,,,srclc:ita,"Tutti i dati
|Saldi, nel primo weekend a Bergamo 328 mila presenze. In città spende chi ha già in tasca il portafoglio pieno
Il report di Confcommercio: in Città Alta gli stranieri pesano per il 32,1%. Il capoluogo è una destinazione ‘premium’, oltre il 55% dei frequentatori alto e medio spendenti
Bergamo. Il primo weekend della stagione dei saldi estivi ha confermato la capacità attrattiva del sistema commerciale bergamasco nel suo complesso. È quanto emerge dall’analisi dei flussi pedonali rilevati nel distretto di Città Bassa e in Città Alta, nell’ambito del progetto Cities Analytics Confcommercio, piattaforma di analisi basata sulla raccolta di dati della telefonia mobile. Con questa tecnologia vengono tracciate su base oraria le presenze delle persone che attraversano un’area geografica urbana: per garantire che i dati raccolti rappresentino reali visitatori e non un semplice traffico di passaggio anche automobilistico, il sistema esclude automaticamente tutti i passaggi con un tempo basso di permanenza nell’area.
I due report letti in parallelo, prendono in considerazione il weekend da venerdì 3 luglio a domenica 5 luglio (a confronto con il precedente, dal 26 al 28 giugno) e restituiscono la fotografia di una città capace di intercettare pubblici differenti ma ugualmente significativi, per un totale complessivo di oltre 328 mila visite. Nelle vie del centro, dove venerdì 3 luglio si è aperta la “Bergamo Shopping week (end)” del distretto e sabato 4 luglio ha preso ufficialmente avvio la stagione degli sconti con la Night la sera, i flussi hanno raggiunto le 241,2 mila visite, con una crescita del 54,6% rispetto al weekend precedente. L’analisi giornaliera mostra che il flusso si è concentrato in modo quasi speculare tra venerdì 3 luglio (86.660 visite) e il picco assoluto sabato 4 luglio (89.739 visite). Il punto minimo del periodo si è toccato domenica 28 giugno, con il valore più basso a quota 36.304 visite, tra la grande afa e il rinvio intenzionale degli acquisti in vista dello shopping d’occasione.
In Città Alta le visite – sempre tra il 3 e il 5 luglio – si sono attestate a 87,4 mila, in crescita del 57,7% rispetto all’ultimo weekend di giugno (26-28 giugno). Sommando i due distretti, la città ha quindi movimentato complessivamente 328,6 mila visite in questo primo weekend di luglio, a conferma di un avvio di stagione a pieno regime. I due distretti, pur muovendosi nella stessa direzione di crescita, continuano a mostrare identità commerciali nettamente distinte e per questo complementari.
Città Bassa si conferma meta dello shopping di prossimità: quasi la metà dei suoi visitatori proviene dalla provincia, il pubblico predilige la formula “mordi e fuggi” nel 73,6% dei casi e la giornata di sabato, primo giorno di saldi, ha coinciso con il picco assoluto a quota quasi 90 mila visite, seguita da un netto ridimensionamento la domenica (64.762 visite), complici anche le temperature ancora elevate, che probabilmente hanno incentivato gite fuoriporta. Le iniziative nei negozi, tra animazione ed eventi a partire da venerdì hanno di fatto agito da apripista, portando nelle vie dello shopping quasi 87 mila persone ancora prima dell’inizio ufficiale dei saldi.
Città Alta conferma la vocazione turistica e internazionale di Bergamo: gli stranieri pesano per il 32,1% delle presenze, contro il 19,1% di Città Bassa e i flussi si distribuiscono in modo più equilibrato lungo tutto il weekend, con una prima punta al mattino, dalle 10 e un secondo picco serale a partire dalle 19 che si protrae fino a tarda notte, segno di un pubblico che vive il borgo storico anche come meta di svago oltre lo shopping, con l’apertura delle aree estive e la stagione dei dehors entrata a pieno regime. La permanenza media risulta coerentemente più lunga, con il 12,5% dei visitatori che si trattiene sul territorio per più giorni.
Un elemento accomuna però i due distretti in modo particolarmente significativo: l’elevata capacità di spesa del pubblico intercettato. Sia a Città Alta che a Città Bassa, oltre il 55% dei visitatori appartiene a cluster di potere d’acquisto medio-alto o alto, un dato che conferma la trasversalità del posizionamento “premium” di Bergamo, capace di attrarre un pubblico con buona capacità di spesa tanto nel cuore turistico della città quanto nelle sue arterie commerciali di prossimità.
“Questi numeri fotografano una città che sa parlare a pubblici diversi con uguale efficacia – commenta il presidente di Confcommercio Bergamo, Luciano Patelli -. Città Alta continua a essere un magnete per il turismo internazionale, mentre Città Bassa dimostra tutta la sua forza come polo di riferimento per il territorio provinciale. Insieme, i due distretti compongono un’offerta commerciale completa e capace di attrarre fin dal primo weekend di saldi”.
Secondo il direttore Confcommercio Bergamo Oscar Fusini, l’esperienza di questo avvio di stagione offre indicazioni preziose per le prossime settimane: “La combinazione tra un evento di animazione come la Notte Bianca e l’apertura dei saldi ha funzionato molto bene in Città Bassa, mentre in Città Alta emerge con chiarezza il valore della fascia serale e della componente internazionale. Sono due leve diverse, ma altrettanto efficaci, su cui continuare a costruire le prossime iniziative promozionali del territorio”.
L’identikit di chi frequenta la città
Bergamo bassa
I dati demografici e comportamentali raccolti durante il weekend d’inizio saldi tracciano l’identikit di un bacino d’utenza solido e fortemente radicato nel territorio circostante. Il 48,8% dei visitatori proviene dall’area provinciale, costituendo quasi la metà dell’utenza complessiva del distretto. I visitatori stranieri si attestano come seconda forza con il 19,1%, seguiti dai visitatori comunali (16,4%), dai regionali (11,4%) e dalla quota marginale dei nazionali (4,4%). La distribuzione per fasce anagrafiche mette in luce la forte attrattività esercitata sui consumatori con stabilità economica. Il cluster principale è rappresentato dalla fascia 45-54 anni (29%), seguita da quella 55-64 anni (24%). Complessivamente, la fascia d’età compresa tra i 45 e i 64 anni costituisce il 53% del pubblico totale. I giovani adulti (25-44 anni) si attestano al 30% totale (13% per la fascia 25-34 e 17% per la fascia 35-44), mentre si confermano marginali i giovani tra i 18 e i 24 anni (4%) e solida la quota degli over 65 (14%).Il cluster caratterizzato da una capacità di spesa High (Alta) si posiziona come la quota più rilevante del grafico, raggiungendo il 34,1% delle preferenze. Aggregando questo dato alla fascia Mid-High (22,8%), emerge che ben il 56,9% del pubblico totale vanta un potere d’acquisto alto o medio-alto. Il segmento contrassegnato da una capacità di spesa bassa è al 10,7%. Una caratteristica che contraddistingue il distretto indipendentemente dai saldi (56,5% di pubblico medio e alto spendente tutto l’anno).
Città Alta
Gli stranieri rappresentano la seconda forza assoluta del weekend con il 32,1% del totale, superati solo dai visitatori provinciali (38,0%).Seguono a distanza i visitatori comunali (14,4%), i regionali (10,7%) e i nazionali (4,8%). La fascia dominante è quella 45-54 anni (29%), seguita strettamente dai 55-64 anni (25%). Insieme, i consumatori tra i 45 e i 64 anni rappresentano il 54% delle presenze totali. Buona la presenza dei giovani adulti tra i 25 e i 44 anni (che pesano complessivamente il 30%), mentre restano marginali i giovanissimi della fascia 18-24 anni (3%). Il segmento con capacità di spesa High (Alta) è la quota maggioritaria assoluta con il 35,5%. Sommando questa voce alla fascia Mid-High (20,3%), si scopre che il 55,8% dei visitatori totali possiede un potere d’acquisto medio-alto o alto. Al contrario, il cluster Low si ferma appena all’11,1%. Il confronto tra le metriche qualitative del weekend dei saldi e quelle del fine settimana precedente mostra stabilità nei profili demografici ma un’importante variazione nelle abitudini di frequentazione. Nella baseline (26-28 giugno), il flusso mostrava un picco isolato nella mattina (ore 10, al 7,5%) e una successiva discesa costante nel pomeriggio, con un timido ritorno serale alle 20 (6%). Con l’avvio dei saldi, la curva si trasforma diventando bipolare: resiste il forte afflusso mattutino del pubblico mirato (6,6%), ma si assiste a una vera e propria esplosione tardo-pomeridiana che sposta il picco assoluto alle ore 19 (7,5%), prolungando la stanzialità nel distretto fino a tarda sera. Il profilo demografico e l’alto potere d’acquisto rimangono strutturali nel distretto. Il cluster d’età prevalente (45-64 anni) si attesta al 54% nei saldi rispetto al 55% della baseline. Allo stesso modo, il pubblico ad alto budget (High e Mid-High) si conferma l’asse portante del distretto, con un valore del 55,8% durante i saldi rispetto al 57,1% del weekend precedente, a dimostrazione di come Città Alta mantenga intatta la sua forte trazione di clientela con alta capacità di spesa."
20260707124332,Notizie.it,https://www.notizie.it/litalia-delle-professioni-invecchia-e-i-giovani-pagano-il-conto/,,,,,,srclc:ita,"(Adnkronos) – Negli ultimi cinquant’anni la struttura per età della popolazione italiana ha subito profondi cambiamenti, segnati dal calo della fecondità e dal progressivo invecchiamento. Questo processo ha ridefinito gli equilibri tra generazioni, riducendo il peso delle coorti più giovani e rafforzando quello delle classi di età più mature. Emerge dal rapporto dell’Osservatorio delle libere professioni, presentato oggi da Confprofessioni, che analizza tali dinamiche e ne esamina le implicazioni sulla struttura del mercato del lavoro, evidenziando differenze rilevanti tra comparti occupazionali.
Il lavoro dipendente mantiene una composizione per età relativamente più equilibrata, mentre il lavoro indipendente – e in particolare quello libero professionale – si caratterizza per una maggiore concentrazione nelle età più avanzate e per un ricambio generazionale più debole.
Parallelamente, si osserva un’evoluzione della distribuzione dei redditi lungo il ciclo di vita, con un progressivo ampliamento delle distanze tra le diverse classi di età.
I risultati mostrano una perdita di posizione relativa dei più giovani e uno spostamento in avanti del momento di massimo reddito, segnalando una più tardiva realizzazione della maturità economica. Tali dinamiche risultano particolarmente marcate nel lavoro indipendente, dove i divari generazionali appaiono più ampi e variabili nel tempo rispetto al lavoro dipendente.
I risultati evidenziano come i divari generazionali si articolino lungo più dimensioni – demografica, occupazionale e reddituale – ponendo questioni rilevanti in termini di ricambio, equità e dinamiche del ciclo di vita.
Un ulteriore indicatore chiave della sostenibilità socio-demografica è l’indice di ricambio della popolazione attiva, che mette in rapporto la popolazione prossima all’uscita dal mercato del lavoro (60-64 anni) con quella potenzialmente in ingresso (15-19 anni).
Un valore pari al 100% segnala una situazione di equilibrio tra uscite ed entrate, mentre scostamenti da tale soglia indicano un disallineamento nel ricambio generazionale. In questo quadro, il confronto tra 1976 e 2026 evidenzia un cambiamento radicale: nel 1976 l’indice si attestava al 71,9%, indicando una capacità di ricambio più che adeguata, con una platea di giovani potenzialmente in ingresso superiore a quella in uscita. Nel 2026 il valore raggiunge invece il 156%, segnalando un forte squilibrio opposto, in cui le uscite dal mercato del lavoro superano ampiamente le nuove entrate.
Questo andamento si inserisce coerentemente nel quadro delineato dall’indice di dipendenza strutturale: all’invecchiamento della popolazione e alla crescente incidenza degli anziani tra i soggetti a carico si affianca una progressiva riduzione del bacino di giovani in ingresso, determinando un duplice squilibrio che incide sia sulla sostenibilità del sistema economico sia sulla capacità di ricambio della forza lavoro. La struttura per età varia notevolmente a seconda del comparto occupazionale considerato. Nel 2025 i lavoratori dipendenti risultano relativamente più giovani, con una quota di under 34 pari a circa il 24%, contro il 16% dei liberi professionisti e il 15% degli altri indipendenti. Al contrario, le classi di età più avanzate pesano maggiormente nel lavoro indipendente: i 55-64enni rappresentano il 22,3% tra i dipendenti, il 24,0% tra i liberi professionisti e il 27,9% tra gli altri indipendenti, a cui si aggiunge una presenza più rilevante di over 64.
Focalizzandosi sulla struttura per età dei diversi comparti occupazionali distinti per sesso emergono diversi punti d’attenzione. Nel 2025 i dipendenti risultano il comparto più equilibrato, in cui non si rilevano significative differenze tra uomini e donne in termini di composizione per età. Tra i liberi professionisti, al contrario, si evidenziano marcate disparità: gli uomini under 45 sono infatti solo il 34,8% del totale, a fronte del 46,6% che si osserva tra le donne; viceversa, la quota di professionisti over 54 è nettamente più elevata per gli uomini (39,0%) e decisamente più contenuta tra le donne (25,2%). Le differenze osservate derivano principalmente dal tardivo ingresso delle donne nella libera professione, che determina una complessiva struttura per età più giovane rispetto alla controparte maschile.
Anche tra gli altri lavoratori indipendenti si osserva una popolazione femminile mediamente più giovane, sebbene con divari meno accentuati. Nel lavoro dipendente si osserva un processo di invecchiamento contenuto e relativamente uniforme, che riflette comunque il più ampio cambiamento della struttura demografica della popolazione. L’età mediana passa da 44 anni nel 2015 a 46 anni nel 2025, con differenze di genere limitate: uomini e donne partono da un livello simile e presentano nel 2025 uno scarto ridotto, con le donne leggermente più mature. Anche il rapporto giovani/maturi diminuisce nel tempo, coerentemente con l’invecchiamento generale, ma resta su livelli prossimi alla parità per entrambi i sessi e mostra differenze di genere contenute. Il comparto mantiene, quindi, una struttura per età relativamente bilanciata.
Il quadro muta significativamente nel lavoro indipendente e, in particolare, tra i liberi professionisti. L’età mediana risulta più elevata e differenziata per sesso: nel 2025 raggiunge i 50 anni tra gli uomini e i 46 tra le donne. Tale divario riflette una diversa stratificazione temporale dell’ingresso nella professione, con una componente femminile mediamente più giovane in quanto più recentemente inserita. Guardando al rapporto tra giovani e maturi, il quadro appare ancora più chiaro.
Tra i liberi professionisti il ricambio è già debole nel 2015 e peggiora nel 2025, con un numero di giovani nettamente inferiore a quello dei lavoratori più maturi. Inoltre, le differenze di genere sono molto marcate: tra gli uomini la presenza di giovani è sempre bassa, mentre tra le donne si passa da una forte prevalenza delle più giovani a una situazione in cui anche loro diventano meno numerose rispetto alle classi più mature. In altre parole, anche la componente femminile sta progressivamente invecchiando, riducendo il vantaggio anagrafico legato al suo ingresso più recente.
Gli altri lavoratori indipendenti presentano un profilo anagrafico ancora più avanzato. L’età mediana converge nel 2025 su valori prossimi ai 50 anni per entrambi i sessi, mentre il rapporto giovani/maturi si colloca su livelli contenuti lungo tutto il periodo, pur evidenziando una tendenza alla convergenza tra uomini e donne. In questo comparto, più che una forte asimmetria di genere, emerge un invecchiamento diffuso e strutturale.
In sintesi, il lavoro dipendente mantiene una struttura per età più equilibrata, pur all’interno di un generale processo di invecchiamento della popolazione, e un ricambio generazionale relativamente più sostenuto. Il lavoro indipendente – soprattutto quello libero professionale – appare invece più maturo e con una presenza più limitata di giovani. In questo contesto, le differenze di genere giocano un ruolo importante: tra i dipendenti sono contenute, mentre tra i professionisti sono molto più evidenti.
Le donne risultano mediamente più giovani, ma questo dipende soprattutto dal loro ingresso più recente nella professione e non è sufficiente a riequilibrare una struttura complessivamente orientata verso le età più avanzate, anche perché la componente femminile resta numericamente meno rilevante e incide quindi in misura limitata sul profilo complessivo del comparto. A ciò si aggiunge il fatto che anche la componente femminile sta progressivamente invecchiando, riducendo nel tempo il vantaggio anagrafico iniziale e contribuendo al rafforzamento della struttura più matura del comparto. L’invecchiamento della popolazione ha progressivamente ridefinito gli equilibri tra generazioni, riducendo il peso dei più giovani e rafforzando quello delle classi di età più mature. Questo processo si riflette anche nel mercato del lavoro, ma con intensità diverse: il lavoro dipendente mantiene una struttura relativamente più equilibrata, mentre il lavoro indipendente – soprattutto quello libero professionale – si caratterizza per una maggiore concentrazione nelle età più avanzate e un ricambio più debole.
In questo contesto, le differenze di genere restano evidenti ma non modificano in modo sostanziale il quadro complessivo. Le donne appaiono mediamente più giovani per effetto di un ingresso più recente nella professione, ma la loro minore incidenza e il loro progressivo invecchiamento ne limitano il contributo al riequilibrio della struttura per età. Ne deriva un assetto in cui il lavoro professionale appare sempre più esposto alle criticità del ricambio generazionale, in un contesto demografico che tende a rafforzarne le fragilità.
L’indice di divario reddituale generazionale costituisce una misura sintetica efficace per cogliere la distanza economica tra coorti. Tale indicatore è definito come il rapporto tra il reddito individuale degli individui dai 25 ai 34 anni e quello percepito dalla fascia di età compresa tra i 55 e i 64 anni; nella sua declinazione per condizione occupazionale, esso mette in relazione il reddito dei giovani, distinti tra lavoratori dipendenti e indipendenti, con il reddito disponibile netto medio degli individui appartenenti alla coorte più anziana. L’evoluzione temporale dell’indice restituisce un quadro inequivocabile di progressivo deterioramento della posizione relativa dei giovani.
Nel 1987 il rapporto si attestava al 91%, indicando una distanza contenuta tra le due fasce anagrafiche; nel 2022 esso si riduce al 69%, segnalando un ampliamento significativo del divario. L’evoluzione dei divari generazionali non appare uniforme nel tempo, ma è scandita da alcune fasi di discontinuità. Un primo punto critico si colloca all’inizio degli anni Novanta, in concomitanza con profonde trasformazioni del modello economico e del sistema istituzionale, che segnano un ampliamento più strutturale delle distanze tra coorti. Una seconda fase di accentuazione si osserva in corrispondenza della crisi del 2008, con effetti rilevanti sebbene di intensità più contenuta. Al di fuori di questi snodi, emergono segnali di attenuazione solo marginali, che non alterano la tendenza complessiva. La disaggregazione per tipologia occupazionale consente di cogliere ulteriori elementi di complessità.
Per i lavoratori dipendenti, l’andamento dell’indice è simile a quello osservato per il totale, pur presentando, a partire dalla crisi del 2008, una posizione relativamente più favorevole rispetto al complesso della popolazione di 55-64 anni. Ciò suggerisce una maggiore protezione di questa categoria rispetto alle dinamiche di peggioramento intergenerazionale. Diversamente, il profilo dei lavoratori indipendenti si caratterizza per un andamento più irregolare del divario, in parte riconducibile alla composizione del campione. Se alla fine degli anni Ottanta i giovani indipendenti presentavano un livello di reddito superiore del 20% rispetto ai 55-64enni, nel 2022 la situazione risulta completamente ribaltata, con un differenziale negativo pari al 16%.
Questo mutamento segnala un significativo deterioramento delle condizioni economiche dei giovani all’interno del lavoro autonomo, riflettendo trasformazioni strutturali che hanno inciso profondamente sui meccanismi di formazione e distribuzione del reddito in tale segmento del mercato del lavoro. Ciò mostra come il rapporto tra reddito individuale per classe d’età e reddito medio complessivo si sia modificato in modo rilevante nel corso del tempo, restituendo un quadro dinamico delle trasformazioni nella distribuzione dei redditi lungo il ciclo di vita. Il confronto tra le diverse annualità evidenzia una progressiva perdita di posizione relativa dei più giovani rispetto alla media, a fronte di una sostanziale stabilità, se non di un rafforzamento, delle classi di età più avanzate.
Sotto il profilo strutturale, la distribuzione del reddito per età mantiene la tipica configurazione a campana, in cui i livelli reddituali risultano più contenuti nelle fasi iniziali della carriera, crescono progressivamente fino a raggiungere un massimo nelle età centrali e tendono successivamente a stabilizzarsi o a ridursi nelle fasi più avanzate. Tuttavia, l’analisi longitudinale suggerisce che tale forma, pur rimanendo riconoscibile, subisca nel tempo trasformazioni significative nella sua inclinazione e nella sua asimmetria.
In particolare, si osserva un progressivo abbassamento del lato sinistro della distribuzione, corrispondente alle classi più giovani, indicando una riduzione relativa dei redditi nelle fasi iniziali del ciclo lavorativo. Tale dinamica emerge con chiarezza dal confronto temporale: il rapporto tra reddito dei giovani e reddito medio, che nel 1987 si attestava su valori pari al 97%, si riduce nel 2022 al 78%. Contestualmente, il vertice della curva tende a spostarsi verso età più elevate, riflettendo un prolungamento del periodo necessario per raggiungere i livelli reddituali massimi. Se nelle rilevazioni del 1987 il picco della distribuzione si collocava nella fascia di età 45-54 anni, nel 2022 risulta invece posticipato alla classe 55-64 anni, segnalando una più tardiva realizzazione della piena maturità economica. Inoltre, il lato destro della distribuzione, relativo alle coorti più anziane, appare meno soggetto a flessioni rispetto al passato, segnalando una maggiore tenuta dei redditi nella fase finale della carriera, coerente con un progressivo prolungamento dell’età di uscita dal lavoro.
Ministro Calderone, ‘1 mld per autoimpiego, ma giovani scelgono modelli ‘micro’ per problemi ‘macro”
 
“A fronte dei fondi per l’autoimpiego destinati alle professioni ordinistiche dal decreto Coesione, un miliardo di euro, i giovani scelgono soprattutto i voucher a fondo perduto. Lo fanno perché il loro modello resta quello dello studio monotitolare: un modello micro per problemi macro. Noi abbiamo disegnato strumenti per incentivare le società tra professionisti, favorire il travaso delle competenze e il ricambio generazionale, ma i giovani continuano a scegliere altro. E questo accade anche perché i professionisti più anziani non trasferiscono ai giovani questa nuova visione del lavoro. Il 30 luglio porterò in Aula il disegno di legge di riforma delle professioni: un passaggio decisivo per aggiornare gli ordinamenti e rispondere ai bisogni comuni delle 15 professioni ordinistiche”. A dirlo il ministro del Lavoro, Marina Calderone.
“Come ministro vigilante sulle casse privatizzate – spiega – lavoriamo per rafforzare tutela di maternità, paternità e conciliazione. Serve una sinergia tra ordini, associazioni e casse. Questa riforma è una battaglia di principi e sostanza: i giovani devono poter investire nella professione e scoprire quanto sia bello esercitare la libera professione, in un quadro di sostenibilità e di equo compenso, che è condizione fondamentale”.
Natali (Confprofessioni), ‘inceppato ricambio generazionale mondo professioni’
 
“Il ricambio generazionale nel mondo delle professioni si è inceppato e i dati lo mostrano con grande chiarezza: i giovani entrano tardi, crescono lentamente e il divario con i senior si amplia lungo tutto il ciclo di vita. Non è solo un tema demografico, ma una questione che riguarda la capacità del Paese di innovare e di garantire continuità alle proprie competenze”. Lo dice sottolinea il presidente di Confprofessioni, Marco Natali.
“Il nostro Report – spiega – evidenzia come l’inverno demografico stia producendo effetti pesanti anche sul mercato del lavoro professionale, rendendo il settore meno attrattivo per le nuove generazioni. Per questo dobbiamo agire subito. Confprofessioni ha strumenti importanti, dal ccnl alla bilateralità, per rafforzare formazione, tirocini, mentorship e welfare contrattuale, e rendere più accessibile l’ingresso dei giovani nelle professioni. Ma serve uno sforzo comune. Il Governo ha avviato misure significative, ma occorrono strategie più sinergiche e innovative. E’ fondamentale che istituzioni, forze sociali e mondo accademico lavorino insieme”.
Zichichi (Confprofessioni), ‘analisi mostrano penalizzazione sistematica giovani’
 
“Le nostre analisi mostrano una penalizzazione sistematica dei giovani. Nel lavoro indipendente il divario è più ampio e più volatile: i giovani restano sempre sotto la fascia mid career e, nel tempo, sempre più sotto. Il picco reddituale si sposta avanti e la capacità di accumulazione si indebolisce”. A dirlo Ludovica Zichichi, ricercatrice dell’Osservatorio di Confprofessioni.
Maddalena (Consulta giovani Confprofessioni), ‘al via ricerca per capire orientamento giovani’
 
“Partendo dai dati, la Consulta avvierà nelle prossime settimane, in collaborazione con l’Osservatorio delle libere professioni, una ricerca dal titolo ‘Il lavoro che vorrei’, rivolta a laureandi e neo laureati, con l’obiettivo di capire quali caratteristiche del lavoro orientino le scelte delle nuove generazioni”. A dirlo Giulia Maddalena, coordinatrice della Consulta Giovani di Confprofessioni.
“Siamo convinti – spiega – che questo sia il punto di partenza necessario per formulare proposte concrete: servono azioni mirate a ridurre i divari generazionali e di genere, per non perdere una generazione di nuovi liberi professionisti”.
(di Sabrina Rosci)
—
lavoro
webinfo@adnkronos.com (Web Info)"
20260707123449,Qds,https://qds.it/ocse-disoccupati-italia-scesi-a-5-minimo-record-in-un-anno-15-punti/,,,,,,srclc:ita,"Roma, 7 lug. (askanews) – In Italia, “il tasso di disoccupazione si è attestato al 5% nel maggio 2026, raggiungendo così un minimo storico e in linea con la media Ocse (4,9%). Il tasso di disoccupazione è diminuito di 1,5 punti percentuali nell’ultimo anno, in controtendenza rispetto al quadro generale osservato nella zona Ocse, dove la disoccupazione ha registrato un aumento in circa due terzi dei suoi Paesi”. Lo rilea l’Organizzazione per la cooperazione e lo sviluppo economico, nella scheda Paese sull’Italia delle Prospettive sull’occupazione 2026 (Employment Outlook).
L’edizione di quest’anno si concentra in particolare sulle disparità geografiche in termini di posti di lavoro e redditi. In generale “i mercati del lavoro restano solidi – dice l’Ocse – ma mostrano ulteriori segnali di indebolimento”. I tassi medi di occupazione e partecipazione alla forza lavoro hanno segnato nuovi massimi, rispettivamente 72,1% e 76,7% nel primo trimestre del 2026 nell’area Ocse, e un basso tasso di disoccupazione rispetto agli standard storici. Ma appunto con “segnali crescenti di indebolimento, tra cui l’aumento della disoccupazione in molti Paesi, il rallentamento della crescita dell’occupazione e l’attenuazione delle carenze di manodopera”.
E in molti Paesi si prevede un calo dei salari reali a seguito della nuova impennata dei prezzi dell’energia”.
Tornando all’Italia, secondo l’ente parigino “fa parte del ristretto gruppo di Paesi dell’Europa meridionale, insieme a Grecia, Portogallo e Spagna, in cui la disoccupazione ha continuato a diminuire. Grazie a una crescita particolarmente forte negli ultimi due anni, il tasso di occupazione ha raggiunto il livello record del 62,8% nel primo trimestre del 2026, ma rimane di circa 9,3 punti percentuali al di sotto della media Ocse – prosegue la scheda sulla Penizola – un valore tra i più bassi nei Paesi dell’organizzazione”.
Il divario rispetto alla media “è particolarmente marcato tra le donne e i giovani. Inoltre, la crescita del tasso di occupazione ha subito un evidente rallentamento nell’ultimo anno, in contrasto con l’aumento sostenuto registrato in altri Paesi dell’Europa meridionale”.
Secondo lo studio, intanto “le difficoltà di reperimento di personale si sono attenuate e sono ora al di sotto dei livelli record registrati prima della pandemia. Tuttavia, persistono carenze strutturali dovute all’invecchiamento demografico, alla trasformazione digitale, alla transizione verde e alla scarsa qualità del lavoro in alcuni settori”.
Nel primo trimestre del 2026 i salari reali sono cresciuti dell’1,3% rispetto all’anno precedente, principalmente grazie al basso tasso di inflazione. Tuttavia, erano ancora inferiori del 6,1% rispetto al primo trimestre del 2021, il che rappresenta il divario più ampio tra le grandi economie della zona Ocse. “I recenti rincari energetici hanno spinto al rialzo l’inflazione e al ribasso i salari reali. Si prevede che i salari reali in Italia diminuiranno dello 0,9% nel 2026 e aumenteranno solo dello 0,2% nel 2027 – prevede lo studio – visti i limitati rinnovi dei contratti collettivi in programma per il 2027 e il rallentamento in corso nel mercato del lavoro”."
20260707100025,Il Post,https://www.ilpost.it/ok-boomer/la-prevalenza-del-lettino/,,,,,,srclc:ita,"La prevalenza del lettino
«Comunque sia, è certo che siamo, e di gran lunga, il paese europeo con il maggior numero di concessioni balneari ai privati»
- Condividi
- X
- Regala il Post
Dice un vecchio aforisma (ne ignoro l’origine e l’autore) che la Francia è un paese ricco abitato da poveri, l’Italia è un paese povero abitato da ricchi. Il senso della frase, ovviamente paradossale e anche piuttosto spiritosa, mi sembra al riparo da qualunque verifica economica o statistica. Vuol dire che in Francia il bene pubblico pesa molto, è valutato molto, e salta all’occhio: chiunque passi il confine tra Ventimiglia e Mentone capisce di che cosa sto parlando.
In Italia vale il contrario: i dati sul risparmio privato degli italiani, elevatissimo, e sull’evasione fiscale, anche lei elevatissima, non sono una componente trascurabile per capire perché Ventimiglia sembra, almeno all’apparenza, molto più povera e trascurata di Mentone.
Ho ripensato a quel vecchio aforisma camminando sulla spiaggia di Pampelonne, dalle parti di Saint-Tropez, dipartimento del Var. Un tratto della costa mediterranea tra i più “esclusivi”, come dicono le agenzie turistiche e immobiliari abusando di quello sciocco termine (direi che “esclusivo” è diventato l’aggettivo meno esclusivo della lingua italiana). Pinete disseminate di ville, resort immersi nel verde, alberghi costosi, floride cittadine e paesi lindi che rigurgitano di boutique, ristoranti, pescherie che vendono il pesce al carato.
Ma i quattro chilometri e mezzo di quella grande spiaggia bianca, a parte un paio di stabilimenti cari come il fuoco e rimbombanti di musica dance, e una piccola zona destinata al noleggio delle moto d’acqua (non trovo le parole per dirvi quanto odio le moto d’acqua), sono in larga prevalenza liberi. Nei grandi parcheggi sotto i pini (nove euro per tutta la giornata) i van neri con autista dei ricchi di mezzo mondo in vacanza, le Porsche, le Mercedes e le BMW, sono affiancati dalla ordinaria fanteria automobilistica di chi è venuto per passare la giornata. La spiaggia più bella e più grande del promontorio di Saint-Tropez è una spiaggia pubblica, di facile accesso, gratuita. Una spiaggia libera. Pulita, con buona disponibilità di bidoni per la raccolta differenziata e qualche cartello che affida ai bagnanti la cura del luogo.
Chiacchierando con amici italiani, il più lontano possibile dalle moto d’acqua scoreggianti, ci si è detti che in Italia una simile situazione non è nemmeno pensabile. Forse in qualche litorale del Sud non ancora consacrato al turismo (dove “spiaggia libera” significa quasi sempre abbandonata a se stessa, perché secondo la mentalità corrente ciò che è di tutti è di nessuno, dunque non vale la pena occuparsene). Ma in una zona turistica di pregio, molto affollata da giugno a settembre, in Italia una spiaggia come Pampelonne sarebbe gremita di stabilimenti balneari da cima a fondo. Magari con una fettina miserabile di spiaggia libera per salvare la faccia.
La ragione della differenza è presto detta. In Francia i comuni costieri, per legge, devono garantire che almeno l’80 per cento dell’arenile sia libero e gratuito. Alle concessioni private è destinato, dunque, solo un quinto del totale. In Italia, secondo l’ultimo report di Legambiente, la proporzione è esattamente invertita: nelle regioni turistiche più frequentate (Liguria, Emilia-Romagna, Campania) gli stabilimenti balneari occupano più del 70 per cento degli arenili.
A seconda delle fonti, gli stabilimenti balneari nel nostro paese sarebbero oltre 7.000 (Unioncamere) oppure oltre 12.000 (Legambiente). Incuriosito dalla grande difformità dei due dati ho cercato lumi nel sito del Ministero del Turismo ma non mi ci sono raccapezzato, non ho trovato traccia del numero delle concessioni: ma può darsi che questo dipenda dalla mia imperizia digitale. Comunque sia, è certo che siamo, e di gran lunga, il paese europeo con il maggior numero di concessioni balneari ai privati. La Grecia ne ha meno di mille, la Francia, addirittura, solo 140. Anche qui: il dato mi è sembrato enormemente basso, ma anche se fosse sottodimensionato descrive una situazione diametralmente opposta a quella italiana.
Le differenze orografiche (in Francia le coste sono, in media, meno scoscese e dunque gli arenili più vasti) e geografiche (4853 chilometri di coste in Francia, compresa la Corsica, e 7914 l’Italia, isole comprese) non bastano comunque a spiegare la differenza. La differenza è politica, ed è contenuta nell’aforisma dal quale siamo partiti: in Francia “ricchezza” sono anche le spiagge pubbliche, i beni demaniali e dello Stato, ciò che appartiene a tutti.
La spiaggia di Pampelonne è dunque da conteggiare nel monte rassicurante della ricchezza francese, e dei francesi: un paese ricco è un paese capace di curare e proteggere i suoi spazi comuni. Da noi la spiaggia libera invece “fa povero”, sappiamo misurare la ricchezza soprattutto in termini di benessere privato, sicurezza privata, accumulo privato (siamo primatisti mondiali per numero di case di proprietà). E dunque, proprio per questo, in confronto alla Francia siamo un paese povero anche se ci abitano molti ricchi.
Piccolo post-scriptum: non ho alcuna ostilità per i gestori balneari. Lavorano, custodiscono un tratto di costa, offrono servizi che (specie con il passare degli anni) apprezzo assai. Mangiare al ristorante della spiaggia è uno dei piaceri dell’estate, specie se il vino bianco è molto freddo e le vongole degli spaghetti alle vongole sono vongole. E sono sicuro che quasi tutti i balneari – ho detto quasi – pagano le tasse dovute. Il fatto che gli stabilimenti siano troppi in rapporto al territorio, e politicamente molto assistiti (un po’ come i tassisti ma per la ragione contraria: i tassisti sono troppo pochi), non è certo colpa loro. Ma è un problema della nostra comunità, un problema di tutti. Chissà se “di tutti” viene colto come un valore aggiunto, o solo come una scocciatura.
*****
Al riscaldamento del pianeta, volenti o nolenti, siamo stati costretti a pensare un po’ meno distrattamente, sollecitati dalla sensazione di lenta bollitura vissuta nella seconda metà di giugno. Scoprire che stadi americani da 80mila posti hanno l’aria condizionata non è stato di conforto. È un periodo che gli yankee fanno ben poco per rendersi simpatici.
Mi avete scritto in tanti, sollecitati dalla domanda, un poco apocalittica, che mi ponevo la settimana scorsa: le classi dirigenti sono poco attente alla questione clima perché non hanno coscienza del problema, oppure perché, distopicamente, mirano a sfoltire la presenza umana sul pianeta? Sui cocuzzoli delle montagne, a respirare, ci saliranno i privilegiati, i benestanti, lasciando gli altri a boccheggiare giù da basso? Qui di seguito una selezione delle vostre considerazioni. Apre Nike, forte dei suoi vent’anni.
“Sono Nike (come la statua, non la scarpa), ho vent’anni e studio filosofia a Milano. Ho scelto questa facoltà per avere più strumenti per capire ciò che succede nel mondo. Nessuno mi aveva avvisato, però, che capire le cose sarebbe stato deprimente.
Che il caldo sia classista è un dato di fatto, ne parlava anche Nicola Ghittoni durante una puntata di Morning di qualche giorno fa; la classe dirigente lo sente di meno e se ne preoccupa di meno. I ricchi, come lei giustamente notava, non hanno nessun incentivo per occuparsi del clima a parte la loro buona volontà, mentre i poveri non sono nella condizione di unirsi per cambiare il destino del mondo. Oggi manca (credo) una narrazione sul cambiamento climatico che vada al di là del senso di colpa individuale, manca una ‘coscienza di classe climatica’ diffusa al di là dei circoli di Greenpeace.
Secondo punto, particolarmente attinente a questa newsletter. Il problema demografico. Sono dell’idea che di boomer illuminati come lei ce ne siano davvero pochi, mentre la maggioranza di loro, che è sempre più ampia e di conseguenza pesa sempre di più nelle urne, non ha né l’interesse né gli strumenti per implementare le politiche climatiche. Non perché siano egoisti o stupidi, ma perché sono nati e cresciuti in un periodo in cui il cambiamento climatico non era ‘mainstream’ e adesso non sanno come inserirlo tra le loro priorità politiche.
Non credo che ci sia un’élite di potenti che alimentano intenzionalmente il cambiamento climatico per un losco complotto eugenetico: non perché non lo vorrebbero, ma perché non ne sono capaci. Lungi da me qualsiasi forma di passatismo e nostalgia, ma guardando le politiche di Trump ho la netta sensazione che non ci sia un grande piano, ma solo una grande confusione (e l’Italia non mi sembra da meno). Una delle moltissime crisi in atto è quella della razionalità, che viene svalutata sia nei media sia nella politica.
La scienza l’ho sempre ammirata dalla distanza, mentre la filosofia cerco di praticarla da vicino. Nella mia condizione, quest’ultimo punto è decisamente il più inquietante, perché contro l’irrazionale non c’è argomentazione che tenga. Sperando di avere il più torto possibile, sursum corda (lo dico in latino, solo per darmi un tono)”.
Nike
“Questa sera sono venuto a dormire, solo, in un bivacco a quasi 2000 metri fra le Alpi Giulie. Questi posti, ancora abbastanza solitari, sono diventati un rifugio per mia moglie e per me e cerchiamo di trascorrere qui la maggior parte dell’anno. L’argomento clima è una delle ragioni che ci spingono a farlo. Ci salverà la montagna? Lo spirito resiliente delle terre alte, la semplicità delle persone, la ricchezza della natura ci aiutano a trovare una dimensione diversa dalla ci(vil)ta’ di pianura.
Ora fuori brontola il temporale, ho mangiato le cose che mi sono portato quassù, il sacco a pelo mi attende perché domattina all’alba voglio godermi la luce rosata sulle rocce del Montasio, del Fuart e del Mangart che mi stanno di fronte. Magari uno stambecco verrà a pascolare qui fuori, fra i fiori magnifici che ci circondano. Questa natura ci potrà salvare? Qui non ci sono né carte di credito, né connessione internet. Quando noi montanari del nordest raggiungiamo una vetta, ci stringiamo la mano e ci diciamo: Bergheil! (Viva la montagna!). La montagna che vive, ci farà vivere. Dobbiamo solo proteggerla”.
Andrea
“Rispetto al tema dell’ambiente e quello che possono fare gli uomini, a Castelfranco Emilia lo hanno fatto. Quaranta ettari di bosco, denominato la città degli alberi, progettata dall’architetto Leonardi. Realizzato solo da volontari”.
Natalino
“Sentivo questa mattina Tozzi da Nicoletti (Melog a Radio24) sul tema del ruolo umano nell’accelerazione del riscaldamento globale. È stato indicato un altro motivo per cui la politica non se ne occupa (al di là del tasso di conoscenza scientifica sicuramente limitato e di personaggi come Thiel che si rifugiano in Patagonia dall’amichetto Milei): intervenire richiede di prendere misure impopolari”.
Marco
“Non solo i negazionisti ci hanno preso per idioti quando chiedevamo una transizione energetica seria (perché buttare via tutti quei soldi in investimenti quando il carbone costa ancora così poco?), ma hanno usato lo stesso metro per attaccare la Comunità Europea, colpevole, secondo loro, di aver dato troppo peso alle misure, ahimè indifferibili, per rallentare, in quanto possibile, il riscaldamento globale. Questi ‘politici’ sono riusciti, nello stesso momento, a danneggiare l’umanità intera e, con un accanimento perverso, anche i sostenitori del ‘sogno’ Stati Uniti d’Europa. Purtroppo, l’ignoranza dominante ci sta sconfiggendo”.
Marco Biondi
“Io organizzai, nel paesello in cui abito (Pergine Valsugana, poco distante da Trento) una serie di incontri con esperti sul clima, con la nostra micro-associazione culturale locale. Come scialpinista e frequentatore di montagne sono sensibilissimo alla questione climatica, e all’epoca la lettura di Amitav Ghosh (La grande cecità, libro superato ahimè dai fatti, ma la parte storica è fondamentale per capire non solo il clima ma il nostro mondo) mi aveva spinto a fare almeno qualche attività di sensibilizzazione locale.
Era il 2017, scoprii che persone che pensavo ben educate e informate ne sapevano quasi niente, pensavano a una fissa da ecologisti. Anche gente del settore – esperti di botanica, di insetti, di fisica – non avevano tratto le conseguenze di quello che loro stessi sapevano. Il risultato lo vediamo adesso. Io sto aspettando di andare in pensione, sperando che l’INPS riesca a pagarmi abbastanza a lungo prima del tracollo di un’economia, anzi di una società avviluppata su se stessa.
Ho il fotovoltaico dal 2009, quando era ancora di pochi, ho l’auto elettrica da 6 anni (nonostante l’obiezione popolare ormai insensata su una roba che toglie puzza e rumore dalle strade), ma soprattutto ho deliberatamente deciso che non posso farmi la vita amara per una decisione collettiva di suicidio”.
Paolo Busetta
“Possiamo comprare qualche anno di protezione in più, qualche casa meglio climatizzata e possiamo immaginare città riservate a pochi privilegiati, ma nessuna élite può costruire un pianeta alternativo. Per anni abbiamo pensato che bastassero nuove leggi, nuove tecnologie, nuovi accordi internazionali, ma tutto questo non è sufficiente, perché nessuna transizione ecologica sarà possibile senza una transizione culturale.
La raccolta differenziata, che lei cita come esempio di cambiamento collettivo, non è nata soltanto da una legge. È diventata normale quando è cambiato l’immaginario delle persone, quando abbiamo iniziato a considerare il rifiuto non più come qualcosa da allontanare, ma come parte della nostra responsabilità. Lo stesso deve accadere con il clima.
Le politiche energetiche sono indispensabili, così come rivedere la produzione del cibo, ma non sarà sufficiente. Serve un nuovo umanesimo ecologico, fondato su un’idea diversa di essere umano: non più definito dal possesso e dall’accumulazione, ma consapevole di appartenere a una rete di relazioni da cui dipende la sua stessa esistenza. Solo allora capiremo che custodire la Terra significa, prima di tutto, custodire noi stessi”.
Susanna
“Non solo ‘alcune lobby di potere non pagano il conto’, ma si sono arricchite a dismisura; sono i negazionisti del cambiamento climatico, sono le aziende di combustibili fossili, le lobby, i gruppi di pressione, i politici conservatori, i think tank che fungono da serbatoi per promuovere l’ideologia negazionista e conservatrice, gli scienziati negazionisti finanziati dalle aziende, e alcune piattaforme mediatiche che alimentano la narrazione negazionista attraverso la disinformazione (da I bugiardi del clima, di Stella Levantesi)”.
Massimo
“Un’idea simile alla tua, da appassionato di storia militare, mi ha sempre tentato: ossia che la prodigalità di sangue e di carne da macello dei generali degli eserciti della Grande Guerra, del nostro come di quelli degli alleati dell’Intesa e di quelli degli Imperi centrali, fosse un modo per sfoltire le masse che si erano mostrate sediziose e pericolose negli anni precedenti, specialmente in quelli più recenti.
Del resto, nella mia molto più pacifica esperienza di ufficiale di leva negli anni ’80, mi divertivo a sfidare i colleghi a negare che ognuno di loro avesse bene in mente, come me, la lista dei soldati per le imprese disperate (che per fortuna non erano all’orizzonte). Una lista che la coscienza avrebbe tenuto a freno, ma che secondo me tutti avevamo.
Speriamo che non sia così anche per i governanti e i magnati dei giorni nostri.
Mi sconforta, nel fronte di chi ha una coscienza climatica, la tendenza a predicare molto più comportamenti omissivi, di sacrificio, di sobrietà, piuttosto che creativi. Si parlava anni fa di un progetto gigantesco ma assolutamente realizzabile, piantare una larga fascia di alberi nell’Africa subsahariana, dal golfo di Guinea al mar Rosso. Un progetto a cura dell’Europa. Che fine ha fatto?”.
Domenico Emiliani Zauli Naldi
“Da chimico mi lasci dire che è la Termodinamica a dominare. Siamo 8 miliardi e arriveremo in 100 anni a 11 miliardi. Degli attuali 8 milardi almeno 3 miliardi sono poveri e vogliono arricchirsi per consumare sempre più. Quindi consumando riscalderanno il pianeta (entropia). Potremmo essere più virtuosi di adesso, più frugali, così da abbassare un pochino la entropia, ossia il calore. Ma i 3 miliardi di nuovi nati faranno anche loro aumentare l’entropia. L’unica strada sarebbe non fare più figli. Ma il PIL andrebbe a ramengo! E cosa direbbero allora Musk & Co.?”.
Marcello
“Mi occupo di efficienza energetica da almeno 40 anni sotto le mentite spoglie di un progettista di impianti di climatizzazione. Ho scoperto che per convincere un grande ente a intraprendere un programma di efficientamento delle case popolari è bastato dimostrare che siccome la maggior parte degli inquilini non paga le spese, diminuire i consumi significa diminuire le perdite, consente l’accesso a finanziamenti statali ed è anche politicamente spendibile. Oramai noi ambientalisti le studiamo tutte…”.
Fabrizio
*****
Siamo alle Zanzare, che possono anche essere una forma di refrigerio. Emanuela segnala, dalla Tribuna di Treviso, un caso che rende evidente lo scollamento irrimediabile tra cittadini e istituzioni:
MUORE TRAVOLTO DA UN ALBERO MENTRE PESCA
IL SINDACO: VERIFICARE LE CONDIZIONI DELL’ALBERO
Non aiuta a ritrovare fiducia nell’autorità questo altro titolo, che Flavio ha trovato sul Messaggero Veneto:
CIVIDALE, POLIZIOTTO PRESO A CALCI E GOMITATE
DURANTE UN CONTROLLO: ARRESTATO
E in questo clima confuso (come direbbe Vannacci, è un mondo al contrario) non sorprende quanto racconta il Giornale di Brescia. Lo segnala Marco:
BAMBINI AGGREDITI AL PARCO, PREMIO AL PAPÀ
“L’HO FATTO PERCHÉ È GIUSTO”
Fortunatamente, c’è chi non si rassegna, e provvede a mettere in atto pratiche virtuose. È il caso del comune di Saludecio, nel cui sito Jean-Jacques ha trovato questo annuncio:
LA DOMENICA DEL RIUSO
DAL 21 AL 23 AGOSTO, TUTTE LE DOMENICHE!
Ci si domanda quante domeniche possano esserci tra il 21 e il 23 agosto. Chiudiamo con un magnifico refuso, che come a volte capita rende ancora più esplicito il senso di una notizia. Da Televideo, segnala Marco:
SISMA LEFEBVRIANI, ARRIVA LA SCOMUNICA
VATICANO ESORTA FEDELI: SIATE SALDI
Che in caso di sisma sia importante stare saldi non lo pensa solo il Vaticano.
*****
L’estate ha qualcosa di immoto e ripetitivo, secondo me si viaggia di più e si va in vacanza anche per sfuggire ai giorni sempre uguali, il cielo azzurro, il sole, i pomeriggi che non passano mai (vedi Azzurro di Paolo Conte, uno dei “testi estivi” più belli di sempre). Quando il clima era ancora “quello di una volta” – beccatevi la tirata da boomer – i temporali attorno a Ferragosto portavano un senso di sollievo, di tempo che si rimette in moto, come se qualcuno avesse aperto la finestra. Ci si metteva il pullover, dopo mesi di sole magliette.
Ferragosto è lontano e chissà i temporali che forma e che scadenza hanno deciso di darsi, in questo minaccioso 2026. I campi (a parte il mais, roba di pianura, e la vigna, che è una parca bevitrice) non hanno un bisogno particolare di pioggia, ormai le mietiture sono fatte e la terra, sotto il sole cocente, sembra mummificata. Tutto è giallo, è quel momento dell’anno in cui uno si chiede come fanno gli alberi a mantenere il loro verde lustro, chissà fin dove hanno ficcato le radici, giù nella terra nera e fresca. Beati loro.
Sabato scorso, con Stefano Bollani, abbiamo celebrato David Riondino a Milano, alla Fondazione Feltrinelli, ed è stato molto bello. Come se David fosse ancora con noi. Bollani ha suonato e cantato, io ho letto, a un certo punto ho perfino canticchiato anche io il testo di una poesia di David, Pasdaràn, il cui sottotitolo è Charleston. Scritta quarant’anni fa, suona identica all’oggi, che i Pasdaran sono ancora i cattivi. Il dubbio è chi siano i buoni, ormai quasi tutte le guerre sembrano un derby: cattivi contro cattivi.
Ho letto, tra le altre, anche una poesia di David (endecasillabi perfetti: la sua arma di fiorentino facondo) che parlava dei Mondiali del Messico – non questi, quelli dell’86 – e dello stadio Azteca. Anche lì: il tempo passa, oppure tutto è sempre la stessa zuppa riscaldata? Ho detto “riscaldata”, scusatemi, non volevo. Con questo caldo, abbiamo bisogno di zuppe rinfrescate.
A fine settimana vado qualche giorno in montagna, la notte dovrò tirarmi addosso la coperta pesante. Di mattina molto presto aprirò gli scuri e fuori, nella prima luce del giorno, ci saranno dieci gradi. Nei pascoli e lungo i rivi: nigritella, crochi, genziane, l’aconito, un’infinità di achillee, l’arnica, il garofano selvatico, il giglio aranciato e il giglio martagone. Mi scuso con i fiori non citati. In alto i cuori."
20260707094419,Pressenza,https://www.pressenza.com/it/2026/07/migranti-e-misconosciute-politiche-di-integrazione/,,,,,,srclc:ita,"Gli ultimi sondaggi elettorali danno in crescita il partito di Vannacci, soprattutto tra gli elettori con i redditi più bassi. Sembra assurdo ma in realtà non lo è.
Credo che il dato di partenza stia nel fatto che ormai la questione dei migranti sia quella che, in modo quasi esclusivo, divide l’elettorato di destra da quello di sinistra. Per quanto strano possa sembrare credo che ormai la gente comune, a partire dai più poveri, si sia come rassegnata alle nefandezze del neoliberismo (anche militarista).
Diritti del lavoro, tassazione progressiva contro la ricchezza, rilancio della sanità pubblica, pacifismo, e via dicendo, vengono vissute come belle ma irraggiungibili chimere. Al contrario il tema del migrante tocca questioni ritenute vitali, specialmente ora che più o meno tutti avvertono (anche in modo inconsapevole) il senso di profonda decadenza dell’Occidente e dell’Europa in particolare.
Sia il vedere l’altro come opportunità di incontro e di crescita reciproca sia la paura dello straniero e del diverso sono entrambi dati antropologici che ci appartengono.
La politica sfrutta in modo ingannevole e strumentale questi sentimenti. Da una parte la destra xenofoba che illude con idee come respingimenti e remigrazione, che oltre a quanto possano essere sbagliate, sono anche del tutto irrealizzabili. Dall’altra parte la sinistra radical chic parla a vanvera di accoglienza, ignorando che il vero problema è la concreta integrazione.
Mi permetto di indicare tre vie che andrebbero seguite:
1 – REGOLARE I FLUSSI MIGRATORI
È difficile, ma intanto si potrebbe creare (per esempio) un tavolo permanente di confronto tra Europa e paesi africani, o anche una Conferenza del Mediterraneo per trovare soluzioni comuni. Non con lo scopo di respingere ma, al contrario, per programmare gli arrivi.
2 – POLITICHE DI INTEGRAZIONE
Andrebbero realizzati, (anche attraverso il sistema scolastico) corsi per stranieri per apprendere la lingua e per studiare la Costituzione e le nostre leggi, anche con esami finali che potrebbero accelerare i tempi della concessione della cittadinanza.
3 – POLITICHE A FAVORE DELLA MATERNITÀ
Si tratta di una questione collaterale ma fondamentale. Il senso di perdita e di caduta del nostro mondo, che alimenta la paura dello straniero, si fonda anche su quello che è ormai un vero e proprio suicidio demografico. Al riguardo sarebbe necessario istituire una serie di misure, come per esempio: un congruo premio di maternità; prolungare i tempi del congedo parentale dividendolo obbligatoriamente a metà tra la madre e il padre (così gli uomini la smetteranno di sentirsi il “ministero degli esteri” della famiglia); infine creare una rete nazionale di asili nido completamente gratuiti, da considerare come parte del servizio scolastico nazionale (e non come puri “posteggi”).
Nascerà un soggetto politico capace di prendersi cura di queste esigenze?"
20260707093517,Varese News,https://www.varesenews.it/2026/07/ascolto-e-sostegno-online-come-lavora-il-movimento-per-la-vita-di-varese-con-la-chat-anonima/2628088/,,,,,,srclc:ita,"Ascolto e sostegno online: come lavora il Movimento per la Vita di Varese con la chat anonima
Vittoria Criscuolo racconta a Radio Materia come opera un'associazione pro life, dall'impegno concreto a quello culturale prendendo esempio dai movimenti USA: ""La chat sul nostro sito è uno strumento potentissimo""
Il web come strumento per informare, ma anche per ascoltare e offrire un aiuto concreto a chi attraversa una gravidanza difficile o vive il dolore di un aborto. È questo uno dei temi affrontati da Vittoria Criscuolo, presidente del Movimento per la Vita e del Centro di Aiuto alla Vita di Varese, durante la puntata di Soci All Time su Radio Materia, dedicata all’attività dell’associazione, impegnata da anni nella tutela della vita nascente.
La realtà varesina opera attraverso due percorsi distinti ma strettamente collegati. Da una parte il Movimento per la Vita, che svolge un’attività culturale e di sensibilizzazione; dall’altra il Centro di Aiuto alla Vita (CAV), che offre un sostegno concreto alle donne che affrontano una gravidanza in condizioni di difficoltà.
Movimento per la Vita e Centro di Aiuto alla Vita: due missioni complementari
Il Movimento per la Vita rappresenta l’anima culturale dell’associazione. Attraverso il sito internet e i canali social pubblica con cadenza settimanale approfondimenti dedicati a temi come aborto, eutanasia, fecondazione assistita, famiglia e bioetica. L’obiettivo è promuovere una riflessione sul valore della vita e raggiungere un pubblico sempre più ampio, sfruttando le potenzialità del web.
Accanto all’attività online vengono organizzati durante l’anno incontri pubblici, conferenze, mostre ed eventi sul territorio per favorire il confronto e far conoscere il lavoro dell’associazione.
Il Centro di Aiuto alla Vita costituisce invece il braccio operativo. Ogni anno segue decine di donne che si trovano ad affrontare gravidanze complicate da problemi economici, familiari, sociali o sanitari. Il sostegno si traduce nell’ascolto, nell’accompagnamento e anche in aiuti materiali, come la distribuzione di pannolini, latte in polvere, vestiti, passeggini e altri beni necessari per il neonato.
La chat anonima per offrire ascolto immediato
Uno degli strumenti più innovativi sviluppati dall’associazione è la chat presente sulla homepage del sito internet. Si tratta di un servizio completamente anonimo che consente di entrare in contatto in tempo reale con i volontari.
Le notifiche arrivano direttamente sui dispositivi dei volontari, permettendo di rispondere rapidamente anche fuori dagli orari tradizionali. «Può capitare di ricevere una richiesta d’aiuto mentre si è al supermercato o impegnati nella vita quotidiana, ma è importante poter dare subito una risposta a chi sta vivendo un momento di grande difficoltà» ha spiegato Criscuolo durante l’intervista.
La chat viene utilizzata sia da donne che stanno vivendo una gravidanza problematica sia da persone che cercano aiuto dopo un aborto, oltre che da padri che attraversano situazioni di forte sofferenza. Quando necessario, l’associazione orienta gli utenti verso reti specializzate che si occupano dell’elaborazione del lutto e del supporto psicologico.
Dall’attivazione del servizio sono già oltre mille le persone che hanno chiesto aiuto attraverso questo canale.
Dal web nasce anche un libro
L’esperienza maturata grazie alla chat ha portato anche alla pubblicazione del volume Una chat per la vita, che raccoglie cinquanta tra le storie più significative emerse dalle conversazioni online. Il libro vuole testimoniare le situazioni di fragilità incontrate dai volontari e raccontare come un semplice contatto digitale possa rappresentare il primo passo verso un percorso di sostegno.
L’obiettivo: costruire una cultura della vita
Per il Movimento per la Vita e il Centro di Aiuto alla Vita l’impegno culturale e quello assistenziale sono due aspetti inseparabili. Da un lato si lavora per diffondere una maggiore consapevolezza sul valore della vita umana attraverso informazione, libri ed eventi; dall’altro si cerca di rimuovere gli ostacoli concreti che possono spingere una donna a interrompere la gravidanza.
L’obiettivo, spiega l’associazione, è contribuire a costruire una cultura della vita e offrire un sostegno concreto affinché ogni bambino concepito possa avere la possibilità di nascere, in un contesto segnato anche dal progressivo calo demografico.
La trasmissione Soci All Time va in onda ogni giorno dal lunedì al venerdì su www.radiomateria.it ed è realizzata in collaborazione con CSV Insubria. Alla stessa pagina trovi anche gli altri 168 episodi già pubblicati.
TAG ARTICOLO
Accedi o registrati per commentare questo articolo.
L'email è richiesta ma non verrà mostrata ai visitatori. Il contenuto di questo commento esprime il pensiero dell'autore e non rappresenta la linea editoriale di VareseNews.it, che rimane autonoma e indipendente. I messaggi inclusi nei commenti non sono testi giornalistici, ma post inviati dai singoli lettori che possono essere automaticamente pubblicati senza filtro preventivo. I commenti che includano uno o più link a siti esterni verranno rimossi in automatico dal sistema.
La community di VareseNews
Loro ne fanno già parte
Ultimi commenti
- Bustocco-71 su Guasto tra le stazioni di Varese e Gallarate: ritardi e modifiche al servizio sulle tratte di Porto Ceresio e Mendrisio
- principe.rosso su È pronta la prima scuola realizzata con il Pnrr in provincia di Varese. E le altre? Ecco a che punto siamo
- Felice su È pronta la prima scuola realizzata con il Pnrr in provincia di Varese. E le altre? Ecco a che punto siamo
- principe.rosso su È pronta la prima scuola realizzata con il Pnrr in provincia di Varese. E le altre? Ecco a che punto siamo
- axelzzz85 su Frontalieri e ristorni, l'assessore regionale Sertori: “Nessun effetto immediato dal blocco del Ticino”
- principe.rosso su Giorgetti chiude il weekend di festa della Lega ad Oggiona: ""Si apre una stagione di elezioni, le nostre persone più valide si facciano avanti"""
20260707083352,Corriere Del Ticino,https://www.cdt.ch/societa/videogiochi/le-notti-dei-videogiocatori-quarantenni-431814,,,,,,srclc:ita,"Le notti dei videogiocatori quarantenni
Esiste una categoria di esseri umani che le piattaforme di gaming conoscono benissimo, ma che la narrazione mainstream del settore ha ignorato per decenni: il videogiocatore adulto, padre di famiglia o single di mezza età, che accende la console o il PC soltanto dopo le dieci di sera. Non per nostalgia, niente Super Nintendo o Commodore 64, niente retrogaming da snobbettino vintage o da nostalgico, ma per giocare ai titoli di oggi. Questo fenomeno silenzioso, misurato non dalla narrazione giornalistica ma dai server delle piattaforme online, racconta qualcosa di profondo.
Numeri da vecchi
Il dato più importante arriva da un'indagine internazionale intitolata Power of Play, condotta su 24.216 persone di età pari o superiore ai 16 anni provenienti da 21 Paesi. L'età media dei partecipanti è di 41 anni e non è una media gonfiata da un campione anomalo, ma la fotografia del videogiocatore globale nel 2026. Secondo l'Entertainment Software Association americana l'età media del giocatore statunitense ha raggiunto i 36 anni, e il 60% degli adulti (quindi persone di 18 anni e oltre) gioca ai videogiochi ogni settimana. I trentenni tra i 30 e i 39 anni rappresentano addirittura il segmento demografico più ampio: il 26% dell'intero universo dei giocatori statunitensi. Più dei ventenni (24%), più degli adolescenti. E non si tratta di un fenomeno solo americano. I dati globali di Newzoo indicano che nel 2025 il pianeta conta 3,578 miliardi di giocatori attivi, circa il 61,5% della popolazione connessa a internet, e che l'80% di essi ha più di 18 anni. In termini assoluti significa 2,47 miliardi di giocatori adulti nel mondo. Altro che il cliché del ragazzo in cantina con le cuffie. E per il mercato di lingua italiana il quadro è altrettanto chiaro. Secondo il rapporto ‘I videogiochi in Italia nel 2025’ commissionato da IIDEA all'istituto Ipsos, ci sono oggi 14,2 milioni di videogiocatori italiani in senso ampio, comunque uno su tre tra i 6 e i 64 anni.
Appuntamento alle 22
Il dato demografico sull'età, per quanto rilevante, non cattura da solo il fenomeno. Quello che le piattaforme online osservano con precisione, e che guida le loro strategie di marketing e di server capacity, è l'orario. I giocatori under 30, specie i teenager, concentrano le sessioni nel tardo pomeriggio e nella prima serata: i picchi di traffico su piattaforme come PlayStation Network, Xbox Live e Steam nelle fasce 14-16 anni arrivano tra le 17 e le 21. Ma dopo le 22 qualcosa cambia. Il traffico non crolla: cala leggermente, poi risale. Chi si connette in quella fascia è un giocatore diverso, più anziano, spesso (si spera) con un'occupazione, a volte con figli. La ricerca sull'andamento delle sessioni di gioco per fascia d'età conferma questa intuizione con dati precisi. Gli adulti tra i 30 e i 49 anni passano in media tra le 9,7 e le 10 ore settimanali ai videogiochi su console e PC, con le sessioni individuali che durano da una a quattro ore. Due i profili principali di giocatore notturno adulto. Il primo è il padre di famiglia, che attende la routine serale dei figli (cena, bagno, lettura, luci spente) per trovare il suo spazio personale. Il secondo è il single adulto che usa il gaming serale come forma di socialità digitale, connettendosi con amici in sessioni multiplayer oppure esplorando narrazioni solitarie. Il dato americano del Magid Institute è emblematico: il 42% dei cosiddetti ""power gamer"", cioè di coloro che giocano più di dieci ore alla settimana, è genitore. Non il 5%, non il 10%: quasi la metà. E le donne rappresentano già il 33% di questa categoria. Tanto per smentire uno dei luoghi comuni più resistenti, quello sulle donne nemiche dei videogiochi.
Personaggi invecchiati come i giocatori
In Svizzera, il mercato del gaming non dispone di statistiche disaggregate per cantone o per comunità linguistica, ma i trend europei, e in particolare quelli italiani, sono direttamente applicabili. Il mercato italiano del gaming vale oggi circa 2,4 miliardi di euro. Quello che è interessante osservare nel contesto ticinese è la convergenza di due culture del gaming: quella svizzera, più orientata al PC e agli indie game, e quella italiana, dove dominano le console e i grandi titoli sportivi. Un ticinese quarantenne che cresce tra RSI e Italia 1, tra il campionato svizzero e la Serie A, porta nel gaming questa doppia identità: difficile trovarlo su League of Legends a mezzanotte, più probabile trovarlo su EA Sports FC 26. La domanda più interessante quindi non è quanti quarantenni giochino, ma a che cosa. La risposta smonta un altro stereotipo: non ai giochi di loro padre o di sé stessi a vent'anni. Il quarantenne del 2026 gioca ai titoli più complessi e sofisticati del mercato contemporaneo e spesso sono gli stessi che giocano i ventenni, con aspettative estetiche e narrative più alte. Il citato EA Sports FC 26 occupa la vetta delle classifiche italiane ed è il titolo di punta per chi ama il calcio. In Italia e Ticino, dove il rapporto con il pallone è viscerale, EA Sports FC è la porta d’ingresso per molti giocatori adulti: semplice da capire, difficile da padroneggiare, costantemente aggiornato con le rose reali. La modalità carriera è particolarmente amata dai quarantenni, che vi ritrovano la soddisfazione manageriale senza la pressione del multiplayer. The Witcher 3: Wild Hunt, uscito nel 2015 ma tuttora tra i più giocati su PC, è il prototipo del gioco per adulti: un padre alla ricerca della figlia adottiva che attraversa un mondo in guerra, narrativa matura, scelte moralmente ambigue. Red Dead Redemption 2 è forse il caso più emblematico: un western (e già dire western fa antico) uscito nel 2018, lento, contemplativo, quasi letterario, un protagonista che sente il peso degli anni e dei suoi errori, in un mondo che cambia e lo lascia indietro. Va da sé che l’identificazione possa scattare di più nel quarantenne o cinquantenne. Clair Obscur: Expedition 33 è stato la sorpresa del 2025: un gioco di con ambientazione Belle Époque francese e una trama che parla di morte, scelta e lutto. Citatissimo nella bolla dei gamer di una certa età. Obbligatorio citare anche Resident Evil Requiem, che celebra i quasi 30 anni della serie, combinando la nostalgia con l'innovazione. I quarantenni che hanno giocato a Resident Evil 2 nel 1996 ritrovano un personaggio invecchiato come loro, in un gioco che non disdegna la complessità narrativa.
Quelli che spendono
L'industria dei videogiochi sa benissimo chi compra i suoi prodotti più costosi e quali aspettative ci siano. Il mercato globale del gaming ha raggiunto i 188,8 miliardi di dollari nel 2025 e punta ai 205 miliardi nel 2026: una crescita che non si costruisce vendendo microtransazioni ai dodicenni, ma convincendo adulti con reddito disponibile a investire in esperienze definite inevitabilmente premium. I giochi da 70-80 franchi, il nuovo standard di prezzo per i titoli di prima fascia su PS5 e Xbox Series X, con GTA VI che potrebbe normalizzare prezzi ancora più alti, vengono acquistati prevalentemente da adulti. I servizi in abbonamento come PlayStation Plus e Xbox Game Pass, che in Italia generano già 153 milioni di euro l'anno, hanno come utenti principali persone tra i 25 e i 45 anni che cercano un catalogo ampio senza dover acquistare ogni singolo titolo. Il gaming è quindi diventato una spesa ricorrente nella vita di molte famiglie europee, sul modello di Netflix o Spotify. In Svizzera, dove il potere d'acquisto è strutturalmente più alto che in Italia, questo fenomeno è ancora più marcato. Un abbonamento a PlayStation Plus Premium costa circa 170 franchi l'anno: per un nucleo familiare con due adulti che giocano, o anche solo per un padre che gioca da solo dopo che tutti dormono, è una spesa accessibile e per molti versi ragionevole rispetto ad altre forme di intrattenimento. E del resto Reed Hastings, il co-fondatore di Netflix, ha sempre sostenuto che il suo reale concorrente non sono le altre piattaforme di serie e film, che anzi allargano il mercato, con focus sui mitici quarantenni, ma i videogiochi. Conclusione? Oggi Netflix ha nell’abbonamento anche i videogiochi. Che sono diventati grandi e da grandi."
20260707063943,Investireoggi It,https://www.investireoggi.it/pensioni-italia-scopre-la-crepa-nei-conti-troppi-pensionati-e-pochi-lavoratori/,,,,,,srclc:ita,"Un Paese che invecchia, giovani che preparano le valigie e stipendi che faticano a crescere: dietro il dibattito sulle pensioni non c’è solo una questione di assegni mensili, ma il ritratto di un’Italia che rischia di perdere l’equilibrio tra chi lavora e chi ha già lasciato il lavoro. La puntata “Pensione mai” di PresaDiretta, trasmessa su Rai 3 il 5 luglio 2026, ha riportato al centro dell’attenzione un interrogativo decisivo: chi sosterrà il sistema previdenziale nei prossimi anni?
Il nodo delle pensioni in un Paese che invecchia
Il sistema previdenziale italiano si regge su un equilibrio delicato. Gli assegni erogati oggi vengono finanziati in larga parte dai contributi versati da chi è occupato.
Questo significa che, se diminuisce la platea dei lavoratori e aumenta quella dei pensionati, il meccanismo diventa più fragile.
Il punto critico è proprio questo: l’Italia sta vivendo un progressivo invecchiamento della popolazione. La crescita degli anziani, unita alla riduzione delle nuove generazioni attive nel mercato del lavoro, mette sotto pressione l’intero impianto. Non si tratta solo di una previsione lontana, ma di una situazione che in alcune aree è già evidente. C’è ad considerare anche un altro aspetto: dal 2027 per la pensione vecchiaia servirà 1 mese in più e dal 2028 ulteriori due mesi.
Il caso del Molise è emblematico: in questa Regione le persone già uscite dal lavoro risultano più numerose rispetto a quelle occupate. Un dato che fotografa con chiarezza il problema demografico e contributivo. Quando chi riceve una prestazione supera chi versa contributi, la tenuta finanziaria diventa una domanda concreta.
I conti dell’Inps e il peso sui lavoratori
Il ruolo dell’Inps è centrale, perché l’Istituto gestisce gran parte della previdenza pubblica italiana.
Se il numero dei contribuenti cala o cresce troppo lentamente, mentre aumentano i beneficiari delle prestazioni, i conti diventano più complessi da sostenere.
La questione non riguarda soltanto gli assegni attuali, ma anche quelli futuri. La domanda di fondo è semplice: con quali risorse verranno pagate le prestazioni dei prossimi decenni? La risposta dipende da diversi fattori, tra cui occupazione, retribuzioni, natalità e permanenza dei giovani in Italia.
Nel quadro raccontato da PresaDiretta, il tema delle pensioni non appare isolato. È legato direttamente alla struttura del mercato del lavoro. Se i salari restano bassi, anche i contributi versati sono più contenuti. Se i giovani partono, diminuisce il numero di persone che alimentano il sistema. Se le carriere sono discontinue, il futuro previdenziale diventa più incerto.
Giovani in fuga e salari troppo deboli
Un altro elemento decisivo è l’espatrio di molti italiani. Nel 2024 è stato raggiunto un primato storico: 156 mila persone hanno scelto di trasferirsi all’estero. Non si tratta soltanto di ragazzi appena entrati nell’età adulta. Tra le partenze ci sono ventenni, trentenni e anche quarantenni.
La meta citata nella trasmissione è Berlino, città scelta da molti per la possibilità di trovare lavoro, abitazione e servizi sociali percepiti come più solidi. Il trasferimento non viene quindi presentato come una semplice esperienza temporanea, ma come la ricerca di una prospettiva più affidabile.
Questa uscita di forza lavoro produce un doppio effetto. Da un lato l’Italia perde competenze, energia produttiva e contribuenti. Dall’altro, chi costruisce la propria carriera fuori dal Paese potrebbe versare altrove i contributi che avrebbero sostenuto il sistema nazionale. Anche per questo il dibattito sulle pensioni si intreccia con quello sull’occupazione qualificata e sulle opportunità offerte ai giovani.
La debolezza delle retribuzioni aggrava il quadro. Salari tra i più bassi d’Europa significano minore capacità di consumo, minori versamenti contributivi e percorsi previdenziali più leggeri. Il lavoro povero non pesa solo sul presente, ma riduce anche la sicurezza economica futura.
Perché il futuro delle pensioni dipende dal presente
Il quadro emerso mette in evidenza una verità difficile da ignorare: la previdenza non può essere separata dalla demografia e dal lavoro. Un Paese con pochi giovani, molti anziani, retribuzioni basse e alta emigrazione rischia di vedere indebolita la base su cui poggia l’intero sistema.
Il tema delle pensioni diventa, quindi, una lente per osservare molte fragilità italiane: lavoro, welfare, salari, giovani, territorio. La sostenibilità futura non dipende solo da formule tecniche o correzioni contabili, ma dalla capacità di mantenere nel Paese una popolazione attiva, ben pagata e in grado di contribuire con continuità. Senza questo equilibrio, il sistema delle pensioni rischia di diventare uno dei segnali più evidenti di una crisi molto più ampia.
Riassumendo
- Le pensioni dipendono dai contributi versati da chi oggi lavora.
- L’Italia invecchia e il numero dei lavoratori rischia di diminuire.
- In Molise i pensionati sono già più numerosi degli occupati.
- I conti dell’Inps risentono dello squilibrio tra contribuenti e beneficiari.
- Nel 2024 sono partite per l’estero 156 mila persone.
- Giovani, salari bassi ed emigrazione rendono più fragile il futuro previdenziale."
20260707061129,La Provincia Unica Tv,https://www.laprovinciadicomo.it/stories/premium/economia/emergenza-giovani-campus-delledilizia-per-invertire-la-rotta-o_3903974_11/,,,,,,srclc:ita,"Emergenza giovani. Campus dell’edilizia per invertire la rotta
Assemblea Ance Il 35-40% degli addetti del comparto raggiungerà entro pochi anni l’età pensionabile. Il “Progetto Merone” per la formazione delle nuove leve
Lettura 2 min.Como
«Domani è già oggi – ha detto Eugenio Rizzuti, presidente di Ance Como - le problematiche che stiamo attraversando e che riguardano demografia, lavoro e formazione, ci chiedono di intervenire subito, pensando al futuro». Sono proprio i giovani che mancano la chiave di volta attorno alla quale si è costruita l’assemblea Ance Como 2026 nella sede di via Briantea. Dopo la parte riservata alle imprese associate si è svolto l’incontro: “Chi costruirà il futuro? Demografia, lavoro e formazione nel settore delle costruzioni. Un progetto di filiera per il territorio comasco” con la moderazione della giornalista Maria Chiara Voci.
Eugenio Rizzuti ha posto al centro il tema del ricambio generazionale e la crescente difficoltà nel reperire personale qualificato: «non c’è più solo la necessità di formare le persone, ma di trovare persone da formare», alla luce di un quadro demografico che nei prossimi anni vedrà il 35-40% degli addetti del comparto raggiungere l’età pensionabile.
Gli interventi
Nel suo saluto introduttivo, l’assessore all’Università, Ricerca e Innovazione di Regione Lombardia, Alessandro Fermi, ha evidenziato come il calo demografico e il disallineamento tra formazione e mercato del lavoro impongano un cambio di paradigma: «dobbiamo dare pari dignità alla formazione tecnica e a quella universitaria, creando percorsi capaci di rispondere alle esigenze del sistema produttivo».
Proprio alla politica si è rivolto Francesco Billari, rettore dell’Università Bocconi, nel suo intervento dal titolo “Il nodo demografico: meno giovani, meno lavoratori?”: per invertire una tendenza che ha visto le nascite italiane crollare da un milione nel 1964 a sole 355mila nel 2025, è necessario intervenire e spetta alla politica e agli attori economici attivare leve strategiche, investendo su welfare, conciliazione vita-lavoro e capitale umano. Come questa prospettiva demografica influisca sul lavoro è stato oggetto dell’intervento di Margherita Roiatti, direttrice della Fondazione Adapt.
Agire sul territorio
Un esempio concreto di come sia possibile agire sul territorio per attrarre e formare nuovi talenti è il “Progetto Merone” che vuole trasformare un’ex area produttiva in un polo di formazione e innovazione per la filiera delle costruzioni, facendo leva sulla collaborazione tra imprese, istituzioni e mondo educativo.
Francesco Molteni, vicepresidente di Ance Lombardia, ha ricostruito la nascita del progetto, maturato dall’incontro tra l’associazione, Cometa e Holcim: «abbiamo messo insieme competenze diverse con un obiettivo comune: creare un percorso capace di dare futuro al settore delle costruzioni e al territorio». Molteni ha sottolineato il valore strategico dell’iniziativa, ricordando come il primo corso Its abbia già preso avvio e come il territorio sia riuscito ad attrarre giovani anche dall’estero.
Il presidente di Cometa, Alessandro Mele, ha evidenziato la portata culturale dell’iniziativa: «vogliamo far nascere un campus dell’edilizia che sia un punto di eccellenza per la formazione, l’innovazione e la ricerca, capace di attrarre giovani, imprese e competenze». Per Mele il progetto rappresenta «una visione costruita dal basso, insieme al territorio», destinata ad affiancare alla formazione professionale anche laboratori, servizi alle imprese e iniziative culturali.
Per Lucio Greco, amministratore delegato di Holcim Italia, la rigenerazione degli spazi industriali costituisce un tassello di una più ampia strategia di politica industriale: «stiamo creando un ecosistema formativo che diventi esempio concreto delle tecnologie costruttive più innovative e sostenibili, con l’obiettivo di arrivare a un vero Campus dell’edilizia».
Il sindaco di Merone, Alfredo Fusi, ha infine confermato il sostegno dell’amministrazione comunale: «per un piccolo Comune è una grande opportunità. Restituire una nuova funzione a un luogo simbolo della nostra storia significa dare ai giovani una prospettiva».
«Se riuscissimo anche solo a realizzare la metà di quello che stiamo immaginando, riusciremmo davvero a creare un’eccellenza per il mondo delle costruzioni comasche » ha concluso Eugenio Rizzuti.
© RIPRODUZIONE RISERVATA"
20260707061002,Teleborsa,https://www.teleborsa.it/DettaglioNews/23_2026-07-07_TLB/Eventi-e-scadenze-del-7-luglio-2026.html,,,,,,srclc:ita,"Eventi e scadenze del 7 luglio 2026
                I principali eventi economici societari e istituzionali in corso: risultati di periodo, annunci, conferenze, regolamenti
                
                
		
                    
                
	 
                
                
		
                    (Teleborsa) - 
 
Martedì 07/07/2026
 Appuntamenti:
 Constituency Meeting IMF/WB - Lisbona - Il Constituency Meeting del Fondo Monetario Internazionale e della Banca Mondiale (IMF/WB) riunisce i rappresentanti di alto livello dei 16 paesi membri responsabili delle finanze pubbliche e della politica monetaria, nonché i rappresentanti del Fondo Monetario Internazionale (FMI) e del Gruppo della Banca Mondiale (WBG). Partecipa il Ministro dell'Economia e delle Finanze Giancarlo Giorgetti (da lunedì 06/07/2026 a martedì 07/07/2026)
 Conferenza network ChaMP - Challenges for Monetary Policy Transmission in a Changing World - Roma, Centro Convegni Ciampi della Banca d'Italia - Conferenza conclusiva del Network ChaMP (Challenges for Monetary Policy Transmission in a Changing World). L'evento riunirà ricercatori e policy maker per discutere i risultati delle attività del Network e approfondire le sfide per la trasmissione della politica monetaria in un contesto economico e finanziario in evoluzione. Tra i vari interventi, ci saranno Fabio Panetta e Philip Lane (da lunedì 06/07/2026 a martedì 07/07/2026)
 Vertice NATO 2026 - Ankara, Complesso Presidenziale di Bestepe (Külliye) - Il Vertice sarà presieduto dal Segretario Generale della NATO, Mark Rutte. Si incontreranno i capi di Stato e di governo dei membri dell'Organizzazione del Trattato del Nord Atlantico per ""Un'Europa più forte in una NATO più forte"". È prevista la partecipazione del Ministro degli Affari Esteri e della Cooperazione Internazionale, Antonio Tajani (da martedì 07/07/2026 a mercoledì 08/07/2026)
 Banca d'Italia - Gli aggregati di bilancio della Banca d'Italia; Le riserve ufficiali della Banca d'Italia
 EIA (U.S. Energy Information Administration) - Pubblica l'outlook sull'energia
 09:30 - Supply Chain Global Summit 2026 - The new Supply Chain agenda for 2026 (and beyond) - NH Collection Milano CityLife - Summit di The European House - Ambrosetti, dove accademici di primarie Business School, esperti di fama mondiale ed Executive internazionali intervengono per condividere esperienze, opinioni e possibili soluzioni alle sfide più attuali e rilevanti per costruire il futuro digitale delle Supply Chain
 09:30 - Presentazione studio BCG x Altagamma - BCG Milano, Via Ugo Foscolo - Conferenza stampa di presentazione dello studio di Boston Consulting Group (BCG) in collaborazione con Altagamma ""True-Luxury Global Consumer Insight 2026""
 10:00 - Attività di Governo - Ministro Urso all'Italian Waste Economy - Roma, Centro Congressi Rospigliosi - Il ministro delle Imprese e del Made in Italy, Adolfo Urso, interviene all'evento del Sole 24 Ore ""Italian Waste Economy""
 10:00 - Istat - Bilancio demografico mensile P - 04-2026; Gettito delle imposte ambientali - Anni 2008-2025
 10:30 - BNL BNP Paribas - Nuova tappa del roadshow ""Shaping Tomorrow"" a Reggio Emilia - Reggio Emilia, Cirfood district - Nuova tappa del roadshow organizzato da BNL BNP Paribas, con al centro del confronto i nuovi scenari macroeconomici e riflessi sul Territorio Centro Nord, con un ulteriore focus sul distretto Reggio Emilia - Modena - Parma. Interverranno tra gli altri, Elena Goitini (AD di BNL BNP Paribas), Alessandro Malavolti (Presidente di Confindustria Reggio Emilia) e Simona Costagli (Chief Economist di BNL BNP Paribas)
 11:00 - CDP, Cherry Bank e Brazzale - Presentazione della prima operazione di destocking in Italia - Milano, Sede di CDP - Conferenza stampa di Cassa Depositi e Prestiti, Cherry Bank e Brazzale per la presentazione della prima operazione dedicata alla trasformazione dei beni in magazzino in nuova liquidità
 11:30 - Satispay - Conferenza stampa - Milano, Terrazza Martini - Conferenza stampa di Satispay per annunciare importanti novità
 11:45 - Assemblea della Federazione Lavoratori Pubblici e Funzioni Pubbliche (FLP) - Roma, Palazzo Baldassini - Valeria Vittimberga, DG dell'INPS, prenderà parte all'Assemblea. Nell'ambito della tavola rotonda dedicata alla nuova stagione contrattuale, al merito, alla produttività e all'organizzazione del lavoro, il confronto approfondirà le prospettive di innovazione della Pubblica Amministrazione e il ruolo del welfare organizzativo nella valorizzazione del lavoro pubblico
 12:00 - Attività di Governo - Ministro Urso, presentazione francobolli - Roma, Palazzo Piacentini - Il ministro delle Imprese e del Made in Italy, Adolfo Urso, presiede la presentazione dei francobolli dedicati a: Azienda Santoni, Aceto Balsamico Tradizionale di Modena, Sofidel marchio Regina, Amplifon, Layla Cosmetics, Scandalli Fisarmoniche, Danieli Officine Meccaniche, Rubinetterie Stella
 15:00 - Attività di Governo - Ministro Urso - Roma, Palazzo Wedekind - Il ministro delle Imprese e del Made in Italy, Adolfo Urso, interviene all’evento Forbes Healthcare Summit
 15:30 - Assemblea Soci di Assonave ""Ottant'anni di eccellenza, una rotta che continua"" - Roma, Spazio Vittoria - Assemblea dal titolo ""Ottant'anni di eccellenza, una rotta che continua"", sarà dedicata alla celebrazione degli 80 anni dalla nascita di Assonave e vedrà gli interventi, tra gli altri, di Biagio Mazzotta, Presidente di Assonave, di soggetti istituzionali, confindustriali e industriali. Tra questi, Pierroberto Folgiero (AD di Fincantieri), Emanuele Orsini (Presidente di Confindustria -TBC) e Andrea Montanino (Direttore Strategie Settoriali e Impatto CDP)
 16:00 - Start up e PMI Innovative per la transizione ecologica - Milano, Spazio Eventi Intesa Sanpaolo - Grattacielo Gioia22 - Evento organizzato da Intesa Sanpaolo per un onfronto e networking con investitori, esperti e protagonisti del settore per analizzare le sfide legate alla sostenibilità, il contributo apportato dalle startup e dalle PMI innovative e le modalità per sviluppare un ecosistema capace di supportare e valorizzare la crescita di queste realtà
 16:00 - Attività di Governo - Ministro Urso - Roma, Museo dell’Ara Pacis - Il ministro delle Imprese e del Made in Italy, Adolfo Urso, interviene all'Assemblea di Cosmetica Italiana
 19:20 - ALIS - ""L’impatto degli scenari geopolitici sulla logistica e sulle filiere industriali"" - Masseria Li Reni di Manduria - Consueto appuntamento estivo di ALIS, moderato da Bruno Vespa, nel corso del quale interverranno, tra gli altri, Guido Grimaldi (Presidente di ALIS), Edoardo Rixi (Viceministro delle Infrastrutture e dei Trasporti), Luigi Sbarra (Sottosegretario di Stato alla Presidenza del Consiglio), Sergio Liardo (Comandante Generale del Corpo delle Capitanerie di Porto – Guardia Costiera) e Massimiliano Giansanti (Presidente di Confagricoltura), Sabrina De Filippis (AD di FS Logistix)
 Titoli di Stato:
 Tesoro - Comunicazione medio-lungo
 Aziende:
 Brunello Cucinelli - Appuntamento: In seguito al CdA, si terrà una conference call con investitori istituzionali e analisti finanziari. - CDA: Approvazione dei dati Preliminari di Ricavi al 30 giugno 2026
 Crowdfundme - Assemblea: Assemblea ordinaria e straordinaria - prima convocazione
(Foto: a_korn - stock.adobe.com (ex Fotolia))
                
	
                
    
                
                
                
                
                
                
	
                
                
```"
20260707050538,Euronews It,http://it.euronews.com/salute/2026/07/07/infertilita-entro-il-2036-colpira-80-milioni-di-donne-soprattutto-dopo-i-35-anni,,,,,,srclc:ita,"Un nuovo studio prevede che, entro dieci anni, i casi di infertilità tra le donne nel mondo sfioreranno 80 milioni. Sarebbero quasi 1,5 volte rispetto al 2023, soprattutto per la maternità sempre più tardiva.
L’infertilità è aumentata negli ultimi anni, soprattutto tra le donne di età compresa tra 35 e 49 anni, secondo una nuova ricerca pubblicata su The Lancet (fonte in inglese).
Entro il 2036 i casi di infertilità in questa fascia d’età potrebbero sfiorare gli 80 milioni, in netto aumento rispetto ai circa 53,6 milioni del 2023, con l’incremento più marcato atteso tra le donne di 35‑39 anni.
Gli autori spiegano che il fenomeno è dovuto soprattutto alla riduzione, legata all’età, della riserva ovarica e della capacità degli ovociti di essere fecondati. Questo comporta una minore fertilità, un rischio più alto di aborto spontaneo e tassi di successo più bassi per le tecniche di procreazione medicalmente assistita.
«Con l’accelerazione dell’invecchiamento della popolazione e delle trasformazioni socioeconomiche, aumenta il numero di donne esposte al rischio di infertilità in età avanzata, ampliandone la rilevanza per la salute pubblica», scrivono gli autori.
Analizzando i dati dello studio Global Burden of Disease 2023, che ha riguardato 204 Paesi e regioni tra il 1990 e il 2023, i ricercatori cinesi hanno riscontrato che l’infertilità è cresciuta soprattutto nei Paesi più sviluppati.
Perché i casi sono in aumento
In molti Paesi a medio reddito e in rapida crescita, l’infertilità sta diventando più comune perché diverse trasformazioni sociali e demografiche si stanno verificando contemporaneamente.
Le persone si sposano e cercano di avere figli più tardi; sempre più donne tra la fine dei 30 e i 40 anni desiderano ancora una gravidanza; inoltre, una maggiore consapevolezza dei problemi di fertilità spinge più coppie a chiedere assistenza.
Tuttavia, in molti di questi contesti, gli esami e i trattamenti per la fertilità restano costosi, limitati o difficili da raggiungere, e la domanda di cure cresce molto più rapidamente dell’accesso ai servizi.
Secondo Rocío Núñez Calonge, biologa ed esperta di fertilità che non ha partecipato allo studio, l’aumento dell’infertilità nelle donne più anziane non può essere affrontato solo ampliando le opzioni di terapia di procreazione assistita.
«In Paesi come la Spagna è necessario intervenire anche sui fattori sociali che contribuiscono al rinvio della maternità, in particolare quelli legati alla conciliazione tra lavoro e vita privata, alla stabilità economica e al sostegno istituzionale alla maternità precoce», ha spiegato.
L’infertilità non riguarda solo le donne. Si stima (fonte in inglese) che circa una persona su sei nel mondo ne soffrirà a un certo punto della vita e che tra l’8 e il 12% delle coppie in età riproduttiva, a livello globale, sperimenterà problemi di infertilità."
20260707045145,Mix Vale,https://www.mixvale.com.br/2026/07/07/lesplosione-del-90-dellobesita-tra-i-giovani-richiede-nuovi-trattamenti-familiari-e-approcci-di-prevenzione-it/,,,,,,srclc:ita,Lo scenario della sanità pubblica brasiliana si trova ad affrontare una sfida senza precedenti con il rapido aumento dell’eccessivo aumento di peso nella popolazione appena entrata nell’età adulta. Le recenti indagini di monitoraggio Covitel 2023 hanno rivelato una realtà preoccupante registrando un balzo del 90% nei tassi di obesità tra gli individui di età compresa [...]
20260707042523,Bergamonews,https://www.bergamonews.it/2026/07/07/carenza-di-lavoratori-nelle-aziende-bergamo-risponde-con-contratti-piu-stabili-e-azioni-mirate-su-under-30-e-over-60/907136/,,,,,,srclc:ita,"Carenza di lavoratori nelle aziende: Bergamo risponde con contratti più stabili e azioni mirate su under 30 e over 60
È quanto emerge dall’Indagine sul Lavoro 2026 del Sistema Confindustria, realizzata su dati riferiti al 2025 e arricchita, per la Lombardia, dalle risposte di 763 aziende, di cui 95 bergamasche, rappresentative di oltre 18.000 lavoratori
La crescita occupazionale è stata sostanzialmente nulla, ma all’interno di un mercato del lavoro dove il turnover nel settore industriale ha conosciuto un sensibile calo è stata la qualità contrattuale a fare la differenza: i numeri complessivi, tradotto, sono rimasti stabili, ma è aumentata l’incidenza dei contratti permanenti a tempo indeterminato, anche tra i lavoratori più giovani.
È quanto emerge dall’Indagine sul Lavoro 2026 del Sistema Confindustria, realizzata su dati riferiti al 2025 e arricchita, per la Lombardia, dalle risposte di 763 aziende, di cui 95 bergamasche, rappresentative di oltre 18.000 lavoratori. L’indagine, che ogni anno monitora l’evoluzione dei principali fenomeni legati alla gestione delle risorse umane, fotografa un mercato caratterizzato da un’elevata occupazione, dalla crescente diffusione dell’intelligenza artificiale nei processi aziendali e dalla necessità, sempre più pressante, di affrontare il ricambio generazionale in un contesto di persistente inverno demografico.
Un mercato del lavoro ai vertici nazionali
La provincia di Bergamo conferma la propria vocazione manifatturiera e industriale. Secondo gli ultimi dati disponibili, gli occupati sfiorano le 530 mila unità, di cui circa 390 mila dipendenti del settore privato. Con oltre 145 mila addetti nell’industria, Bergamo si colloca al quinto posto in Italia per numero di lavoratori impiegati nel comparto industriale. Il dato più significativo riguarda però la disoccupazione. Nel 2025 il tasso si è attestato all’1,3%, il valore più basso tra tutte le province italiane. Dal 2019 il livello rimane stabilmente al di sotto della soglia del 3%, considerata fisiologica dagli economisti, mentre in alcune fasce della popolazione il tasso scende addirittura sotto l’1%. Numeri che confermano una situazione di piena occupazione ma che, allo stesso tempo, rendono sempre più difficile per le imprese reperire nuove professionalità.
Cresce ancora l’occupazione, ma con un ritmo più contenuto
Nel corso del 2025 sono stati registrati 125.551 nuovi avviamenti al lavoro a fronte di 120.971 cessazioni, con un saldo positivo di circa 4.500 posizioni. Pur rimanendo favorevole, il dato evidenzia un rallentamento rispetto agli anni precedenti. Dopo la forte espansione del triennio 2021-2023, caratterizzata da un’intensa mobilità lavorativa e da elevati livelli di turnover volontario, il biennio 2024-2025 mostra infatti un progressivo ritorno a condizioni più equilibrate, anche in conseguenza dell’incertezza economica che ha interessato il sistema produttivo. L’analisi congiunturale evidenzia inoltre una progressiva riduzione del saldo tra assunzioni e cessazioni nel corso del 2025, con il quarto trimestre che registra il livello più contenuto dal 2021.
Industria in ripresa, servizi meno dinamici
La manifattura torna a fornire un contributo positivo alla crescita occupazionale dopo la lieve flessione registrata nel 2024. Tuttavia, l’andamento non è uniforme tra i diversi comparti. Continuano a mostrare criticità l’automotive e il tessile-abbigliamento, mentre per la prima volta dal 2021 anche l’industria chimica registra un numero di cessazioni superiore alle nuove assunzioni. A sostenere il saldo positivo dell’industria sono invece soprattutto le aziende della gomma e delle materie plastiche, protagoniste di un deciso recupero dopo il biennio negativo 2023-2024, insieme al comparto delle apparecchiature elettriche, che conferma la propria capacità di creare occupazione. Anche il settore dei servizi continua a generare nuovi posti di lavoro, sebbene con un’intensità inferiore rispetto agli anni passati. Commercio, alloggio e ristorazione restano tra i comparti più dinamici, ma registrano saldi occupazionali meno sostenuti rispetto al recente passato.
Le sfide per le imprese
Oltre ai dati occupazionali, l’indagine dedica ampio spazio ai cambiamenti che stanno interessando la gestione del capitale umano. Tra i temi analizzati figurano la diffusione dello smart working, il welfare aziendale, l’impiego dell’intelligenza artificiale nei processi produttivi e organizzativi e, soprattutto, il ricambio generazionale. Con una popolazione attiva sempre più ridotta, molte imprese sono chiamate a ripensare le proprie strategie di attrazione e fidelizzazione dei talenti, investendo contemporaneamente in politiche di age management e nella valorizzazione delle competenze interne. Il quadro che emerge è quello di un territorio ancora estremamente competitivo, con livelli occupazionali tra i più elevati d’Italia, ma che deve confrontarsi con un contesto economico più incerto e con una crescente difficoltà nel reperire personale qualificato. Una sfida che richiederà, nei prossimi anni, investimenti continui in innovazione, formazione e sviluppo del capitale umano.
“Lo studio sulle risorse umane è iniziato nel 2005, quindi abbiamo un importante storico da cui partire – ha sottolineato Simone Maffeis, vicepresidente di Confindustria Bergamo con delega all’attrattività e alle risorse umane – La figura dell’Hr è il core in questo periodo storico, con l’obiettivo comune di portare a bordo delle aziende persone ingaggiate e con una cultura del lavoro. Le tematiche di recruiting, in un territorio a forte trazione metalmeccanica e con i servizi che crescono, sono molto forti: si parla di attrazione, attrattività e retention. Combattiamo con dinamiche di turnover significativo, con un gap salariale forte rispetto a territori vicini e alle aziende ‘big’ che rendono difficile essere competitivi. Oggi il giovane ha cambiato paradigma: se fino a qualche anno fa si basava sul ‘tenere duro e andare avanti’, oggi vale lo ‘scelgo io dove andare e dove collocarmi al meglio’. C’è poi il tema della convivenza in azienda di generazioni di lavoratori, anche quattro contemporaneamente, che dobbiamo essere in grado di far comunicare. Non possiamo sottovalutare, infine, i dati che possiamo avere a disposizione: oggi conoscere i motivi per cui la gente esce dalle aziende vale tanto quanto sapere il perché altri lavoratori ti scelgono”.
Rimane presente il fenomeno delle dimissioni volontarie, esploso nel post Covid: una dinamica oggi in moderato rallentamento ma che continua a rappresentare il 39% del totale delle cessazioni, pari a 49.645 casi nel corso del 2025, confermandosi ormai un fattore strutturale. L’incidenza maggiore la si ha nella fascia d’età fino ai 29 anni, che rappresenta il 20% della forza lavoro complessiva ma cuba il 35% di tutte le dimissioni volontarie.
Due sono le sfide più rilevanti in ambito Hr che emergono dalla ricerca: il tasso di turnover volontario, che rimane su valori più elevati rispetto al periodo pre-andemico, e la difficoltà di reperimento di nuove risorse, con l’89% delle aziende che ha attivato una di personale e tra queste il 79% manifesta delle criticità nel farlo. Un’ulteriore sfida strategica è data dall’intelligenza artificiale, che richiede una preparazione specifica per l’integrazione nei processi aziendali. Su questo fronte, il 48% delle aziende sta già applicando azioni in ambito HR, una percentuale pressoché raddoppiata rispetto alla rilevazione 2024.
Anche la retribuzione è un fattore determinante nella capacità attrattiva delle aziende. I partecipanti allo studio hanno dichiarato di prevedere per il 2026 un aumento medio del 2,9%, mentre il 44% di loro adotta politiche retributive basate su criteri specifici e differenziati per qualifica. Interessante notare, in questo ambito, la differenza di retribuzione in ingresso, più elevata per i laureati magistrali rispetto a quelli triennali, in particolare per le lauree di stampo tecnico e scientifico: Bergamo risulta in linea con la media lombarda, offrendo 27.600 euro per i laureati triennali e 29.600 per i magistrali in area Stem. Gli incrementi retributivi previsti per il primo anno di lavoro si attestano al 3,9%.
Altri fattori attrattivi sono il welfare (presente nell’87% delle aziende con un valore medio di 617 euro) e lo smart working (adottato dal 53% delle aziende con un’estensione temporale fino a quattro giorni mensili)
Interessante infine notare le politiche di age management, necessarie per contrastare la fase di inverno demografico: le aziende che non adottano nessuna azione per la gestione dei lavoratori under 30 e degli over 60 sono rispettivamente il 13% e il 14%, mentre le altre adottano una strategia basata su una o più azioni combinate. Tra le azioni più diffuse per gli under 30 ci sono ad esempio il mentoring o affiancamento intergenerazionale, la formazione iniziale e l’onboarding dedicato, la predisposizione di percorsi di crescita e carriera. Dall’altro lato per gli over 60 l’attenzione si sposta sulla flessibilizzazione dell’orario di lavoro, la sostituzione deopo il pensionamento e su percorsi di riqualificazione."
20260707041400,Qds,https://qds.it/condizione-giovani-italia-e-sicilia-disoccupazione-ansia-disagio-esistenziale/,,,,,,srclc:ita,"Secondo i dati Eurostat, l’Italia, con un tasso del 20,60%, continua a posizionarsi nella fascia alta della disoccupazione giovanile europea, superando di oltre cinque punti percentuali la media dell’area Euro (14,90%). Anche il lavoro nero e l’economia sommersa, secondo le ultime rilevazioni, sono in continuo aumento e di gran lunga superiori alla media europea, mentre i salari reali sono mediamente più bassi e significativamente inferiori a quelli dei coetanei francesi e tedeschi. La scarsa partecipazione giovanile al mercato del lavoro non è rilevante solo sul piano individuale: l’impatto sul Pil è stimato pari a circa il 3,5% annuo, a cui si sommano le ore perse per assenteismo.
Giovani sottopagati e in fuga dall’Italia: 630mila emigrati tra il 2011 e il 2024
Il punto è semplice e drammatico: in Italia i giovani lavorano poco e, quando lavorano, sono spesso sottopagati. Questo produce un effetto inevitabile, cioè la loro uscita dal Paese. E quando i giovani se ne vanno, il problema demografico non riguarda più solo il calo delle nascite, ma diventa una perdita strutturale di capitale umano.
Secondo i dati Svimez, dal 2011 al 2024, sono emigrati dall’Italia circa 630.000 giovani di età compresa fra i 18 e i 34 anni, a fronte di flussi di rientro minimi. La precarizzazione del lavoro, stando all’indice Ocse Employment protection legislation, resta fra le più alte nell’eurozona e si è ridotta di poco la quota dei Neet, ovvero di giovani che non lavorano, non studiano, non seguono corsi di formazione professionale.
Sicilia, disoccupazione giovanile al 36% e Neet al 45%: il più alto d’Italia
Per quanto riguarda la Sicilia, il tasso di disoccupazione giovanile si aggira attualmente intorno al 36%, con picchi che variano a seconda delle province. Parallelamente, il tasso di Neet (giovani tra i 15 e i 29 anni che non studiano, non lavorano e non seguono corsi di formazione) sfiora il 45%, il più alto d’Italia. Non è solo una questione economica perché riguarda la condizione e il futuro dei nostri giovani, privati del diritto alla progettualità, all’identità sociale, alla stabilità e alla dignità del lavoro.
160mila giovani siciliani emigrati: Enna e Caltanissetta le province più colpite
Secondo gli osservatori Ocse, la radice del problema sta nel fallimento del sistema educativo e nella disattenzione delle istituzioni verso la formazione e il lavoro giovanile. Il recente report della Banca d’Italia ha confermato un brusco rallentamento dell’occupazione giovanile nell’Isola, in controtendenza con l’aumento dei posti di lavoro registrato in altre fasce d’età. Oltre l’80% dei giovani non vede un futuro in Sicilia. Negli ultimi anni si è assistito a un esodo continuo di capitale umano qualificato, con oltre 160.000 giovani tra i 18 e i 34 anni che hanno abbandonato l’Isola. Lo confermano i dati elaborati dalla Cgil regionale che fotografano un quadro impietoso, soprattutto nelle zone interne. Sono le province di Enna e Caltanissetta quelle più colpite dal fenomeno dell’emigrazione di ragazze e ragazzi. A perdere la quota più consistente, circa il 14 per cento dei propri giovani, è stata infatti la provincia ennese, seguita dalla nissena, che dal 2019 a oggi ha perso invece oltre il 12 per cento delle nuove generazioni. Tra le cause della fuga la mancanza di lavoro e di prospettive di crescita. La riduzione dei giovani comporta meno competenze, meno innovazione e quindi meno produttività. Senza affrontare seriamente il nodo del lavoro giovanile, qualsiasi intervento sulla crescita rischia di rimanere inefficace.
Ansia e depressione giovanile in aumento: in Sicilia +30% dei casi tra le nuove generazioni
La tesi dei giovani choosy, cioè nullafacenti, secondo la definizione di Elsa Fornero, poi diventata dei “giovani sul divano” per la quale l’inattività dipende dai residui del Reddito di cittadinanza e da richieste eccessive, non tiene conto del fatto che il disagio giovanile si connota sempre più come condizione sistematica e di massa. L’Italia è uno dei Paesi in cui è in aumento l’incidenza dell’ansia e della depressione. Stando all’Oms/Global Burden of Disease, dal 1990 al 2025, l’incidenza della popolazione giovanile affetta da ansia e depressione è passata dal 3% all’8%. Il fatto che la diffusione di queste patologie sia relativamente maggiore fra i giovani non sorprende, se si considera come sia strettamente legata proprio alla crescente precarizzazione che, combinata con i bassi salari reali e al blocco della mobilità sociale, ha peggiorato le aspettative di vita futura.
Ansia, panico e depressione tra i giovanissimi sono lo specchio di una società fragile e in crisi. Il disagio giovanile in Sicilia registra un aumento del 30% dei casi di ansia e depressione. Tale emergenza, aggravata da elevati tassi di disoccupazione, sconta carenze strutturali nei Dipartimenti di Salute mentale e un numero di operatori inferiore alla media italiana. E col paradosso di avere oltre 40 milioni di euro destinati al budget di Salute e ai percorsi terapeutici che risultano ancora non pienamente utilizzati.
Pina Travagliante
Professore ordinario di Storia del pensiero economico presso l’Università degli Studi di Catania"
20260707040112,Tutte Le Ultime Notizie,https://www.ilrestodelcarlino.it/ancona/cronaca/terremoto-in-giunta-via-lassessore-26992c21,,,,,,srclc:ita,"Un vero e proprio terremoto politico scuote palazzo del Podestà. Il sindaco, Daniela Ghergo, ieri ha firmato il decreto di revoca delle deleghe all’Attrattività, al Turismo e alle Politiche Giovanili all’assessore Andrea Giombi. Se in passato due assessori avevano lasciato la Giunta per dimissioni volontarie, stavolta è stata la prima cittadina a fare la voce grossa. E il fatto avviene solo il mese dopo le dimissioni del capogruppo Paolo Paladini e il suo atto di accusa verso l’amministrazione. Il silenzio ufficiale avvolge i motivi specifici della rottura, ma nei corridoi del Comune il casus belli è chiarissimo. Il vaso è traboccato a causa della delibera del 18 giugno, pubblicata sull’albo pretorio e comunicata ai capigruppo solo ieri. L’atto prevedeva l’affidamento a un operatore esterno di un incarico annuale da 76mila euro, dedicato alla progettazione e allo sviluppo di un Piano di comunicazione integrata e di marketing territoriale. Un progetto nato per promuovere il patrimonio socio-economico, culturale e turistico della città, nel tentativo di ""contrastare la crisi e lo spopolamento demografico certificati dallo studio strategico di Nomisma Spa"". In quella seduta di Giunta, la votazione non è stata unanime: la delibera è passata con 7 voti favorevoli e il secco ""no"" di Andrea Giombi, che ha di fatto aperto una frattura insanabile. La sindaca Ghergo ha blindato politicamente la scelta attraverso una nota: ""È una decisione che ho assunto dopo un’approfondita riflessione, che si è resa necessaria per garantire la piena coesione, la fluidità amministrativa e il raggiungimento degli obiettivi strategici del programma di mandato. La nomina e la revoca degli assessori si fondano sul rapporto fiduciario: quando questo viene meno, ritengo doveroso assumere decisioni chiare. Chi amministra non può limitarsi a commentare gli eventi, deve assumersi la responsabilità delle decisioni, anche difficili"".
Ghergo ha anche ringraziato Giombi per il lavoro svolto, precisando che la revoca nasce dalla necessità di garantire alla Giunta la piena condivisione del percorso. ""In questi anni abbiamo rimesso in ordine i conti del Comune, sbloccato opere attese e avviato cantieri. Oggi serve una squadra coesa, capace di lavorare con unità di intenti. Nelle prossime ore provvederò alla redistribuzione delle deleghe"", ha concluso il sindaco. Dal canto suo, l’ormai ex assessore ha scelto per ora la via del no-comment, ma lo strappo in maggioranza sul costo della comunicazione istituzionale (e già prima attriri sulla questione del fotovoltaico di Argignano e la rinuncia della giunta a procedere per le vie legali) resta evidente.
Sara Ferreri"
20260706123733,Adnkronos,https://www.adnkronos.com/economia/assicurazioni-losito-ey-necessario-ecosistema-longevity-per-popolazione-che-invecchia_X10foVjZ0Zmm2owni61Zb,,,,,,srclc:ita,"'Servizi di cura dell’anziano saranno sempre più importanti per l’economia'
""I principali trend socio demografici in Italia mostrano un invecchiamento della popolazione e un calo della fertilità. Questo fa sì che la popolazione nativa è sempre in decrescita. Come può l’economia italiana, e il settore welfare in particolare, rispondere ai problemi e ai bisogni di una popolazione che è sempre più anziana? Essere dotati di un 'ecosistema longevity' vuol dire avere un ecosistema tecnologico, infrastrutturale e assicurativo che possa aiutare a far fronte ai bisogni di questa popolazione che invecchia"". Così Cristian Losito, partner, financial services, consulting di EY, alla seconda giornata di lavori degli 'Insurtech Days 2026', un evento organizzato a Milano da Italian Insurtech Association, dal titolo 'Life, Health & Longevity', la giornata interamente dedicata all’evoluzione dei modelli assicurativi in ambito vita, salute e longevità, in risposta a nuovi bisogni demografici, sociali e tecnologici.
""Un altro tema demografico importante sono i nuclei familiari, che sempre spesso sono nuclei composti da una o due persone e non più una 'famiglia tradizionale' con uno o piú figli - ha aggiunto - Questo fa sì che la cura degli anziani diventerà un aspetto più critico e, di conseguenza, tutti i servizi connessi con l’assistenza all'anziano saranno sempre più importanti e al centro dell'economia""."
20260706123733,Notizie.it,https://www.notizie.it/assicurazioni-losito-ey-necessario-ecosistema-longevity-per-popolazione-che-invecchia/,,,,,,srclc:ita,"(Adnkronos) – “I principali trend socio demografici in Italia mostrano un invecchiamento della popolazione e un calo della fertilità. Questo fa sì che la popolazione nativa è sempre in decrescita. Come può l’economia italiana, e il settore welfare in particolare, rispondere ai problemi e ai bisogni di una popolazione che è sempre più anziana? Essere dotati di un ‘ecosistema longevity’ vuol dire avere un ecosistema tecnologico, infrastrutturale e assicurativo che possa aiutare a far fronte ai bisogni di questa popolazione che invecchia”.
Così Cristian Losito, partner, financial services, consulting di EY, alla seconda giornata di lavori degli ‘Insurtech Days 2026’, un evento organizzato a Milano da Italian Insurtech Association, dal titolo ‘Life, Health & Longevity’, la giornata interamente dedicata all’evoluzione dei modelli assicurativi in ambito vita, salute e longevità, in risposta a nuovi bisogni demografici, sociali e tecnologici.
“Un altro tema demografico importante sono i nuclei familiari, che sempre spesso sono nuclei composti da una o due persone e non più una ‘famiglia tradizionale’ con uno o piú figli – ha aggiunto – Questo fa sì che la cura degli anziani diventerà un aspetto più critico e, di conseguenza, tutti i servizi connessi con l’assistenza all’anziano saranno sempre più importanti e al centro dell’economia”.
—
economia
webinfo@adnkronos.com (Web Info)"
20260706123733,Cremonaoggi It,https://www.cremonaoggi.it/2026/07/06/assicurazioni-losito-ey-necessario-ecosistema-longevity-per-popolazione-che-invecchia/,,,,,,srclc:ita,"Assicurazioni, Losito (EY): “Necessario ecosistema longevity per popolazione che invecchia”
            
            
                      (Adnkronos) – “I principali trend socio demografici in Italia mostrano un invecchiamento della popolazione e un calo della fertilità. Questo fa sì che la popolazione nativa è sempre in decrescita. Come può l’economia italiana, e il settore welfare in particolare, rispondere ai problemi e ai bisogni di una popolazione che è sempre più anziana? Essere dotati di un ‘ecosistema longevity’ vuol dire avere un ecosistema tecnologico, infrastrutturale e assicurativo che possa aiutare a far fronte ai bisogni di questa popolazione che invecchia”. Così Cristian Losito, partner, financial services, consulting di EY, alla seconda giornata di lavori degli ‘Insurtech Days 2026’, un evento organizzato a Milano da Italian Insurtech Association, dal titolo ‘Life, Health & Longevity’, la giornata interamente dedicata all’evoluzione dei modelli assicurativi in ambito vita, salute e longevità, in risposta a nuovi bisogni demografici, sociali e tecnologici.
“Un altro tema demografico importante sono i nuclei familiari, che sempre spesso sono nuclei composti da una o due persone e non più una ‘famiglia tradizionale’ con uno o piú figli – ha aggiunto – Questo fa sì che la cura degli anziani diventerà un aspetto più critico e, di conseguenza, tutti i servizi connessi con l’assistenza all’anziano saranno sempre più importanti e al centro dell’economia”."
20260706123733,Targatocn.it,https://www.targatocn.it/2026/07/06/leggi-notizia/articolo/assicurazioni-losito-ey-necessario-ecosistema-longevity-per-popolazione-che-invecchia.html,,,,,,srclc:ita,"(Adnkronos) - ""I principali trend socio demografici in Italia mostrano un invecchiamento della popolazione e un calo della fertilità. Questo fa sì che la popolazione nativa è sempre in decrescita. Come può l’economia italiana, e il settore welfare in particolare, rispondere ai problemi e ai bisogni di una popolazione che è sempre più anziana? Essere dotati di un 'ecosistema longevity' vuol dire avere un ecosistema tecnologico, infrastrutturale e assicurativo che possa aiutare a far fronte ai bisogni di questa popolazione che invecchia"". Così Cristian Losito, partner, financial services, consulting di EY, alla seconda giornata di lavori degli 'Insurtech Days 2026', un evento organizzato a Milano da Italian Insurtech Association, dal titolo 'Life, Health & Longevity', la giornata interamente dedicata all’evoluzione dei modelli assicurativi in ambito vita, salute e longevità, in risposta a nuovi bisogni demografici, sociali e tecnologici.
""Un altro tema demografico importante sono i nuclei familiari, che sempre spesso sono nuclei composti da una o due persone e non più una 'famiglia tradizionale' con uno o piú figli - ha aggiunto - Questo fa sì che la cura degli anziani diventerà un aspetto più critico e, di conseguenza, tutti i servizi connessi con l’assistenza all'anziano saranno sempre più importanti e al centro dell'economia""."
20260706123700,Il Tempo,https://www.iltempo.it/adnkronos/2026/07/06/news/assicurazioni-losito-ey-necessario-ecosistema-longevity-per-popolazione-che-invecchia--48448118/,,,,,,srclc:ita,"Assicurazioni, Losito (EY): ""Necessario ecosistema longevity per popolazione che invecchia""
Milano, 6 lug. (Adnkronos) - ""I principali trend socio demografici in Italia mostrano un invecchiamento della popolazione e un calo della fertilità. Questo fa sì che la popolazione nativa è sempre in decrescita. Come può l'economia italiana, e il settore welfare in particolare, rispondere ai problemi e ai bisogni di una popolazione che è sempre più anziana? Essere dotati di un 'ecosistema longevity' vuol dire avere un ecosistema tecnologico, infrastrutturale e assicurativo che possa aiutare a far fronte ai bisogni di questa popolazione che invecchia"". Così Cristian Losito, partner, financial services, consulting di EY, alla seconda giornata di lavori degli 'Insurtech Days 2026', un evento organizzato a Milano da Italian Insurtech Association, dal titolo 'Life, Health & Longevity', la giornata interamente dedicata all'evoluzione dei modelli assicurativi in ambito vita, salute e longevità, in risposta a nuovi bisogni demografici, sociali e tecnologici.
""Un altro tema demografico importante sono i nuclei familiari, che sempre spesso sono nuclei composti da una o due persone e non più una 'famiglia tradizionale' con uno o piú figli - ha aggiunto - Questo fa sì che la cura degli anziani diventerà un aspetto più critico e, di conseguenza, tutti i servizi connessi con l'assistenza all'anziano saranno sempre più importanti e al centro dell'economia""."
20260706123502,Investireoggi It,https://www.investireoggi.it/pensionati-esteri-la-scelta-fiscale-che-fa-rinascere-borghi-e-territori-del-sud/,,,,,,srclc:ita,"Il regime fiscale dedicato ai pensionati esteri continua a richiamare interesse. La misura consente, a determinate condizioni, di pagare un’imposta sostitutiva del 7 per cento sui redditi prodotti fuori dall’Italia. L’agevolazione riguarda chi percepisce una pensione di fonte estera e sposta la residenza fiscale in alcuni piccoli Comuni italiani. L’obiettivo non è solo tributario: la norma punta anche a sostenere territori con pochi abitanti, favorendo nuovi residenti, consumi locali e maggiori entrate per lo Stato.
Pensionati esteri: come funziona la tassazione al 7%
Il quadro normativo di riferimento è l’articolo 24-ter del TUIR (Testo Unico Imposte sui Redditi), introdotto dall’articolo 1, comma 273, della legge n.
145 del 2018, cioè la Legge di Bilancio 2019. La disposizione prevede un’imposta sostitutiva dell’IRPEF pari al 7% per i titolari di pensione erogata da soggetti esteri che trasferiscono la residenza fiscale in Italia.
Il beneficio riguarda i redditi di fonte estera, non solo la pensione. Si tratta, quindi, di un regime opzionale, scelto dal contribuente nella dichiarazione dei redditi. L’imposta sostitutiva prende il posto della tassazione ordinaria italiana su tali redditi, con un’aliquota unica e più bassa rispetto agli scaglioni IRPEF ordinari.
La disciplina non si applica ovunque. È necessario stabilire la residenza in Comuni con popolazione non superiore a 30.000 abitanti situati nel Mezzogiorno, oppure in aree colpite dagli eventi sismici del 2009 e del 2016, sempre nel rispetto del limite demografico previsto.
I requisiti territoriali e fiscali da rispettare
La scelta del Comune è centrale. Rientrano nella misura diversi territori del Sud Italia e alcune zone dell’Appennino interessate dai terremoti. Il legislatore ha collegato il vantaggio fiscale a un obiettivo di riequilibrio territoriale: portare nuovi residenti in luoghi che spesso soffrono spopolamento, invecchiamento della popolazione e minore attività economica.
Per accedere al regime, il trasferimento della residenza deve essere reale e conforme all’articolo 2 del TUIR, che definisce la residenza fiscale delle persone fisiche. Non basta una presenza formale: contano iscrizione anagrafica, domicilio, dimora abituale e legami personali ed economici.
I pensionati esteri interessati devono inoltre provenire da Paesi con i quali l’Italia ha accordi di cooperazione amministrativa. Questo aspetto serve a garantire controlli fiscali efficaci e scambio di informazioni tra amministrazioni.
I dati mostrano una crescita costante
I numeri, illustrati dal dal Ministero dell’Economia e delle Finanze (MEF) all’interrogazione parlamentare dello scorso 1° luglio 2026, confermano che la misura sta diventando più conosciuta. Dai dati delle dichiarazioni fiscali emerge un aumento rilevante dei contribuenti che hanno scelto questa opzione: si passa da 61 soggetti nel periodo d’imposta 2019 a 933 nel 2024.
Anche il gettito è salito nel tempo. Le entrate complessive superano gli 11 milioni di euro, con una quota riferita al 2026 pari a 909.575 euro. Non si tratta di importi enormi rispetto al bilancio pubblico, ma il dato segnala una tendenza chiara: il regime sta producendo effetti misurabili.
Le adesioni risultano concentrate soprattutto in regioni come Abruzzo, Puglia e Sicilia. Questo conferma che il vantaggio fiscale può incidere sulle scelte di trasferimento, soprattutto quando si unisce a costo della vita più basso, clima favorevole e qualità dei servizi locali.
Pensionati esteri e impatto sui piccoli Comuni
L’arrivo di nuovi residenti può generare effetti concreti per le comunità locali. Una pensione spesa in Italia sostiene negozi, artigiani, servizi sanitari privati, affitti, ristrutturazioni e consumi quotidiani. Per i piccoli centri, anche poche decine di nuovi abitanti possono rappresentare una spinta significativa.
Il regime dei pensionati esteri ha quindi una doppia funzione: fiscale e territoriale. Da un lato offre una tassazione semplice e prevedibile; dall’altro prova a rendere più attrattive aree che hanno bisogno di popolazione e investimenti.
Resta però importante il monitoraggio pubblico. L’agevolazione deve essere valutata nel tempo, verificando se produce benefici stabili e se le entrate derivanti dall’imposta sostitutiva risultano coerenti con le finalità della norma. Per i pensionati esteri, il 7% può rappresentare un incentivo forte; per l’Italia, la vera sfida è trasformare il trasferimento fiscale in presenza stabile, integrazione e sviluppo dei territori.
Riassumendo
- I pensionati esteri possono pagare il 7 per cento sui redditi esteri.
- Il regime nasce dall’articolo 24-ter del TUIR.
- Serve trasferire la residenza in piccoli Comuni ammessi dalla legge.
- La misura interessa soprattutto Mezzogiorno e aree colpite da terremoti.
- Le adesioni sono cresciute da 61 contribuenti a 933.
- L’agevolazione può sostenere consumi, gettito e sviluppo dei territori."
20260706122707,Adnkronos,https://www.adnkronos.com/economia/assicurazioni-agli-insurtech-days-2026-focus-di-generali-su-salute-e-previdenza-con-welion-e-alleanza_4hZLggdvPKrfJNBnm4Q5b7,,,,,,srclc:ita,"Allungamento aspettativa di vita al centro del confronto della seconda giornata di lavori
""Il cambio della domanda necessita un cambio di paradigma. Di conseguenza, Generali si sta posizionando con un nuovo ruolo: non solo pagatore della prestazione, ma anche accompagnatore dei propri clienti nel percorso salute e questo lo facciamo attraverso tre direttrici"". A dirlo è stato Luca Tavecchia, responsabile Health & Accident Operation di Generali Welion, intervenendo alla seconda giornata di lavori degli Insurtech Days 2026, un evento organizzato a Milano da Italian Insurtech Association, dal titolo 'Life, Health & Longevity', la giornata interamente dedicata all’evoluzione dei modelli assicurativi in ambito vita, salute e longevità, in risposta a nuovi bisogni demografici, sociali e tecnologici. ""La prima direttrice è la comprensione dei bisogni della nuova domanda per rispettare il desiderata dei nostri clienti - ha spiegato -. La seconda è facilitare l'accesso alle cure in un sistema che oggi, dal punto di vista del Sistema sanitario nazionale, è congestionato"".
""Quindi, è necessario lo sviluppo di un network di eccellenza su tutto il territorio nazionale con una capillarità importante - ha sottolineato Tavecchia -. Il terzo elemento è che questo modello regga attraverso una piattaforma tecnologica, capace di mettere in connessione tutti gli attori, farli interagire e agevolare questo accesso alle cure con un servizio di eccellenza delle operations scalabili e una liquidazione dei sinistri che sia efficace ed efficiente"". Ivan Mestriner, responsabile Vita e Danni Alleanza Assicurazioni - Gruppo Generali, ha approfondito, invece, il tema dell’allungamento dell’aspettativa di vita e cambiamento del ruolo della Life Insurance- ""Viviamo più a lungo e questa è una notizia molto bella, ma è necessario cambiare approccio e imparare a pianificare prima il nostro futuro previdenziale - ha detto -. Oggi, il pilastro pubblico non è più in grado di svolgere completamente questa funzione perché la popolazione invecchia e abbiamo un problema demografico a cui si aggiunge anche l'allungamento della speranza di vita"".
Per Mestriner ""è necessario, quindi, avere coscienza che una parte della nostra vita la passeremo in condizioni di salute non ottimali. Di conseguenza, questo è uno dei ruoli sociali che dobbiamo svolgere noi come operatori assicurativi. Ancora oggi, infatti, 6 lavoratori italiani su 10 non hanno la previdenza complementare. E’ necessario, pertanto, svolgere un'attività sul territorio, portando conoscenza, formazione e consapevolezza. Oggi Alleanza lo fa con il più grande tour nazionale di informazione finanziaria e assicurativa, dedicato soprattutto ai giovani under 35. In conclusione, il primo aspetto su cui soffermarsi è la consapevolezza e poi sull’offerta, che deve essere coerente e al passo con i tempi e capace di integrare previdenza complementare, ma anche questo nuovo spicchio di vita che si è aperto, perchè viviamo di più. Come Alleanza, abbiamo creato un prodotto che in caso di non autosufficienza raddoppia la rendita previdenziale""."
20260706122707,Notizie.it,https://www.notizie.it/assicurazioni-agli-insurtech-days-2026-focus-di-generali-su-salute-e-previdenza-con-welion-e-alleanza/,,,,,,srclc:ita,"(Adnkronos) – “Il cambio della domanda necessita un cambio di paradigma. Di conseguenza, Generali si sta posizionando con un nuovo ruolo: non solo pagatore della prestazione, ma anche accompagnatore dei propri clienti nel percorso salute e questo lo facciamo attraverso tre direttrici”. A dirlo è stato Luca Tavecchia, responsabile Health & Accident Operation di Generali Welion, intervenendo alla seconda giornata di lavori degli Insurtech Days 2026, un evento organizzato a Milano da Italian Insurtech Association, dal titolo ‘Life, Health & Longevity’, la giornata interamente dedicata all’evoluzione dei modelli assicurativi in ambito vita, salute e longevità, in risposta a nuovi bisogni demografici, sociali e tecnologici.
“La prima direttrice è la comprensione dei bisogni della nuova domanda per rispettare il desiderata dei nostri clienti – ha spiegato -. La seconda è facilitare l’accesso alle cure in un sistema che oggi, dal punto di vista del Sistema sanitario nazionale, è congestionato”.
“Quindi, è necessario lo sviluppo di un network di eccellenza su tutto il territorio nazionale con una capillarità importante – ha sottolineato Tavecchia -.
Il terzo elemento è che questo modello regga attraverso una piattaforma tecnologica, capace di mettere in connessione tutti gli attori, farli interagire e agevolare questo accesso alle cure con un servizio di eccellenza delle operations scalabili e una liquidazione dei sinistri che sia efficace ed efficiente”. Ivan Mestriner, responsabile Vita e Danni Alleanza Assicurazioni – Gruppo Generali, ha approfondito, invece, il tema dell’allungamento dell’aspettativa di vita e cambiamento del ruolo della Life Insurance- “Viviamo più a lungo e questa è una notizia molto bella, ma è necessario cambiare approccio e imparare a pianificare prima il nostro futuro previdenziale – ha detto -.
Oggi, il pilastro pubblico non è più in grado di svolgere completamente questa funzione perché la popolazione invecchia e abbiamo un problema demografico a cui si aggiunge anche l’allungamento della speranza di vita”.
Per Mestriner “è necessario, quindi, avere coscienza che una parte della nostra vita la passeremo in condizioni di salute non ottimali. Di conseguenza, questo è uno dei ruoli sociali che dobbiamo svolgere noi come operatori assicurativi. Ancora oggi, infatti, 6 lavoratori italiani su 10 non hanno la previdenza complementare. E’ necessario, pertanto, svolgere un’attività sul territorio, portando conoscenza, formazione e consapevolezza. Oggi Alleanza lo fa con il più grande tour nazionale di informazione finanziaria e assicurativa, dedicato soprattutto ai giovani under 35. In conclusione, il primo aspetto su cui soffermarsi è la consapevolezza e poi sull’offerta, che deve essere coerente e al passo con i tempi e capace di integrare previdenza complementare, ma anche questo nuovo spicchio di vita che si è aperto, perchè viviamo di più. Come Alleanza, abbiamo creato un prodotto che in caso di non autosufficienza raddoppia la rendita previdenziale”.
—
economia
webinfo@adnkronos.com (Web Info)"
20260706122707,Targatocn.it,https://www.targatocn.it/2026/07/06/leggi-notizia/articolo/assicurazioni-agli-insurtech-days-2026-focus-di-generali-su-salute-e-previdenza-con-welion-e-alle.html,,,,,,srclc:ita,"(Adnkronos) - ""Il cambio della domanda necessita un cambio di paradigma. Di conseguenza, Generali si sta posizionando con un nuovo ruolo: non solo pagatore della prestazione, ma anche accompagnatore dei propri clienti nel percorso salute e questo lo facciamo attraverso tre direttrici"". A dirlo è stato Luca Tavecchia, responsabile Health & Accident Operation di Generali Welion, intervenendo alla seconda giornata di lavori degli Insurtech Days 2026, un evento organizzato a Milano da Italian Insurtech Association, dal titolo 'Life, Health & Longevity', la giornata interamente dedicata all’evoluzione dei modelli assicurativi in ambito vita, salute e longevità, in risposta a nuovi bisogni demografici, sociali e tecnologici. ""La prima direttrice è la comprensione dei bisogni della nuova domanda per rispettare il desiderata dei nostri clienti - ha spiegato -. La seconda è facilitare l'accesso alle cure in un sistema che oggi, dal punto di vista del Sistema sanitario nazionale, è congestionato"".
""Quindi, è necessario lo sviluppo di un network di eccellenza su tutto il territorio nazionale con una capillarità importante - ha sottolineato Tavecchia -. Il terzo elemento è che questo modello regga attraverso una piattaforma tecnologica, capace di mettere in connessione tutti gli attori, farli interagire e agevolare questo accesso alle cure con un servizio di eccellenza delle operations scalabili e una liquidazione dei sinistri che sia efficace ed efficiente"". Ivan Mestriner, responsabile Vita e Danni Alleanza Assicurazioni - Gruppo Generali, ha approfondito, invece, il tema dell’allungamento dell’aspettativa di vita e cambiamento del ruolo della Life Insurance- ""Viviamo più a lungo e questa è una notizia molto bella, ma è necessario cambiare approccio e imparare a pianificare prima il nostro futuro previdenziale - ha detto -. Oggi, il pilastro pubblico non è più in grado di svolgere completamente questa funzione perché la popolazione invecchia e abbiamo un problema demografico a cui si aggiunge anche l'allungamento della speranza di vita"".
Per Mestriner ""è necessario, quindi, avere coscienza che una parte della nostra vita la passeremo in condizioni di salute non ottimali. Di conseguenza, questo è uno dei ruoli sociali che dobbiamo svolgere noi come operatori assicurativi. Ancora oggi, infatti, 6 lavoratori italiani su 10 non hanno la previdenza complementare. E’ necessario, pertanto, svolgere un'attività sul territorio, portando conoscenza, formazione e consapevolezza. Oggi Alleanza lo fa con il più grande tour nazionale di informazione finanziaria e assicurativa, dedicato soprattutto ai giovani under 35. In conclusione, il primo aspetto su cui soffermarsi è la consapevolezza e poi sull’offerta, che deve essere coerente e al passo con i tempi e capace di integrare previdenza complementare, ma anche questo nuovo spicchio di vita che si è aperto, perchè viviamo di più. Come Alleanza, abbiamo creato un prodotto che in caso di non autosufficienza raddoppia la rendita previdenziale""."
20260706122700,Il Tempo,https://www.iltempo.it/adnkronos/2026/07/06/news/assicurazioni-agli-insurtech-days-2026-focus-di-generali-su-salute-e-previdenza-con-welion-e-alleanza-48448117/,,,,,,srclc:ita,"Assicurazioni, agli 'Insurtech Days 2026' focus di Generali su salute e previdenza con Welion e Alleanza
Milano, 6 lug. (Adnkronos) - ""Il cambio della domanda necessita un cambio di paradigma. Di conseguenza, Generali si sta posizionando con un nuovo ruolo: non solo pagatore della prestazione, ma anche accompagnatore dei propri clienti nel percorso salute e questo lo facciamo attraverso tre direttrici"". A dirlo è stato Luca Tavecchia, responsabile Health & Accident Operation di Generali Welion, intervenendo alla seconda giornata di lavori degli Insurtech Days 2026, un evento organizzato a Milano da Italian Insurtech Association, dal titolo 'Life, Health & Longevity', la giornata interamente dedicata all'evoluzione dei modelli assicurativi in ambito vita, salute e longevità, in risposta a nuovi bisogni demografici, sociali e tecnologici. ""La prima direttrice è la comprensione dei bisogni della nuova domanda per rispettare il desiderata dei nostri clienti - ha spiegato -. La seconda è facilitare l'accesso alle cure in un sistema che oggi, dal punto di vista del Sistema sanitario nazionale, è congestionato"".
""Quindi, è necessario lo sviluppo di un network di eccellenza su tutto il territorio nazionale con una capillarità importante - ha sottolineato Tavecchia -. Il terzo elemento è che questo modello regga attraverso una piattaforma tecnologica, capace di mettere in connessione tutti gli attori, farli interagire e agevolare questo accesso alle cure con un servizio di eccellenza delle operations scalabili e una liquidazione dei sinistri che sia efficace ed efficiente"". Ivan Mestriner, responsabile Vita e Danni Alleanza Assicurazioni - Gruppo Generali, ha approfondito, invece, il tema dell'allungamento dell'aspettativa di vita e cambiamento del ruolo della Life Insurance- ""Viviamo più a lungo e questa è una notizia molto bella, ma è necessario cambiare approccio e imparare a pianificare prima il nostro futuro previdenziale - ha detto -. Oggi, il pilastro pubblico non è più in grado di svolgere completamente questa funzione perché la popolazione invecchia e abbiamo un problema demografico a cui si aggiunge anche l'allungamento della speranza di vita"".
Per Mestriner ""è necessario, quindi, avere coscienza che una parte della nostra vita la passeremo in condizioni di salute non ottimali. Di conseguenza, questo è uno dei ruoli sociali che dobbiamo svolgere noi come operatori assicurativi. Ancora oggi, infatti, 6 lavoratori italiani su 10 non hanno la previdenza complementare. E' necessario, pertanto, svolgere un'attività sul territorio, portando conoscenza, formazione e consapevolezza. Oggi Alleanza lo fa con il più grande tour nazionale di informazione finanziaria e assicurativa, dedicato soprattutto ai giovani under 35. In conclusione, il primo aspetto su cui soffermarsi è la consapevolezza e poi sull'offerta, che deve essere coerente e al passo con i tempi e capace di integrare previdenza complementare, ma anche questo nuovo spicchio di vita che si è aperto, perchè viviamo di più. Come Alleanza, abbiamo creato un prodotto che in caso di non autosufficienza raddoppia la rendita previdenziale""."
20260706122135,Padovaoggi,https://www.padovaoggi.it/attualita/padova-coldiretti-prevenzione-citta-speranza-6-luglio-2026.html,,,,,,srclc:ita,"Agricoltori e medici insieme per la prevenzione: l'iniziativa Coldiretti
Venerdì 10 luglio il mercato di Campagna Amica approda alla Fondazione Città della Speranza per promuovere la dieta mediterranea nell'ambito del progetto nazionale che punta a valorizzare il ruolo dell'alimentazione nella tutela della salute
Anche la città del Santo aderisce al primo patto nazionale per la salute dei cittadini promosso da Coldiretti, Fondazione Campagna Amica e Fondazione Aletheia. Venerdì 10 luglio il mercato contadino di Campagna Amica entra all’istituto di ricerca pediatrica Fondazione Città della Speranza per lanciare un messaggio chiaro: la prevenzione passa anche dalla tavola e dalla scelta di alimenti sani.
L'iniziativa rientra nella mobilitazione nazionale che vedrà l'allestimento di mercati contadini in oltre settanta ospedali italiani, con l'obiettivo di riportare al centro delle abitudini alimentari il cibo che fa bene, previene le malattie e migliora la qualità della vita, contrastando la diffusione degli alimenti che, al contrario, aumentano il rischio di ammalarsi.
Il patto nasce dalla crescente emergenza sanitaria legata al consumo di prodotti di cui non si conosce l'origine o che subiscono manipolazioni lungo la filiera, come nel caso dell'olio miscelato per essere commercializzato come extravergine, del grano trattato con glifosate in pre-raccolta, una pratica consentita in alcuni Paesi extra Unione Europea ma vietata in Italia, fino ad arrivare ai cibi ultra-processati, ai quali la ricerca scientifica collega ben 32 effetti negativi sulla salute.
Da questa consapevolezza nasce l'alleanza tra il mondo agricolo e quello sanitario per promuovere corretti modelli di consumo e rafforzare la prevenzione attraverso il cibo, contrastando anche la diffusione di energy drink e prodotti ricchi di additivi chimici che trovano sempre più spazio nelle abitudini alimentari quotidiane.
Parallelamente, anche negli ospedali veneti coinvolti si svolgeranno iniziative dedicate alla promozione della dieta mediterranea e del cibo di qualità come primo presidio di salute. La ricerca scientifica evidenzia infatti il legame tra il consumo abituale di alimenti ultra-processati e numerose patologie, tra cui obesità, diabete di tipo 2, malattie cardiovascolari, tumori, steatosi epatica, disturbi intestinali e malattie neurodegenerative. Una dieta ricca di prodotti industriali e additivi può inoltre incidere sulla fertilità maschile e femminile, con effetti anche sul futuro demografico del Paese.
Nei mercati contadini allestiti negli ospedali sarà possibile conoscere e acquistare prodotti simbolo della dieta mediterranea, riconosciuta dalla comunità scientifica come uno dei modelli alimentari più efficaci per la prevenzione: olio extravergine di oliva, pesce azzurro, legumi, frutta secca, pasta e cereali di qualità, agrumi, frutta e verdura ricchi di antiossidanti, alimenti che contribuiscono alla salute del cuore, del cervello, del metabolismo e del sistema immunitario.
PadovaOggi è anche su Mobile! Scarica l’App per rimanere sempre aggiornato."
20260706112033,La Gazzetta Del Mezzogiorno,https://www.lagazzettadelmezzogiorno.it/news/taranto/2043236/gli-stranieri-a-taranto-sono-il-4-della-popolazione-e-la-maggior-parte-vive-nel-borgo-l-analisi.html,,,,,,srclc:ita,"Taranto multiculturale, ecco di seguito un’analisi della popolazione straniera residente nel capoluogo ionico e la sua distribuzione nel territorio. La composizione demografica di Taranto sta vivendo una trasformazione silenziosa, ma costante, con una presenza di cittadini stranieri che ormai caratterizza significativamente il tessuto sociale del capoluogo ionico. Secondo i dati Istat aggiornati al 31 dicembre 2025, che la Gazzetta ha consultato, la popolazione straniera residente nel Comune di Taranto ammonta a 7mila 259 persone, un numero che rappresenta quasi il 4 per cento dell’intera popolazione cittadina, che conta complessivamente 186mila 565 abitanti. Questa presenza non è distribuita in modo uniforme sul territorio comunale, ma si concentra con una densità particolare nel cuore storico della città. Il quartiere Città Vecchia-Borgo, infatti, detiene il primato indiscusso con 4mila 334 cittadini stranieri residenti, un valore che equivale a circa il 60 per cento dell’intera popolazione immigrata residente nel comune, su un totale di 38mila 883 abitanti dell’area, registrando un’incidenza percentuale locale molto superiore alla media cittadina. Seguono, seppur con numeri notevolmente inferiori, gli altri rioni cittadini: l’area di Tre Carrare-Solito ospita 961 cittadini stranieri su 35mila 085 abitanti, Talsano-San Vito-Lama ne accoglie 703 su 42mila 103, Montegranaro-Salinella conta 587 presenze su 38mila 212 abitanti, Tamburi-Lido Azzurro ne registra 562 su 15mila 635, mentre il quartiere Paolo VI presenta la presenza meno numerosa con soli 112 cittadini stranieri su 16mila 060 residenti totali.
Analizzando, invece, la provenienza delle comunità che compongono questo mosaico demografico, emerge un quadro eterogeneo in cui la comunità albanese si conferma la più numerosa con 1mila 531 persone, pari a circa il 21 per cento del totale stranieri, seguita immediatamente da quella rumena con 1mila 406 residenti, che costituisce circa il 19 per cento della popolazione straniera locale. Molto rilevante è anche la presenza di cittadini cinesi, che contano 928 persone, rappresentando quasi il 13 per cento del totale, mentre la comunità marocchina si attesta a 482 residenti. La popolazione di origine ucraina conta 345 persone, seguita da quella polacca con 321 cittadini, dai residenti di nazionalità nigeriana che sono 288, dal gruppo pakistano che annovera 255 persone e dalla comunità georgiana con 214 residenti, completando il quadro con altre numerose nazionalità che complessivamente ammontano a 1mila 489 persone.
Questi dati evidenziano che il centro della città continua a fungere da principale porta d’accesso e di residenza per i nuovi arrivati, determinando una geografia sociale che riflette le dinamiche occupazionali, abitative e storiche del territorio tarantino."
20260706091813,Affaritaliani,https://www.affaritaliani.it/milano/milano-2027-anche-ora-pronto-a-scendere-in-campo-aperti-al-dialogo-con-le-forze-di-centro.html,,,,,,srclc:ita,"Ritagliarsi uno spazio nel percorso verso le Comunali milanesi del 2027 e, subito dopo, verso le Regionali lombarde del 2028. È l’obiettivo di ORA!, il partito fondato nell’ottobre 2025 da Michele Boldrin e Alberto Forchielli, che prova a proporsi come alternativa alle contrapposizioni tradizionali tra centrodestra e centrosinistra. La linea è quella del pragmatismo: crescita, innovazione, scuola, università, casa, sicurezza, mobilità ed efficienza della spesa pubblica. Temi sui quali ORA! intende costruire il proprio radicamento, rivolgendosi soprattutto a chi non si riconosce nelle “tifoserie” politiche.
A raccontare il progetto sono Alessandro Bonacina, referente di ORA! Milano, e Massimo Famularo, coordinatore di ORA! Lombardia. “Il partito nasce proprio per dare voce a chi non si riconosce in nessuna delle due tifoserie”, affermano. “Siamo una forza giovane, con il 70 per cento degli iscritti sotto i trent’anni, ma già radicata su tutto il territorio nazionale, che mette al centro i problemi reali invece delle appartenenze”.
“Il dibattito si è ridotto a uno scontro tra curve”
Secondo Bonacina e Famularo, lo spazio per una proposta politica non schierata rigidamente con uno dei due poli sarebbe più ampio di quanto comunemente si pensi. “Crescita, innovazione, scuola, università, efficienza della spesa pubblica e riforma fiscale sono i temi concreti sui quali ci collochiamo come alternativa tanto alla retorica della sinistra quanto alla demagogia della destra”, spiegano. “Crediamo che esista uno spazio rilevante per questo tipo di proposta e che sia più ampio di quanto la rappresentazione mediatica dello scontro tra i due poli lasci credere”.
La ragione, sostengono, è che “il dibattito si è ridotto a uno scontro tra opposte curve e cresce ogni giorno il numero di chi resta fuori da entrambe”. Il riferimento naturale è a quella parte di elettorato che lavora, studia, fa impresa o svolge professioni ad alta qualificazione. “La nostra proposta si rivolge a chi la città la vive davvero: chi lavora, chi fa impresa, chi studia, chi innova. A quell’elettorato pragmatico che rappresenta l’anima produttiva e professionale del Paese e che chiede continuità nello sviluppo, non l’ennesimo scontro ideologico”.
“Il modello Milano non va smontato, ma rilanciato”
Milano è il principale banco di prova del progetto. Per ORA!, il modello costruito negli ultimi anni non deve essere accantonato, ma difeso e aggiornato. “Il modello Milano, fatto di apertura internazionale, riformismo, crescita e capacità di attrarre talenti e investimenti, resta una delle principali infrastrutture economiche del Paese”, osservano Bonacina e Famularo. “Chi vuole smontarlo, da destra come da sinistra, non ha capito cosa questa città rappresenti per l’intera Italia”. Il giudizio sull’amministrazione uscente non è liquidatorio. Al contrario, i due dirigenti riconoscono alcuni risultati ottenuti dalla città e dalla giunta guidata da Giuseppe Sala. “Milano è oggi il principale motore economico del Paese. In poco più di un decennio è diventata un modello di attrattività, fatto di investimenti, nuove imprese, un mercato del lavoro capace di assorbire competenze da tutta Italia e uno standing internazionale senza paragoni nel nostro Paese”. Un risultato che attribuiscono innanzitutto “alla capacità dei milanesi di fare impresa, innovazione e cultura, nonostante i vincoli rilevanti del quadro regolamentare e istituzionale italiano”. Ma, aggiungono, “va dato atto all’amministrazione uscente di essere riuscita a non ostacolare e anzi a supportare il lavoro di chi ha saputo creare valore per la collettività”.
Rivedere le procedure senza rinunciare alla crescita
La difesa del modello Milano non significa, tuttavia, negarne le criticità. Il costo della vita, l’accesso alla casa, la mobilità e la sicurezza sono i punti sui quali ORA! ritiene necessario intervenire. “Il punto di equilibrio non sta nel rallentare la crescita, ma nell’accompagnarla con regole trasparenti e verificabili e nel coniugarla con una maggiore attenzione alla sostenibilità anche per le fasce di reddito meno alte”, sottolineano Bonacina e Famularo. L’equilibrio di Milano si costruisce con “una revisione seria delle procedure, non con la rinuncia alla crescita”. “Milano deve continuare a crescere, perché è la sua natura e la sua forza, ma quella crescita va sostenuta da interventi mirati su casa, trasporti e sicurezza, capaci di migliorare concretamente la qualità della vita di chi abita la città senza fermarne lo sviluppo”. Il metro di confronto, per ORA!, non può più essere soltanto nazionale. “Il paragone ormai è con le grandi capitali europee ed è con loro che dobbiamo tenere il passo”.
La ricetta sulla casa: aumentare l’offerta
Sul caro-affitti, il partito individua una priorità precisa: costruire e recuperare un maggior numero di abitazioni. “La leva principale è una sola: aumentare l’offerta”, affermano i due esponenti. “Servono più alloggi per riequilibrare domanda e offerta e riportare i prezzi a un livello sostenibile, sia con edifici di nuova costruzione sia con la riqualificazione del patrimonio esistente”. Senza un aumento dell’offerta, avvertono, “qualsiasi intervento sui prezzi resta un palliativo”. La questione si intreccia inevitabilmente con il dibattito sull’urbanistica milanese e con le inchieste che hanno coinvolto diversi interventi edilizi. ORA! chiede una distinzione netta tra responsabilità giudiziaria e scelta politica. “Alla magistratura spetta accertare eventuali responsabilità penali, alla politica spettano le scelte sullo sviluppo della città”, sostengono. “La magistratura non può diventare un freno all’azione amministrativa né sostituirsi a chi è stato eletto per governare”. L’obiettivo dichiarato è “sbloccare i cantieri con regole certe, non fermare la città per timore di nuovi scandali”.
“La sicurezza deve tornare a essere un servizio ordinario”
Anche sul tema della sicurezza ORA! prova a smarcarsi dalle letture contrapposte. “La sicurezza resta una delle principali preoccupazioni per i cittadini del capoluogo lombardo”, riconoscono Bonacina e Famularo. “Questa necessità va presa sul serio, evitando sia la retorica della sinistra sia la demagogia della destra, che al di là dei proclami non affrontano i problemi alla radice”. La proposta passa da una maggiore presenza sul territorio e dall’utilizzo della tecnologia. “Non servono misure straordinarie o limitazioni alla libertà personale. Serve una sicurezza più vicina ai cittadini”. “L’approccio di ORA! è pragmatico e si basa su un’analisi concreta dei problemi”: tra gli interventi indicati figurano “strumenti digitali semplici per favorire la denuncia anche dei reati minori, presidio costante nei quartieri più fragili, migliore illuminazione, videosorveglianza mirata e uso dei dati per indirizzare pattuglie e risorse dove servono davvero”. Il principio viene riassunto nello slogan scelto dal partito: “Il coraggio dell’ovvio consiste nel restituire alla sicurezza il carattere ordinario di un servizio essenziale che la città deve garantire ai suoi cittadini, non una bandiera identitaria né un feticcio ideologico”.
Trasporti, il punto debole sono tram e autobus
Sul fronte della mobilità, il giudizio sulla rete milanese è positivo ma non privo di critiche. “Milano ha oggi il miglior sistema di trasporto pubblico locale d’Italia”, affermano. “Ma il metro di paragone giusto non è il resto del Paese: sono le grandi capitali europee”. Il principale ritardo, secondo ORA!, riguarda il trasporto di superficie. “Tram e bus sono il vero punto debole della rete, molto più della metropolitana”. La proposta è quella di “un piano che porti il trasporto di superficie agli standard europei, con corsie preferenziali, priorità semaforica e una rete più frequente e affidabile”. È questa, aggiungono, la strada per conciliare ambiente e lavoro: “Bisogna potenziare l’offerta di trasporto pubblico invece di scaricare il costo della transizione su chi ogni giorno deve muoversi, produrre e lavorare attraverso misure restrittive sulla mobilità privata”.
“Milano capitale europea ma con una architettura istituzionale che la comprime”
ORA! pone poi una questione istituzionale: l’attuale assetto della città metropolitana non sarebbe adeguato al ruolo economico e internazionale ormai assunto da Milano. “Gli strumenti attuali non sono adeguati e va detto con chiarezza”, dichiarano Bonacina e Famularo. “Milano ha un peso economico e demografico da grande capitale europea, ma è ancora compressa in un’architettura istituzionale pensata per realtà molto più piccole”. La richiesta è quella di “poteri speciali e una vera città metropolitana, con competenze e risorse all’altezza del suo ruolo”. Secondo i due dirigenti, si tratta della condizione necessaria “per consolidare Milano come hub internazionale di business e opportunità, alla pari di Londra, Berlino o Barcellona”. In caso contrario, concludono, “le chiediamo di competere con un peso ai piedi”.
Comunali 2027, il ruolo che vuole giocare ORA!
In vista delle elezioni comunali, ORA! si dice disponibile a costruire un’intesa con le principali forze centriste. “La nostra posizione è semplice: rifiutare le narrazioni ideologiche, di destra come di sinistra, mantenere e incentivare ciò che in questi anni ha funzionato e intervenire sui meccanismi distorti che ostacolano chi vuole creare valore per sé e per la collettività”. La piattaforma parte dalla difesa del modello Milano e comprende “regole trasparenti, più offerta abitativa, procedure autorizzative certe, sicurezza vicina ai cittadini, trasporto pubblico di superficie ai livelli europei e poteri speciali per Milano come vera città metropolitana”. “Su questa base siamo aperti a costruire un’intesa con le principali forze di centro, capace di incidere positivamente sul governo della città”, annunciano. Il partito è anche alla ricerca di un possibile candidato sindaco: “Cerchiamo una figura che prenda le distanze dagli estremismi e condivida i nostri valori e i punti programmatici di fondo”. Nessun obiettivo percentuale viene però indicato, almeno per ora. “Preferiamo non fissare target numerici prima di aver completato il radicamento sul territorio”.
Da luglio banchetti e incontri pubblici
Il lavoro di costruzione della presenza territoriale è già cominciato. “ORA! gode già di un buon numero di iscritti a Milano e in Lombardia”, spiegano Bonacina e Famularo. “Il partito si sta radicando sul territorio, ha partecipato a diverse campagne elettorali comunali, non solo in Lombardia, e si prepara ora alla sfida milanese e nazionale”. A partire dal 4 luglio saranno organizzati in città banchetti e incontri pubblici, con un calendario destinato a proseguire per tutta l’estate e l’autunno, fino all’avvio della campagna elettorale sul territorio . “È questa la nostra modalità per parlare a chi non si riconosce nei blocchi tradizionali: presenza diretta e confronto costante, non episodico, con i cittadini, prima ancora delle scadenze elettorali”. Perché, concludono, “le proposte si costruiscono ascoltando chi la città la vive, non a tavolino”.
LEGGI QUI TUTTE LE NOTIZIE DELLA SEZIONE MILANO"
20260706084101,Hw Upgrade,https://www.hwupgrade.it/news/web/in-questa-azienda-i-programmatori-stanno-diventando-manager-di-bot_155839.html,,,,,,srclc:ita,"In questa azienda i programmatori stanno diventando 'manager di bot'
SAP sta trasformando il lavoro degli sviluppatori integrando agenti di intelligenza artificiale che automatizzano attività di coding e supporto, ridefinendo i ruoli verso attività di supervisione e mentoring. Nonostante tagli e riorganizzazioni, l'azienda punta a una crescita netta dell'organico.
di Manolo De Agostini pubblicata il 06 Luglio 2026, alle 10:41 nel canale WebSAP
Come riportato in un articolo del New York Times, in SAP l'intelligenza artificiale sta già sostituendo una parte significativa del lavoro degli sviluppatori software. Le attività di brainstorming, ricerca, scrittura e test del codice vengono sempre più spesso affidate ad agenti AI, mentre il ruolo umano si sposta verso supervisione, coordinamento e mentoring dei sistemi automatici.
Il cambiamento è già visibile nella struttura interna del lavoro: meno task ripetitivi, più gestione di flussi generati da agenti digitali che operano come assistenti avanzati o veri e propri ""colleghi virtuali"". Diversi dipendenti riportano un aumento delle attività creative e progettuali rispetto al coding tradizionale.
Secondo il CEO Christian Klein, il modello di sviluppo software sta evolvendo rapidamente e potrebbe ridurre drasticamente la centralità della programmazione manuale nei prossimi anni, sostituita da una forza lavoro ibrida uomo-AI.
Sul piano organizzativo, SAP ha già attraversato una fase di ristrutturazione con circa 10.000 posizioni eliminate, in parte attribuite all'automazione. Parallelamente, l'azienda sostiene di aver aumentato l'organico netto dal 2023, introducendo nuove figure professionali focalizzate sull'integrazione dell'AI nei progetti clienti.
Il caso viene osservato anche a livello europeo: secondo diversi economisti, l'adozione dell'AI potrebbe aiutare a compensare la carenza di lavoratori qualificati legata all'invecchiamento demografico. Tuttavia, la transizione è frenata da ritardi infrastrutturali e dalla dipendenza dell'Europa da modelli AI sviluppati negli Stati Uniti.
In questo contesto, SAP rappresenta un esempio di trasformazione rapida ma non priva di incertezze: aumento di produttività e automazione da un lato, rischi strategici e geopolitici dall'altro, in particolare legati alla dipendenza da tecnologie esterne e alla possibile riduzione della domanda di software tradizionale."
20260706083546,Cremonaoggi It,https://www.cremonaoggi.it/2026/07/06/occupazione-al-689-il-mercato-del-lavoro-cremonese-tiene-ma-restano-le-fragilita-strutturali/,,,,,,srclc:ita,"Nel 2025 il mercato del lavoro della provincia di Cremona conferma una situazione complessivamente positiva, pur convivendo con importanti fragilità strutturali. L’occupazione rimane su livelli storicamente elevati e la disoccupazione si mantiene tra le più basse della Lombardia, mentre i servizi pubblici per il lavoro rafforzano il proprio ruolo di supporto a cittadini e imprese. Questo è il quadro che emerge dai dati diffusi dalla Provincia di Cremona. Il contesto economico è caratterizzato da una crescita moderata, frenata dalle tensioni internazionali e dall’aumento dei costi energetici, che incidono in particolare sul sistema produttivo cremonese, fortemente industriale ed energivoro. Nonostante ciò, il tessuto imprenditoriale mostra segnali di vitalità, con una crescita della natalità d’impresa e un aumento delle società di capitali e delle imprese straniere.
La popolazione continua a invecchiare e la lieve crescita demografica è sostenuta esclusivamente dai flussi migratori. Gli stranieri rappresentano quindi una risorsa fondamentale sia per l’equilibrio demografico sia per il mercato del lavoro, soprattutto nei settori dell’agricoltura e delle costruzioni.
Nel 2025 gli occupati sono circa 154 mila, con un tasso di occupazione del 68,9%, vicino alla media regionale. La disoccupazione si attesta al 2,4%, mentre permane un significativo divario di genere: il tasso di occupazione femminile resta di quasi 18 punti inferiore a quello maschile.
L’occupazione è concentrata soprattutto nei servizi e nel commercio, mentre l’industria continua a perdere peso rispetto al periodo pre-pandemia. Crescono invece le costruzioni grazie agli investimenti legati al PNRR. Il lavoro dipendente rimane prevalente e il contratto a tempo indeterminato rappresenta la forma contrattuale più diffusa.
Le Comunicazioni Obbligatorie evidenziano un lieve rallentamento delle assunzioni rispetto al 2024, pur mantenendo un saldo occupazionale positivo. Anche le trasformazioni dei contratti a tempo indeterminato restano consistenti, seppure in lieve diminuzione. Le imprese programmano oltre 28 mila assunzioni, ma oltre la metà delle posizioni risulta difficile da coprire per carenza di candidati o per disallineamento tra competenze richieste e disponibili. Le maggiori criticità si registrano nelle costruzioni, nell’agricoltura e in alcuni comparti industriali.
Permane inoltre la difficoltà di trattenere i giovani qualificati, mentre continua la fuga di competenze verso altri territori. Parallelamente cresce l’offerta formativa professionalizzante, con l’espansione dei percorsi tecnici, degli ITS Academy e della nuova filiera tecnologico-professionale, sempre più collegata alle esigenze del sistema produttivo locale. Anche i Centri per l’Impiego registrano una forte crescita degli utenti e dei servizi erogati grazie al Programma GOL e alle nuove misure di sostegno al reddito. I servizi non svolgono più soltanto funzioni amministrative, ma accompagnano sempre più le persone nelle transizioni lavorative, contribuendo all’inserimento occupazionale.
Nel complesso, il mercato del lavoro cremonese si dimostra solido e resiliente, ma dovrà affrontare nei prossimi anni sfide decisive legate all’invecchiamento della popolazione, alla carenza di manodopera qualificata, al divario di genere e alla capacità di attrarre e trattenere capitale umano."
20260706080046,Scenari Economici,https://scenarieconomici.it/il-boom-dei-nuovi-spagnoli-quasi-300-mila-cittadinanze-in-un-anno-il-piano-di-sanchez-per-cambiare-il-corpo-elettorale/,,,,,,srclc:ita,"AttualitàPoliticaSpagna
Il boom dei nuovi spagnoli: quasi 300 mila cittadinanze in un anno. Il piano di Sánchez per cambiare il corpo elettorale?
Il governo Sánchez triplica i passaporti concessi e batte i record di Francia e Germania: quasi 300 mila nuovi cittadini nel 2025. Un’accelerazione burocratica che introduce oltre un milione di potenziali elettori e ridisegna gli equilibri politici ed economici del Paese.
Mentre l’Europa intera discute di come chiudere le frontiere, la Spagna di Pedro Sánchez ha deciso di spalancarle dall’interno. I dati ufficiali dell’Istituto Nazionale di Statistica spagnolo (INE) rivelano una realtà senza precedenti. Nel solo anno 2025, il governo di Madrid ha polverizzato ogni record storico nazionale, concedendo la cittadinanza a quasi 300.000 residenti stranieri.
Non si tratta di una fluttuazione passeggera, ma di una precisa e metodica accelerazione politica. Questo dato rappresenta più del triplo delle concessioni registrate nel biennio 2018-2019, l’epoca in cui Sánchez si è insediato alla Moncloa. Con questa fiammata burocratica, la Spagna supera storici colossi dell’accoglienza e si piazza stabilmente al primo posto all’interno dell’Unione monetaria per numero di naturalizzazioni.
La grande scalata della demografia burocratica
La volatilità è sempre stata una costante nelle statistiche di Madrid, ma un trend rialzista così verticale non si era mai visto. Per capire la portata del fenomeno, basta confrontare i numeri attuali con l’ultimo anno intero del precedente governo conservatore guidato da Mariano Rajoy.
Se guardiamo al quadro europeo complessivo calcolato da Eurostat tra il 2019 e il 2024, la Spagna distacca tutti con 1,04 milioni di nuovi cittadini. Nello stesso periodo la Germania si è fermata a 1,02 milioni e la Francia non ha raggiunto nemmeno quota 700.000. Sommando la via ordinaria della residenza e i canali esteri della “Legge sulla Memoria Storica”, lo Stato spagnolo ha battezzato 1,8 milioni di nuovi cittadini tra il 2018 e il 2025.
Da dove arrivano i nuovi cittadini?
I requisiti standard prevedono dieci anni di residenza continuativa, ma il sistema iberico è storicamente generoso con le sue ex colonie. Per i cittadini dell’America Latina, infatti, il periodo minimo scende a soli due anni. Inoltre, i matrimoni misti azzerano l’attesa a un solo anno.
Questa corsia preferenziale spiega la mappa delle origini: oltre il 50% dei nuovi passaporti è stato consegnato a cittadini provenienti da nove Paesi latinoamericani, con punte massime per Venezuela, Colombia e Perù. Tuttavia, analizzando i singoli Stati, il Marocco si conferma la prima terra d’origine, coprendo da solo il 17% del totale nell’intero periodo.
Le ricadute economiche e il fattore elettorale
Il Ministero della Giustizia giustifica il boom con massicci investimenti nella digitalizzazione e nello snellimento delle pratiche. Tuttavia, un travaso demografico del genere ha un impatto immediato sul sistema economico e politico. Dal punto di vista lavorativo, l’impatto sul censimento dell’impiego non è automatico, poiché una fetta consistente dei richiedenti è composta da minorenni.
L’impatto più esplosivo si vedrà invece nelle urne. Secondo le proiezioni dei tecnici del think tank Freemarket, l’effetto combinato delle naturalizzazioni dei residenti e dei non residenti (tramite la “Legge sui Nipoti”) potrebbe gonfiare le liste elettorali di ben 1,3 milioni di potenziali nuovi votanti entro la fine della legislatura. Parliamo di un aumento secco superiore al 3% del corpo elettorale complessivo.
La distribuzione di questi voti sarà decisiva soprattutto nelle circoscrizioni delle aree interne e meno popolate, dove poche centinaia di preferenze spostano gli ultimi decisivi seggi parlamentari. Il sospetto dell’opposizione è chiaro: il Partito Socialista (PSOE) sta cercando di fabbricarsi una nuova base elettorale su misura, compensando il declino tra gli elettori storici. Attenzione, però: la storia insegna che i nuovi cittadini non sempre votano come spera chi ha firmato i loro passaporti. I laburisti britannici, di recente, se ne sono accorti a loro spese."
