date_str,source,url,themes,locations,persons,organizations,tone,translation_info,full_text
20261001212616,Il Mattino,https://www.ilmattino.it/primopiano/sanita/pediatra_di_base_fino_ai_18_anni_da_napoli_l_idea_degli_specialisti-9798167.html,,,,,,srclc:ita,"Portare l’assistenza del pediatra di famiglia fino ai 18 anni per evitare che gli adolescenti restino nella «terra di mezzo» tra cure pediatriche e medicina degli adulti.
È la proposta rilanciata a Napoli dalla Federazione italiana medici pediatri, riunita fino al 4 ottobre prossimo alla Stazione Marittima per il ventesimo congresso nazionale, con oltre 650 professionisti provenienti da tutta Italia. La misura interesserebbe più di 2,2 milioni di ragazzi tra 14 e 17 anni in Italia. Una fascia nella quale aumentano disagio psicologico, disturbi alimentari, sedentarietà, dipendenze da sostanze e uso problematico delle tecnologie. Problemi che richiedono continuità, ascolto e conoscenza del contesto familiare, non soltanto visite occasionali.
La campagna della ASL Napoli 1 Centro contro il papilloma Virus| VIDEO
Il rapporto di fiducia
«Il pediatra conosce il ragazzo, la sua storia clinica e, nella maggior parte dei casi, anche la famiglia – spiega il presidente nazionale Fimp Antonio D’Avino pediatra napoletano – mantenere questo riferimento fino alla maggiore età significa evitare una frattura proprio negli anni in cui cambiano i bisogni di salute». L’obiettivo, chiarisce la Federazione, non è sottrarre competenze ai medici di medicina generale ma costruire un passaggio più ordinato. La proposta deve tuttavia fare i conti con la carenza di pediatri, i massimali e l’organizzazione territoriale. Dunque, l’intero sistema andrebbe ricalibrato in funzione delle nuove esigenze. La denatalità riduce le fasce pediatriche più giovani ma l’estensione non può essere realizzata senza una programmazione degli organici e dei carichi assistenziali. Dal congresso arriva anche l’allarme sulle infezioni respiratorie: adenovirus, rinovirus e virus parainfluenzali starebbero interessando tra il 20 e il 30 per cento dei bambini in età scolare. Resta aperto il fronte delle vaccinazioni, dopo la crescita dei casi di morbillo e le difficoltà nel recupero dell’anti-Hpv durante l’adolescenza. Altro nodo è l’obesità: il 19 per cento dei bambini tra 8 e 9 anni è in sovrappeso e il 10 per cento obeso. Più del 70 per cento degli adolescenti obesi conserva la condizione da adulto. Un dato molto preoccupante soprattutto al Sud e in Campania. Nasce per questo il progetto “BAS-e-ROC”, che affida al pediatra strumenti per intervenire su alimentazione, attività fisica e abitudini familiari. «Il digitale va affrontato come un tema di salute», conclude D’Avino. Sonno, relazioni e benessere psicologico sono ormai parte della visita pediatrica. La sfida lanciata da Napoli è trasformare il pediatra nel punto di riferimento dell’intera età evolutiva, fino alla soglia dell’età adulta.
e. mau.
© RIPRODUZIONE RISERVATA"
20261001204807,Investing - Quotazioni,https://it.investing.com/news/stock-market-news/moodys-migliora-loutlook-di-carters-a-stabile-con-ripresa-di-vendite-e-margini-3571538,,,,,,srclc:ita,Moody’s migliora l’outlook di Carter’s a stabile con ripresa di vendite e margini
20261001201200,Rainews,https://www.rainews.it/video/2026/10/fisco-stipendi-e-conti-pubblici-domani-il-cdm-sulla-manovra-e9f5571e-c66a-4e76-8ab2-8e180a9d9830.html,,,,,,srclc:ita,"Fisco, stipendi e conti pubblici, domani il CdM sulla Manovra
Il Presidente del Consiglio ha confermato che l'esecutivo interverrà per tutelare gli stipendi e il potere d'acquisto. Previsti stanziamenti per la famiglia, la natalità e la sanità
Il Consiglio dei Ministri è chiamato all'approvazione del Documento Programmatico di Finanza Pubblica (Dpfp), il primo atto formale che definisce il quadro della Manovra economica 2027. La scadenza per la trasmissione del documento alle Camere è fissata per domani, venerdì 2 ottobre. Il Governo punta a mantenere il deficit sotto il 3% del Pil per il 2026 nel quadro delle trattative con Bruxelles. Si discute l'attivazione della clausola di salvaguardia per ottenere flessibilità sui costi legati a difesa ed energia. Tra le priorità figurano la riduzione della tassazione sui redditi medio-alti e il taglio dell'Irpef (con l'ipotesi di abbassare la seconda aliquota dal 35% al 33%). Giorgia Meloni ha confermato che l'esecutivo interverrà per tutelare gli stipendi e il potere d'acquisto. Previsti stanziamenti per la famiglia, la natalità e la sanità. Per le imprese si punta all'estensione su scala nazionale di alcune semplificazioni burocratiche attualmente limitate alla Zes unica."
20261001192623,Varese News,https://www.varesenews.it/2026/10/vivere-piu-a-lungo-non-basta-la-sfida-e-invecchiare-in-salute-autonomia-e-relazione/2695792/,,,,,,srclc:ita,"Vivere più a lungo non basta: la sfida è invecchiare in salute, autonomia e relazione
Dalla prevenzione alla solitudine, dall’alimentazione al ruolo dei nonni, fino alla necessità di ripensare welfare e servizi: l’allungamento della vita impone di guardare alla terza età non soltanto come a una fase di fragilità, ma come a un tempo in cui continuare a essere protagonisti della comunità. Se n'è parlato in incontro promosso da Spi Cgil
Vivere più a lungo è una conquista, ma non può essere l’unico obiettivo. La questione decisiva è come si vivono gli anni guadagnati: con quale stato di salute, quanta autonomia, quali relazioni e quale possibilità di continuare ad avere un ruolo nella società. È attorno a questa domanda che si intrecciano alcuni dei temi più importanti legati all’invecchiamento: prevenzione, alimentazione, solitudine, trasformazione delle famiglie, accesso ai servizi e partecipazione sociale.
Il punto di partenza è un cambiamento demografico ormai strutturale. Gli anziani aumentano, mentre le reti familiari che tradizionalmente ne sostenevano la quotidianità diventano più fragili: crescono le persone che vivono sole, le coppie senza figli vicini e le situazioni nelle quali l’assistenza ricade su un numero sempre più ristretto di familiari. È quindi il significato stesso della longevità a cambiare: non soltanto aggiungere anni alla vita, ma provare ad aggiungere vita agli anni.
«La sfida per il futuro non è soltanto vivere più a lungo, ma creare le condizioni per vivere più a lungo in salute, autonomia e benessere psicologico», ha sintetizzato Carlo Nicora, direttore generale della Fondazione Molina, intervenendo all’incontro promosso da Spi Cgil a Materia Spazio Libero. Una distinzione che Nicora ha sviluppato mettendo a confronto due concetti complementari: l’invecchiamento sano, legato soprattutto alla capacità funzionale e alla salute fisica e cognitiva, e la longevità attiva, che riguarda invece partecipazione, autonomia e possibilità di continuare a dare significato ai propri anni.
Il nodo è anche quello della prevenzione. Una vita più lunga, infatti, non coincide necessariamente con una vita più lunga in buona salute. Da qui la necessità di intervenire prima che la fragilità diventi non autosufficienza, lavorando non soltanto sulla diagnosi precoce ma anche sugli stili di vita, sull’attività fisica, sulla nutrizione, sul benessere psicologico e sull’integrazione tra servizi sanitari e sociali.
«Il prendersi cura di sé è un pezzo che dà valore alla possibilità che noi poi stiamo bene», ha sottolineato Nicora, ricordando anche un aspetto spesso trascurato: molte persone anziane continuano a occuparsi degli altri, come caregiver, nonni o volontari, ma proprio per questo rischiano di lasciare poco spazio alla propria salute e al proprio benessere. «Lo spazio per noi va assolutamente preso. Non bisogna vivere un senso di colpa nel togliere qualcosa a qualcun altro».
Solitudine e alimentazione, due problemi che spesso si incontrano
Tra i temi che attraversano più direttamente la quotidianità degli anziani c’è quello della solitudine, che non riguarda soltanto la dimensione emotiva ma può avere conseguenze molto concrete sulla salute. E uno degli ambiti in cui questo legame diventa più evidente è proprio l’alimentazione. «Una cattiva nutrizione è spesso, non dico sempre, il risultato di una solitudine», ha osservato Rosa Romano, presidente di Auser territoriale Varese. «Una persona sola non ha voglia di cucinare per sé. Immaginiamo una donna che ha sempre cucinato per la famiglia e improvvisamente si trova da sola: deve imparare che esiste anche lei come persona e che deve fare qualcosa per sé».
Il tema alimentare, quindi, va ben oltre la composizione di una dieta. Significa disponibilità economica, capacità di fare la spesa, possibilità di muoversi, voglia di cucinare, occasioni di incontro. Ed è proprio nell’esperienza quotidiana dei servizi di accompagnamento, consegna dei pasti e aiuto alla spesa che Auser incontra molte di queste fragilità.
Ma per Romano la risposta non può limitarsi alla prestazione assistenziale. L’obiettivo deve essere anche creare occasioni di socialità: laboratori, corsi, centri di incontro, attività culturali e ricreative. «Oltre al discorso alimentare c’è il desiderio di fare coesione, di fare in modo che la loro solitudine si riduca».
Non solo fragilità: gli anziani come risorsa
C’è poi un tema culturale: come si racconta la vecchiaia e quale immagine della persona anziana viene restituita dalla società.
Su questo ha insistito Alessandra Vicentini, del Centro di Ricerca per l’Invecchiamento di Successo dell’Università dell’Insubria. Il fenomeno dell’invecchiamento, ha spiegato, non può essere affrontato esclusivamente dal punto di vista medico o biologico, perché coinvolge anche aspetti economici, giuridici, sociali, linguistici e culturali.
«Occorre anche cambiare il modo in cui si parla di vecchiaia», ha osservato Vicentini. Le parole, infatti, contribuiscono a costruire una rappresentazione: parlare dell’anziano soltanto in termini di fragilità, dipendenza o bisogno rischia di oscurare competenze, esperienze e possibilità di partecipazione. «C’è una questione di identità personale dell’anziano, ma anche di identità che la nostra stessa società contribuisce a creare».
L’invecchiamento di successo, in questa prospettiva, non significa negare le difficoltà legate all’età, ma costruire condizioni nelle quali le persone possano rimanere il più a lungo possibile attive, autonome e inserite nella vita della comunità.
I nonni come “antenne” per il benessere dei più giovani
Il protagonismo della terza età emerge anche nel rapporto tra generazioni. Sempre più spesso i nonni partecipano alla vita quotidiana dei nipoti: li accompagnano a scuola, trascorrono con loro pomeriggi e periodi di vacanza, preparano pranzo e merenda. Una presenza che può trasformarsi anche in una preziosa capacità di osservazione.
Su questo versante Federica Sartini, psicoterapeuta della rete Food for Mind, ha richiamato l’attenzione sui disturbi della nutrizione e dell’alimentazione, la cui età di esordio si è progressivamente abbassata.
«Il cibo non è mai solo cibo», ha spiegato. «Sin da quando nasciamo è una fonte di nutrimento biologico, ma soprattutto affettivo». Il rapporto con il cibo si costruisce quindi all’interno delle relazioni, dei ricordi e dei rituali familiari: il piatto preparato dalla nonna, la torta del compleanno, la tavola condivisa diventano parti di una memoria affettiva.
Proprio per questo i nonni, se informati, possono diventare anche “antenne” capaci di cogliere alcuni cambiamenti: non soltanto quanto un ragazzo mangia, ma il modo in cui vive i pasti, il rapporto con il proprio corpo, il progressivo isolamento o la perdita di interesse per occasioni familiari e sociali.
Sartini ha messo in guardia anche dall’estremo opposto: l’ossessione contemporanea per il cibo considerato perfettamente sano. «L’ortoressia si sviluppa quando le persone iniziano a essere ossessionate dai cibi sani», ha spiegato, ricordando che anche un comportamento apparentemente virtuoso può diventare problematico quando finisce per occupare tutta la vita della persona.
Una rete che tenga insieme pubblico, sanità e territorio
Tutti questi temi riportano infine a una questione comune: nessun soggetto può affrontare da solo la trasformazione demografica in corso.
L’assessore alle Politiche sociali del Comune di Varese Roberto Molinari ha richiamato la necessità di un nuovo rapporto tra istituzioni, terzo settore e realtà private. «Uno degli elementi fondamentali è un rapporto propositivo e positivo tra pubblico, terzo settore, privato e sociale, perché soltanto unendo le proprie forze si potranno affrontare determinati problemi». 
Una prospettiva ripresa nelle conclusioni da Giacomo Licata, segretario generale dello Spi Cgil Varese, che ha sottolineato la necessità di non legare automaticamente il tema dell’anziano a quello della sola assistenza.
«Abbiamo voluto slegare il tema dell’anziano dal tema della cura, provando a dare anche un’accezione positiva», ha spiegato Licata. Accanto alle tutele rimane infatti il protagonismo: quello di una generazione che può avere problemi di salute o di accesso ai servizi, ma che conserva competenze, esperienza, capacità di volontariato e una presenza importante nella vita delle famiglie e delle comunità.
«C’è una testa che funziona, c’è una forza di volontà e, in molti casi, anche una forza psicofisica. Tutto questo si può mettere a disposizione di una collettività che oggi ne ha estremamente bisogno».
È probabilmente qui che si trova il filo che lega insieme tutti i temi: invecchiare non come progressiva uscita dalla società, ma come trasformazione del proprio posto al suo interno. E una comunità che diventa più anziana dovrà imparare non soltanto a curare meglio le proprie fragilità, ma anche a riconoscere e utilizzare meglio le risorse che questa parte crescente della popolazione può ancora offrire."
20261001191216,Faro Di Roma,https://www.farodiroma.it/famiglia-generazioni-a-confronto-allambasciata-presso-la-santa-sede-il-dialogo-tra-ravasi-amato-e-i-giovani-del-cortile-dei-gentili/,,,,,,srclc:ita,"Il giorno 1 ottobre alle 17:00, all’Ambasciata d’Italia presso la Santa Sede, si è discusso di un tema cruciale per l’Italia e per l’Europa di oggi. Cosa significa oggi essere famiglia? E come si parla tra generazioni che sembrano abitare mondi diversi? È stato questo il cuore dell’incontro “FAMIGLIA – Generazioni a confronto”. Un appuntamento di alto profilo, organizzato dall’Ambasciata d’Italia presso la Santa Sede in collaborazione con il “Cortile dei Gentili”, lo spazio di dialogo tra credenti e non credenti fondato dal Cardinale Gianfranco Ravasi.
L’evento ha preso spunto da due lavori che hanno aperto un dibattito profondo sul tema: il documentario “Il filo invisibile” e il volume “Padri, madri, figli”.
A fare gli onori di casa, i saluti di S.E. Francesco Di Nitto Ambasciatore d’Italia presso la Santa Sede e successivamente l’introduzione è stata affidata a S.E. il Card. Gianfranco Ravasi, Presidente emerito del Pontificio Consiglio della Cultura e Fondatore del Cortile dei Gentili, da sempre ponte tra Chiesa, cultura e laicità.
A moderare il confronto generazionale è stata Giulia Tosana, Presidente della Consulta giovanile del Cortile dei Gentili con il format che è stato quello che ha reso il Cortile dei Gentili unico: far dialogare voci diverse, senza pregiudizi.
Sono intervenuti, tra gli altri, Giuliano Amato, Presidente della Fondazione Cortile dei Gentili, già Presidente del Consiglio, con la sua riflessione di giurista e uomo delle istituzioni sul valore della famiglia nella Costituzione e nella società. La Prof.ssa Paola Marion, Membro della Società Psicoanalitica Italiana e della International Psychoanalytic Association, per una lettura psicoanalitica del “filo invisibile” che lega padri, madri e figli, tra eredità, rotture e riconciliazioni.
Un tema mai così attuale in un tempo di denatalità, di famiglie ricomposte, allargate, di figli che lasciano tardi la casa dei genitori e di genitori che faticano a decifrare il linguaggio dei figli, l’incontro vuole andare oltre le polemiche ideologiche per riscoprire la famiglia come luogo antropologico fondamentale: il primo dove si impara cosa significa essere figli, poi genitori, poi memoria.
Carlo Marino"
20261001180219,Il Fatto Nisseno,https://www.ilfattonisseno.it/2026/10/transformation-hub-il-progetto-di-generali-e-luiss-per-un-nuovo-modello-di-lavoro/,,,,,,srclc:ita,"ROMA (ITALPRESS) – Accompagnare i grandi cambiamenti del mondo del lavoro promuovendo un nuovo modello di relazioni industriali partecipativo e inclusivo. E’ stato questo il tema al centro dell’incontro “Costruire insieme il lavoro che verrà”, nella sede nazionale del CNEL a Roma, durante il quale è stato presentato il progetto “Transformation Hub”, una iniziativa unica in Italia, nata dall’accordo tra Generali e le organizzazioni sindacali, con la collaborazione scientifica dell’Università Luiss.
Nel corso dell’evento sono state illustrate le attività degli “Hub”, le tre commissioni paritetiche nate dal Contratto Integrativo siglato da Generali con FIRST/CISL, FISAC CGIL, UILCA, FNA e SNFIA, un’intesa già riconosciuta dal CNEL come “Buona Pratica Aziendale” per aver anticipato i contenuti della nuova normativa sulla partecipazione dei lavoratori alla gestione, al capitale e agli utili delle imprese. Gli Hub, sostenuti dal contributo scientifico della Luiss, focalizzano il confronto su tre direttrici chiave: Intelligenza Artificiale e modelli di organizzazione del lavoro, sostenibilità e implementazione in azienda dei Modelli ESG, demografia, invecchiamento attivo e gestione delle competenze.
L’Ateneo intitolato a Guido Carli coordina il piano di lavoro triennale del progetto attraverso una metodologia che combina ricerca applicata, analisi d’impatto, percorsi formativi congiunti per manager e sindacati e laboratori di policy e governance. Un percorso già operativo: durante l’incontro sono stati condivisi anche i risultati della prima fase di avvio – che tra aprile e maggio 2026 ha visto lo svolgimento di quattro sessioni di lavoro guidate dai docenti Luiss con circa 50 rappresentanti aziendali e sindacali – con l’obiettivo di tradurli in obiettivi di ricerca a supporto dell’evoluzione dell’organizzazione del lavoro.
L’appuntamento – aperto dai saluti del Presidente del CNEL Renato Brunetta, dell’Amministratore Delegato di Generali Philippe Donnet (intervenuto con un videomessaggio), e del Presidente della Luiss Giorgio Fossa – ha visto la partecipazione del Country General Manager di Generali Italia Gianluca Perin, del Presidente della Commissione Partecipazione del CNEL Emanuele Massagli e del Direttore Generale Luiss Rita Carisano. I lavori, moderati da Francesco Giorgino, sono proseguiti con un’analisi dei singoli hub guidata da Maria Cristina Muglia, Responsabile Relazioni sindacali Generali, insieme ai docenti Luiss Giuseppe Italiano, Matteo Caroli e Maria Rita Testa e ai rappresentanti sindacali Emanuele Bartolucci, Laura Delù e Claudia Zanelli, per concludersi con l’intervento del Professore Emerito della Sapienza Arturo Maresca.
“Per troppo tempo il nostro sistema produttivo ha guardato alla partecipazione dei lavoratori con diffidenza, come a un costo o a un vincolo all’autonomia dell’impresa. E’ arrivato il momento di cambiare prospettiva e di adottare il “paradigma partecipativo”, che trasforma quello che veniva percepito come un onere in un investimento in produttività, competenze, merito e qualità del lavoro. Mettere insieme capitale e lavoro, conoscenza e responsabilità significa creare valore per l’impresa e rafforzarne la capacità competitiva”, ha affermato il presidente del CNEL, Renato Brunetta. “La legge n. 76 del 2025 – ha proseguito Brunetta – offre finalmente gli strumenti per dare attuazione all’articolo 46 della Costituzione e affida un ruolo centrale al Consiglio nazionale dell’economia e del lavoro, istituendo presso di esso la Commissione nazionale permanente per la partecipazione dei lavoratori. Il CNEL, casa dei corpi intermedi, è quindi chiamato ad accompagnare questa transizione, valorizzando le buone pratiche che stanno già maturando nelle aziende. Il Bollino CNEL assegnato a Generali, tra i primi a essere attribuiti, e il modello dei Transformation Hub dimostrano che la partecipazione può già tradursi in realtà. Il nostro compito è farla crescere e diffonderla, perchè l’intelligenza del lavoro entri nelle scelte dell’impresa. Così l’innovazione diventa progresso economico e sociale”.
“La collaborazione con Generali presentata oggi presso il CNEL rappresenta un vero e proprio unicum e dimostra la capacità di Luiss di porsi come ponte strategico tra ricerca scientifica avanzata, imprese e mondo del lavoro” – ha commentato Giorgio Fossa, Presidente dell’Università Luiss Guido Carli, che ha aggiunto – “Il confronto di oggi ha evidenziato come le transizioni globali spingano anche verso una modernizzazione delle relazioni industriali dove competenze e partecipazione sono al centro. Luiss in questo progetto con Generali ha messo a disposizione tutta la propria eccellenza scientifica per testare un modello che credo sarà esportabile in altre aziende”.
“Presentare oggi i Transformation Hub nell’autorevole sede del CNEL rappresenta un momento importante di un percorso che nasce dalla convinzione che i grandi cambiamenti debbano essere compresi e governati attraverso il dialogo e la partecipazione.” Ha dichiarato Gianluca Perin, Country General Manager di Generali Italia. “Come Generali, con questo progetto, abbiamo scelto di riunire attorno allo stesso tavolo impresa, organizzazioni sindacali e mondo accademico per affrontare temi che stanno ridefinendo il lavoro e la società: dall’intelligenza artificiale alla sostenibilità sociale fino al cambiamento demografico. La collaborazione con l’Università Luiss Guido Carli è un elemento centrale di questo modello, perchè ci consente di affiancare al confronto tra le parti il rigore della ricerca e una visione di lungo periodo. L’ambizione dei Transformation Hub è contribuire a costruire una cultura della partecipazione capace di anticipare le trasformazioni e generare valore per le persone, le imprese e il Paese”.
– Foto ufficio stampa Generali –
(ITALPRESS)."
20261001172900,Avvenire,https://www.avvenire.it/attualita/le-scuole-di-italiano-sono-gia-in-affanno-tante-richieste-per-i-cpia-ma-mancano-sedi-e-docenti_113755,,,,,,srclc:ita,"Le scuole di italiano sono già in affanno: tante richieste per i Cpia ma mancano sedi e docenti
di Cinzia Arena
L’anno scorso sono stati 185mila gli stranieri che hanno frequentato i corsi di alfabetizzazione nei 130 istituti nati dalle ceneri delle “serali” che consentono anche di conseguire un titolo di studio
Sono nati dalle ceneri delle scuole serali e oggi accolgono circa 185mila stranieri che vogliono imparare la lingua o conseguire un titolo di studio. I Cpia, i Centri provinciali per l’istruzione degli adulti, istituiti con un decreto-legge nel 2012 e operativi dal 2015, sono le strutture destinate secondo il decreto scuola del governo a formare i genitori stranieri che non parlano l’italiano. Lungo la penisola ce ne sono 130 con 692 sedi associate. Il problema è che le carenze strutturali sono tante e che un ampliamento del servizio richiederebbe risorse cospicue al momento non identificate. A mancare spesso sono gli spazi, i Cpia non hanno una sede fissa ma sono ospitati presso altre scuole, ma anche il personale con insegnanti non adeguatamente formati, nella stragrande maggioranza della primaria. Senza considerare che ci sono già, soprattutto nelle grandi città, liste d’attesa consistenti.
Martedì il ministero dell’Istruzione ha diffuso i dati ufficiali relativi all’anno scolastico 2025-2026: i Cpia hanno accolto 337mila studenti (tra italiani e stranieri) e negli ultimi anni grazie ai fondi del Pnrr hanno beneficiato di 11 milioni di finanziamenti specifici e di altri indiretti legati ai progetti per la dispersione scolastica e l’integrazione dei giovani stranieri. Anche i fondi per il funzionamento sono aumentati passando da 20mila a 67mila euro l’anno per ogni centro nell’ultimo quinquennio. Per quanto riguarda il personale i docenti sono 5.700 docenti e 2mila i collaboratori scolastici. Il prossimo passo, ha spiegato il ministro dell’Istruzione Giuseppe Valditara sarà rafforzare questa rete e includere oltre ai giovani anche i genitori che non parlano l’italiano: «Aiutiamo così in modo concreto le famiglie ad essere parte attiva del percorso di crescita dei ragazzi». Ma la realtà potrebbe essere assai più complicata. I dati che ministero e Indire hanno presentato la scorsa primavera al salone Didacta di Firenze (relativi all’anno scolastico precedente) fotografano un’Italia divisa a metà con le grandi città che accolgono migliaia di studenti stranieri (15mila a Torino, 10mila a Roma e Milano, 7500 a Napoli) mentre al Sud cresce la richiesta dei corsi di secondo livello per assolvere l’obbligo scolastico (i primi due anni delle superiori) che intercettano soprattutto i Neet italiani. Per quanto riguarda la presenza di minori, prevista in seguito al rafforzamento della legge Zampa che consente l’accesso ai CPIA anche ai minori non accompagnati (dai 16 o in alcune regioni dai 15 anni) rappresentano una quota minoritaria (appena il 3,2%) mentre la stragrande maggioranza, oltre l’80%, è costituita da adulti tra i 18 e i 49 anni. I corsi di prima alfabetizzazione coinvolgono 178mila persone mentre quelli di secondo livello hanno una maggiore presenza di over 50 (l’8,5%).
Numeri analoghi quelli emersi dal monitoraggio fatto dalla rete nazionale Ridap. Il quarto rapporto “Largo ai Cpia”  curato da Emilio Porcaro e Alfonso Rubinacci pubblicato a maggio sottolinea come la richiesta di formazione per gli adulti sia in costante crescita. «Accanto all’inverno demografico che riduce le classi si afferma un’altra traiettoria, che possiamo chiamare con un termine simbolico e complementare “primavera formativa”, meno raccontata ma sempre più evidente che riguarda il sistema dell’istruzione degli adulti». Ma i Cpia nonostante vengano considerati essenziali per l’inclusione e l’occupabilità presentano delle lacune strutturali: sono scuole “senza edifici” con spazi condivisi e temporanei, percepiti come servizi accessori e non come un presidio pubblico essenziale. Senza considerare che in lista d’attesa ci sono già secondo i dati Ridap 31mila persone, 18mila solo nelle regioni del Nord Italia, altri 7mila in quelle del Centro. Altri tasti dolenti l’accoglienza, l’orientamento e la didattica digitale prevista sulla carta ma di fatto difficile da introdurre. «In una società che cambia e in un Paese che invecchia - è la conclusione del rapporto - l’istruzione degli adulti è una infrastruttura civica strategica che ha bisogno di politiche pubbliche lungimiranti».
L’Università di Genova sta conducendo una ricerca sul funzionamento di questi centri. «Strategie di accoglienza e orientamento nei Cpia: un’analisi per contrastare la dispersione scolastica in Liguria» è il titolo del progetto della dottoranda Sissi Pisano, che si concentra sull’accoglienza orientativa. «I migranti hanno alle spalle storie difficili, a volte traumatiche, penso ai minori non accompagnati, e la lingua che pure è una barriera non è l’unico ostacolo da superare» spiega. I problemi maggiori si registrano in ingresso perché alcuni stranieri sono analfabeti anche nella lingua d’origine ed occorrono quindi corsi di pre-alfabetizzazione (i livelli “Alfa”). Ci sono poi i livelli A1 e A2, e quest’ultimo è necessario per il permesso di soggiorno di lungo periodo. A questo punto i Cpia offrono anche i percorsi per conseguire un titolo di studio (il diploma di terza media) o assolvere l’obbligo di istruzione dei due anni di superiori, mentre il diploma si consegue in rete con le scuole superiori. «Possibilità prevista solo per gli istituti tecnici e professionali e per il liceo artistico» sottolinea Pisano ricordando anche un altro importante ramo dell’attività dei CPIA, vale a dire l’istruzione negli istituti penitenziari.
Le criticità secondo la ricercatrice dell’Università di Genova sono le liste d’attesa, che non sono lunghe come quelle degli asili nido ma ci sono, soprattutto al Nord, e le difficoltà di accesso, ad esempio in Liguria molti centri sono in zone poco servite dai mezzi pubblici. «Ma credo che l’aspetto principale sia quello della formazione: l’organico è insufficiente, i docenti hanno una forte motivazione, ma spesso non hanno una preparazione specifica. Sono pochi gli insegnanti che hanno l’abilitazione per l’insegnamento della lingua italiana agli stranieri. C’è poi il tema di un patto formativo individuale per ogni alunno che sulla carta prevede un riconoscimento delle competenze pregresse, molti sono diplomati o laureati ma non sempre il titolo conseguito all’estero viene riconosciuto, altri sono analfabeti, e una cura degli aspetti culturali e psicologici».
Assai carente il sostegno ai più fragili: mancano gli insegnanti di sostegno e il riconoscimento delle difficoltà di apprendimento, così capillare per i ragazzi, per questi studenti adulti non è regolamentato in modo chiaro. C’è poi la questione delle donne che con maggiori difficoltà accedono al servizio (sono circa il 38% degli studenti) se non hanno la possibilità di lasciare i propri figli all’asilo nido. «In Liguria la stragrande maggioranza degli iscritti sono a Genova mentre a Ventimiglia, terra di confine con una storia a sé, la realtà è molto diversa. Frequentare un Cpia ha un forte valore per la possibilità di integrazione - conclude Pisano -. Le interruzioni sono frequenti, ma si tratta di un fenomeno complesso. Entrano in gioco motivi diversi: il lavoro, gli spostamenti ma anche il ricongiungimento familiare. Per questo io parlerei più di discontinuità che di abbandono».
© riproduzione riservata
© RIPRODUZIONE RISERVATA
Seguici anche su Google Discover di Avvenire"
20261001170717,Monreale Press,https://www.monrealepress.it/2026/10/01/transformation-hub-il-progetto-di-generali-e-luiss-per-un-nuovo-modello-di-lavoro/,,,,,,srclc:ita,"Nel corso dell’evento sono state illustrate le attività degli “Hub”, le tre commissioni paritetiche nate dal Contratto Integrativo siglato da Generali con FIRST/CISL, FISAC CGIL, UILCA, FNA e SNFIA, un’intesa già riconosciuta dal CNEL come “Buona Pratica Aziendale” per aver anticipato i contenuti della nuova normativa sulla partecipazione dei lavoratori alla gestione, al capitale e agli utili delle imprese. Gli Hub, sostenuti dal contributo scientifico della Luiss, focalizzano il confronto su tre direttrici chiave: Intelligenza Artificiale e modelli di organizzazione del lavoro, sostenibilità e implementazione in azienda dei Modelli ESG, demografia, invecchiamento attivo e gestione delle competenze.
L’Ateneo intitolato a Guido Carli coordina il piano di lavoro triennale del progetto attraverso una metodologia che combina ricerca applicata, analisi d’impatto, percorsi formativi congiunti per manager e sindacati e laboratori di policy e governance. Un percorso già operativo: durante l’incontro sono stati condivisi anche i risultati della prima fase di avvio – che tra aprile e maggio 2026 ha visto lo svolgimento di quattro sessioni di lavoro guidate dai docenti Luiss con circa 50 rappresentanti aziendali e sindacali – con l’obiettivo di tradurli in obiettivi di ricerca a supporto dell’evoluzione dell’organizzazione del lavoro.
L’appuntamento – aperto dai saluti del Presidente del CNEL Renato Brunetta, dell’Amministratore Delegato di Generali Philippe Donnet (intervenuto con un videomessaggio), e del Presidente della Luiss Giorgio Fossa – ha visto la partecipazione del Country General Manager di Generali Italia Gianluca Perin, del Presidente della Commissione Partecipazione del CNEL Emanuele Massagli e del Direttore Generale Luiss Rita Carisano. I lavori, moderati da Francesco Giorgino, sono proseguiti con un’analisi dei singoli hub guidata da Maria Cristina Muglia, Responsabile Relazioni sindacali Generali, insieme ai docenti Luiss Giuseppe Italiano, Matteo Caroli e Maria Rita Testa e ai rappresentanti sindacali Emanuele Bartolucci, Laura Delù e Claudia Zanelli, per concludersi con l’intervento del Professore Emerito della Sapienza Arturo Maresca.
“Per troppo tempo il nostro sistema produttivo ha guardato alla partecipazione dei lavoratori con diffidenza, come a un costo o a un vincolo all’autonomia dell’impresa. E’ arrivato il momento di cambiare prospettiva e di adottare il “paradigma partecipativo”, che trasforma quello che veniva percepito come un onere in un investimento in produttività, competenze, merito e qualità del lavoro. Mettere insieme capitale e lavoro, conoscenza e responsabilità significa creare valore per l’impresa e rafforzarne la capacità competitiva”, ha affermato il presidente del CNEL, Renato Brunetta. “La legge n. 76 del 2025 – ha proseguito Brunetta – offre finalmente gli strumenti per dare attuazione all’articolo 46 della Costituzione e affida un ruolo centrale al Consiglio nazionale dell’economia e del lavoro, istituendo presso di esso la Commissione nazionale permanente per la partecipazione dei lavoratori. Il CNEL, casa dei corpi intermedi, è quindi chiamato ad accompagnare questa transizione, valorizzando le buone pratiche che stanno già maturando nelle aziende. Il Bollino CNEL assegnato a Generali, tra i primi a essere attribuiti, e il modello dei Transformation Hub dimostrano che la partecipazione può già tradursi in realtà. Il nostro compito è farla crescere e diffonderla, perchè l’intelligenza del lavoro entri nelle scelte dell’impresa. Così l’innovazione diventa progresso economico e sociale”.
“La collaborazione con Generali presentata oggi presso il CNEL rappresenta un vero e proprio unicum e dimostra la capacità di Luiss di porsi come ponte strategico tra ricerca scientifica avanzata, imprese e mondo del lavoro” – ha commentato Giorgio Fossa, Presidente dell’Università Luiss Guido Carli, che ha aggiunto – “Il confronto di oggi ha evidenziato come le transizioni globali spingano anche verso una modernizzazione delle relazioni industriali dove competenze e partecipazione sono al centro. Luiss in questo progetto con Generali ha messo a disposizione tutta la propria eccellenza scientifica per testare un modello che credo sarà esportabile in altre aziende”.
“Presentare oggi i Transformation Hub nell’autorevole sede del CNEL rappresenta un momento importante di un percorso che nasce dalla convinzione che i grandi cambiamenti debbano essere compresi e governati attraverso il dialogo e la partecipazione.” Ha dichiarato Gianluca Perin, Country General Manager di Generali Italia. “Come Generali, con questo progetto, abbiamo scelto di riunire attorno allo stesso tavolo impresa, organizzazioni sindacali e mondo accademico per affrontare temi che stanno ridefinendo il lavoro e la società: dall’intelligenza artificiale alla sostenibilità sociale fino al cambiamento demografico. La collaborazione con l’Università Luiss Guido Carli è un elemento centrale di questo modello, perchè ci consente di affiancare al confronto tra le parti il rigore della ricerca e una visione di lungo periodo. L’ambizione dei Transformation Hub è contribuire a costruire una cultura della partecipazione capace di anticipare le trasformazioni e generare valore per le persone, le imprese e il Paese”.
 – Foto ufficio stampa Generali –
(ITALPRESS)."
20261001170158,Euronews It,https://it.euronews.com/2026/10/01/a-palermo-il-primo-caffe-coltivato-e-raccolto-in-italia-il-clima-piu-caldo-cambia-lagricol,,,,,,srclc:ita,"L'aumento delle temperature ha portato a coltivare caffé direttamente in Italia. Il progetto è della famiglia Morettino in Sicilia, che ha concluso il primo raccolto. Un fenomeno che mostra come il cambiamento climatico si tale da avere modificato le colture a livello globale
Una piantagione alle porte di Palermo ha prodotto per la prima volta chicchi di caffè varietà Arabica cresciuti e raccolti interamente in Italia. Il risultato, ottenuto nella tenuta della famiglia Morettino, è stato reso possibile dal cambiamento del clima, che ha portato di fatto temperature tropicali nel sud Italia.
Se il riscaldamento globale aveva già portato il sud dell'Inghilterra a produrre champagne e bollicine, spostando più a nord la tradizionale zona di produzione della Francia e del nord Italia, il salto del caffé dalle zone equatoriali al Mediterraneo è certamente maggiore.
Come ha riportato giovedì il quotidiano La Stampa, la produzione siciliana situata nella zona di San Lorenzo ai Colli ad alcune centianaia di metrri sul livello del mare, raggiunge per ora circa 100 chilogrammi di drupe (il frutto della pianta di caffé, detta anche ciliegia), dai quali si ottengono poco più di 15 chilogrammi di chicchi tostati.
Il progetto, che coinvolge l'Università e l'Orto Botanico di Palermo nello studio dell'adattamento delle colture tropicali al nuovo clima meditarreneo, vede quantitativi ancora lontani da una produzione commerciale su larga scala ma ha già un rilevante valore scientifico e simbolico.
Dove si coltiva il caffè: i principali Paesi produttori del mondo
Tradizionalmente il caffè viene coltivato nelle regioni tropicali ed equatoriali del pianeta, dove temperature elevate, umidità e precipitazioni costanti ne favoriscono la crescita.
Per questo motivo i principali produttori ed esportatori mondiali si concentrano soprattutto in America Latina, Africa e Asia, con la varietà arabica che produce la qualità migliore ad un altitudine più elevata rispetto alla robusta.
Tra i maggiori Paesi produttori figurano Brasile, Colombia, Perù e Costa Rica in America Latina; Etiopia, Uganda, Kenya e Tanzania in Africa; Vietnam, Indonesia in Asia.
Secondo i promotori dell'iniziativa, il caffè prodotto a Palermo sviluppa caratteristiche aromatiche legate con note che richiamano l'uva passa, una peculiarità che lo distingue dalle produzioni provenienti dalle tradizionali aree di coltivazione del caffè.
Tanto che prima dell'iniziativa della famiglia Morettino, un'azienda agricola aveva coltivato caffé interamente in serra a Terrasini, sempre nel palemitano.
Un'esperienza a vario titolo tentata anche altrove nel sud Europa.
In Spagna, specie nella regione di Granada, sono nati progetti sperimentali per testare la resistenza delle piante, con risultati certamente diversi da Gran Canaria dove, vista la posizione geografica a una latitudine inferiore, si coltiva caffè sin dal XIX secolo sfruttando fertilità e umidità del suol vulcanico.
Le isole Azzorre in Portogallo, dove sono state segnalate molte coltivazioni private sfruttando il clima mite, segnano invece uno dei punti più settentrionali di coltivazione del caffé.
Come è cambiato il consumo di caffè in Italia
La crescente attenzione verso produzioni anche di nicchia come quella siciliana si inserisce in un contesto in cui l'Italia è il primo produttore nlll'Ue di caffé tostato, con oltre 400 tonnellate prodotte nel 2025.
Il settore produttivo nazionale, pur basandosi su importazioni della materia prima da altri Paesi produttori (vale a dire i chicchi crudi, o ""caffè verde""), conta circa mille torrefazioni e sviluppa un fatturato di 5,9 miliardi di euro annui.
La prospettiva di una coltivazione in loco, consentita dal riscaldamento climatico che è purtroppo foriero al contempo di disastri naturali, si allinea perlatro ai consumi degli italiani che restano solidi e in crescita, stando ad alcune ricerche pubblicate proprio questo 1 ottobre, in occasione della Giornata internazionale del Caffé.
Secondo un'indagine di AstraRicerche in collaborazione con il marchio Segafredo, l'82,6% degli italiani considera decisiva la qualità della materia prima, mentre il 71,8% presta attenzione alle caratteristiche aromatiche e il 51,5% vuole conoscere l'origine e il percorso del prodotto lungo la filiera.
Secondo un'altra rilevazione realizzata dal Comitato Italiano del Caffè di Unione Italiana Food e da Altroconsumo su oltre 1.200 consumatori, tre italiani su quattro bevono regolarmente caffè e quasi uno su due lo considera uno dei simboli della cultura e dello stile di vita nazionale, al pari della pasta.
Tra chi consuma l'espresso, l'83% lo beve ogni giorno, a casa e al bar, con la moka o con le nuove macchinette a capsule, ormai un testa a testa nelle abitudini.
Alle prospettive commerciali vanno unite naturalmente le considerazioni legate alla sostenibilità ambientale di questa coltivazione al di fuori delle sue zone di origine.
La lavorazione dei chicchi dopo il raccolto può richiedere tra 50 e 200 litri d'acqua per ogni chilogrammo di caffè verde e produce acque reflue che, se non trattate correttamente, possono avere un impatto sugli ecosistemi locali.
Se poi alle precipitazioni tropicali, che da sempre alimentano le piantagioni di caffé, ci si sposta in zone dove la siccità in determinati periodi dell'anno sta diventando endemica, diventa necessario unire alla sfida agricola del caffé anche una tecnolgica, per ridurre la quantità di acqua necessaria per coltivarlo e lavorarlo."
20261001163503,La Voce Di Imperia,https://www.lavocediimperia.it/2026/10/01/leggi-notizia/articolo/transformation-hub-il-progetto-di-generali-e-luiss-per-un-nuovo-modello-di-lavoro.html,,,,,,srclc:ita,"ROMA (ITALPRESS) - Accompagnare i grandi cambiamenti del mondo del lavoro promuovendo un nuovo modello di relazioni industriali partecipativo e inclusivo. E' stato questo il tema al centro dell'incontro ""Costruire insieme il lavoro che verrà"", nella sede nazionale del CNEL a Roma, durante il quale è stato presentato il progetto ""Transformation Hub"", una iniziativa unica in Italia, nata dall'accordo tra Generali e le organizzazioni sindacali, con la collaborazione scientifica dell'Università Luiss.Nel corso dell'evento sono state illustrate le attività degli ""Hub"", le tre commissioni paritetiche nate dal Contratto Integrativo siglato da Generali con FIRST/CISL, FISAC CGIL, UILCA, FNA e SNFIA, un'intesa già riconosciuta dal CNEL come ""Buona Pratica Aziendale"" per aver anticipato i contenuti della nuova normativa sulla partecipazione dei lavoratori alla gestione, al capitale e agli utili delle imprese. Gli Hub, sostenuti dal contributo scientifico della Luiss, focalizzano il confronto su tre direttrici chiave: Intelligenza Artificiale e modelli di organizzazione del lavoro, sostenibilità e implementazione in azienda dei Modelli ESG, demografia, invecchiamento attivo e gestione delle competenze.L'Ateneo intitolato a Guido Carli coordina il piano di lavoro triennale del progetto attraverso una metodologia che combina ricerca applicata, analisi d'impatto, percorsi formativi congiunti per manager e sindacati e laboratori di policy e governance. Un percorso già operativo: durante l'incontro sono stati condivisi anche i risultati della prima fase di avvio - che tra aprile e maggio 2026 ha visto lo svolgimento di quattro sessioni di lavoro guidate dai docenti Luiss con circa 50 rappresentanti aziendali e sindacali - con l'obiettivo di tradurli in obiettivi di ricerca a supporto dell'evoluzione dell'organizzazione del lavoro.L'appuntamento - aperto dai saluti del Presidente del CNEL Renato Brunetta, dell'Amministratore Delegato di Generali Philippe Donnet (intervenuto con un videomessaggio), e del Presidente della Luiss Giorgio Fossa - ha visto la partecipazione del Country General Manager di Generali Italia Gianluca Perin, del Presidente della Commissione Partecipazione del CNEL Emanuele Massagli e del Direttore Generale Luiss Rita Carisano. I lavori, moderati da Francesco Giorgino, sono proseguiti con un'analisi dei singoli hub guidata da Maria Cristina Muglia, Responsabile Relazioni sindacali Generali, insieme ai docenti Luiss Giuseppe Italiano, Matteo Caroli e Maria Rita Testa e ai rappresentanti sindacali Emanuele Bartolucci, Laura Delù e Claudia Zanelli, per concludersi con l'intervento del Professore Emerito della Sapienza Arturo Maresca.""Per troppo tempo il nostro sistema produttivo ha guardato alla partecipazione dei lavoratori con diffidenza, come a un costo o a un vincolo all'autonomia dell'impresa. E' arrivato il momento di cambiare prospettiva e di adottare il ""paradigma partecipativo"", che trasforma quello che veniva percepito come un onere in un investimento in produttività, competenze, merito e qualità del lavoro. Mettere insieme capitale e lavoro, conoscenza e responsabilità significa creare valore per l'impresa e rafforzarne la capacità competitiva"", ha affermato il presidente del CNEL, Renato Brunetta. ""La legge n. 76 del 2025 - ha proseguito Brunetta - offre finalmente gli strumenti per dare attuazione all'articolo 46 della Costituzione e affida un ruolo centrale al Consiglio nazionale dell'economia e del lavoro, istituendo presso di esso la Commissione nazionale permanente per la partecipazione dei lavoratori. Il CNEL, casa dei corpi intermedi, è quindi chiamato ad accompagnare questa transizione, valorizzando le buone pratiche che stanno già maturando nelle aziende. Il Bollino CNEL assegnato a Generali, tra i primi a essere attribuiti, e il modello dei Transformation Hub dimostrano che la partecipazione può già tradursi in realtà. Il nostro compito è farla crescere e diffonderla, perchè l'intelligenza del lavoro entri nelle scelte dell'impresa. Così l'innovazione diventa progresso economico e sociale"".""La collaborazione con Generali presentata oggi presso il CNEL rappresenta un vero e proprio unicum e dimostra la capacità di Luiss di porsi come ponte strategico tra ricerca scientifica avanzata, imprese e mondo del lavoro"" - ha commentato Giorgio Fossa, Presidente dell'Università Luiss Guido Carli, che ha aggiunto - ""Il confronto di oggi ha evidenziato come le transizioni globali spingano anche verso una modernizzazione delle relazioni industriali dove competenze e partecipazione sono al centro. Luiss in questo progetto con Generali ha messo a disposizione tutta la propria eccellenza scientifica per testare un modello che credo sarà esportabile in altre aziende"".""Presentare oggi i Transformation Hub nell'autorevole sede del CNEL rappresenta un momento importante di un percorso che nasce dalla convinzione che i grandi cambiamenti debbano essere compresi e governati attraverso il dialogo e la partecipazione."" Ha dichiarato Gianluca Perin, Country General Manager di Generali Italia. ""Come Generali, con questo progetto, abbiamo scelto di riunire attorno allo stesso tavolo impresa, organizzazioni sindacali e mondo accademico per affrontare temi che stanno ridefinendo il lavoro e la società: dall'intelligenza artificiale alla sostenibilità sociale fino al cambiamento demografico. La collaborazione con l'Università Luiss Guido Carli è un elemento centrale di questo modello, perchè ci consente di affiancare al confronto tra le parti il rigore della ricerca e una visione di lungo periodo. L'ambizione dei Transformation Hub è contribuire a costruire una cultura della partecipazione capace di anticipare le trasformazioni e generare valore per le persone, le imprese e il Paese"". - Foto ufficio stampa Generali -(ITALPRESS)."
20261001163503,Targatocn.it,https://www.targatocn.it/2026/10/01/leggi-notizia/articolo/transformation-hub-il-progetto-di-generali-e-luiss-per-un-nuovo-modello-di-lavoro.html,,,,,,srclc:ita,"ROMA (ITALPRESS) - Accompagnare i grandi cambiamenti del mondo del lavoro promuovendo un nuovo modello di relazioni industriali partecipativo e inclusivo. E' stato questo il tema al centro dell'incontro ""Costruire insieme il lavoro che verrà"", nella sede nazionale del CNEL a Roma, durante il quale è stato presentato il progetto ""Transformation Hub"", una iniziativa unica in Italia, nata dall'accordo tra Generali e le organizzazioni sindacali, con la collaborazione scientifica dell'Università Luiss.Nel corso dell'evento sono state illustrate le attività degli ""Hub"", le tre commissioni paritetiche nate dal Contratto Integrativo siglato da Generali con FIRST/CISL, FISAC CGIL, UILCA, FNA e SNFIA, un'intesa già riconosciuta dal CNEL come ""Buona Pratica Aziendale"" per aver anticipato i contenuti della nuova normativa sulla partecipazione dei lavoratori alla gestione, al capitale e agli utili delle imprese. Gli Hub, sostenuti dal contributo scientifico della Luiss, focalizzano il confronto su tre direttrici chiave: Intelligenza Artificiale e modelli di organizzazione del lavoro, sostenibilità e implementazione in azienda dei Modelli ESG, demografia, invecchiamento attivo e gestione delle competenze.L'Ateneo intitolato a Guido Carli coordina il piano di lavoro triennale del progetto attraverso una metodologia che combina ricerca applicata, analisi d'impatto, percorsi formativi congiunti per manager e sindacati e laboratori di policy e governance. Un percorso già operativo: durante l'incontro sono stati condivisi anche i risultati della prima fase di avvio - che tra aprile e maggio 2026 ha visto lo svolgimento di quattro sessioni di lavoro guidate dai docenti Luiss con circa 50 rappresentanti aziendali e sindacali - con l'obiettivo di tradurli in obiettivi di ricerca a supporto dell'evoluzione dell'organizzazione del lavoro.L'appuntamento - aperto dai saluti del Presidente del CNEL Renato Brunetta, dell'Amministratore Delegato di Generali Philippe Donnet (intervenuto con un videomessaggio), e del Presidente della Luiss Giorgio Fossa - ha visto la partecipazione del Country General Manager di Generali Italia Gianluca Perin, del Presidente della Commissione Partecipazione del CNEL Emanuele Massagli e del Direttore Generale Luiss Rita Carisano. I lavori, moderati da Francesco Giorgino, sono proseguiti con un'analisi dei singoli hub guidata da Maria Cristina Muglia, Responsabile Relazioni sindacali Generali, insieme ai docenti Luiss Giuseppe Italiano, Matteo Caroli e Maria Rita Testa e ai rappresentanti sindacali Emanuele Bartolucci, Laura Delù e Claudia Zanelli, per concludersi con l'intervento del Professore Emerito della Sapienza Arturo Maresca.""Per troppo tempo il nostro sistema produttivo ha guardato alla partecipazione dei lavoratori con diffidenza, come a un costo o a un vincolo all'autonomia dell'impresa. E' arrivato il momento di cambiare prospettiva e di adottare il ""paradigma partecipativo"", che trasforma quello che veniva percepito come un onere in un investimento in produttività, competenze, merito e qualità del lavoro. Mettere insieme capitale e lavoro, conoscenza e responsabilità significa creare valore per l'impresa e rafforzarne la capacità competitiva"", ha affermato il presidente del CNEL, Renato Brunetta. ""La legge n. 76 del 2025 - ha proseguito Brunetta - offre finalmente gli strumenti per dare attuazione all'articolo 46 della Costituzione e affida un ruolo centrale al Consiglio nazionale dell'economia e del lavoro, istituendo presso di esso la Commissione nazionale permanente per la partecipazione dei lavoratori. Il CNEL, casa dei corpi intermedi, è quindi chiamato ad accompagnare questa transizione, valorizzando le buone pratiche che stanno già maturando nelle aziende. Il Bollino CNEL assegnato a Generali, tra i primi a essere attribuiti, e il modello dei Transformation Hub dimostrano che la partecipazione può già tradursi in realtà. Il nostro compito è farla crescere e diffonderla, perchè l'intelligenza del lavoro entri nelle scelte dell'impresa. Così l'innovazione diventa progresso economico e sociale"".""La collaborazione con Generali presentata oggi presso il CNEL rappresenta un vero e proprio unicum e dimostra la capacità di Luiss di porsi come ponte strategico tra ricerca scientifica avanzata, imprese e mondo del lavoro"" - ha commentato Giorgio Fossa, Presidente dell'Università Luiss Guido Carli, che ha aggiunto - ""Il confronto di oggi ha evidenziato come le transizioni globali spingano anche verso una modernizzazione delle relazioni industriali dove competenze e partecipazione sono al centro. Luiss in questo progetto con Generali ha messo a disposizione tutta la propria eccellenza scientifica per testare un modello che credo sarà esportabile in altre aziende"".""Presentare oggi i Transformation Hub nell'autorevole sede del CNEL rappresenta un momento importante di un percorso che nasce dalla convinzione che i grandi cambiamenti debbano essere compresi e governati attraverso il dialogo e la partecipazione."" Ha dichiarato Gianluca Perin, Country General Manager di Generali Italia. ""Come Generali, con questo progetto, abbiamo scelto di riunire attorno allo stesso tavolo impresa, organizzazioni sindacali e mondo accademico per affrontare temi che stanno ridefinendo il lavoro e la società: dall'intelligenza artificiale alla sostenibilità sociale fino al cambiamento demografico. La collaborazione con l'Università Luiss Guido Carli è un elemento centrale di questo modello, perchè ci consente di affiancare al confronto tra le parti il rigore della ricerca e una visione di lungo periodo. L'ambizione dei Transformation Hub è contribuire a costruire una cultura della partecipazione capace di anticipare le trasformazioni e generare valore per le persone, le imprese e il Paese"". - Foto ufficio stampa Generali -(ITALPRESS).
Accadeva un anno fa
					Economia
				
				
			  
					Agricoltura"
20261001163503,Savona News,https://www.savonanews.it/2026/10/01/leggi-notizia/articolo/transformation-hub-il-progetto-di-generali-e-luiss-per-un-nuovo-modello-di-lavoro.html,,,,,,srclc:ita,"ROMA (ITALPRESS) - Accompagnare i grandi cambiamenti del mondo del lavoro promuovendo un nuovo modello di relazioni industriali partecipativo e inclusivo. E' stato questo il tema al centro dell'incontro ""Costruire insieme il lavoro che verrà"", nella sede nazionale del CNEL a Roma, durante il quale è stato presentato il progetto ""Transformation Hub"", una iniziativa unica in Italia, nata dall'accordo tra Generali e le organizzazioni sindacali, con la collaborazione scientifica dell'Università Luiss.Nel corso dell'evento sono state illustrate le attività degli ""Hub"", le tre commissioni paritetiche nate dal Contratto Integrativo siglato da Generali con FIRST/CISL, FISAC CGIL, UILCA, FNA e SNFIA, un'intesa già riconosciuta dal CNEL come ""Buona Pratica Aziendale"" per aver anticipato i contenuti della nuova normativa sulla partecipazione dei lavoratori alla gestione, al capitale e agli utili delle imprese. Gli Hub, sostenuti dal contributo scientifico della Luiss, focalizzano il confronto su tre direttrici chiave: Intelligenza Artificiale e modelli di organizzazione del lavoro, sostenibilità e implementazione in azienda dei Modelli ESG, demografia, invecchiamento attivo e gestione delle competenze.L'Ateneo intitolato a Guido Carli coordina il piano di lavoro triennale del progetto attraverso una metodologia che combina ricerca applicata, analisi d'impatto, percorsi formativi congiunti per manager e sindacati e laboratori di policy e governance. Un percorso già operativo: durante l'incontro sono stati condivisi anche i risultati della prima fase di avvio - che tra aprile e maggio 2026 ha visto lo svolgimento di quattro sessioni di lavoro guidate dai docenti Luiss con circa 50 rappresentanti aziendali e sindacali - con l'obiettivo di tradurli in obiettivi di ricerca a supporto dell'evoluzione dell'organizzazione del lavoro.L'appuntamento - aperto dai saluti del Presidente del CNEL Renato Brunetta, dell'Amministratore Delegato di Generali Philippe Donnet (intervenuto con un videomessaggio), e del Presidente della Luiss Giorgio Fossa - ha visto la partecipazione del Country General Manager di Generali Italia Gianluca Perin, del Presidente della Commissione Partecipazione del CNEL Emanuele Massagli e del Direttore Generale Luiss Rita Carisano. I lavori, moderati da Francesco Giorgino, sono proseguiti con un'analisi dei singoli hub guidata da Maria Cristina Muglia, Responsabile Relazioni sindacali Generali, insieme ai docenti Luiss Giuseppe Italiano, Matteo Caroli e Maria Rita Testa e ai rappresentanti sindacali Emanuele Bartolucci, Laura Delù e Claudia Zanelli, per concludersi con l'intervento del Professore Emerito della Sapienza Arturo Maresca.""Per troppo tempo il nostro sistema produttivo ha guardato alla partecipazione dei lavoratori con diffidenza, come a un costo o a un vincolo all'autonomia dell'impresa. E' arrivato il momento di cambiare prospettiva e di adottare il ""paradigma partecipativo"", che trasforma quello che veniva percepito come un onere in un investimento in produttività, competenze, merito e qualità del lavoro. Mettere insieme capitale e lavoro, conoscenza e responsabilità significa creare valore per l'impresa e rafforzarne la capacità competitiva"", ha affermato il presidente del CNEL, Renato Brunetta. ""La legge n. 76 del 2025 - ha proseguito Brunetta - offre finalmente gli strumenti per dare attuazione all'articolo 46 della Costituzione e affida un ruolo centrale al Consiglio nazionale dell'economia e del lavoro, istituendo presso di esso la Commissione nazionale permanente per la partecipazione dei lavoratori. Il CNEL, casa dei corpi intermedi, è quindi chiamato ad accompagnare questa transizione, valorizzando le buone pratiche che stanno già maturando nelle aziende. Il Bollino CNEL assegnato a Generali, tra i primi a essere attribuiti, e il modello dei Transformation Hub dimostrano che la partecipazione può già tradursi in realtà. Il nostro compito è farla crescere e diffonderla, perchè l'intelligenza del lavoro entri nelle scelte dell'impresa. Così l'innovazione diventa progresso economico e sociale"".""La collaborazione con Generali presentata oggi presso il CNEL rappresenta un vero e proprio unicum e dimostra la capacità di Luiss di porsi come ponte strategico tra ricerca scientifica avanzata, imprese e mondo del lavoro"" - ha commentato Giorgio Fossa, Presidente dell'Università Luiss Guido Carli, che ha aggiunto - ""Il confronto di oggi ha evidenziato come le transizioni globali spingano anche verso una modernizzazione delle relazioni industriali dove competenze e partecipazione sono al centro. Luiss in questo progetto con Generali ha messo a disposizione tutta la propria eccellenza scientifica per testare un modello che credo sarà esportabile in altre aziende"".""Presentare oggi i Transformation Hub nell'autorevole sede del CNEL rappresenta un momento importante di un percorso che nasce dalla convinzione che i grandi cambiamenti debbano essere compresi e governati attraverso il dialogo e la partecipazione."" Ha dichiarato Gianluca Perin, Country General Manager di Generali Italia. ""Come Generali, con questo progetto, abbiamo scelto di riunire attorno allo stesso tavolo impresa, organizzazioni sindacali e mondo accademico per affrontare temi che stanno ridefinendo il lavoro e la società: dall'intelligenza artificiale alla sostenibilità sociale fino al cambiamento demografico. La collaborazione con l'Università Luiss Guido Carli è un elemento centrale di questo modello, perchè ci consente di affiancare al confronto tra le parti il rigore della ricerca e una visione di lungo periodo. L'ambizione dei Transformation Hub è contribuire a costruire una cultura della partecipazione capace di anticipare le trasformazioni e generare valore per le persone, le imprese e il Paese"". - Foto ufficio stampa Generali -(ITALPRESS)."
20261001163503,Vigevano24,https://www.vigevano24.it/2026/10/01/leggi-notizia/articolo/transformation-hub-il-progetto-di-generali-e-luiss-per-un-nuovo-modello-di-lavoro.html,,,,,,srclc:ita,"ROMA (ITALPRESS) - Accompagnare i grandi cambiamenti del mondo del lavoro promuovendo un nuovo modello di relazioni industriali partecipativo e inclusivo. E' stato questo il tema al centro dell'incontro ""Costruire insieme il lavoro che verrà"", nella sede nazionale del CNEL a Roma, durante il quale è stato presentato il progetto ""Transformation Hub"", una iniziativa unica in Italia, nata dall'accordo tra Generali e le organizzazioni sindacali, con la collaborazione scientifica dell'Università Luiss.Nel corso dell'evento sono state illustrate le attività degli ""Hub"", le tre commissioni paritetiche nate dal Contratto Integrativo siglato da Generali con FIRST/CISL, FISAC CGIL, UILCA, FNA e SNFIA, un'intesa già riconosciuta dal CNEL come ""Buona Pratica Aziendale"" per aver anticipato i contenuti della nuova normativa sulla partecipazione dei lavoratori alla gestione, al capitale e agli utili delle imprese. Gli Hub, sostenuti dal contributo scientifico della Luiss, focalizzano il confronto su tre direttrici chiave: Intelligenza Artificiale e modelli di organizzazione del lavoro, sostenibilità e implementazione in azienda dei Modelli ESG, demografia, invecchiamento attivo e gestione delle competenze.L'Ateneo intitolato a Guido Carli coordina il piano di lavoro triennale del progetto attraverso una metodologia che combina ricerca applicata, analisi d'impatto, percorsi formativi congiunti per manager e sindacati e laboratori di policy e governance. Un percorso già operativo: durante l'incontro sono stati condivisi anche i risultati della prima fase di avvio - che tra aprile e maggio 2026 ha visto lo svolgimento di quattro sessioni di lavoro guidate dai docenti Luiss con circa 50 rappresentanti aziendali e sindacali - con l'obiettivo di tradurli in obiettivi di ricerca a supporto dell'evoluzione dell'organizzazione del lavoro.L'appuntamento - aperto dai saluti del Presidente del CNEL Renato Brunetta, dell'Amministratore Delegato di Generali Philippe Donnet (intervenuto con un videomessaggio), e del Presidente della Luiss Giorgio Fossa - ha visto la partecipazione del Country General Manager di Generali Italia Gianluca Perin, del Presidente della Commissione Partecipazione del CNEL Emanuele Massagli e del Direttore Generale Luiss Rita Carisano. I lavori, moderati da Francesco Giorgino, sono proseguiti con un'analisi dei singoli hub guidata da Maria Cristina Muglia, Responsabile Relazioni sindacali Generali, insieme ai docenti Luiss Giuseppe Italiano, Matteo Caroli e Maria Rita Testa e ai rappresentanti sindacali Emanuele Bartolucci, Laura Delù e Claudia Zanelli, per concludersi con l'intervento del Professore Emerito della Sapienza Arturo Maresca.""Per troppo tempo il nostro sistema produttivo ha guardato alla partecipazione dei lavoratori con diffidenza, come a un costo o a un vincolo all'autonomia dell'impresa. E' arrivato il momento di cambiare prospettiva e di adottare il ""paradigma partecipativo"", che trasforma quello che veniva percepito come un onere in un investimento in produttività, competenze, merito e qualità del lavoro. Mettere insieme capitale e lavoro, conoscenza e responsabilità significa creare valore per l'impresa e rafforzarne la capacità competitiva"", ha affermato il presidente del CNEL, Renato Brunetta. ""La legge n. 76 del 2025 - ha proseguito Brunetta - offre finalmente gli strumenti per dare attuazione all'articolo 46 della Costituzione e affida un ruolo centrale al Consiglio nazionale dell'economia e del lavoro, istituendo presso di esso la Commissione nazionale permanente per la partecipazione dei lavoratori. Il CNEL, casa dei corpi intermedi, è quindi chiamato ad accompagnare questa transizione, valorizzando le buone pratiche che stanno già maturando nelle aziende. Il Bollino CNEL assegnato a Generali, tra i primi a essere attribuiti, e il modello dei Transformation Hub dimostrano che la partecipazione può già tradursi in realtà. Il nostro compito è farla crescere e diffonderla, perchè l'intelligenza del lavoro entri nelle scelte dell'impresa. Così l'innovazione diventa progresso economico e sociale"".""La collaborazione con Generali presentata oggi presso il CNEL rappresenta un vero e proprio unicum e dimostra la capacità di Luiss di porsi come ponte strategico tra ricerca scientifica avanzata, imprese e mondo del lavoro"" - ha commentato Giorgio Fossa, Presidente dell'Università Luiss Guido Carli, che ha aggiunto - ""Il confronto di oggi ha evidenziato come le transizioni globali spingano anche verso una modernizzazione delle relazioni industriali dove competenze e partecipazione sono al centro. Luiss in questo progetto con Generali ha messo a disposizione tutta la propria eccellenza scientifica per testare un modello che credo sarà esportabile in altre aziende"".""Presentare oggi i Transformation Hub nell'autorevole sede del CNEL rappresenta un momento importante di un percorso che nasce dalla convinzione che i grandi cambiamenti debbano essere compresi e governati attraverso il dialogo e la partecipazione."" Ha dichiarato Gianluca Perin, Country General Manager di Generali Italia. ""Come Generali, con questo progetto, abbiamo scelto di riunire attorno allo stesso tavolo impresa, organizzazioni sindacali e mondo accademico per affrontare temi che stanno ridefinendo il lavoro e la società: dall'intelligenza artificiale alla sostenibilità sociale fino al cambiamento demografico. La collaborazione con l'Università Luiss Guido Carli è un elemento centrale di questo modello, perchè ci consente di affiancare al confronto tra le parti il rigore della ricerca e una visione di lungo periodo. L'ambizione dei Transformation Hub è contribuire a costruire una cultura della partecipazione capace di anticipare le trasformazioni e generare valore per le persone, le imprese e il Paese"". - Foto ufficio stampa Generali -(ITALPRESS)."
20261001163503,Sassuolo Duemila,https://www.sassuolo2000.it/2026/10/01/transformation-hub-il-progetto-di-generali-e-luiss-per-un-nuovo-modello-di-lavoro/,,,,,,srclc:ita,"ROMA (ITALPRESS) – Accompagnare i grandi cambiamenti del mondo del lavoro promuovendo un nuovo modello di relazioni industriali partecipativo e inclusivo. E’ stato questo il tema al centro dell’incontro “Costruire insieme il lavoro che verrà”, nella sede nazionale del CNEL a Roma, durante il quale è stato presentato il progetto “Transformation Hub”, una iniziativa unica in Italia, nata dall’accordo tra Generali e le organizzazioni sindacali, con la collaborazione scientifica dell’Università Luiss.
Nel corso dell’evento sono state illustrate le attività degli “Hub”, le tre commissioni paritetiche nate dal Contratto Integrativo siglato da Generali con FIRST/CISL, FISAC CGIL, UILCA, FNA e SNFIA, un’intesa già riconosciuta dal CNEL come “Buona Pratica Aziendale” per aver anticipato i contenuti della nuova normativa sulla partecipazione dei lavoratori alla gestione, al capitale e agli utili delle imprese. Gli Hub, sostenuti dal contributo scientifico della Luiss, focalizzano il confronto su tre direttrici chiave: Intelligenza Artificiale e modelli di organizzazione del lavoro, sostenibilità e implementazione in azienda dei Modelli ESG, demografia, invecchiamento attivo e gestione delle competenze.
L’Ateneo intitolato a Guido Carli coordina il piano di lavoro triennale del progetto attraverso una metodologia che combina ricerca applicata, analisi d’impatto, percorsi formativi congiunti per manager e sindacati e laboratori di policy e governance. Un percorso già operativo: durante l’incontro sono stati condivisi anche i risultati della prima fase di avvio – che tra aprile e maggio 2026 ha visto lo svolgimento di quattro sessioni di lavoro guidate dai docenti Luiss con circa 50 rappresentanti aziendali e sindacali – con l’obiettivo di tradurli in obiettivi di ricerca a supporto dell’evoluzione dell’organizzazione del lavoro.
L’appuntamento – aperto dai saluti del Presidente del CNEL Renato Brunetta, dell’Amministratore Delegato di Generali Philippe Donnet (intervenuto con un videomessaggio), e del Presidente della Luiss Giorgio Fossa – ha visto la partecipazione del Country General Manager di Generali Italia Gianluca Perin, del Presidente della Commissione Partecipazione del CNEL Emanuele Massagli e del Direttore Generale Luiss Rita Carisano. I lavori, moderati da Francesco Giorgino, sono proseguiti con un’analisi dei singoli hub guidata da Maria Cristina Muglia, Responsabile Relazioni sindacali Generali, insieme ai docenti Luiss Giuseppe Italiano, Matteo Caroli e Maria Rita Testa e ai rappresentanti sindacali Emanuele Bartolucci, Laura Delù e Claudia Zanelli, per concludersi con l’intervento del Professore Emerito della Sapienza Arturo Maresca.
“Per troppo tempo il nostro sistema produttivo ha guardato alla partecipazione dei lavoratori con diffidenza, come a un costo o a un vincolo all’autonomia dell’impresa. E’ arrivato il momento di cambiare prospettiva e di adottare il “paradigma partecipativo”, che trasforma quello che veniva percepito come un onere in un investimento in produttività, competenze, merito e qualità del lavoro. Mettere insieme capitale e lavoro, conoscenza e responsabilità significa creare valore per l’impresa e rafforzarne la capacità competitiva”, ha affermato il presidente del CNEL, Renato Brunetta. “La legge n. 76 del 2025 – ha proseguito Brunetta – offre finalmente gli strumenti per dare attuazione all’articolo 46 della Costituzione e affida un ruolo centrale al Consiglio nazionale dell’economia e del lavoro, istituendo presso di esso la Commissione nazionale permanente per la partecipazione dei lavoratori. Il CNEL, casa dei corpi intermedi, è quindi chiamato ad accompagnare questa transizione, valorizzando le buone pratiche che stanno già maturando nelle aziende. Il Bollino CNEL assegnato a Generali, tra i primi a essere attribuiti, e il modello dei Transformation Hub dimostrano che la partecipazione può già tradursi in realtà. Il nostro compito è farla crescere e diffonderla, perchè l’intelligenza del lavoro entri nelle scelte dell’impresa. Così l’innovazione diventa progresso economico e sociale”.
“La collaborazione con Generali presentata oggi presso il CNEL rappresenta un vero e proprio unicum e dimostra la capacità di Luiss di porsi come ponte strategico tra ricerca scientifica avanzata, imprese e mondo del lavoro” – ha commentato Giorgio Fossa, Presidente dell’Università Luiss Guido Carli, che ha aggiunto – “Il confronto di oggi ha evidenziato come le transizioni globali spingano anche verso una modernizzazione delle relazioni industriali dove competenze e partecipazione sono al centro. Luiss in questo progetto con Generali ha messo a disposizione tutta la propria eccellenza scientifica per testare un modello che credo sarà esportabile in altre aziende”.
“Presentare oggi i Transformation Hub nell’autorevole sede del CNEL rappresenta un momento importante di un percorso che nasce dalla convinzione che i grandi cambiamenti debbano essere compresi e governati attraverso il dialogo e la partecipazione.” Ha dichiarato Gianluca Perin, Country General Manager di Generali Italia. “Come Generali, con questo progetto, abbiamo scelto di riunire attorno allo stesso tavolo impresa, organizzazioni sindacali e mondo accademico per affrontare temi che stanno ridefinendo il lavoro e la società: dall’intelligenza artificiale alla sostenibilità sociale fino al cambiamento demografico. La collaborazione con l’Università Luiss Guido Carli è un elemento centrale di questo modello, perchè ci consente di affiancare al confronto tra le parti il rigore della ricerca e una visione di lungo periodo. L’ambizione dei Transformation Hub è contribuire a costruire una cultura della partecipazione capace di anticipare le trasformazioni e generare valore per le persone, le imprese e il Paese”.
 – Foto ufficio stampa Generali –
(ITALPRESS)."
20261001163503,Info Vercelli 24,https://www.infovercelli24.it/2026/10/01/leggi-notizia/articolo/transformation-hub-il-progetto-di-generali-e-luiss-per-un-nuovo-modello-di-lavoro.html,,,,,,srclc:ita,"ROMA (ITALPRESS) - Accompagnare i grandi cambiamenti del mondo del lavoro promuovendo un nuovo modello di relazioni industriali partecipativo e inclusivo. E' stato questo il tema al centro dell'incontro ""Costruire insieme il lavoro che verrà"", nella sede nazionale del CNEL a Roma, durante il quale è stato presentato il progetto ""Transformation Hub"", una iniziativa unica in Italia, nata dall'accordo tra Generali e le organizzazioni sindacali, con la collaborazione scientifica dell'Università Luiss.Nel corso dell'evento sono state illustrate le attività degli ""Hub"", le tre commissioni paritetiche nate dal Contratto Integrativo siglato da Generali con FIRST/CISL, FISAC CGIL, UILCA, FNA e SNFIA, un'intesa già riconosciuta dal CNEL come ""Buona Pratica Aziendale"" per aver anticipato i contenuti della nuova normativa sulla partecipazione dei lavoratori alla gestione, al capitale e agli utili delle imprese. Gli Hub, sostenuti dal contributo scientifico della Luiss, focalizzano il confronto su tre direttrici chiave: Intelligenza Artificiale e modelli di organizzazione del lavoro, sostenibilità e implementazione in azienda dei Modelli ESG, demografia, invecchiamento attivo e gestione delle competenze.L'Ateneo intitolato a Guido Carli coordina il piano di lavoro triennale del progetto attraverso una metodologia che combina ricerca applicata, analisi d'impatto, percorsi formativi congiunti per manager e sindacati e laboratori di policy e governance. Un percorso già operativo: durante l'incontro sono stati condivisi anche i risultati della prima fase di avvio - che tra aprile e maggio 2026 ha visto lo svolgimento di quattro sessioni di lavoro guidate dai docenti Luiss con circa 50 rappresentanti aziendali e sindacali - con l'obiettivo di tradurli in obiettivi di ricerca a supporto dell'evoluzione dell'organizzazione del lavoro.L'appuntamento - aperto dai saluti del Presidente del CNEL Renato Brunetta, dell'Amministratore Delegato di Generali Philippe Donnet (intervenuto con un videomessaggio), e del Presidente della Luiss Giorgio Fossa - ha visto la partecipazione del Country General Manager di Generali Italia Gianluca Perin, del Presidente della Commissione Partecipazione del CNEL Emanuele Massagli e del Direttore Generale Luiss Rita Carisano. I lavori, moderati da Francesco Giorgino, sono proseguiti con un'analisi dei singoli hub guidata da Maria Cristina Muglia, Responsabile Relazioni sindacali Generali, insieme ai docenti Luiss Giuseppe Italiano, Matteo Caroli e Maria Rita Testa e ai rappresentanti sindacali Emanuele Bartolucci, Laura Delù e Claudia Zanelli, per concludersi con l'intervento del Professore Emerito della Sapienza Arturo Maresca.""Per troppo tempo il nostro sistema produttivo ha guardato alla partecipazione dei lavoratori con diffidenza, come a un costo o a un vincolo all'autonomia dell'impresa. E' arrivato il momento di cambiare prospettiva e di adottare il ""paradigma partecipativo"", che trasforma quello che veniva percepito come un onere in un investimento in produttività, competenze, merito e qualità del lavoro. Mettere insieme capitale e lavoro, conoscenza e responsabilità significa creare valore per l'impresa e rafforzarne la capacità competitiva"", ha affermato il presidente del CNEL, Renato Brunetta. ""La legge n. 76 del 2025 - ha proseguito Brunetta - offre finalmente gli strumenti per dare attuazione all'articolo 46 della Costituzione e affida un ruolo centrale al Consiglio nazionale dell'economia e del lavoro, istituendo presso di esso la Commissione nazionale permanente per la partecipazione dei lavoratori. Il CNEL, casa dei corpi intermedi, è quindi chiamato ad accompagnare questa transizione, valorizzando le buone pratiche che stanno già maturando nelle aziende. Il Bollino CNEL assegnato a Generali, tra i primi a essere attribuiti, e il modello dei Transformation Hub dimostrano che la partecipazione può già tradursi in realtà. Il nostro compito è farla crescere e diffonderla, perchè l'intelligenza del lavoro entri nelle scelte dell'impresa. Così l'innovazione diventa progresso economico e sociale"".""La collaborazione con Generali presentata oggi presso il CNEL rappresenta un vero e proprio unicum e dimostra la capacità di Luiss di porsi come ponte strategico tra ricerca scientifica avanzata, imprese e mondo del lavoro"" - ha commentato Giorgio Fossa, Presidente dell'Università Luiss Guido Carli, che ha aggiunto - ""Il confronto di oggi ha evidenziato come le transizioni globali spingano anche verso una modernizzazione delle relazioni industriali dove competenze e partecipazione sono al centro. Luiss in questo progetto con Generali ha messo a disposizione tutta la propria eccellenza scientifica per testare un modello che credo sarà esportabile in altre aziende"".""Presentare oggi i Transformation Hub nell'autorevole sede del CNEL rappresenta un momento importante di un percorso che nasce dalla convinzione che i grandi cambiamenti debbano essere compresi e governati attraverso il dialogo e la partecipazione."" Ha dichiarato Gianluca Perin, Country General Manager di Generali Italia. ""Come Generali, con questo progetto, abbiamo scelto di riunire attorno allo stesso tavolo impresa, organizzazioni sindacali e mondo accademico per affrontare temi che stanno ridefinendo il lavoro e la società: dall'intelligenza artificiale alla sostenibilità sociale fino al cambiamento demografico. La collaborazione con l'Università Luiss Guido Carli è un elemento centrale di questo modello, perchè ci consente di affiancare al confronto tra le parti il rigore della ricerca e una visione di lungo periodo. L'ambizione dei Transformation Hub è contribuire a costruire una cultura della partecipazione capace di anticipare le trasformazioni e generare valore per le persone, le imprese e il Paese"". - Foto ufficio stampa Generali -(ITALPRESS)."
20261001163503,News Biella,https://www.newsbiella.it/2026/10/01/leggi-notizia/articolo/transformation-hub-il-progetto-di-generali-e-luiss-per-un-nuovo-modello-di-lavoro.html,,,,,,srclc:ita,"ROMA (ITALPRESS) - Accompagnare i grandi cambiamenti del mondo del lavoro promuovendo un nuovo modello di relazioni industriali partecipativo e inclusivo. E' stato questo il tema al centro dell'incontro ""Costruire insieme il lavoro che verrà"", nella sede nazionale del CNEL a Roma, durante il quale è stato presentato il progetto ""Transformation Hub"", una iniziativa unica in Italia, nata dall'accordo tra Generali e le organizzazioni sindacali, con la collaborazione scientifica dell'Università Luiss.Nel corso dell'evento sono state illustrate le attività degli ""Hub"", le tre commissioni paritetiche nate dal Contratto Integrativo siglato da Generali con FIRST/CISL, FISAC CGIL, UILCA, FNA e SNFIA, un'intesa già riconosciuta dal CNEL come ""Buona Pratica Aziendale"" per aver anticipato i contenuti della nuova normativa sulla partecipazione dei lavoratori alla gestione, al capitale e agli utili delle imprese. Gli Hub, sostenuti dal contributo scientifico della Luiss, focalizzano il confronto su tre direttrici chiave: Intelligenza Artificiale e modelli di organizzazione del lavoro, sostenibilità e implementazione in azienda dei Modelli ESG, demografia, invecchiamento attivo e gestione delle competenze.L'Ateneo intitolato a Guido Carli coordina il piano di lavoro triennale del progetto attraverso una metodologia che combina ricerca applicata, analisi d'impatto, percorsi formativi congiunti per manager e sindacati e laboratori di policy e governance. Un percorso già operativo: durante l'incontro sono stati condivisi anche i risultati della prima fase di avvio - che tra aprile e maggio 2026 ha visto lo svolgimento di quattro sessioni di lavoro guidate dai docenti Luiss con circa 50 rappresentanti aziendali e sindacali - con l'obiettivo di tradurli in obiettivi di ricerca a supporto dell'evoluzione dell'organizzazione del lavoro.L'appuntamento - aperto dai saluti del Presidente del CNEL Renato Brunetta, dell'Amministratore Delegato di Generali Philippe Donnet (intervenuto con un videomessaggio), e del Presidente della Luiss Giorgio Fossa - ha visto la partecipazione del Country General Manager di Generali Italia Gianluca Perin, del Presidente della Commissione Partecipazione del CNEL Emanuele Massagli e del Direttore Generale Luiss Rita Carisano. I lavori, moderati da Francesco Giorgino, sono proseguiti con un'analisi dei singoli hub guidata da Maria Cristina Muglia, Responsabile Relazioni sindacali Generali, insieme ai docenti Luiss Giuseppe Italiano, Matteo Caroli e Maria Rita Testa e ai rappresentanti sindacali Emanuele Bartolucci, Laura Delù e Claudia Zanelli, per concludersi con l'intervento del Professore Emerito della Sapienza Arturo Maresca.""Per troppo tempo il nostro sistema produttivo ha guardato alla partecipazione dei lavoratori con diffidenza, come a un costo o a un vincolo all'autonomia dell'impresa. E' arrivato il momento di cambiare prospettiva e di adottare il ""paradigma partecipativo"", che trasforma quello che veniva percepito come un onere in un investimento in produttività, competenze, merito e qualità del lavoro. Mettere insieme capitale e lavoro, conoscenza e responsabilità significa creare valore per l'impresa e rafforzarne la capacità competitiva"", ha affermato il presidente del CNEL, Renato Brunetta. ""La legge n. 76 del 2025 - ha proseguito Brunetta - offre finalmente gli strumenti per dare attuazione all'articolo 46 della Costituzione e affida un ruolo centrale al Consiglio nazionale dell'economia e del lavoro, istituendo presso di esso la Commissione nazionale permanente per la partecipazione dei lavoratori. Il CNEL, casa dei corpi intermedi, è quindi chiamato ad accompagnare questa transizione, valorizzando le buone pratiche che stanno già maturando nelle aziende. Il Bollino CNEL assegnato a Generali, tra i primi a essere attribuiti, e il modello dei Transformation Hub dimostrano che la partecipazione può già tradursi in realtà. Il nostro compito è farla crescere e diffonderla, perchè l'intelligenza del lavoro entri nelle scelte dell'impresa. Così l'innovazione diventa progresso economico e sociale"".""La collaborazione con Generali presentata oggi presso il CNEL rappresenta un vero e proprio unicum e dimostra la capacità di Luiss di porsi come ponte strategico tra ricerca scientifica avanzata, imprese e mondo del lavoro"" - ha commentato Giorgio Fossa, Presidente dell'Università Luiss Guido Carli, che ha aggiunto - ""Il confronto di oggi ha evidenziato come le transizioni globali spingano anche verso una modernizzazione delle relazioni industriali dove competenze e partecipazione sono al centro. Luiss in questo progetto con Generali ha messo a disposizione tutta la propria eccellenza scientifica per testare un modello che credo sarà esportabile in altre aziende"".""Presentare oggi i Transformation Hub nell'autorevole sede del CNEL rappresenta un momento importante di un percorso che nasce dalla convinzione che i grandi cambiamenti debbano essere compresi e governati attraverso il dialogo e la partecipazione."" Ha dichiarato Gianluca Perin, Country General Manager di Generali Italia. ""Come Generali, con questo progetto, abbiamo scelto di riunire attorno allo stesso tavolo impresa, organizzazioni sindacali e mondo accademico per affrontare temi che stanno ridefinendo il lavoro e la società: dall'intelligenza artificiale alla sostenibilità sociale fino al cambiamento demografico. La collaborazione con l'Università Luiss Guido Carli è un elemento centrale di questo modello, perchè ci consente di affiancare al confronto tra le parti il rigore della ricerca e una visione di lungo periodo. L'ambizione dei Transformation Hub è contribuire a costruire una cultura della partecipazione capace di anticipare le trasformazioni e generare valore per le persone, le imprese e il Paese"". - Foto ufficio stampa Generali -(ITALPRESS).
Che tempo fa
Rubriche
Le prime dal territorio
Biella
Giro Handbike 2026 a Biella domenica, come cambia la viabilità
La gara si svolgerà indicativamente dalle ore 9.15 alle ore 13.30"
20261001163009,Affaritaliani,https://www.affaritaliani.it/economia/spesa-al-supermercato-lintelligenza-artificiale-ci-salvera-dagli-acquisti-inutili-lalgoritmo-contro-le-trappole-del-carrello.html,,,,,,srclc:ita,"I.A. cercasi per spesa disperata: come l’algoritmo ci salverà dalle trappole del supermercato
Per anni i telegiornali ci hanno spaventato con questa storia dell’Intelligenza Artificiale: macchine prodigiose che ruberanno il lavoro, computer senzienti e robot pronti a dominare ol mondo. Grandi discorsi, per carità. Ma provate a mettere un ingegnere della Silicon Valley davanti al bancone dei latticini di un supermercato di Bari o di Napoli, di venerdì pomeriggio, e vedrete che tutta questa superiorità tecnologica svanisce in un secondo. La verità è che la vera sfida per la sopravvivenza umana non si gioca nei laboratori segreti, ma tra le corsie. Per noi che facciamo i conti con la realtà ogni giorno, il supermercato moderno non è un semplice negozio, ma un campo di battaglia psicologico avanzatissimo. Varcare quella soglia con l’obiettivo di comprare solo un pacco di pasta e una bottiglia di passata è un atto di puro eroismo.
Al Sud, poi, la spesa è un’esperienza mistica e sociale. C’è il calore umano, certo, ma ci sono anche i trucchi del marketing che sanno esattamente come colpire i nostri punti deboli. Prendiamo ad esempio la ricerca del caﬀè in oﬀerta, una vera e propria missione di Stato. Per noi il caﬀè non è una semplice bevanda, è un pilastro della civiltà. Passiamo ore a studiare i volantini promozionali manco fossero papiri egizi, pronti a percorrere chilometri pur di accaparrarci la mattonella della nostra marca preferita scontata di cinquanta centesimi. Il supermercato però lo sa bene, e cosa fa ? Piazza quel caﬀè introvabile nell’angolo più remoto della struttura, circondandolo di tentazioni
ingannevoli. 
Leggi anche: Natalità, ma quale inverno demografico? Qui non ci sono più le stagioni
I beni di prima necessità sono infatti sempre nascosti in fondo al locale, costringendoci a una vera e propria maratona tra le oﬀerte speciali e merci superflue. Ed è qui che il nostro cervello cede. Entri per il caﬀè a prezzo stracciato e ti ritrovi alla cassa a fissare un carrello straboccante con tre confezioni di datteri esotici in sconto, un set di contenitori di plastica che non userai mai e quelle
patatine gourmet al gusto di tartufo che costano quanto un chilo di carne buona dal macellaio di fiducia.In questa totale capitolazione del portafoglio, l’Intelligenza Artificiale potrebbe essere la nostra unica salvezza. Non un robot freddo e minaccioso, ma una sorta di assistente virtuale con la fermezza di una vecchia zia saggia che tiene i cordoni della borsa.
Immaginiamo la scena. Sei lì che guardi quel pacco di biscotti costosi, attratto dalla confezione colorata che promette miracoli. All’improvviso lo smartphone vibra in tasca. E’ la tua I.A. personale che interviene a voce bassa: “Attenzione. Rilevo un momento di debolezza emotiva davanti agli zuccheri. Ti ricordo che hai speso in budget extra per le sei confezioni di caﬀè in promozione che hai
stipato sotto il letto, inoltre, quel brand di biscotti non è in oﬀerta. Cammina dritto verso la cassa e non guardare nessuno”. 
L’algoritmo non ha sentimenti. Non si fa intenerire dalla nostalgia dei sapori di una colta o dal packanging ecologico. Vede il mondo per quello che è: una sequenza di prezzi al chilo messi a confronto. E’ proprio questa sua freddezza il suo superpoteri. Un domani, un’applicazione del genere potrebbe incrociare i volantini di tutti i negozi del quartiere in un millisecondo dicendoci esattamente dove conviene comprare il detersivo e dove l’olio d’oliva, bloccandoci lo smartphone se proviamo a comprare il terzo barattolo di maionese identico che andrà inevitabilmente a scadere nascosto dietri lo yogurt. Forse i computer diventeranno più intelligenti di noi e
prenderanno il controllo delle nostre giornate. Ma se questo serve a farci risparmiare sulla spesa settimanale senza cadere nei tranelli del marketing, allora benvenuta sia la tecnologia. La semplicità del buon senso domestico, unita alla potenza di un calcolatore, potrebbe essere la formula perfetta per salvare il bilancio familiare."
20261001161405,Corriere,https://www.corriere.it/economia/lavoro/26_ottobre_01/capobianco-conflavoro-tre-proposte-per-fare-crescere-le-pmi-meloni-siete-il-motore-dell-italia-753bb06f-c2b4-4139-9282-745e0bb3dxlk.shtml,,,,,,srclc:ita,"Capobianco (Conflavoro): tre proposte per fare crescere le Pmi. Meloni: «Siete il motore dell'Italia»
Il presidente Capobianco propone di azzerare le imposte sugli utili, introdurre un tetto al prezzo dell'energia e il credito d'imposta automatico del 50% per le Pmi su tutto ciò che accresce il valore di prodotti e servizi (ricerca e brevetti). Il presidente Meloni: «Le Pmi consentono al nostro tessuto produttivo e industriale di migliorare»
«Utile Zero, tetto alle bollette e credito per la ricerca»: sono le tre proposte lanciate ieri, 30 settembre 2026, da Roberto Capobianco, presidente di Conflavoro, durante la XVI assemblea nazionale della confederazione sindacale di categoria svoltasi a Roma, con un unico obiettivo: spostare risorse dalla logica del sussidio all'investimento per le Pmi e rimettere le piccole e medie imprese nelle condizioni di crescere. L'incontro intitolato «Energ.Ia – L'Italia si accende», ha visto la partecipazione di circa 800 imprenditori e esponenti del Governo, delle istituzioni e del Parlamento. Conflavoro, che rappresenta circa 90mila imprese associate, ha portato sul palco tre proposte concrete per la prossima Legge di Bilancio, all'insegna del claim scelto per l'assemblea, «Liberi di crescere»"".
Le proposte per fare crescere le Pmi
La prima proposta, «Utile Zero», chiede di azzerare le imposte sugli utili lasciati in azienda e reinvestiti entro due anni, affiancando un credito d'imposta automatico del 40% sui primi 300mila euro di investimento, che sale al 50% per le imprese più piccole e per il Mezzogiorno: senza perizie, né click day, con il beneficio prenotato al momento dell'ordine. La seconda, «Bolletta Massima», introduce un tetto al prezzo dell'energia per le Pmi agganciato alla media europea, insieme al disaccoppiamento del prezzo dell'elettricità da rinnovabili rispetto al gas, all'accesso a contratti di fornitura di lungo periodo e a «Energia in Fabbrica», il credito d'imposta per fotovoltaico, accumulo ed efficientamento. La terza proposta, «Ricerca in Fabbrica», prevede un credito d'imposta automatico del 50% per le Pmi su tutto ciò che accresce il valore di prodotti e servizi – ricerca, brevetti, design, prototipi e Intelligenza artificiale – e si affianca a ""Tasse Zero Under 35"", che azzera imposte e contributi per tre anni sui giovani assunti a tempo indeterminato.
Meloni: «Le Pmi sono spina dorsale dell'Italia»
Per il presidente del Consiglio dei ministri Giorgia Meloni, che ha aperto la giornata porgendo un saluto istituzionale attraverso un messaggio inviato ai vertici di Conflavoro, «le piccole e medie imprese rappresentano la spina dorsale di questa Nazione, il motore di quell’Italia che ogni giorno si rimbocca le maniche e si impegna per produrre ricchezza e creare lavoro, superando ostacoli e difficoltà. Sono uno dei pilastri del Made in Italy, l’ossatura che consente al nostro tessuto produttivo e industriale di migliorare e di raggiungere ogni anno nuovi traguardi». «Questo Governo ha realizzato un mosaico di misure per difendere la specificità delle Pmi italiane e liberare il loro potenziale - ricorda Meloni - . Penso all’estensione del concordato preventivo biennale per le piccole e medie imprese e per le Partite Iva, alla riforma dello Statuto del contribuente, che rafforza le tutele previste per cittadini e imprese e riduce le sanzioni amministrative, portandole ai livelli europei. Lo Stato deve essere un alleato, e non un nemico di chi lavora e produce. È la visione a cui abbiamo cercato di dare forma e sostanza in questi anni, e che passa anche dal robusto taglio delle tasse che abbiamo operato. Solo con il taglio del cuneo fiscale per i lavoratori e la riforma dell’Irpef, lo Stato rinuncia ogni anno a 21 miliardi di euro e mette quei 21 miliardi nelle tasche dei cittadini».
il ministro Mazzi: «Energia e Ai accessibili a imprese»
Il ministro del Turismo, Gianmarco Mazzi, ha dichiarato: «La sfida che abbiamo di fronte è rendere l’energia e l’Intelligenza artificiale accessibili e sostenibili per le imprese. Il Governo ha messo al centro la difesa del lavoro e la libertà di fare impresa. Abbiamo dato alle imprese le migliori condizioni possibili per lavorare e generare valore anche in tempi difficili. Abbiamo dato al Paese una stabilità che ha un valore di 256 miliardi di euro di risparmio in più per gli italiani rispetto all'operato dei sei governi precedenti. Con 535 milioni e mezzo di pernottamenti nel 2025, la nostra nazione ha centrato il primo posto in Europa, per la prima volta davanti alla Spagna. Abbiamo abbassato il cuneo fiscale sul lavoro, raggiungendo un record occupazionale, il livello più alto mai registrato nelle serie storiche. Abbiamo investito nelle professionalità e nelle competenze. Il turismo sta ottenendo risultati straordinari e sostiene diversi settori dell’economia, diventando un importante motore di crescita e di occupazione. In questo percorso, il contributo delle Pmi è fondamentale».
La ministra Calderone: «Ia resti al servizio dell'uomo»
Parole condivise da Marina Elvira Calderone, ministra del Lavoro e delle Politiche Sociali, ha affermato: «Stiamo vivendo una stagione di nuovo dialogo tra istituzioni e parti sociali volta a stabilizzare i record occupazionali e a realizzare l'attuazione di un salario giusto, partendo dal principio che il lavoro è dignità, autonomia e futuro. La nostra responsabilità è accompagnare le profonde transizioni in atto mantenendo al centro la persona: in quest'ottica, l'Intelligenza artificiale deve restare uno strumento al servizio dell'uomo per rafforzare la competitività, migliorare la sicurezza e integrare le mansioni. Per affrontare l'andamento demografico e valorizzare ogni talento, il Governo è impegnato a promuovere un uso responsabile dell'IA, investendo su formazione continua e capitale umano. La vera innovazione sta nella capacità di far crescere insieme produttività, occupazione e competenze».
Adolfo Urso, ministro delle Imprese e del Made in Italy, ha sottolineato: «Le piccole e medie imprese rappresentano l’ossatura del nostro sistema produttivo e svolgono un ruolo fondamentale per la crescita e la competitività del Paese. Per questo abbiamo scelto di costruire con le associazioni datoriali un confronto costante e concreto. Grazie alla proposta e al contributo di Conflavoro abbiamo approvato la Legge annuale sulle Pmi, dando finalmente attuazione a un percorso strutturato di ascolto e collaborazione tra istituzioni e imprese. In questo modo, abbiamo potuto mettere al centro questioni decisive come l’accesso al credito, il ricambio generazionale, la sicurezza sul lavoro, l’innovazione digitale e il sostegno agli investimenti. Il Tavolo dedicato alle Pmi rappresenta in questo senso uno strumento prezioso di confronto, perché ci consente di intervenire sulle esigenze reali del tessuto produttivo. È questo il metodo che vogliamo continuare a seguire: lavorare insieme alle imprese per accompagnarne lo sviluppo e rendere l’Italia sempre più competitiva».
Il ministro Pichetto Fratin: «Energia e Ai strategici per futuro del Paese»
Per Gilberto Pichetto Fratin, Ministro dell’Ambiente e della Sicurezza Energetica: “Energia e Intelligenza artificiale sono due temi strategici per il futuro del Paese. L’energia è alla base della competitività delle nostre imprese e delle nostre comunità, soprattutto in una fase segnata da forti tensioni internazionali. L’Italia è impegnata nella decarbonizzazione e nella transizione verso fonti più sostenibili, sicure e accessibili, attraverso una forte accelerazione sulle rinnovabili e la prospettiva del ritorno al nucleare di nuova generazione. L’obiettivo è garantire al Paese l’energia necessaria per sostenere crescita e innovazione, anche di fronte allo sviluppo dell’Intelligenza artificiale, una tecnologia fortemente energivora ma capace di rendere i sistemi energetici più efficienti, le reti più resilienti e i consumi più sostenibili. Dobbiamo investire in ricerca, formazione e nuove competenze, accompagnando l’innovazione con regole adeguate per consentire all’Italia di essere protagonista di questa trasformazione».
Il ministro Lollobrigida: «Stanziato 1200 milioni per il credito d'imposta sul gasolio agricolo»
Francesco Lollobrigida, ministro dell’Agricoltura, della Sovranità Alimentare e delle Foreste, ha dichiarato: «Oggi l'agricoltura italiana è tornata al centro dell'agenda politica nazionale e internazionale. Siamo, per il secondo anno consecutivo, la prima economia agricola d'Europa per valore aggiunto, oltre 46,6 miliardi, e leader nella qualità agroalimentare. In questa assemblea affrontate temi cruciali per la nostra economia, come l'energia, l'innovazione e le nuove tecnologie. Per fronteggiare i rincari legati alle tensioni geopolitiche, con l'ultima Legge di Bilancio abbiamo confermato le accise agevolate alle imprese e abbiamo inoltre stanziato, come ministero, 100 milioni per il credito d'imposta sul gasolio agricolo».
Durigon: «Dobbiamo sostenere chi investe, produce e crea lavoro»
All'incontro ha partecipato, tra gli altri il senatore Claudio Durigon, sottosegretario al ministero del Lavoro e delle Politiche Sociali, che ha osservato: «Le Pmi sono il cuore del nostro sistema produttivo e il loro ruolo è cruciale per la crescita del Paese. I risultati record dell’export e i dati sull’occupazione testimoniano un’accelerazione importante impressa dal Governo, ma dobbiamo continuare lungo questa strada, sostenendo chi investe, produce e crea lavoro. Il tetto sui prezzi alla pompa adottato dalle principali industrie petrolifere rappresenta un buon segnale per contrastare il caro carburanti, ma è fondamentale guardare al medio e lungo periodo e costruire un mix energetico capace di garantire maggiore sicurezza e competitività. In questa direzione si inserisce anche il via libera al nucleare di nuova generazione».
Capobianco: «Non possiamo accontentarci di sopravvivere»
Per Roberto Capobianco, presidente di Conflavoro «l'Italia delle Pmi non può accontentarsi di sopravvivere. La piccola impresa deve tornare a essere un punto di partenza, perché quando le imprese italiane camminano, il Paese corre, ma se corrono allora l'Italia si accende. Abbiamo anticipato tre proposte, con una regola molto semplice: non un euro a chi si ferma, tutto a chi investe. Le abbiamo riassunte in tre verbi: investi, produci, cresci.» Con Utile Zero «chiediamo tasse zero sugli utili che restano in azienda e vengono reinvestiti entro due anni, insieme a un credito d'imposta automatico per chi investe subito - precisa il presidente di Conflavoro - . Con Bolletta Massima proponiamo un tetto al prezzo dell'energia per le Pmi, agganciato alla media europea, e misure per aumentare l'autoproduzione e ridurre il divario con l'Europa. Con Ricerca in Fabbrica, infine, proponiamo un credito d'imposta automatico del 50% per le Pmi su ricerca, brevetti, design, prototipi e intelligenza artificiale. Sono tre strumenti con un unico obiettivo: spostare le risorse dalla logica del sussidio a quella dell'investimento, perché una piccola impresa non deve avere come traguardo quello di restare piccola, ma la possibilità concreta di crescere». All’evento hanno preso parte tra gli altri il senatore Daniele Manca, capogruppo Pd in Commissione Bilancio al Senato; il senatore Stefano Patuanelli, vicepresidente del Movimento 5 Stelle; l’onorevole Chiara Tenerini, capogruppo di Forza Italia in commissione Lavoro alla Camera e l’onorevole Riccardo Zucconi, responsabile del dipartimento Energia di Fratelli d’Italia, oltre a Angelo Raffaele Margiotta, segretario generale della Confsal."
20261001160844,Il Crotonese,https://www.ilcrotonese.it/2026/10/01/trasferimenti-clero-la-lettera-del-vescovo-di-crotone-ai-fedeli/1738929/,,,,,,srclc:ita,"Diocesi
|Trasferimenti clero: la lettera del vescovo di Crotone ai fedeli
L’Arcidiocesi si rinnova. Monsignor Torriani invita i parrocchiani ad accogliere le nuove nomine pastorali con preghiera e comunione
CROTONE – Un invito a vivere i futuri trasferimenti dei sacerdoti con responsabilità e spirito di condivisione. Questo il tema della lettera pastorale del vescovo di Crotone-Santa Severina, monsignor Alberto Torriani, nell’annunciare le nomine dei nuovi parroci. Il pastore della diocesi di Crotone esorta le parrocchie ad accogliere i cambiamenti non come meri spostamenti burocratici, ma come una necessaria riorganizzazione per affrontare una realtà in profonda mutazione e per non ridurre la Chiesa alla semplice conservazione del passato.
Il significato profondo della lettera del vescovo
L’Arcivescovo si rivolge direttamente alla sua comunità per preparare il terreno alle nuove nomine in arrivo. Nelle sue parole emerge l’importanza di valorizzare il lato umano e affettivo del ministero. Aggiunge inoltre una profonda consapevolezza sulle reazioni umane: «So che molti attendono da tempo queste notizie. So anche che ogni cambiamento suscita domande, curiosità, talvolta preoccupazione. Quando cambia un parroco o un sacerdote lascia una comunità, infatti, non cambia semplicemente un nome su un decreto». Per tale ragione, l’augurio espresso è che queste novità «fossero lette dentro il cammino che, insieme, stiamo cercando di compiere come Chiesa».
I ringraziamenti ai parroci e alle comunità
Un passaggio centrale che arricchisce la lettera del vescovo è dedicato alla gratitudine verso chi vive in prima persona questi spostamenti. Il presule rivolge un pensiero colmo di riconoscenza ai preti che si preparano a iniziare un nuovo percorso: «Il mio primo pensiero è di profonda gratitudine ai sacerdoti che hanno accolto la richiesta di un trasferimento o di un nuovo incarico». Il vescovo riconosce le difficoltà umane di tale passo, sottolineando in modo empatico che «cambiare comunità significa, in qualche misura, fare nuovamente i bagagli: lasciare volti conosciuti e relazioni diventate familiari, interrompere abitudini consolidate, consegnare ad altri quanto si è cercato di costruire e ricominciare altrove, entrando con rispetto in una storia già iniziata».
Un ringraziamento che Monsignor Torriani estende pubblicamente per la disponibilità dimostrata, dichiarando: «Non è sempre facile. Per questo desidero dire pubblicamente grazie a quanti hanno accolto questa disponibilità, anche quando ha comportato una fatica personale».
Le motivazioni del cambiamento pastorale
Spiegando nel dettaglio le ragioni dei trasferimenti, la lettera del vescovo Torriani chiarisce che le scelte si collocano in una revisione più ampia, dettata da fattori concreti del territorio. «La realtà che ci è affidata sta cambiando e dobbiamo avere il coraggio di guardarla per quella che è. Dobbiamo tenere insieme le necessità concrete delle comunità, il numero e l’età dei sacerdoti disponibili, le loro attitudini e possibilità, le caratteristiche molto diverse dei nostri territori, le distanze, le condizioni sociali e il progressivo decremento demografico che interessa diverse realtà della diocesi». L’obiettivo non è conservare nostalgicamente il passato, ma comprendere quale forma debba assumere oggi la presenza della Chiesa per servire efficacemente la missione.
Il perché delle zone pastorali
Un’altra importante novità riguarda la riorganizzazione territoriale. Monsignor Torriani spiega infatti il senso della nuova articolazione in zone, precisando che non si tratta di mera burocrazia: «Abbiamo articolato l’Arcidiocesi nelle quattro Zone pastorali. Non vorrei che diventassero semplicemente una nuova suddivisione geografica o un livello organizzativo in più. Sono piuttosto un invito a imparare una vera pastorale d’insieme».
Il presule sottolinea il motivo profondo di questa scelta, che richiede di superare i campanilismi: «Significa guardare oltre i confini della propria parrocchia; mettere in comune esperienze, persone e risorse; pensare insieme alcuni percorsi di catechesi, la pastorale giovanile e familiare, carità e formazione; valorizzare maggiormente i laici, i diaconi, i religiosi e le religiose, le aggregazioni ecclesiali e le tante disponibilità che lo Spirito continua a suscitare».
La finalità è chiara e carica di speranza, poiché, come ribadisce l’Arcivescovo, «ciò che da soli diventa sempre più difficile, insieme può diventare nuovamente possibile». Questa apertura non minaccia le tradizioni locali, ma al contrario le arricchisce: «Questo non significa cancellare l’identità delle singole comunità, la loro storia, le loro tradizioni e quella ricchezza di fede popolare che caratterizza tanti nostri paesi. Significa piuttosto impedire che queste identità diventino confini dentro i quali rinchiudersi».
Pertanto, i fedeli sono invitati a un profondo cambio di prospettiva: «Dovremo perciò abituarci progressivamente anche a non pensare che a ogni comunità, a ogni struttura e a ogni attività debba necessariamente corrispondere un sacerdote dedicato esclusivamente ad essa». Aggiungendo infine un monito importante: «E soprattutto dovremo evitare di misurare la cura che la Chiesa ha per una comunità semplicemente dal numero dei sacerdoti che vi abitano».
L’appello conclusivo rivolto a tutti i fedeli
La parte conclusiva del messaggio è dedicata a un appello rivolto a tutto il popolo diocesano. «Per questo alle comunità che accoglieranno un nuovo sacerdote vorrei chiedere qualcosa di più che una bella accoglienza nel giorno del suo ingresso. Dategli tempo per conoscervi e datevi tempo per conoscerlo. Non chiedetegli semplicemente di ripetere ciò che è sempre stato fatto o di rispondere immediatamente a ogni attesa. Camminate insieme». Inoltre, si domanda alla Diocesi intera di accompagnare tali novità con un gesto semplice ma potente: la preghiera durante le Celebrazioni Eucaristiche domenicali. L’invito finale è quello di passare con coraggio «dall”io” al “noi”, dalla difesa del proprio alla condivisione, dall’abitudine alla missione, dalla semplice collaborazione a una vera corresponsabilità»."
20261001151524,Il Riformista,https://www.ilriformista.it/maurizio-lupi-candidato-sindaco-di-milano-noi-moderati-sfida-il-centrodestra-non-siamo-subalterni-532572/,,,,,,srclc:ita,"Lealtà al centrodestra, ma non rinunciamo alla nostra identità
Maurizio Lupi candidato sindaco di Milano, Noi Moderati sfida il centrodestra: “Non siamo subalterni”
Se la candidatura di Maurizio Lupi a sindaco di Milano non venisse presa in considerazione, Noi Moderati potrebbe convocare un congresso straordinario, aperto a iscritti, amministratori e dirigenti territoriali, e discutere anche l’ipotesi di correre senza alleati. È la linea indicata da Giuseppe Galati, vicepresidente vicario di Noi Moderati, intervenuto la scorsa settimana al Consiglio nazionale del partito riunitosi a Roma. Il messaggio è rivolto agli alleati con la richiesta di riconoscere al movimento guidato proprio da Lupi un ruolo più incisivo nelle scelte della coalizione.
“La nostra lealtà al centrodestra non è in discussione e non esiste alcuna ipotesi di cambiare campo o di tradire l’alleanza. Ma lealtà non può significare subalternità, né rinuncia alla propria identità e alla propria dignità politica”, ha avvertito Galati. “La candidatura di Lupi, secondo il vicepresidente, deve essere oggetto di un confronto reale, anche in considerazione della sua esperienza politica e istituzionale, oltre al suo radicamento milanese. L’obiettivo, ha aggiunto Galati, deve essere quello di costruire una vera “casa politica del centro moderato e popolare”, evitando la semplice aggregazione di sigle.
Galati ha poi elencato quali sono le priorità del partito in vista delle prossime elezioni politiche: sostegno alla famiglia e alla natalità, riduzione della pressione fiscale sul lavoro e sulle imprese, tutela del ceto medio, sanità, lavoro giovanile e lo sviluppo del Mezzogiorno. Tra i temi anche Europa, innovazione, energia e nucleare, da affrontare senza “preclusioni ideologiche”. “Essere moderati non significa essere deboli”, ha concluso Galati, chiedendo quindi al partito di rafforzare la propria capacità di proposta e di partecipare da protagonista alle decisioni della coalizione. Il quadro nel centrodestra milanese è da mesi senza una soluzione condivisa: oltre a Lupi, ci sono i nomi di Matteo Perego di Cremnago (FI) e Silvia Sardone (Lega). E non è esclusa l’ipotesi delle primarie.
© Riproduzione riservata"
20261001143505,La Repubblica,https://www.repubblica.it/salute/2026/10/01/news/estendere_la_fascia_di_competenza_del_pediatra_di_famiglia_fino_ai_18_anni-425619663/?rss=,,,,,,srclc:ita,"Estendere la fascia di competenza del pediatra di famiglia fino ai 18 anni, per garantire continuità assistenziale in una fase delicata come l'adolescenza, sempre di più interessata da fragilità emotive, dipendenze digitali e da sostanze, sedentarietà e disturbi del comportamento alimentare. È una delle proposte rilanciate al 20° congresso nazionale della Federazione italiana medici pediatri (Fimp) che si apre oggi a Napoli e riunirà fino al 4 ottobre oltre 650 pediatri da tutta Italia.
La novità, spiega ancora la nota della Fimp, riguarderebbe oltre 2,2 milioni di ragazzi tra i 14 e i 17 anni. L’idea è rafforzare la continuità dell'assistenza pediatrica sul territorio per intercettare precocemente non solo condizioni patologiche, ma anche il disagio psicologico, sociale e relazionale delle nuove generazioni. Una pediatria di famiglia che affianca alla cura un'attenzione alla crescita e allo sviluppo, consolidando l'alleanza educativa e la vicinanza alle famiglie.
Il rapporto medico-paziente
""Il pediatra di famiglia conosce il ragazzo, la sua storia clinica e nella maggior parte dei casi anche il contesto familiare. Mantenere questo riferimento fino alla maggiore età significa evitare una frattura proprio negli anni in cui cambiano i bisogni di salute"", spiega Antonio D'avino, presidente nazionale Fimp. ""L'adolescenza è ancora troppo spesso una 'terra di mezzo' dell'assistenza, nella quale la transizione verso la medicina dell'adulto può tradursi in discontinuità o abbandono dei percorsi di cura"".
L'obiettivo ""non è spostare il confine tra pediatria di famiglia e medicina generale, ma accompagnare meglio l'adolescente verso l'età adulta, rafforzando la collaborazione tra i professionisti e garantendo continuità anche nella condivisione delle informazioni sanitarie"".
Le famiglie
Per le famiglie ""significa poter contare più a lungo su un interlocutore di fiducia; per i ragazzi, affrontare l'adolescenza con un professionista che li conosce già; per il sistema, costruire un passaggio più ordinato e integrato verso il medico di medicina generale, valorizzando le rispettive competenze"", prosegue D’Avino.
La prospettiva di estensione della presa in carico si inserisce in uno scenario demografico profondamente cambiato. La denatalità sta progressivamente riducendo la popolazione nelle fasce pediatriche più giovani e rende necessario ripensare la programmazione e l'organizzazione dell'assistenza. Secondo i pediatri, per rendere sostenibile l'estensione fino ai 18 anni sarà quindi necessario intervenire in modo coerente su numero dei professionisti, massimali e organizzazione territoriale"", continua la nota.
La prevenzione
Continuità assistenziale, ma non solo. Il congresso mette al centro il ruolo del pediatra di famiglia nella prevenzione e nella promozione della salute lungo tutto l'arco dell'età evolutiva, affrontando le sfide che oggi incidono maggiormente sulla salute di bambini e adolescenti: vaccinazioni, alimentazione e stili di vita, benessere psicologico e rapporto con il digitale. Alla vigilia della stagione invernale, uno dei fronti caldi è la prevenzione delle infezioni respiratorie.
""Stiamo già osservando una diffusione importante di adenovirus, rinovirus e virus parainfluenzali, che interessano attualmente circa il 20-30% dei bambini in età scolare"", sottolinea D’Avino. ""È un ambito in cui il pediatra di famiglia svolge un ruolo centrale nell'informazione alle famiglie, nella promozione dei comportamenti di prevenzione e nel contrasto al ricorso improprio agli antibiotici"".
I vaccini
Resta inoltre alta l'attenzione sulle coperture vaccinali per l'età pediatrica e adolescenziale: ""i recenti dati del ministero della salute mostrano una crescita dei casi di morbillo rispetto allo stesso periodo del 2025: nei primi cinque mesi del 2026 sono stati confermati 472 casi contro 322. Il maggior numero di casi si concentra tra i 15 e i 39 anni, prevalentemente tra persone non vaccinate, mentre l'incidenza più elevata si registra nei bambini sotto i 4 anni. Dati che confermano quanto sia importante non abbassare la guardia. Nell'adolescenza, inoltre, resta strategico il recupero di vaccinazioni come quella contro il papilloma virus (hpv)"", aggiunge D’Avino.
L’obesità
Altro grande capitolo del congresso è quello del contrasto all'obesità intervenendo precocemente sugli stili di vita. I numeri mostrano quanto ciò che accade nei primi anni possa pesare sulla salute futura: circa il 19% dei bambini tra 8 e 9 anni è in sovrappeso e il 10% è obeso. E il problema spesso non si ferma all'infanzia: oltre la metà dei bambini con obesità mantiene la condizione durante l'adolescenza e più del 70% degli adolescenti con obesità continua ad esserlo in età adulta. ""Intervenire presto significa quindi avere la possibilità di cambiare la traiettoria di salute – conclude D’Avino -di un bambino e dell'adulto che diventerà”."
20261001142025,Perugiatoday,https://www.perugiatoday.it/politica/energia-fotovoltaico-assisi-fasulo.html,,,,,,srclc:ita,"Castelnuovo, l'impianto fotovoltaico e il ""non sapevamo nulla"": la contraddizione che agita il Comune
La ricostruzione della vicenda da parte del consigliere Fasulo: la Pas presentata a dicembre, l'accesso consiliare di settembre, l'interpellanza urgente e l'avvio del procedimento in autotutela
La vicenda dell'impianto fotovoltaico di via Raspa Balilla, a Castelnuovo, continua a far discutere. A riaccendere i riflettori è Francesco Fasulo, consigliere comunale di opposizione e capogruppo di Forza Italia Assisi, che in una nota ricostruisce la sequenza documentale che ha portato il Comune ad avviare il riesame del titolo abilitativo.
Al centro della questione, un impianto fotovoltaico a terra di quasi 1 MW, composto da 2.496 moduli su una superficie di circa 27.550 metri quadrati – quasi tre ettari – nella zona di via Raspa Balilla. La procedura abilitativa semplificata per l'impianto denominato ""Cer Assisi"" era stata presentata il 10 dicembre 2025 da una società che, secondo quanto ricostruito da Fasulo, figura tra i soci fondatori di Cantico ets, la comunità energetica rinnovabile del territorio.
Secondo il consigliere di Forza Italia, esisterebbe una contraddizione tra le dichiarazioni pubbliche della vice sindaca Veronica Cavallucci – che avrebbe affermato di non sapere nulla dell'impianto – e gli atti ufficiali del Comune. Fasulo cita in particolare la seduta del consiglio comunale del 3 aprile 2025, durante la quale fu approvato lo statuto di Cantico ets, fu autorizzata la costituzione della Cer e fu deliberato il versamento della quota associativa. Il giorno successivo, il 4 aprile, il Comune avrebbe partecipato all'atto costitutivo come socio fondatore, e in quella stessa sede Veronica Cavallucci sarebbe stata nominata presidente della comunità energetica.
""Come può la vice sindaca dire di non sapere nulla dell'impianto quando era alla guida dell'associazione costituita per realizzare e gestire la comunità energetica? - si chiede Fasulo, che definisce la questione - una contraddizione politica e istituzionale che deve essere spiegata pubblicamente"".
Il consigliere ricostruisce anche l'iter che ha portato all'apertura del riesame. Il 3 settembre ha presentato un accesso consiliare, protocollato il giorno successivo con il n. 55106, richiedendo l'intero fascicolo della Pas: progetto, layout, distanze, opere di connessione, pareri, prescrizioni, atti della conferenza di servizi e titolo conclusivo. Il 14 settembre ha depositato un'interpellanza urgente (prot. n. 57275). Il 23 settembre il Comune ha adottato la determinazione dirigenziale n. 1091, avviando il procedimento di riesame in autotutela del titolo formatosi per silenzio-assenso.
“È questa la conseguenza concreta del controllo svolto dall'opposizione” dichiara Fasulo, precisando che il riesame è ancora in corso e che la determinazione non annulla il titolo, ma dimostra che il Comune non considera più la pratica chiusa. ""Nessuno può presentare l'impianto come definitivo e irreversibile"", aggiunge.
Fasulo contesta anche l'assenza di un confronto pubblico specifico con la frazione di Castelnuovo. ""Una manifestazione di interesse non è un'assemblea pubblica. Non è un confronto con gli abitanti della frazione. Non è l'illustrazione delle distanze dalle abitazioni, dell'impatto visivo, del consumo di suolo, delle opere di connessione e delle possibili ricadute sulle attività agricole, sulle strutture ricettive e sul valore del territorio"", afferma, chiedendo perché i cittadini abbiano dovuto conoscere la vicenda attraverso informazioni informali e l'iniziativa dell'opposizione.
Il consigliere tiene a precisare la propria posizione: ""Francesco Fasulo non è contro la transizione energetica e non è contro le comunità energetiche. È contro una transizione energetica raccontata come partecipata quando la comunità che ospita l'impianto non viene informata. Ed è contro l'idea che una vice sindaca possa dichiarare di non sapere nulla mentre gli atti la indicano come presidente della Cer"".
Fasulo annuncia infine che la sua battaglia ""continuerà in ogni sede istituzionale, politica e amministrativa, compresa la valutazione del ricorso agli organi di controllo competenti, a tutela del paesaggio e delle campagne delle nostre frazioni"". Tra le priorità indicate: la difesa della fertilità del suolo, delle coltivazioni, del reticolato idraulico, delle attività economiche, del valore immobiliare, delle abitazioni e delle strutture ricettive.
La palla ora passa all'amministrazione comunale, chiamata a concludere il riesame e a chiarire pubblicamente la propria posizione su una vicenda che, stando agli atti citati dall'opposizione, appare tutt'altro che definita."
20261001140959,Qui Brescia News,https://www.quibrescia.it/cronaca/2026/10/01/al-via-la-leva-civica-lombarda-senior-dal-primo-ottobre-il-bando-per-gli-over-65/842513/,,,,,,srclc:ita,"Al via la Leva civica lombarda Senior. Dal primo ottobre il bando per gli over 65
La nuova misura di Regione Lombardia promuove l’invecchiamento attivo, la partecipazione alla vita delle comunità e il contrasto all’isolamento e alla solitudine.
Più informazioni su
Milano. La longevità come opportunità: questa la direttrice e il paradigma culturale al centro della conferenza stampa che ha annunciato l’apertura, a partire dal 1 ottobre, del bando ‘Leva civica lombarda Senior’.
La nuova misura di Regione Lombardia, rivolta ai cittadini over 65, promuove l’invecchiamento attivo, la partecipazione alla vita delle comunità e il contrasto all’isolamento e alla solitudine.
 Dettagli e contenuti sono stati illustrati dall’assessora regionale alla Famiglia, Solidarietà sociale, Disabilità e Pari opportunità Elena Lucchini, alla presenza di monsignor Vincenzo Paglia, presidente emerito della Pontificia Accademia per la Vita e te della Fondazione Età Grande.
La Leva civica lombarda Senior è uno strumento unico nel panorama nazionale e dispone di una dotazione complessiva di 1.246.313 euro. Punta a valorizzare competenze, esperienze e relazioni delle persone anziane. Favorendo la partecipazione attiva alla vita della comunità, il benessere e l’autonomia personale e la solidarietà intergenerazionale.
La Leva civica lombarda Senior prevede percorsi della durata compresa tra 8 e 12 mesi, con un impegno di 5, 10 o 15 ore settimanali e almeno 20 ore di formazione obbligatoria. Il contributo mensile previsto è di 356,70 euro per 15 ore settimanali; 237,80 euro per 10 ore settimanali; 118,90 euro per 5 ore settimanali. L’importo massimo complessivo per ciascun destinatario è pari a 4.280 euro, comprensivo della quota una tantum di 100 euro per la formazione e di 50 euro per l’assicurazione obbligatoria.
“Per Regione Lombardia la longevità non è solo una sfida da gestire, ma una grande opportunità da valorizzare. Per questo oggi ho voluto accanto a me una figura di elevato profilo umano e culturale come monsignor Paglia. Da tempo si distingue nel promuovere un nuovo patto sociale a favore delle persone anziane”, ha dichiarato l’assessora Lucchini. “Con la Leva civica lombarda Senior compiamo un ulteriore passo nel percorso che abbiamo avviato per promuovere l’invecchiamento attivo. Mettendo al centro il protagonismo delle persone anziane e il loro patrimonio di competenze, esperienze e relazioni. Vogliamo creare occasioni concrete perché questo patrimonio possa essere messo a disposizione delle comunità sempre più coese”.
“Un’iniziativa urgente, che non potevamo più attendere”, ha detto monsignor Vincenzo Paglia, commentando l’iniziativa regionale. “Una prima concreta applicazione della legge 33 che sognavamo ai tempi del Covid, poi approvata dal Parlamento. Sono molto contento, sulla ‘nostra’ età della vecchiaia, non c’è alcun pensiero né politico, né economico, né culturale, sanitario e nemmeno religioso. In Italia ci sono 14 milioni di anziani. In tutte le diocesi italiane c’è un prete per i giovani, in tutte le diocesi italiane, tranne quella di Milano, non ce n’è uno per gli over 65. È la condizione ordinaria della Chiesa che non è proprio l’ultima istituzione in questo Paese”.
La Leva civica Senior si inserisce in un quadro demografico caratterizzato dal progressivo invecchiamento della popolazione lombarda. In Lombardia risiedono 2,3 milioni di persone con più di 65 anni. Quasi un quarto della popolazione regionale. Tra queste, circa 500.000 sono anziani soli, mentre quasi 260.000 vivono anche in una condizione di particolare fragilità.
“Di fronte a questi dati”, ha sottolineato Lucchini, “diventa sempre più importante costruire politiche che sappiano accompagnare l’allungamento della vita valorizzando le capacità e le esperienze delle persone. Per questo con ‘GenerAzioni in Cammino – Radici per il Futuro’ abbiamo sostenuto progetti sperimentali in partenariato con il terzo settore del valore complessivo di 4,3 milioni di euro. Sono lieta di aver appreso che il Piano per l’Invecchiamento Attivo ‘Anchise’, presentato da Ats Città Metropolitana di Milano, è stato valutato all’unanimità dal Comitato di Esperti di Longev-Italia, riunitosi ad Asti, come la migliore buona pratica candidata al premio nazionale”.
I progetti potranno essere realizzati nei settori dei servizi sociali e sociosanitari, della protezione civile, del patrimonio ambientale, del patrimonio storico, artistico e culturale, della promozione culturale, paesaggistica, ambientale e del turismo e della promozione di attività sportive.
I destinatari sono cittadini di età pari o superiore ai 65 anni, mentre i beneficiari sono gli enti iscritti all’Albo della Leva civica lombarda volontaria. I soggetti gestori sono le Ats.
Gli enti iscritti all’Albo della Leva civica potranno presentare i progetti dall’1 ottobre al 30 novembre 2026.
Il primo avvio dei percorsi è previsto per l’1 aprile 2027. In caso di mancata copertura dei posti disponibili o di rinunce da parte dei destinatari entro il primo mese di attività, sono previsti ulteriori avvii il 17 luglio 2027 e l’1 ottobre 2027."
20261001140200,Monte Carlo News,https://www.montecarlonews.it/2026/10/01/notizie/argomenti/altre-notizie-1/articolo/il-comune-di-monaco-celebra-liscrizione-della-10000a-cittadina-monegasca-nel-registro-della-naz.html,,,,,,srclc:ita,"Il Principato di Monaco ha raggiunto quest’estate un traguardo storico: per la prima volta, il registro della nazionalità ha raggiunto quota 10.000 cittadini monegaschi. Il traguardo è stato raggiunto con l’iscrizione di Anna Carlevaris, la cui nascita ha permesso di superare questa soglia simbolica.
Per celebrare l’occasione, mercoledì 30 settembre si è svolta una cerimonia di ricevimento nella Sala dei Matrimoni del Comune di Monaco, alla presenza delle Loro Altezze Serenissime il Principe Alberto II e la Principessa Charlène, del Sindaco Georges Marsan, di Nada Lorenzi, Consigliera comunale delegata al Servizio di Stato Civile – Nazionalità, dei membri del Consiglio Comunale e della famiglia Carlevaris.
«Al di là dei numeri, questa evoluzione racconta la storia di una comunità, del suo legame con le tradizioni, della sua capacità di guardare al futuro e della volontà costante del Principato di preservare la propria identità accompagnandone al tempo stesso lo sviluppo. Questa crescita non è soltanto un indicatore demografico, ma è il riflesso della nostra vitalità. Esprime la fiducia nel futuro, la solidità dei legami familiari e la piena realizzazione all’interno del nostro Paese», ha sottolineato il Sindaco Georges Marsan, ricordando che i monegaschi costituiscono «il cuore vivo del Principato».
«Questa cifra testimonia naturalmente l’evoluzione del nostro Paese, ma è soprattutto il riflesso della sua storia e del percorso compiuto nel corso delle generazioni», ha osservato Nada Lorenzi, Consigliera comunale delegata al Servizio di Stato Civile – Nazionalità.
Il registro della nazionalità, tenuto e aggiornato dall’Istituzione Comunale, permette di ripercorrere alcuni momenti significativi della storia del Principato. All’inizio del Novecento, sul territorio erano censiti poco meno di 1.500 monegaschi. La soglia dei 3.000 fu superata per la prima volta negli anni Cinquanta, mentre nel 1960 Monaco contava già poco più di 3.500 monegaschi. Nel 1994 erano 6.500. Più recentemente, il numero era salito a 9.561 nel 2020 e a 9.883 al 31 dicembre 2025.
«Sebbene Monaco rimanga uno degli Stati più piccoli al mondo per superficie, la sua comunità nazionale è triplicata nell’arco di poche generazioni», ha osservato Nada Lorenzi, precisando che, da alcuni anni, i monegaschi rappresentano la maggioranza della popolazione residente. «Questa situazione testimonia la forza e la continuità della nostra comunità nazionale».
La Consigliera ha inoltre colto l’occasione per ringraziare le 11 persone che compongono il Servizio di Stato Civile – Nazionalità «per il loro lavoro e il loro impegno al servizio dei nostri cittadini».
Nel corso della cerimonia, alla famiglia Carlevaris sono state consegnate una medaglia dal Principe Alberto II e un diploma simbolico dal Sindaco Georges Marsan, come omaggio per celebrare questo particolare momento nella storia del Comune di Monaco."
20261001133004,Il Gazzettino,https://www.ilgazzettino.it/speciali/regione_fvg_informa/previdenza_rosolen_investire_sui_salari_per_trattenere_i_giovani-9797629.html,,,,,,srclc:ita,"Riccardi: Inps partener importante per definizione riforma della
disabilitÃ 
  Trieste, 1 ott - ""Non possiamo lasciare ai giovani solo la
scelta tra restare senza trovare tutte le risposte di cui hanno
bisogno o andarsene. Gli incentivi e gli ammortizzatori sociali,
cosÃ¬ come sono stati concepiti, non bastano piÃ¹: serve una
responsabilitÃ  condivisa tra imprese, pubblico e privato, anche
investendo sui salari, per fare in modo che possano scegliere di
restare perchÃ© qui trovano ciÃ² di cui hanno bisogno"".
Ã il concetto espresso dall'assessore regionale al Lavoro,
formazione, istruzione, ricerca, universitÃ  e famiglia Alessia
Rosolen, intervenendo insieme all'assessore alla Salute,
politiche sociali e disabilitÃ  Riccardo Riccardi all'incontro di
educazione previdenziale ""Il futuro in armonia"", organizzato oggi
a Trieste dalla Direzione regionale dell'Inps e rivolto a
giovani, studenti e lavoratori. L'iniziativa ha posto al centro previdenza, trasformazioni del
lavoro, demografia, formazione e responsabilitÃ  tra generazioni. Ai lavori, coordinati dal direttore regionale Inps Marco De
Sabbata, hanno preso parte, tra gli altri, il presidente
dell'Istituto Gabriele Fava e il presidente della Covip Mario
Pepe, il sindaco di Trieste, Roberto Dipiazza, e il vescovo
monsignor Enrico Trevisi.
""Parlare di previdenza oggi - ha aggiunto Rosolen - significa
parlare del lavoro dei giovani e delle donne e di un mercato che
cambia profondamente, mentre le regole non sempre riescono a
muoversi alla stessa velocitÃ . Il Friuli Venezia Giulia ha
livelli molto alti di occupazione e bassi tassi di disoccupazione
e inattivitÃ , ma continuiamo a confrontarci con tre questioni
decisive: l'uscita dei giovani dal territorio, il calo
demografico e il livello dei salari. Per affrontarle serve una
risposta di comunitÃ  e la capacitÃ  di costruire sinergie tra
istituzioni, imprese, scuola, formazione e sistema sociale"".
""La collaborazione con l'Inps Ã¨ fondamentale anche
nell'attuazione della riforma della disabilitÃ  - ha sottolineato
Riccardi -. Il Friuli Venezia Giulia ha partecipato fin
dall'inizio alla sperimentazione, partita da Trieste e poi estesa
a Udine e Pordenone. Stiamo lavorando perchÃ© il nuovo sistema di
valutazione si integri con il progetto di vita e con i servizi
territoriali, mettendo al centro la persona, la sua autonomia e i
suoi bisogni. Ã un cambiamento che richiede istituzioni capaci di
operare insieme e regole omogenee sul territorio"". ARC/MA/al                        
                        
                        
                          
                            
                                © RIPRODUZIONE RISERVATA
                                
                            
                                            
        Potrebbe interessarti anche"
20261001132529,La Prealpina,https://www.prealpina.it/news/salute/554782/la-salute-in-farmacia.html,,,,,,srclc:ita,"in rete
01 Ottobre 2026
I bisogni sempre maggiori della popolazione, i vantaggi della prevenzione, la vicinanza dei servizi e la sostenibilità del Servizio sanitario nazionale sono stati alcuni dei temi di “Farmacia e Salute”, evento patrocinato dalla Regione Lombardia e dal Comune di Milano, voluto dalla Federfarma locale e realizzato da The European House-Ambrosetti.
L'invecchiamento della popolazione, l'aumento delle patologie croniche e della domanda di assistenza territoriale stanno ridefinendo il ruolo della farmacia, come punto di accesso ai servizi sanitari e presidio orientato alla prevenzione, alla diagnosi precoce e all'accompagnamento dei cittadini lungo i percorsi di cura.
In questo scenario, la Lombardia può contare su una rete di 3.042 farmacie, di cui 2.107 urbane e 935 rurali, 14mila i professionisti che vi operano. Ogni giorno, 800mila circa cittadini lombardi entrano in una farmacia.
Dall'inizio dell'anno al 30 settembre sono state effettuate oltre 2 milioni di scelta o revoca del medico di medicina generale e per i bambini del pediatra di libera scelta, 2,8 milioni le prenotazioni in farmacia di visite mediche. Nello stesso periodo sono stati distribuiti 4 milioni di kit per lo screening del tumore del colon-retto e raccolti 3,9 milioni di campioni.
“La Farmacia dei Servizi, iniziata quindici anni fa, continua ad evolversi, consolidando quei punti di riferimento ormai insostituibili per le molteplici esigenze di salute - ha sottolineato Annarosa Racca, Presidente di Federfarma Lombardia - ma non dimentichiamo che per i farmacisti la distribuzione dei farmaci, in particolare di quelli innovativi, rimane l'atto professionale più importante, accompagnato quasi sempre da un consiglio”.
Tra gli impegni che meglio rappresentano l'evoluzione della Farmacia dei Servizi vi è la prevenzione vaccinale.
In Lombardia al momento sono 1.360 le farmacie dove si vaccina. Ai 1,6 milioni di vaccinazioni anti-Covid, si sono aggiunte, nell’ultima campagna vaccinale, quasi mezzo milione di vaccinazioni antinfluenzali e più di 28mila vaccinazioni anti-pneumococciche agli over 65. Alla luce dei risultati raggiunti, è stata inoltre confermata la partenza in farmacia della vaccinazione anti-HPV e l'avvio entro la fine dell'anno della vaccinazione contro l'Herpes Zoster. L'evoluzione dei servizi prosegue con l'innovazione tecnologica: nel primo semestre del 2026, 2mila farmacie lombarde hanno erogato più di 91mila prestazioni di telemedicina. A queste si affiancheranno ulteriori sviluppi previsti, su scala nazionale, dal Fascicolo Sanitario Elettronico.
“In una società sempre più anziana e caratterizzata dalla crescita delle patologie croniche, la sostenibilità del sistema non dipenderà soltanto dalle risorse disponibili, ma dalla capacità di generare più salute attraverso nuovi modelli di assistenza e in questo scenario la Farmacia dei Servizi rappresenta un esempio concreto di innovazione organizzativa” : a sottolinearlo è Daniela Bianco, responsabile area salute della European House Ambrosetti.
“In un contesto caratterizzato dalla crescita delle cronicità (il 40% dei cittadini lombardi è affetto da una malattia cronica e il 20% da due) la sostenibilità del sistema sanitario non può essere letta esclusivamente in termini di contenimento della spesa. La vera sfida è garantire a tutti l'accesso alle cure, promuovendo percorsi di presa in carico sempre più efficaci. In questo contesto, la rete delle farmacie territoriali rappresenta una risorsa strategica: intercettare precocemente i bisogni di salute, accompagnare i pazienti cronici e favorire una maggiore continuità delle cure significa migliorare gli esiti di salute e utilizzare in modo più efficiente le risorse disponibili»: ha detto Emanuele Monti, presidente della Commissione sostenibilità sociale della Regione Lombardia e componente dell'Agenzia italiana del farmaco (Aifa).
“Dagli ultimi dati Ocse - ha concluso il Sottosegretario alla salute Marcello Gemmato - la nostra popolazione è tra le più longeve al mondo, con una aspettativa media di vita fino a 85 anni, ma registriamo però una natalità di appena 1,14 bambini ogni donna. Per aumentare questi dati bisogna investire pesantemente in prevenzione, con il concorso dei medici di medicina generale, dei pediatri di libera scelta e di tutti i farmacisti che operano sul territorio”.
I più letti
Dati societari - © Copyright La Prealpina Srl - Tutti i diritti riservati - C.F. e P.IVA 01620270122 - Testata registrata preso il Tribunale di Varese n.6"
20261001131800,Romatoday,https://www.romatoday.it/eventi/weekend/3-4-ottobre-2026-roma-cosa-fare.html,,,,,,srclc:ita,"Weekend a Roma: 18 eventi da non perdere sabato 3 e domenica 4 ottobre
Cosa fare nel fine settimana a Roma
Il mese di ottobre prende il via con un primo weekend ricco di appuntamenti tra cultura, spettacolo, tradizioni e divertimento e Roma si prepara ad accogliere due giorni all'insegna degli eventi per tutti i gusti.
Dai musei gratis all'universo del fumetto di Romics, dall'apertura dei villaggi di Halloween alle iniziative che celebrano l'Appia Antica. E ovviamente le sagre, grandi protagoniste del mese in tutta la regione.
Ecco 18 eventi da non perdere sabato 3 e domenica 4 ottobre a Roma e dintorni:
Musei gratis
In occasione della prima domenica del mese, il 4 ottobre, l’ingresso sarà gratuito per tutte e tutti nei Musei di Roma Capitale e in alcune tra le più importanti aree archeologiche cittadine. Tra queste, il Museo della Forma Urbis, l’Area Sacra di Largo Argentina, l’area archeologica del Circo Massimo e i Fori Imperiali. Continuano anche le visite a Palazzo Senatorio e sono aperti tutti i musei civici con le loro mostre permanenti e temporanee. Dal Parco Archeologico del Colosseo a Castel Sant'Sngelo, aperti anche numerosi musei statali di Roma e del Lazio. [TUTTE LE INFORMAZIONI]
Appia Day
Il 3 e il 4 ottobre 2026 torna “Appia Day”: un weekend di eventi diffusi per celebrare la Regina Viarum. L'iniziativa - nata nel 2016 - punta a restituire centralità all’Appia Antica come patrimonio storico, culturale e ambientale. L’evento trasforma per due giorni, la Regina Viarum in un grande palcoscenico a cielo aperto, con decine di attività gratuite. In programma aperture straordinarie di monumenti, passeggiate e trekking guidati, ciclotour e archeotour, spettacoli, musica, teatro, laboratori per bambini, degustazioni, incontri culturali, conferenze tematiche e mostre. [TUTTE LE INFORMAZIONI]
Piano City Roma: 100 pianoforti diffusi nella Capitale
Piano City è il progetto che arriva nella Capitale e la trasforma in un grande palcoscenico a cielo aperto. Il 3 e il 4 ottobre, pianisti e pianiste affermati e giovani talenti porteranno la musica in ogni angolo della città: piazze, cortili, case, tram, terrazze e luoghi inaspettati. Un festival gratuito e diffuso che per due giorni coinvolgerà artiste e artisti, istituzioni, associazioni e migliaia di spettatori, facendo incontrare la musica e le persone senza barriere, amplificazioni o confini. [TUTTE LE INFORMAZIONI]
Tevere Day
Dal 2 ottobre torna il Tevere Day. Giunta all'ottava edizione la manifestazione mette al centro il fiume di Roma per 10 giorni, con oltre 130 appuntamenti diffusi lungo più di 80 chilometri, da Nazzano e Farfa fino a Ostia e Fiumicino. Una serie di iniziative, tra sport, ambiente, cultura, archeologia, navigazione, spettacolo e cittadinanza attiva animeranno le sponde del fiume di Roma. L'edizione 2026 intreccia iniziative sulle sponde e sull'acqua con un programma sportivo e culturale che attraversa Parchi Fluviali, luoghi iconici come Isola Tiberina, librerie, biblioteche, musei e altri luoghi della città. [TUTTE LE INFORMAZIONI]
Romics
Torna l'evento che rende per quattro giorni Roma la capitale dei linguaggi dell’immaginario, con un programma ricco di iniziative, ospiti di rilievo internazionale, anteprime esclusive e spazi per il pubblico di ogni età. La 37esima edizione di Romics, il Festival Internazionale del Fumetto, Animazione, Cinema e Games si terrà in Fiera Roma dal 1 al 4 ottobre 2026. Una grande manifestazione con oltre 400 espositori, con eventi in contemporanea che si svolgono nei cinque padiglioni, in uno spazio espositivo di oltre 70.000 mq. Doppio ingresso (Nord e Est) tutti i giorni. [TUTTE LE INFORMAZIONI]
Sagra del fungo porcino
Nella Capitale è in corso l'VIII Sagra del Fungo Porcino. Si svolge fino all'11 ottobre al Roma 70 Summer Village, in via dell’Automobilismo 202, a Roma. L’evento accompagna l’arrivo dell’autunno con un programma pensato per gli amanti della buona tavola, in un’atmosfera all’aperto e conviviale. La sagra sarà aperta tutte le sere per cena, mentre nelle giornate di sabato e domenica sarà possibile partecipare anche a pranzo. Protagonista assoluto è naturalmente il fungo porcino, in un’offerta gastronomica che spazia dai primi piatti ai secondi fino alla pizza. [TUTTE LE INFORMAZIONI]
Hottobre piccante
Sabato 3 e domenica 4 ottobre, al Vivaio Garden Tre Fontane, si svolgerà l’VIII edizione di HOTtobre Piccante, il Festival del Peperoncino di Roma organizzato da IPSE DIXIT, delegazione romana dell’Accademia Italiana del Peperoncino, in collaborazione con il Garden Tre Fontane. Per due giorni il vivaio si trasformerà in un grande villaggio del gusto, dove il peperoncino sarà protagonista di un racconto che intreccia cucina, biodiversità, tradizioni popolari, divulgazione scientifica e intrattenimento. [TUTTE LE INFORMAZIONI]
Fuori Centro – San Lorenzo Art Festival
Sabato 3 e domenica 4 ottobre, nel quartiere San Lorenzo si terrà la prima edizione di Fuori Centro – San Lorenzo Art Festival. Per due giorni, gallerie, studi d’artista, librerie, spazi indipendenti, associazioni e realtà culturali daranno vita a un programma diffuso di mostre, open studio, talk, performance, laboratori, presentazioni editoriali, visite e incontri. [TUTTE LE INFORMAZIONI]
Sagra dell'Uva di Marino
È entrata nel vivo la 102esima Sagra dell'Uva di Marino, una delle celebrazioni più antiche che torna ad animare il cuore dei Castelli Romani. La manifestazione culminerà nel weekend del 3 e 4 ottobre con eventi, spettacoli, musica e ovviamente vino a volontà. La sagra dell'uva di Marino si svolgerà nel centro storico e tra le piazze più rappresentative della città. Ad animare le vie di Marino saranno cortei storici in abiti d'epoca, concerti, mostre e performance diffuse nel centro storico. La sagra dell'uva di Marino si concluderà lunedì 5 ottobre con il gran finale della manifestazione: l'ultima Rievocazione Rinascimentale, il Miracolo delle Fontane dal vivo e la Solenne Benedizione. A chiudere sarà lo spettacolo di Francesco Cicchella. [TUTTE LE INFORMAZIONI]
Tennis & Friends
Torna al Foro Italico, dal 2 al 4 ottobre, Tennis & Friends – Salute e Sport. Giunta al 15esimo anno, la manifestazione amplia quest’anno il programma con nuove attività dedicate alle persone più fragili e, per la prima volta, porta la prevenzione anche nelle ore serali con la “Notte Bianca della Prevenzione”, in programma sabato 3 ottobre fino all’una di notte. Al Foro Italico ci sarà l'opportunità di fare visite, screening e consulenze gratuite, con percorsi dedicati alla prevenzione oncologica, alla salute della donna e dell’uomo, alla fertilità e natalità, alla salute materno-infantile, alle vaccinazioni, all’obesità, alla prevenzione cardiovascolare e respiratoria, alla longevità e alla promozione dell’attività fisica e dei corretti stili di vita. [TUTTE LE INFORMAZIONI]
Street Food Festival – Campania Edition
Dal 2 ottobre, per due weekend consecutivi, arriva da Eataly Ostiense lo “Street Food Festival - Campania Edition”. Le migliori realtà della tradizione gastronomica campana proporranno i migliori fritti, pasta e patate e tutti i grandi classici dello street food compresi i dolci della tradizione partenopea. A completare il viaggio, una selezione dei migliori vini campani e un birrificio agricolo per accompagnare ogni assaggio con il meglio della tradizione enologica e brassicola del territorio. [TUTTE LE INFORMAZIONI]
Garbatella Playground
Dal 3 ottobre il quartiere Garbatella si trasforma in un grande laboratorio urbano di creatività, socialità e sperimentazione artistica con Garbatella Playground – Pratiche Ludiche, Narrazioni Sonore e Visioni Urbane. Il progetto, patrocinato dal Municipio Roma VIII, è pensato per coinvolgere bambini, adolescenti, giovani, famiglie e cittadini, mettendo al centro inclusione, accessibilità, sostenibilità ambientale e partecipazione attraverso il gioco, la musica, le arti performative, i laboratori, le installazioni e le pratiche di animazione urbana. [TUTTE LE INFORMAZIONI]
Pigneto Comedy Fest
Al Pigneto arriva il festival diffuso della stand-up italiana. Dal 1 al 4 ottobre il quartiere romano si trasforma in un palcoscenico a cielo aperto con oltre 30 ore di comicità, musica, mostre e incontri distribuiti in nove location. Il claim del festival è “Qui si ride seriamente”. Il Pigneto Comedy Fest non è la classica rassegna concentrata in un teatro: è un'esperienza che invita il pubblico a muoversi tra locali, spazi culturali e piazze, costruendo il proprio percorso nel quartiere. Più di 15 appuntamenti, 9 location, un programma che parte giovedì 1 e si chiude domenica 4 ottobre con un closing party gratuito a Maison Rosé. [TUTTE LE INFORMAZIONI]
Ambulanti di Forte dei Marmi
L’autunno segna il ritorno de Gli Ambulanti di Forte dei Marmi a Roma. Le boutique a cielo aperto dell’originale Consorzio saranno nella Capitale per un weekend intero: sabato 3 ottobre in Viale Val Padana, nell’ambito della manifestazione “Rome 4 the World” di Banco Alimentare Roma e domenica 4 ottobre in Piazza dei Consoli e via dell’Aeroporto di Centocelle. [TUTTE LE INFORMAZIONI]
Mercatino delle Streghe
Torna il Mercatino delle Streghe il 3 e 4 ottobre alla Città dell’Altra Economia, nel cuore di Testaccio, a ingresso gratuito. Al centro del piazzale dell’ex Mattatoio saranno presenti stand magici con amuleti, erbe, incensi, oggetti rituali, artigianato dark, abbigliamento gothic, cristalli e creazioni handmade. Immancabili i numerosi cartomanti presenti per consulti personalizzati, letture dei tarocchi e percorsi intuitivi. [TUTTE LE INFORMAZIONI]
Sagra delle tacchie ai funghi porcini
La XVIII Sagra delle Tacchie ai Funghi Porcini torna a Bellegra nelle giornate del 2-3-4 ottobre (e anche dal venerdì alla domenica successivi). Si potranno gustare le tradizionali tacchie ai funghi porcini e altri piatti a base di funghi a pranzo e a cena presso gli stand gastronomici. Le tacchie saranno preparate nell'antica ricetta delle nonne bellegrane. Si tratta di un tipo di pasta fatta a mano con acqua, farina e uova, che una volta “ammassate” vengono tagliate a mano in maniera casuale ma sempre in modo da darle la tipica forma a rettangoli irregolari; l’abbinamento classico che da sempre è caratteristico della cucina bellegrana è con i saporiti funghi porcini di cui i numerosi boschi di Bellegra sono ricchi in questo periodo dell’anno. [TUTTE LE INFORMAZIONI]
Halloween nei parchi divertimenti
Sabato 3 ottobre è la data in cui i parchi divertimenti di Roma e del Lazio aprono ufficialmente i festeggiamenti di Halloween. A Cinecittà World per tutto il mese si apre un gigantesco set da brivido, popolato da centinaia di creature spettrali che si aggirano tra scenografie, atmosfere da incubo e allestimenti ispirati ai grandi cult cinematografici dell’horror. Ci saranno nuove attrazioni, spettacoli a tema ed eventi con novità per tutti i tipi di paura. Dal 3 ottobre nuova edizione di Halloween anche a MagicLand con due anime ben distinte: Halloween Horror, dedicato a chi cerca adrenalina, suspense ed emozioni forti e Halloween Family, pensato per bambini e famiglie, tra spettacoli, musica, colori e divertimento. Ci saranno, inoltre, nuove ambientazioni che accompagneranno i visitatori fin dall’ingresso: zucche giganti, scheletri, tombe, ragnatele e scenografie ispirate al Día de los Muertos."
20261001131308,Il Fatto Quotidiano,https://www.ilfattoquotidiano.it/2026/10/01/inquinanti-eterni-analisi-su-110-cittadini-europei-il-tfa-il-piu-diffuso-e-indistruttibile-trovato-nel-sangue-di-tutti/8524397/,,,,,,srclc:ita,"Inquinanti eterni, analisi su 110 cittadini europei: il Tfa (il più diffuso e indistruttibile) trovato nel sangue di tutti
“Nessuno è al sicuro contro i Pfas. Vanno vietati e l’eliminazione graduale deve essere pianificata, sostenuta e portata a termine”. L’eurodeputata dei Verdi Ue, Cristina Guarda, lo ha detto durante la conferenza stampa organizzata a Bruxelles per presentare i risultati dello studio ‘Pfas levels in Europeans’ con il quale, prima dell’estate, è stata analizzata la presenza di diverse sostanze per e polifluoroalchiliche, i cosiddetti ‘inquinanti eterni’ nel sangue di 110 volontari provenienti da nove Paesi europei, Italia inclusa: Italia, Belgio, Francia, Croazia, Germania, Lussemburgo, Spagna, Danimarca e Finlandia. Un’iniziativa del gruppo dei Verdi al Parlamento europeo. L’analisi tossicologica ha rivelato, tra l’altro, una significativa contaminazione da Tfa (acido trifluoroacetico) in tutti i partecipanti. Si tratta dell’inquinante eterno più diffuso al mondo, il più piccolo e indistruttibile. Il Tfa è un prodotto di degradazione di molti composti fluorurati: refrigeranti, pesticidi, farmaci e gli stessi Pfas. E quello riscontrato nello studio è il livello di contaminazione più elevato mai registrato finora nell’uomo. “Abbiamo lanciato una campagna di analisi cercando sia i Pfas più conosciuti, sia quelli che le lobby vogliono salvare sostenendo che non si accumulino nei nostri corpi. Il risultato è sotto gli occhi di tutti: sangue avvelenato” ha commentato l’eurodeputata Cristina Guarda. Tra i partecipanti ci sono madri, donne in gravidanza e in età fertile, residenti nei pressi di stabilimenti chimici e una delegazione di quindici rappresentanti sindacali. Le analisi biologiche sono state effettuate dall’Istituto di medicina del lavoro di Amburgo, mentre l’interpretazione tossicologica confluita nello studio era a cura della Libera Università di Amsterdam.
I risultati dello studio
Lo studio comprendeva l’analisi di quattro Pfas a catena lunga (PFOS, PFOA, PFHxS e PFNA), per cui l’Efsa ha stabilito una soglia comune, ossia una dose settimanale tollerabile di 4,4 nanogrammi per chilogrammo di peso corporeo alla settimana per la somma dei quattro composti e cinque a catena ultracorta (TFMS, TFA, PFEtS, PFPrA e PFPrS). Nel sangue di tutti i partecipanti sono stati trovati Pfas a catena lunga, in linea con quanto generalmente osservato negli studi di biomonitoraggio umano tra la popolazione. Dei Pfas a catena ultracorta analizzati, sono stati rilevati solo Tfa e Pfpra (rispettivamente nel 100% e nel 23% dei partecipanti). I livelli di Pfpra erano relativamente bassi. Al contrario, le concentrazioni di Tfa erano circa 4-5 volte superiori rispetto a quelli relativi alla somma dei quattro Pfas a catena lunga. Non sono state osservate chiare differenze tra i partecipanti provenienti da diversi paesi europei, anche a causa del limitato numero di partecipanti per paese, ma i livelli di Pfas a catena lunga sono aumentati con l’età solo negli uomini, non nelle donne. Anche in questo caso, in linea con quanto visto in altri studi di biomonitoraggio. Non sono state riscontrate, invece differenze significative nei livelli di Tfa tra uomini e donne. Per questa sostanza non è attualmente disponibile un valore guida basato sulla salute che consenta di valutare il rischio associato alle concentrazioni rilevate nel sangue. Tuttavia, lo scorso luglio l’Autorità europea per la sicurezza alimentare (Efsa) ha abbassato la dose giornaliera accettabile a 0,014 mg/chilogrammo di peso corporeo al giorno (rispetto al precedente livello di 0,05), sottolineando la crescente preoccupazione per l’impatto dei Tfa sulla salute umana.
I rischi per le donne e la fertilità
“La salute delle donne resta uno dei grandi punti ciechi della ricerca scientifica e della valutazione dei rischi chimici. Per decenni le donne sono state escluse o sottorappresentate negli studi clinici e tossicologici” spiegano i Verdi/Efa. E sottolineando che “le specificità femminili, dai cicli ormonali alla gravidanza e all’allattamento, sono raramente considerate nella definizione dei limiti di sicurezza, benché siano proprio le fasi in cui l’organismo è più vulnerabile agli interferenti endocrini e in cui le sostanze possono passare al feto e al neonato”. Le 46 donne in età riproduttiva coinvolte nello studio rappresentano quindi un campione prezioso in un campo in cui i dati scarseggiano. “Ho voluto portare a Bruxelles 30 donne per i test, neomamme, donne in gravidanza o che sperano di avere un figlio o una figlia – ha raccontato Cristina Guarda, perché queste donne e i loro figli stanno pagando il prezzo più alto per un inquinamento che non hanno scelto”. Il risultato? “Il fatto che il Tfa sia stato trovato in tutte loro, e che sia ora considerato tossico per la riproduzione, mostra quanto sia urgente colmare questo divario di conoscenze”.
Le richieste dei Verdi europei
Il gruppo dei Verdi/Efa chiede, però, una restrizione universale sui Pfas (Tfa compreso) a livello europeo e, oltre a misure normative volte a contrastare questo inquinamento alla fonte, che il principio ‘chi inquina paga’ venga applicato alla bonifica dei siti contaminati. Secondo le stime illustrate in conferenza stampa, i Pfas pesano già sull’Europa una cifra stimata tra 52 e 84 miliardi di euro l’anno, solo in impatti sanitari e, con la bonifica, si potrebbe arrivare a 1,7 mila miliardi. Ma si chiede anche un intervento per l’esposizione della popolazione e dei lavoratori nei settori più a rischio. “Se Commissione e Stati membri voteranno contro il bando dei Pfas saranno complici consapevoli di un crimine ambientale e sanitario” ha commentato Cristina Guarda. A giugno 2026, l’Agenzia europea per le sostanze chimiche (Echa) ha raccomandato di classificare il Tfa come tossico per la riproduzione (categoria 1B): può nuocere al nascituro e compromettere la fertilità. Ma l’Echa sta analizzando da tre anni la proposta per un divieto universale dei Pfas ed è previsto che pubblichi, entro la fine del 2026, la sua valutazione scientifica finale, che sarà la base su cui la Commissione europea presenterà poi una proposta di limitazione dei Pfas."
20261001125152,Huffpost Italia,https://www.huffingtonpost.it/salute/2026/10/01/news/fertilita_una_campagna_con_test_gratuiti_in_5_citta-425619390/,,,,,,srclc:ita,"33,4 anni. È l’età media in cui oggi in Italia si diventa madri. Cambiamenti sociali e motivazioni personali, come volontà di completare la propria formazione o raggiungere determinati obiettivi di carriera, hanno portato la ricerca della maternità a spostarsi sempre più avanti. Con la conseguenza che, talvolta, quando ci si sente pronte, concepire potrebbe essere un po’ più complicato. Proprio per fare informazione, offrire gli strumenti per conoscere il proprio stato di salute riproduttiva (e salvaguardarlo) e le proprie possibilità, parte il 2 ottobre 2026 “Preserve your future – Tutela la salute riproduttiva”, la nuova campagna di sensibilizzazione itinerante realizzata con il patrocinio della Società italiana di fertilità e sterilità (Sifes), della Società italiana della riproduzione (Sidr) e della Società italiana della riproduzione umana (Siru). Un camper medico attrezzato si metterà in marcia da Milano per fare sosta a Bologna, Firenze, Napoli e Palermo, per offrire esami e il supporto individuale di professionisti.
Social Freezing, in Veneto una proposta di legge per il rimborso alle donne sotto i 32 anni
Riserva ovarica, conoscerla aiuta a pianificare il futuro
A evidenziare l’associazione sono i numeri. Con l’innalzamento dell'età in cui si cerca la prima gravidanza, è salito anche il ricorso alle tecniche di procreazione medicalmente assistita (pma): dal 2012 al 2025 le nascite da pma sono quasi raddoppiate, passando da 8.309 a 16.160. Significa che, oggi, circa 4,6 gravidanze su 100 avvengono tramite fecondazione assistita, e la percentuale supera il 20% tra le donne oltre i 40 anni. La fertilità femminile, infatti, è legata a fattori biologici, in particolare al fatto che ogni donna ha un numero finito di ovociti, una dotazione presente fin dalla nascita, che non può che diminuire, sia in quantità sia in qualità, con il passare del tempo ed in modo più marcato dopo i 35 anni. Conoscere la propria riserva ovarica - e discuterne con il proprio medico - diventa così un dato che può fare la differenza per la vita di una persona e per i suoi progetti futuri.
Preservare il proprio futuro
“Parlare di salute riproduttiva significa innanzitutto fornire alle giovani donne conoscenze e strumenti utili prima che emergano eventuali difficoltà di concepimento”, dichiara Carlo Alviggi, presidente di Sifes. “Le attività di sensibilizzazione contribuiscono a promuovere la fertilità come parte integrante della salute femminile, offrendo strumenti utili per pianificare consapevolmente il proprio futuro, nel pieno rispetto delle scelte individuali”. A questo serve la campagna “Preserve your future – Tutela la salute riproduttiva”, che, grazie anche al supporto non condizionato di Ibsa Italy, farà tappa in cinque città italiane mettendo a disposizione un camper sanitario attrezzato per offrire a donne tra i 25 e i 35 anni la possibilità di effettuare un prelievo di sangue per il test dell’Amh. Questo esame misura la concentrazione dell’ormone Antimülleriano, una proteina prodotta dalle cellule dei follicoli in crescita, e fornisce un’indicazione sulla quantità di ovociti residui.
Si parte il 2 e 3 ottobre in zona Arco della Pace, per poi fare tappa a Bologna il 9 e 10 ottobre, a Firenze il 16 e 17 ottobre, a Napoli il 23 e 24 ottobre e infine a Palermo il 30 e 31 ottobre. L’accesso è gratuito, previa registrazione online sul sito dell'iniziativa e fino a esaurimento posti, e sarà accompagnato da un momento di informazione e counseling volto a promuovere una maggiore conoscenza della propria salute riproduttiva. L’esito del test sarà poi disponibile sul proprio fascicolo sanitario elettronico."
20261001125152,La Repubblica,https://www.repubblica.it/salute/2026/10/01/news/fertilita_una_campagna_con_test_gratuiti_in_5_citta-425619390/?rss=,,,,,,srclc:ita,"33,4 anni. È l’età media in cui oggi in Italia si diventa madri. Cambiamenti sociali e motivazioni personali, come volontà di completare la propria formazione o raggiungere determinati obiettivi di carriera, hanno portato la ricerca della maternità a spostarsi sempre più avanti. Con la conseguenza che, talvolta, quando ci si sente pronte, concepire potrebbe essere un po’ più complicato. Proprio per fare informazione, offrire gli strumenti per conoscere il proprio stato di salute riproduttiva (e salvaguardarlo) e le proprie possibilità, parte il 2 ottobre 2026 “Preserve your future – Tutela la salute riproduttiva”, la nuova campagna di sensibilizzazione itinerante realizzata con il patrocinio della Società italiana di fertilità e sterilità (Sifes), della Società italiana della riproduzione (Sidr) e della Società italiana della riproduzione umana (Siru). Un camper medico attrezzato si metterà in marcia da Milano per fare sosta a Bologna, Firenze, Napoli e Palermo, per offrire esami e il supporto individuale di professionisti.
Social Freezing, in Veneto una proposta di legge per il rimborso alle donne sotto i 32 anni
Riserva ovarica, conoscerla aiuta a pianificare il futuro
A evidenziare l’associazione sono i numeri. Con l’innalzamento dell'età in cui si cerca la prima gravidanza, è salito anche il ricorso alle tecniche di procreazione medicalmente assistita (pma): dal 2012 al 2025 le nascite da pma sono quasi raddoppiate, passando da 8.309 a 16.160. Significa che, oggi, circa 4,6 gravidanze su 100 avvengono tramite fecondazione assistita, e la percentuale supera il 20% tra le donne oltre i 40 anni. La fertilità femminile, infatti, è legata a fattori biologici, in particolare al fatto che ogni donna ha un numero finito di ovociti, una dotazione presente fin dalla nascita, che non può che diminuire, sia in quantità sia in qualità, con il passare del tempo ed in modo più marcato dopo i 35 anni. Conoscere la propria riserva ovarica - e discuterne con il proprio medico - diventa così un dato che può fare la differenza per la vita di una persona e per i suoi progetti futuri.
Preservare il proprio futuro
“Parlare di salute riproduttiva significa innanzitutto fornire alle giovani donne conoscenze e strumenti utili prima che emergano eventuali difficoltà di concepimento”, dichiara Carlo Alviggi, presidente di Sifes. “Le attività di sensibilizzazione contribuiscono a promuovere la fertilità come parte integrante della salute femminile, offrendo strumenti utili per pianificare consapevolmente il proprio futuro, nel pieno rispetto delle scelte individuali”. A questo serve la campagna “Preserve your future – Tutela la salute riproduttiva”, che, grazie anche al supporto non condizionato di Ibsa Italy, farà tappa in cinque città italiane mettendo a disposizione un camper sanitario attrezzato per offrire a donne tra i 25 e i 35 anni la possibilità di effettuare un prelievo di sangue per il test dell’Amh. Questo esame misura la concentrazione dell’ormone Antimülleriano, una proteina prodotta dalle cellule dei follicoli in crescita, e fornisce un’indicazione sulla quantità di ovociti residui.
Si parte il 2 e 3 ottobre in zona Arco della Pace, per poi fare tappa a Bologna il 9 e 10 ottobre, a Firenze il 16 e 17 ottobre, a Napoli il 23 e 24 ottobre e infine a Palermo il 30 e 31 ottobre. L’accesso è gratuito, previa registrazione online sul sito dell'iniziativa e fino a esaurimento posti, e sarà accompagnato da un momento di informazione e counseling volto a promuovere una maggiore conoscenza della propria salute riproduttiva. L’esito del test sarà poi disponibile sul proprio fascicolo sanitario elettronico."
20261001122200,Veneziatoday,https://www.veneziatoday.it/attualita/ca-foscari-squadra-sgarbi-16-prorettori.html,,,,,,srclc:ita,"Ca' Foscari, la squadra di Sgarbi: 16 prorettori per costruire un futuro ""multi campus""
Il nuovo rettore avrà un team molto più ampio dei predecessori. No tax area fino a 30 mila euro, potenziamento dei campus di Treviso e Mestre, e istituto per i Future Studies tra le prime misure. «Osare e innovare»
Il nuovo rettore dell'Università Ca' Foscari, Marco Sgarbi, assume oggi 1 ottobre l'incarico per il sessennio 2026-2032, succedendo a Tiziana Lippiello. Nell'occasione, Sgarbi, il più giovane rettore nella storia dell'Università (ha 44 anni) ha presentato le linee guida del suo mandato e soprattutto la squadra che lo accompagnerà. Molto ampia, a partire dalla prorettrice vicaria, che sarà Laura De Giorgi.
Clicca qui per iscriverti al canale WhatsApp di VeneziaToday
Sgarbi insegna dal 2014 storia della filosofia all’Università Ca’ Foscari e dal 2021 è professore ordinario, dopo aver vinto un finanziamento europeo Erc. Nel suo intervento introduttivo ha calcato sull'importanza di chiedersi cosa serva oggi l'università, in un mondo che sul web offre tutte le risposte: «Serve a formare il pensiero critico, a imparare non solo a rispondere alle domande, ma a porne di nuove e innovative». E ha chiuso con un augurio e una promessa: «Chiunque è passato per queste aule dovrà pensare che Ca' Foscari è una università che ha osato, ha innovato, ha costruito qualcosa di grande».
I poli di Mestre e Treviso, la no tax area, le collaborazioni con l'Asia
Nel pratico, Sgarbi ha posto alcuni pilastri per rispondere alle sfide attuali, come il calo demografico, la competizione delle università telematiche, il mondo del lavoro che cambia molto velocemente. Anzitutto, più attenzione per gli studenti, con l'innalzamento della no tax area a 30 mila euro, gli spazi e percorsi dedicati per i più fragili. Spazi dislocati tra Venezia, Mestre e Treviso, in un modello “multi campus” in cui Mestre deve diventare un polo scientifico tecnologico sempre più attrattivo e Treviso un polo specializzato nel lavoro con le imprese. Su Treviso, peraltro, Ca' Foscari sta puntando a costruire un grande studentato: l'area è stata individuata e si è alla progettazione. E infine, un legame sempre più stretto con il territorio: «Vogliamo che le istituzioni venete pensino anzitutto a noi» ha detto il rettore. Un'università che deve essere aperta, alle innovazioni e al mondo. Nascerà anche un istituto di Future Studies, studi sul futuro.
Da questo punto di vista la prorettrice Laura De Giorgi, già Direttrice del Dipartimento di Studi sull’Asia e sull’Africa Mediterranea, ha la delega alle relazioni con l’Asia, fondamentali nella storia e nel presente dell'Ateneo, e ha spiegato che si cercherà di costruire rapporti sempre più solidi coi paesi del sud del mondo. Nel suo intervento ha parlato anche di politica estera: «Viviamo un tempo di tensioni, di confini che si irrigidiscono, di dialoghi che si interrompono. In questo contesto, un'università ha una responsabilità in più: tenere aperti i canali del confronto scientifico e culturale, con lucidità ma anche senza ingenuità». Insomma, le alleanze non saranno messe in discussione. De Giorgi ha anche spiegato il perché di 16 prorettori diversi, molti di più di quelli (sette) incaricati dalla rettrice precedente: «Ogni impegno preso avrà qualcuno che se ne prende cura. Nella continuità, ripartiamo da solide fondamenta». Il numero sembra anche segnare una volontà di ricomposizione dopo una campagna elettorale - complici anche le tensioni che hanno segnato le università italiane soprattutto nell'ultimo triennio - tosta, risoltasi solo al ballottaggio.
16 prorettori, nove in più del mandato precedente
Gli altri 15 prorettori oltre a De Giorgi sono:
Pietro Dino Enrico Dindo — Prorettore alla Ricerca
Andrea Marin — Prorettore all'Offerta Formativa
Daniela Favaretto — Prorettrice alla Carriera degli Studenti e delle Studentesse
Marina Buzzoni — Prorettrice all'Internazionalizzazione e Innovazione per le Lingue
Elisa Curti — Prorettrice alla Cultura e al Public Engagement
Massimiliano Costa — Prorettore alla Formazione e all'Innovazione Didattica
Claudia Irti — Prorettrice agli Affari Generali, Istituzionali e Legali
Vania Brino — Prorettrice al Benessere
Marisa Agostini — Prorettrice al Bilancio e alla Valutazione Economico-Finanziaria
Achille Giacometti — Prorettore al Dottorato
Andrea Stocchetti — Prorettore all'Organizzazione, alla Semplificazione e alla Sicurezza
Raffaele Pesenti — Prorettore alla Pianificazione e Programmazione
Carlo Bagnoli — Prorettore allo Sviluppo
Andrea Torsello — Prorettore all'Innovazione Digitale e all'Intelligenza Artificiale
Alessio Rovere — Prorettore alla Comunicazione
I 33 docenti delegati
I 33 docenti con deleghe sono:
Elisa Barbieri, delega ai Future & Foresight Studies. Sviluppa gli studi sul futuro e la previsione strategica, in raccordo con l'istituendo Institute for Future Studies.
Adrian Saez, delega alla Student Experience e alle attività sportive.
Sara Bonesso, delega all'Orientamento Internazionale, in itinere e in uscita.
Vanessa Castagna, delega all'Orientamento in entrata.
Carolina Negri, delega alle Biblioteche di Ateneo.
Ines Giunta, delega alla piena partecipazione: DSA/Disabilità, fragilità, pari opportunità. Coordina i servizi di inclusione personalizzati per non lasciare indietro nessuno studente.
Luis Fernando Beneduzi, delega alla Cooperazione Internazionale e allo Sviluppo. Sviluppa le collaborazioni accademiche internazionali soprattutto con il cosiddetto Sud del Mondo.
Emmanuela Carbé, delega ai Double, Joint e European Degree. Costruisce i percorsi di titolo doppio, congiunto ed europeo.
Elisabetta Ragagnin, delega a EUTOPIA e alle alleanze strategiche. Presidia l'alleanza europea EUTOPIA e le partnership strategiche.
Anna Morbiato, delega al rapporto fra lingue e Intelligenza Artificiale. Esplora l'incrocio tra competenze linguistiche e intelligenza artificiale.
Marco Zappa , delega alla valorizzazione delle lingue e delle culture. Valorizza il patrimonio linguistico e culturale distintivo dell'Ateneo.
Fabio Caon, delega alla promozione dell’italiano.
Simone Piazza, delega al Patrimonio culturale. Cura la valorizzazione del patrimonio culturale di Ca' Foscari.
Luca Rigobianco, delega alla cultura della Memoria. Presidia la memoria storica e l'identità dell'Ateneo.
Alessandro Farsetti, delega agli eventi.
Alessandra Jacomuzzi, delega al Faculty Development. Sostiene la crescita professionale e didattica del corpo docente.
Stefano Micelli, delega all'Innovazione dei rapporti università-impresa. Rafforza il legame strutturale tra Ateneo e sistema produttivo.
Moreno Mancin, delega alle professioni e agli ordini professionali.
Fabrizio Gerli, delega all’Alumni Engagement. Attiva la rete globale di oltre 80.000 laureati come leva di attrattività e placement.
Matteo Gigli, delega al trasferimento tecnologico. Trasforma i risultati della ricerca in impatto concreto su tecnologie e imprese.
Stefano Calzavara, delega alla Cybersicurezza. Presidia la sicurezza informatica dell'Ateneo.
Pietro Ferrara, delega al sito web d'Ateneo
Chiara Zanardi, delega alla valorizzazione del Polo Scientifico-Tecnologico. Valorizza il campus scientifico di Mestre come nodo integratore della ricerca.
Anna Moretti, delega alle strategie di Ateneo e coordinamento delle attività sul Turismo.
Stefano Campostrini, delega all'innovazione sociale per le Istituzioni Pubbliche e Territoriali.
Agostino Cortesi, delega all'edilizia, agli spazi e all'housing. Governa gli spazi e l'abitare studentesco sui tre campus.
Maurizio Falsone, delega alle relazioni sindacali.
Salvatore Orlando, delega ai modelli di allocazione delle risorse e ai calendari.
Antonio Trampus, delega allo sviluppo delle attività con l'Autorità Portuale e alle relazioni Città-Porto.
Silvia Panfilo, delega alla sostenibilità.
Francesco Casarin, delega ai rapporti con le fondazioni culturali.
Completano la squadra di prorettori e delegati Anna Comacchio, nuova Direttrice di Ca’ Foscari Challenge School (la Scuola dei Master e dell’alta formazione) e il Direttore del Campus di Treviso Maurizio Massaro."
20261001115922,Corriere Del Ticino,https://www.cdt.ch/news/mondo/trovati-livelli-record-di-pfas-nel-sangue-degli-europei-440659,,,,,,srclc:ita,"«Trovati livelli record di PFAS nel sangue degli europei»
L'acido trifluoroacetico (TFA), un PFAS a catena ultracorta derivato dalla degradazione di pesticidi e farmaci, è stato rilevato nel sangue di tutti i 110 partecipanti a uno studio europeo, con concentrazioni che sono le più elevate finora riportate nell'uomo.
È il dato che emerge dal report PFAS levels in Europeans, che, su iniziativa del gruppo dei Verdi al Parlamento europeo, ha analizzato la presenza di diverse sostanze per-e polifluoroalchiliche (PFAS) - i cosiddetti «inquinanti eterni» - nel sangue di 110 volontari provenienti da nove Paesi europei, Italia inclusa.
Il TFA è stato recentemente indicato dalle agenzie UE come «tossico per la riproduzione» in quanto potrebbe causare danni al feto e sospettato di compromettere la fertilità. La sostanza - secondo il report visionato dall'agenzia di stampa italiana ANSA - è stata rilevata nel sangue del 100% dei partecipanti, con concentrazioni 4-5 volte superiori alla somma degli altri quattro PFAS a catena lunga presi in esame e oltre l'80% del carico chimico totale misurato nel sangue dei partecipanti.
«La salute delle donne resta uno dei grandi punti ciechi della ricerca scientifica e della valutazione dei rischi chimici», osserva l'eurodeputata italiana di Europa Verde Cristina Guarda, che ha coinvolto 46 donne in età riproduttiva nello studio.
«Per decenni le donne sono state escluse o sottorappresentate negli studi clinici e tossicologici. Per questo chiediamo che la salute riproduttiva femminile entri sistematicamente nella valutazione e nella regolamentazione dei PFAS che vanno tutti banditi a livello europeo», denuncia.
Per il TFA, sottolineano gli autori, non è attualmente disponibile un valore guida basato sulla salute che consenta di valutare il rischio associato alle concentrazioni rilevate nel sangue. Tuttavia, lo scorso luglio l'Autorità europea per la sicurezza alimentare (Efsa) ha abbassato la dose giornaliera accettabile a 0,014 mg/chilogrammo di peso corporeo al giorno (rispetto al precedente livello di 0,05), sottolineando la crescente preoccupazione per l'impatto dei TFA sulla salute umana.
I 110 volontari usati per il campione provengono da Italia, Belgio, Francia, Croazia, Germania, Lussemburgo, Spagna, Danimarca e Finlandia. Tra i partecipanti ci sono madri, donne in gravidanza e in età fertile, residenti nei pressi di stabilimenti chimici e una delegazione di quindici rappresentanti sindacali. Le analisi biologiche sono state effettuate dall'Istituto di medicina del lavoro di Amburgo, mentre l'interpretazione tossicologica confluita nello studio era a cura della Libera Università di Amsterdam."
20261001115417,Savona News,https://www.savonanews.it/2026/10/01/leggi-notizia/argomenti/politica-2/articolo/varazze-approvato-il-documento-unico-di-programmazione-2027-29-in-arrivo-5-vigili-e-un-bonus-per-i.html,,,,,,srclc:ita,"Nella scorsa seduta, il Consiglio comunale di Varazze ha approvato l’aggiornamento al DUP, il Documento Unico di Programmazione che riguarda le annualità 2027-29. Il DUP (Documento Unico di Programmazione) è il principale strumento tecnico e politico per la guida strategica e operativa dei Comuni e viene rivisto ogni anno.
«Il DUP è uno strumento di programmazione, che discende dalle linee di mandato dell’Amministrazione e serve per tramutare le visioni politiche in dati concreti all'interno del bilancio di previsione – ha spiegato il Sindaco Luigi Pierfederici –. Pur avviandoci verso le fasi conclusive di questo mandato, vogliamo dare continuità al percorso che abbiamo portato avanti in questi anni, mantenendo una visione di medio-lungo periodo, per assicurare stabilità ai servizi, programmazione e progettazione di nuove opere e azioni concrete a favore della comunità. Anche in questa fase, infatti, è importante garantire continuità e coerenza nell'azione amministrativa, adeguando le linee programmatiche alle esigenze emerse e agli obiettivi che sono già stati raggiunti.»
Con la nota di aggiornamento al DUP, il Consiglio Comunale ha deliberato di introdurre nuove misure a favore della natalità per incentivare l'insediamento e il mantenimento di famiglie a Varazze. Oltre ai servizi già esistenti (come, ad esempio, i sostegni per l’iscrizione al nido e alla scuola materna, il trasporto scolastico e il comodato dei libri di testo), dal 2027 il Comune erogherà alle famiglie residenti nel Comune di Varazze o di nuova residenza un sostegno economico di almeno 1000 euro per ogni figlio nato nell’anno.
Nei prossimi mesi continuerà il piano di potenziamento della Polizia Locale, che porterà nel biennio ad assumere almeno 5 agenti e 2 istruttori direttivi nell’area vigilanza, per riuscire a raggiungere il numero complessivo di 20 agenti, oltre il Vicecomandante e il Comandante.
«Molti temi che abbiamo voluto inserire nel DUP offrono linee guida precise: mettere la qualità della vita dei cittadini al centro dell'azione amministrativa, concentrando prioritariamente le risorse su prevenzione, presidio del territorio, pulizia, incremento del verde urbano, mobilità, viabilità e qualità dello spazio pubblico e dei servizi – ha dichiarato il Sindaco –. Abbiamo incluso nel DUP, inoltre, diversi progetti ai quali abbiamo lavorato a lungo e finalmente si stanno concretizzando ed entrando nella fase operativa. Tra questi ci sono molte opere di riqualificazione come gli ex Cantieri Baglietto, lo sviluppo del retroporto, l’ex Invidia e il Nautilus, oltre alla costruzione dell’impianto sportivo del Salice e della caserma della Protezione Civile: gli iter sono già stati avviati e devono continuare nell’interesse di tutta la città. I prossimi anni saranno particolarmente decisivi perché l’Amministrazione dovrà occuparsi anche di importanti strumenti di pianificazione: oltre al Piano di Utilizzo del Demanio, si dovrà lavorare al Piano Urbanistico Comunale e al Piano del verde.»
Un’attenzione particolare è stata posta anche sui cimiteri: nel 2027 quelli del Pero e di Alpicella saranno interessati da importanti manutenzioni.
Dal punto di vista turistico verranno mantenute e confermate le politiche di promozione alla luce dell'evoluzione della domanda, dei nuovi comportamenti dei visitatori e della trasformazione dei mercati turistici, orientando le risorse verso la costruzione e il posizionamento di Varazze come una destinazione riconoscibile, capace di intercettare nuovi segmenti di utenza e di valorizzare in maniera integrata mare, outdoor, sport, ambiente, commercio, cultura e qualità urbana."
20261001115314,Messinatoday,https://www.messinatoday.it/cronaca/censimento-istat-2026-messina-rilevazione-popolazione-abitazioni.html,,,,,,srclc:ita,"Censimento Istat, dal 5 ottobre parte la rilevazione: anche Messina tra i Comuni coinvolti
Il censimento permanente della popolazione e delle abitazioni interesserà quest'anno 2.529 Comuni italiani e circa un milione di famiglie. Il Comune invita i nuclei selezionati a partecipare
Parte lunedì 5 ottobre anche a Messina la nuova rilevazione del Censimento permanente della Popolazione e delle Abitazioni dell'Istat. Un appuntamento che torna ogni anno e che, attraverso un campione di Comuni e famiglie, consente di aggiornare il quadro demografico e abitativo del Paese.
Per l'edizione 2026 sono complessivamente 2.529 i Comuni italiani coinvolti e circa un milione le famiglie chiamate a partecipare. Tra questi c'è anche il Comune di Messina, che invita i nuclei familiari selezionati a fornire le informazioni richieste seguendo le modalità indicate nella comunicazione ricevuta dall'Istat.
Il censimento permanente si differenzia dal tradizionale censimento decennale perché non viene realizzato una sola volta ogni dieci anni, ma attraverso rilevazioni annuali condotte su un campione della popolazione. I dati raccolti permettono di aggiornare le informazioni sulla consistenza e sulle caratteristiche della popolazione, delle famiglie e delle abitazioni.
Per le amministrazioni si tratta di informazioni utilizzate anche nelle attività di programmazione e nelle decisioni che riguardano i territori. La partecipazione delle famiglie selezionate contribuisce quindi alla costruzione delle statistiche ufficiali utilizzate per fotografare l'evoluzione demografica e abitativa delle diverse realtà locali. Il Comune di Messina ricorda che le famiglie interessate riceveranno una comunicazione da parte dell'Istat con le indicazioni necessarie per partecipare alla rilevazione.
A supporto delle attività di informazione, l'Istituto nazionale di statistica ha inoltre predisposto un Digital kit, con materiali informativi e contenuti personalizzabili destinati a cittadini e amministrazioni. Per informazioni e chiarimenti è possibile contattare l'Istat scrivendo a comunicacensimenti@istat.it. La rilevazione consentirà così di aggiornare anche la fotografia demografica e abitativa di Messina, inserendola nel quadro più ampio dei dati raccolti annualmente dall'Istat sul territorio nazionale."
20261001113113,Affaritaliani,https://www.affaritaliani.it/coffee/video/vista/meloni-in-manovra-salari-e-potere-dacquisto-allue-chiediamo-piu-flessibilita.html,,,,,,srclc:ita,"(Agenzia Vista) Roma, 30 settembre 2026
“Ora, chiaramente, lei mi chiede sostanzialmente che cosa accadrà con la prossima manovra, che cosa devono aspettarsi le imprese del NordEst. Io ovviamente capisco, Direttore, l’indole del giornalista, non posso anticiparle molto perché noi siamo all’inizio del lavoro che ci porterà a definire le misure che comporranno la Legge di bilancio. Notoriamente non è un lavoro facile e non è neanche un lavoro veloce. Quello che posso darle per certo è che continueremo nella direzione che abbiamo intrapreso fino ad ora, perché noi abbiamo seguito sempre la stessa logica in questi anni, cioè aggiungere anno dopo anno un tassello di più alla stessa strategia. E quella strategia si è sempre concentrata su salari e difesa del potere d’acquisto, sostegno alle imprese, protezione della famiglia e incentivo alla natalità e salute. Posso dirle, oltre alla Legge di bilancio, che tra i molti dossier che noi abbiamo sul tavolo, uno dei principali su cui stiamo lavorando riguarda la maggiore flessibilità che abbiamo ottenuto in Europa per far fronte alla crisi energetica. Parliamo, come lei sa, di una disponibilità che vale complessivamente oltre 14 miliardi di euro in due anni. Sono risorse molto importanti che vogliamo utilizzare particolarmente per abbassare in modo strutturale i prezzi dell’energia per le imprese, che per me un’altra priorità assoluta. C’è poi il tema dell’estensione della ZES Unica – e concludo: anche questo mi pare atteso e attenzionato anche dalle imprese del Nord”, lo ha detto la Premier Meloni in videocollegamento all’evento, organizzato da Il Gazzettino, “Oltre le Radici: il modello Nordest tra Europa, impresa e futuro”.
Chigi
Fonte: Agenzia Vista / Alexander Jakhnagiev
    Seguici su"
20261001110239,Quotidiano Nazionale,https://www.quotidiano.net/video/in-vista/meloni-in-manovra-salari-e-potere-dacquisto-allue-chiediamo-piu-flessibilita-htj3u4ko,,,,,,srclc:ita,"(Agenzia Vista) Roma, 30 settembre 2026 ""Ora, chiaramente, lei mi chiede sostanzialmente che cosa accadrà con la prossima manovra, che cosa devono aspettarsi le imprese del NordEst. Io ovviamente capisco, Direttore, l'indole del giornalista, non posso anticiparle molto perché noi siamo all'inizio del lavoro che ci porterà a definire le misure che comporranno la Legge di bilancio. Notoriamente non è un lavoro facile e non è neanche un lavoro veloce. Quello che posso darle per certo è che continueremo nella direzione che abbiamo intrapreso fino ad ora, perché noi abbiamo seguito sempre la stessa logica in questi anni, cioè aggiungere anno dopo anno un tassello di più alla stessa strategia. E quella strategia si è sempre concentrata su salari e difesa del potere d'acquisto, sostegno alle imprese, protezione della famiglia e incentivo alla natalità e salute. Posso dirle, oltre alla Legge di bilancio, che tra i molti dossier che noi abbiamo sul tavolo, uno dei principali su cui stiamo lavorando riguarda la maggiore flessibilità che abbiamo ottenuto in Europa per far fronte alla crisi energetica. Parliamo, come lei sa, di una disponibilità che vale complessivamente oltre 14 miliardi di euro in due anni. Sono risorse molto importanti che vogliamo utilizzare particolarmente per abbassare in modo strutturale i prezzi dell'energia per le imprese, che per me un'altra priorità assoluta. C'è poi il tema dell'estensione della ZES Unica - e concludo: anche questo mi pare atteso e attenzionato anche dalle imprese del Nord"", lo ha detto la Premier Meloni in videocollegamento all'evento, organizzato da Il Gazzettino, ""Oltre le Radici: il modello Nordest tra Europa, impresa e futuro”. Chigi Fonte: Agenzia Vista / Alexander Jakhnagiev
© Riproduzione riservata"
20261001104311,Huffpost Italia,https://www.huffingtonpost.it/salute/dossier/festival-salute-2026/2026/10/01/news/donne_e_tumore_salviamo_la_vita_ma_anche_il_futuro-425619178/,,,,,,srclc:ita,"Per molte donne, una diagnosi di tumore del seno non significa più necessariamente vedere la propria vita divisa in un “prima” e in un “dopo” dominato dalla malattia. Significa affrontare cure più efficaci, più personalizzate e, quando possibile, meno pesanti, con l’obiettivo non soltanto di vivere più a lungo ma di continuare a lavorare, avere relazioni, preservare la fertilità, la sessualità e i progetti per il futuro.
In Italia il tumore della mammella resta la neoplasia più frequente, con circa 53.700 nuovi casi stimati nel 2024, ma quando viene individuato negli stadi iniziali la sopravvivenza a cinque anni supera il 90%. Oggi oltre 800 mila donne vivono dopo una diagnosi di tumore mammario, il 20% in più rispetto a otto anni prima. ""Sono numeri che riflettono i progressi della diagnosi precoce e delle terapie"", spiega l’oncologa Lucia Del Mastro, che sarà al Festiva di Padova anche per ricordare la campagna Nastro Rosa di Airc che si svolge ogni anno in ottobre per sostenere la ricerca contro il tumore al seno.
Scopri il programma del festival e iscriviti
Terapie sempre più efficaci e qualità della vita
Il cambiamento, però, non riguarda soltanto l’efficacia delle cure. ""Il percorso terapeutico delle donne con carcinoma mammario in fase precoce è cambiato radicalmente anche in termini di qualità di vita"", sottolinea Del Mastro.
Quando è possibile, infatti, si tende sempre più a ridurre l’intensità dei trattamenti: meno chemioterapia adiuvante, radioterapia più breve e chirurgia maggiormente conservativa. Personalizzare le cure significa scegliere il trattamento più adatto alle caratteristiche biologiche del tumore e al rischio della singola paziente, ma anche evitare terapie che non aggiungerebbero un beneficio reale. In alcune forme iniziali con recettori ormonali positivi e Her2-negative, per esempio, i test genomici permettono di individuare donne che possono essere curate efficacemente senza ricorrere alla chemioterapia. ""Personalizzare significa anche trattare meno, quando è sicuro farlo"", precisa Del Mastro, riducendo così sia le tossicità immediate sia le conseguenze a lungo termine. E la qualità di vita entra ormai a pieno titolo nella scelta terapeutica: sessualità, immagine corporea, sintomi della menopausa, fatigue, disturbi cognitivi e ritorno alla normalità non sono più aspetti secondari. ""Gestirli può richiedere di modificare il tipo di farmaco o la dose e soprattutto di poter contare su un team multidisciplinare in grado di offrire risposte concrete. Nelle donne giovani, poi, la fertilità dovrebbe essere discussa prima ancora dell’inizio delle cure. Quando indicato, è possibile ricorrere alla crioconservazione di ovociti o embrioni oppure alla protezione farmacologica della funzione ovarica"".
Scopri il programma e iscriviti
Un passaggio importante è arrivato anche dallo studio Positive, che ha mostrato come, in donne attentamente selezionate con tumore ormono-sensibile, sia possibile programmare una temporanea interruzione dell’ormonoterapia per cercare una gravidanza senza osservare, nel breve periodo, un aumento del rischio di recidiva. ""È un risultato che restituisce alle donne non soltanto salute, ma anche possibilità di scelta sul futuro"", osserva Del Mastro.
Il carcinoma metastatico
Restano però aree in cui la medicina ha ancora molta strada da percorrere. Ogni anno in Italia circa 13 mila donne sviluppano un carcinoma mammario metastatico e si stima che complessivamente siano circa 50 mila quelle che convivono oggi con questa diagnosi. Anche in questo scenario i progressi sono stati importanti: molte pazienti possono controllare la malattia per anni e mantenere una buona qualità di vita grazie a terapie sempre più personalizzate e a un utilizzo più limitato della chemioterapia. Ma ""nella maggior parte dei casi non possiamo ancora parlare di guarigione"", ricorda Del Mastro. La ricerca punta ora a individuare nuovi bersagli biologici che consentano di prolungare ulteriormente il controllo della malattia e, in alcuni casi, di arrivare alla guarigione. Un’altra criticità riguarda le recidive tardive. Nei tumori positivi ai recettori ormonali il rischio non scompare dopo cinque anni, ma può protrarsi anche oltre dieci o vent’anni. Questo significa dover calibrare con attenzione trattamenti preventivi di lunga durata e i loro effetti collaterali, perché una terapia efficace sulla carta serve poco se la paziente non riesce a sostenerla nel tempo.
La sanità non è uguale per tutti
A pesare sono anche le disuguaglianze territoriali. ""Il luogo di residenza non dovrebbe determinare la possibilità di essere curata in una Breast Unit, di effettuare un test genomico, di accedere a uno studio clinico o di ricevere supporto riabilitativo, psicologico e riproduttivo"", sottolinea Del Mastro. Eppure, i dati dell’Annuario dell’Oncologia Italiana 2026 mostrano ancora differenze significative: la qualità di vita viene valutata sistematicamente soltanto nel 34% delle Oncologie censite e appena il 22% delle strutture dispone di un centro per la preservazione della fertilità; l’assistenza domiciliare è presente nell’80% delle strutture del Nord e nel 42% di quelle del Sud. Per questo servono percorsi capaci di occuparsi di salute ossea e cardiovascolare, sessualità, fertilità, riabilitazione, ritorno al lavoro, benessere psicologico e paura della recidiva. Sul fronte delle innovazioni, le maggiori aspettative riguardano nuovi anticorpi farmaco-coniugati, anticorpi bispecifici e nuovi agenti ormonali, insieme a una profilazione molecolare sempre più raffinata, capace di portare davvero ""il farmaco giusto alla persona giusta nel momento giusto"".
""Nei prossimi anni — conclude Del Mastro — aumenterà ancora la quota di donne guarite dalla malattia iniziale, molte forme metastatiche potranno essere controllate sempre più a lungo e alcune potranno diventare guaribili. Non esisterà però una soluzione unica, perché quello che chiamiamo “tumore del seno” comprende in realtà malattie biologicamente differenti. La sfida è arrivare a cure sempre più efficaci e più rispettose della vita delle donne""."
20261001104115,Il Cittadino Online,https://www.ilcittadinoonline.it/lavoro/sindacati/cisl-scuola-siena-squadra-al-completo-con-lingresso-di-michele-franzese-in-segreteria/,,,,,,srclc:ita,"SIENA. I Finanzieri del Comando Provinciale di Siena hanno eseguito, su delega della locale Procura della Repubblica, un decreto di perquisizione e se...
SIENA. La Polizia di Siena ha arrestato in flagranza, per detenzione di stupefacenti ai fini spaccio di sostanze stupefacenti, un cittadino pakistano...
SIENA. Siena e il suo territorio si raccontano attraverso cultura, tradizioni, enogastronomia, natura e benessere. Ha preso il via oggi, giovedì 1 ott...
GAIOLE IN CHIANTI. Sono circa 9mila gli iscritti all’edizione 2026, arrivati da tutta Italia e da numerosi Paesi del mondo. La partecipazione internaz...
SIENA. In questi giorni sono in corso le prime notifiche delle sanzioni amministrative (al momento trentadue) nei confronti di soggetti individuati per aver violato le ordinanze si..."
20261001103443,Primo Numero News,https://www.primonumero.it/2026/10/un-libro-per-crescere-a-termoli-un-volume-in-dono-a-ogni-nuovo-nato-e-il-punto-nascita-registra-un-trend-positivo/1530911538/,,,,,,srclc:ita,"“Un libro per crescere”: a Termoli un volume in dono a ogni nuovo nato. E il punto nascita registra un trend positivo
L’iniziativa del Comune di Termoli e del reparto di Ostetricia-Ginecologia regala un volume a ogni neonato della città per stimolare lo sviluppo cognitivo e l’affettività. Intanto il reparto guidato dal primario Biondelli registra numeri in crescita e amplia l’offerta: “Dai travagli in acqua al trend positivo delle nascite, risposta concreta alle esigenze delle famiglie”.
Accogliere ogni nuova vita con la forza della parola e, al contempo, garantire alle famiglie del territorio un punto nascita all’avanguardia, capace di coniugare innovazione clinica e umanizzazione delle cure. Si muove su questo doppio binario l’asse strategico siglato tra il Comune di Termoli e il reparto di Ostetricia e Ginecologia dell’ospedale “San Timoteo”, che lanciano insieme il progetto “Un libro per crescere” in un momento di particolare vigore e crescita per la struttura sanitaria adriatica.
L’iniziativa culturale, promossa in sinergia con la Biblioteca Comunale “G. Perrotta”, si fonda su un meccanismo semplice quanto incisivo: all’atto della registrazione del neonato presso l’Ufficio di Stato Civile di via Sannitica, i genitori riceveranno una lettera di benvenuto firmata dal sindaco Nico Balice. Il documento rappresenta un vero e proprio voucher con cui ritirare gratuitamente un volume in biblioteca, pensato per guidare i primi passi del bambino nel mondo della lettura. Leggere ad alta voce fin dai primissimi mesi di vita, come confermano le neuroscienze, stimola in modo decisivo il linguaggio, la curiosità e le facoltà cognitive, saldando la relazione affettiva attraverso la voce dei genitori.
Ma il progetto di lettura per la prima infanzia è solo la punta di un iceberg che racconta la solidità e il rilancio del punto nascita termolese. Nonostante le note criticità infrastrutturali del Molise: in primis i disagi legati alla viabilità e all’inaccessibilità del ponte sul Trigno, che limitano e penalizzano l’afflusso di gestanti provenienti dalle regioni limitrofe come l’Abruzzo , il reparto diretto dal dottor Vincenzo Biondelli continua a registrare performance e volumi di attività di assoluto rilievo, confermando un trend delle nascite ampiamente positivo e in controtendenza rispetto al calo demografico nazionale.
Un risultato frutto di un profondo lavoro di riorganizzazione e di un costante ampliamento dei servizi dedicati alla salute della donna e del neonato. Dallo scorso maggio, infatti, il reparto ha introdotto ufficialmente la possibilità di effettuare il parto in acqua, offrendo alle future mamme una modalità di travaglio dolce, sicura e personalizzata, che si affianca alle più moderne tecniche di parto analgesico e assistenza multidisciplinare.
I risultati raggiunti sono la dimostrazione del grande impegno di tutta l’équipe medica e infermieristica. L’obiettivo è garantire standard assistenziali elevati e vicinanza alle famiglie, facendo sentire le donne accolte e sostenute in ogni fase della maternità. Un messaggio di fiducia che travalica i confini della corsia d’ospedale e si riflette nella comunità, dimostrando come la sinergia tra sanità pubblica, istituzioni locali e presidi culturali possa fare la differenza per il futuro delle nuove generazioni."
20261001103052,Il Messaggero,https://www.ilmessaggero.it/roma/eventi/assemblea_nazionale_conflavoro_capobianco_proposte_governo-9797305.html,,,,,,srclc:ita,"Spostare le risorse dai sussidi agli investimenti e rimettere le piccole e medie imprese nelle condizioni di crescere. È stato questo il focus della XVI Assemblea Nazionale di Conflavoro, ""ENERG.IA – L'Italia si accende"", tenutasi all'Auditorium Parco della Musica Ennio Morricone di Roma, davanti a circa 800 imprenditori e agli esponenti del Governo, delle istituzioni e del Parlamento. Conflavoro, che rappresenta circa 90mila imprese associate, ha portato sul palco tre proposte concrete per la prossima Legge di Bilancio, all'insegna del claim scelto per l'Assemblea, ""Liberi di crescere"".
La prima proposta, ""Utile Zero"", azzera le imposte sugli utili lasciati in azienda e reinvestiti entro due anni, affiancando un credito d'imposta automatico del 40% sui primi 300mila euro di investimento, che sale al 50% per le imprese più piccole e per il Mezzogiorno: senza perizie né click day, con il beneficio prenotato al momento dell'ordine. La seconda, ""Bolletta Massima"", introduce un tetto al prezzo dell'energia per le PMI agganciato alla media europea, insieme al disaccoppiamento del prezzo dell'elettricità da rinnovabili rispetto al gas, all'accesso a contratti di fornitura di lungo periodo e a ""Energia in Fabbrica"", il credito d'imposta per fotovoltaico, accumulo ed efficientamento. La terza, ""Ricerca in Fabbrica"", prevede un credito d'imposta automatico del 50% per le PMI su tutto ciò che accresce il valore di prodotti e servizi – ricerca, brevetti, design, prototipi e intelligenza artificiale – e si affianca a ""Tasse Zero Under 35"", che azzera imposte e contributi per tre anni sui giovani assunti a tempo indeterminato.
Per il Presidente del Consiglio dei Ministri Giorgia Meloni, che ha aperto la giornata porgendo un saluto istituzionale: «Le piccole e medie imprese rappresentano la spina dorsale di questa Nazione, il motore di quell’Italia che ogni giorno si rimbocca le maniche e si impegna per produrre ricchezza e creare lavoro, superando ostacoli e difficoltà. Sono uno dei pilastri del Made in Italy, l’ossatura che consente al nostro tessuto produttivo e industriale di migliorare e di raggiungere ogni anno nuovi traguardi. Questo Governo ha realizzato un mosaico di misure per difendere la specificità delle PMI italiane e liberare il loro potenziale. Penso all’estensione del concordato preventivo biennale per le piccole e medie imprese e per le Partite IVA, alla riforma dello Statuto del contribuente, che rafforza le tutele previste per cittadini e imprese e riduce le sanzioni amministrative, portandole ai livelli europei. Lo Stato deve essere un alleato, e non un nemico di chi lavora e produce. È la visione a cui abbiamo cercato di dare forma e sostanza in questi anni, e che passa anche dal robusto taglio delle tasse che abbiamo operato. Solo con il taglio del cuneo fiscale per i lavoratori e la riforma dell’Irpef, lo Stato rinuncia ogni anno a 21 miliardi di euro e mette quei 21 miliardi nelle tasche dei cittadini».
Il Ministro del Turismo, Gianmarco Mazzi, ha dichiarato: «Ringrazio le imprese presenti e il Presidente Capobianco. La sfida che abbiamo di fronte è rendere l’energia e l’intelligenza artificiale accessibili e sostenibili per le imprese. Il Governo ha messo al centro la difesa del lavoro e la libertà di fare impresa. Abbiamo dato alle imprese le migliori condizioni possibili per lavorare e generare valore anche in tempi difficili. Abbiamo dato al Paese una stabilità che ha un valore di 256 miliardi di euro di risparmio in più per gli italiani rispetto all'operato dei sei governi precedenti. Con 535 milioni e mezzo di pernottamenti nel 2025, la nostra nazione ha centrato il primo posto in Europa, per la prima volta davanti alla Spagna. Abbiamo abbassato il cuneo fiscale sul lavoro, raggiungendo un record occupazionale, il livello più alto mai registrato nelle serie storiche. Abbiamo investito nelle professionalità e nelle competenze. Il turismo sta ottenendo risultati straordinari e sostiene diversi settori dell’economia, diventando un importante motore di crescita e di occupazione. In questo percorso, il contributo delle PMI è fondamentale. Lavoriamo insieme per un’Italia che accoglie, che cresce e che crea nuove opportunità».
Marina Elvira Calderone, Ministra del Lavoro e delle Politiche Sociali, ha affermato: «Rivolgo un cordiale saluto alla XVI Assemblea Nazionale di Conflavoro PMI. Stiamo vivendo una stagione di nuovo dialogo tra istituzioni e parti sociali volta a stabilizzare i record occupazionali e a realizzare l'attuazione di un salario giusto, partendo dal principio che il lavoro è dignità, autonomia e futuro. La nostra responsabilità è accompagnare le profonde transizioni in atto mantenendo al centro la persona: in quest'ottica, l'intelligenza artificiale deve restare uno strumento al servizio dell'uomo per rafforzare la competitività, migliorare la sicurezza e integrare le mansioni. Per affrontare l'andamento demografico e valorizzare ogni talento, il Governo è impegnato a promuovere un uso responsabile dell'IA, investendo su formazione continua e capitale umano. La vera innovazione sta nella capacità di far crescere insieme produttività, occupazione e competenze».
Adolfo Urso, Ministro delle Imprese e del Made in Italy, ha sottolineato: «Le piccole e medie imprese rappresentano l’ossatura del nostro sistema produttivo e svolgono un ruolo fondamentale per la crescita e la competitività del Paese. Per questo abbiamo scelto di costruire con le associazioni datoriali un confronto costante e concreto. Grazie alla proposta e al contributo di Conflavoro abbiamo approvato la Legge annuale sulle PMI, dando finalmente attuazione a un percorso strutturato di ascolto e collaborazione tra istituzioni e imprese. In questo modo, abbiamo potuto mettere al centro questioni decisive come l’accesso al credito, il ricambio generazionale, la sicurezza sul lavoro, l’innovazione digitale e il sostegno agli investimenti. Il Tavolo dedicato alle PMI rappresenta in questo senso uno strumento prezioso di confronto, perché ci consente di intervenire sulle esigenze reali del tessuto produttivo. È questo il metodo che vogliamo continuare a seguire: lavorare insieme alle imprese per accompagnarne lo sviluppo e rendere l’Italia sempre più competitiva».
Per Gilberto Pichetto Fratin, Ministro dell’Ambiente e della Sicurezza Energetica: «Energia e intelligenza artificiale sono due temi strategici per il futuro del Paese. L’energia è alla base della competitività delle nostre imprese e delle nostre comunità, soprattutto in una fase segnata da forti tensioni internazionali. L’Italia è impegnata nella decarbonizzazione e nella transizione verso fonti più sostenibili, sicure e accessibili, attraverso una forte accelerazione sulle rinnovabili e la prospettiva del ritorno al nucleare di nuova generazione. L’obiettivo è garantire al Paese l’energia necessaria per sostenere crescita e innovazione, anche di fronte allo sviluppo dell’intelligenza artificiale, una tecnologia fortemente energivora ma capace di rendere i sistemi energetici più efficienti, le reti più resilienti e i consumi più sostenibili. Dobbiamo investire in ricerca, formazione e nuove competenze, accompagnando l’innovazione con regole adeguate per consentire all’Italia di essere protagonista di questa trasformazione».
Francesco Lollobrigida, Ministro dell’Agricoltura, della Sovranità Alimentare e delle Foreste, ha dichiarato: «Oggi l'agricoltura italiana è tornata al centro dell'agenda politica nazionale e internazionale. Siamo, per il secondo anno consecutivo, la prima economia agricola d'Europa per valore aggiunto, oltre 46,6 miliardi di euro, e leader nella qualità agroalimentare. In questa assemblea affrontate temi cruciali per la nostra economia, come l'energia, l'innovazione e le nuove tecnologie. Per fronteggiare i rincari legati alle tensioni geopolitiche, con l'ultima Legge di Bilancio abbiamo confermato le accise agevolate alle imprese e abbiamo inoltre stanziato, come Ministero, 100 milioni di euro per il credito d'imposta sul gasolio agricolo. A sostegno del fabbisogno energetico nazionale, con il solo Parco Agrisolare abbiamo finanziato oltre 30.000 impianti fotovoltaici, passando da 1,5 miliardi di euro agli attuali 3,2 miliardi di euro di risorse. Un intervento che si traduce in energia pulita, senza consumo di suolo e senza speculazione. Solo continuando a fare squadra tra istituzioni e imprese potremo continuare a crescere e affrontare le sfide future».
Il Senatore Claudio Durigon, Sottosegretario al Ministero del Lavoro e delle Politiche Sociali, ha osservato: «Le PMI sono il cuore del nostro sistema produttivo e il loro ruolo è cruciale per la crescita del Paese. I risultati record dell’export e i dati sull’occupazione testimoniano un’accelerazione importante impressa dal Governo, ma dobbiamo continuare lungo questa strada, sostenendo chi investe, produce e crea lavoro. Il tetto sui prezzi alla pompa adottato dalle principali industrie petrolifere rappresenta un buon segnale per contrastare il caro carburanti, ma è fondamentale guardare al medio e lungo periodo e costruire un mix energetico capace di garantire maggiore sicurezza e competitività. In questa direzione si inserisce anche il via libera al nucleare di nuova generazione. Allo stesso tempo, dobbiamo accompagnare le imprese nella transizione digitale: incentivi e investimenti sono fondamentali per mettere gli imprenditori nelle condizioni di affrontare le sfide attuali con strumenti adeguati, cogliendo le opportunità offerte dall’innovazione e dalle nuove tecnologie».
Per Roberto Capobianco, Presidente di Conflavoro: «L'Italia delle PMI non può accontentarsi di sopravvivere. La piccola impresa deve tornare a essere un punto di partenza, perché quando le imprese italiane camminano, il Paese corre, ma se corrono allora l'Italia si accende. Abbiamo anticipato tre proposte, con una regola molto semplice: non un euro a chi si ferma, tutto a chi investe. Le abbiamo riassunte in tre verbi: investi, produci, cresci. Con Utile Zero chiediamo tasse zero sugli utili che restano in azienda e vengono reinvestiti entro due anni, insieme a un credito d'imposta automatico per chi investe subito. Con Bolletta Massima proponiamo un tetto al prezzo dell'energia per le PMI, agganciato alla media europea, e misure per aumentare l'autoproduzione e ridurre il divario con l'Europa. Con Ricerca in Fabbrica, infine, proponiamo un credito d'imposta automatico del 50% per le PMI su ricerca, brevetti, design, prototipi e intelligenza artificiale. Sono tre strumenti con un unico obiettivo: spostare le risorse dalla logica del sussidio a quella dell'investimento, perché una piccola impresa non deve avere come traguardo quello di restare piccola, ma la possibilità concreta di crescere».
All’evento hanno preso parte: il Senatore Daniele Manca, Capogruppo PD in Commissione Bilancio al Senato; il Senatore Stefano Patuanelli, Vicepresidente del Movimento 5 Stelle; l’Onorevole Chiara Tenerini, Capogruppo di Forza Italia in Commissione Lavoro alla Camera; l’Onorevole Riccardo Zucconi, Responsabile del Dipartimento Energia di Fratelli d’Italia e Angelo Raffaele Margiotta, Segretario Generale Confsal."
20261001102805,Euronews It,https://it.euronews.com/2026/10/01/sanae-takaichi-annuncia-regole-piu-rigide-per-la-residenza-permanente-degli-stranieri,,,,,,srclc:ita,"Le misure arrivano mentre la leader conservatrice Sanae Takaichi cerca di mantenere le promesse elettorali. La sua storica vittoria con una supermaggioranza, a febbraio, era stata trainata da ampie riforme dell’immigrazione
Il Giappone ha inasprito giovedì i requisiti per gli stranieri che vogliono ottenere la residenza permanente, nell’ambito della politica della prima ministra Sanae Takaichi a rafforzare i controlli sull’immigrazione.
Con le nuove regole, che entreranno in vigore gradualmente, i residenti stranieri che intendono stabilirsi in modo permanente in Giappone dovranno dimostrare di avere un reddito annuo superiore alla media e di saper sostenere conversazioni informali in giapponese.
I costi per la domanda aumenteranno inoltre di venti volte a partire da giovedì. In un ufficio immigrazione nel centro di Tokyo, centinaia di persone si sono messe in fila sperando di completare le pratiche prima dell’impennata dei costi.
In base alle nuove norme, la tassa di domanda per la residenza permanente salirà a 200.000 yen (1.116 euro circa), rispetto agli attuali 10.000 yen (56 euro).
""Capisco che accogliere troppi stranieri potrebbe diluire la cultura unica del Giappone. Ma allo stesso tempo, viste la bassa natalità e l’invecchiamento della popolazione, il Paese deve accettare gli stranieri"", ha dichiarato lo studente universitario Yujie Chono, nato negli Stati Uniti, che era tra le persone in attesa.
Il 22enne ha raccontato all’agenzia AFP, in giapponese fluente, di essere in fila da cinque ore per presentare i documenti. Le precedenti linee guida non fissavano soglie precise per reddito, pensione o competenze linguistiche.
Pur avendo una popolazione che invecchia rapidamente e soffrendo di carenza di manodopera in molti settori, l’opposizione all’immigrazione in Giappone è in aumento. Questo ha spinto Takaichi a chiedere norme più rigide per i cittadini stranieri.
""Con l’aumento del numero di residenti stranieri in Giappone, il governo si trova di fronte al fatto che alcuni cittadini provano ansia e un senso di ingiustizia"", ha scritto Takaichi in un lungo post su X domenica, aggiungendo di voler favorire una ""coesistenza ordinata"" con i cittadini stranieri.
I programmi per attirare lavoratori stranieri hanno alimentato le preoccupazioni dell’opinione pubblica. Sentimenti anti-immigrazione si sono diffusi sui social media e circolano ampiamente affermazioni false, tra cui che una parte significativa dei sussidi di welfare in Giappone è destinata agli stranieri e che la loro presenza renderebbe le strade giapponesi meno sicure.
Esperti e molti leader economici avvertono però che il Giappone deve accogliere più lavoratori stranieri per poter sostenere il proprio sistema.
Il quotidiano economico Nikkei, in un recente editoriale, ha scritto che ""il Giappone dovrebbe smettere di considerare gli stranieri solo come una forza lavoro temporanea e dovrebbe invece promuovere il loro insediamento a lungo termine, ampliando l’insegnamento della lingua giapponese e migliorando il loro trattamento"".
La presenza degli stranieri è stata uno dei temi centrali nelle elezioni dello scorso anno per la Camera alta, che hanno visto la forte crescita del partito Sanseito, che si presenta con lo slogan ""Japanese-first"" e definisce l’immigrazione una ""invasione silenziosa"".
Le nuove regole sulla residenza permanente arrivano dopo che, lo scorso anno, il Partito Liberal Democratico al governo ha spinto per irrigidire le norme sui visti per dirigenti d’azienda. Gli imprenditori saranno costretti a lasciare il Giappone se non rispetteranno le nuove condizioni.
Le modifiche introdotte giovedì potrebbero impedire ad alcune persone di chiedere la residenza permanente, ma non dovrebbero costringere nessuno a lasciare subito il Paese.
I candidati dovranno inoltre dimostrare di comprendere le regole sociali e di poter contare su una pensione attesa equivalente a quella di chi ha versato i contributi per 30 anni."
20261001101513,La7,https://www.la7.it/camera-con-vista/video/meloni-in-manovra-salari-e-potere-dacquisto-allue-chiediamo-piu-flessibilita-01-10-2026-659829,,,,,,srclc:ita,"(Agenzia Vista) Roma, 30 settembre 2026
""Ora, chiaramente, lei mi chiede sostanzialmente che cosa accadrà con la prossima manovra, che cosa devono aspettarsi le imprese del NordEst. Io ovviamente capisco, Direttore, l'indole del giornalista, non posso anticiparle molto perché noi siamo all'inizio del lavoro che ci porterà a definire le misure che comporranno la Legge di bilancio. Notoriamente non è un lavoro facile e non è neanche un lavoro veloce. Quello che posso darle per certo è che continueremo nella direzione che abbiamo intrapreso fino ad ora, perché noi abbiamo seguito sempre la stessa logica in questi anni, cioè aggiungere anno dopo anno un tassello di più alla stessa strategia. E quella strategia si è sempre concentrata su salari e difesa del potere d'acquisto, sostegno alle imprese, protezione della famiglia e incentivo alla natalità e salute. Posso dirle, oltre alla Legge di bilancio, che tra i molti dossier che noi abbiamo sul tavolo, uno dei principali su cui stiamo lavorando riguarda la maggiore flessibilità che abbiamo ottenuto in Europa per far fronte alla crisi energetica. Parliamo, come lei sa, di una disponibilità che vale complessivamente oltre 14 miliardi di euro in due anni. Sono risorse molto importanti che vogliamo utilizzare particolarmente per abbassare in modo strutturale i prezzi dell'energia per le imprese, che per me un'altra priorità assoluta. C'è poi il tema dell'estensione della ZES Unica - e concludo: anche questo mi pare atteso e attenzionato anche dalle imprese del Nord"", lo ha detto la Premier Meloni in videocollegamento all'evento, organizzato da Il Gazzettino, ""Oltre le Radici: il modello Nordest tra Europa, impresa e futuro”.
Chigi
Fonte: Agenzia Vista / Alexander Jakhnagiev
Colori di Alexander jakhnagiev - Il giovedì notte alle 2.30 e il venerdì alle 6.30
Il settimanale d'arte dedicato alle mostre contemporanee creato dall'Artista e giornalista Alexander jakhnagiev e prodotto dall'Agenzia Vista."
20261001101228,La Repubblica,https://www.repubblica.it/esteri/2026/10/01/news/strategia_singapore_contro_denatalita_app_di_incontri_per_dipendenti_pubblici_under_35-425619062/,,,,,,srclc:ita,"PECHINO – Le coppie che fanno sempre meno figli. I bonus elargiti dal governo che non bastano a invertire il trend. Così a Singapore le autorità hanno deciso di provare a sostituirsi a Cupido. Con una piattaforma di incontri, FirstDate, al momento riservata ai dipendenti del settore pubblico che hanno tra i 21 e i 35 anni. Niente “swipe” e “match” a raffica come nelle classiche app di dating, pe…"
20261001100620,Linkiesta.it,https://www.linkiesta.it/2026/10/universita-online-carriera-italia/,,,,,,srclc:ita,"Il lavoro cambia, e cambiano le competenze richieste sul mercato. C’è così chi torna a studiare dopo anni, chi aggiorna le proprie competenze e chi sceglie di cambiare strada senza dover ripartire da zero L'articolo Quando la formazione rimette in moto le carriere proviene da Linkiesta.it ."
20261001100420,Libero Quotidiano,https://www.liberoquotidiano.it/news/video-news-by-vista/49272179/meloni-in-manovra-salari-e-potere-d-acquisto-all-ue-chiediamo-piu-flessibilita-/,,,,,,srclc:ita,"(Agenzia Vista) Roma, 30 settembre 2026 ""Ora, chiaramente, lei mi chiede sostanzialmente che cosa accadrà con la prossima manovra, che cosa devono aspettarsi le imprese del NordEst. Io ovviamente capisco, Direttore, l'indole del giornalista, non posso anticiparle molto perché noi siamo all'inizio del lavoro che ci porterà a definire le misure che comporranno la Legge di bilancio. Notoriamente non è un lavoro facile e non è neanche un lavoro veloce. Quello che posso darle per certo è che continueremo nella direzione che abbiamo intrapreso fino ad ora, perché noi abbiamo seguito sempre la stessa logica in questi anni, cioè aggiungere anno dopo anno un tassello di più alla stessa strategia. E quella strategia si è sempre concentrata su salari e difesa del potere d'acquisto, sostegno alle imprese, protezione della famiglia e incentivo alla natalità e salute. Posso dirle, oltre alla Legge di bilancio, che tra i molti dossier che noi abbiamo sul tavolo, uno dei principali su cui stiamo lavorando riguarda la maggiore flessibilità che abbiamo ottenuto in Europa per far fronte alla crisi energetica. Parliamo, come lei sa, di una disponibilità che vale complessivamente oltre 14 miliardi di euro in due anni. Sono risorse molto importanti che vogliamo utilizzare particolarmente per abbassare in modo strutturale i prezzi dell'energia per le imprese, che per me un'altra priorità assoluta. C'è poi il tema dell'estensione della ZES Unica - e concludo: anche questo mi pare atteso e attenzionato anche dalle imprese del Nord"", lo ha detto la Premier Meloni in videocollegamento all'evento, organizzato da Il Gazzettino, ""Oltre le Radici: il modello Nordest tra Europa, impresa e futuro”. Chigi Fonte: Agenzia Vista / Alexander Jakhnagiev"
20261001100400,Agenzia Giornalistica Italia,https://www.agi.it/vista-tv/video/2026-10-01/meloni-in-manovra-salari-e-potere-d-acquisto-all-ue-chiediamo-piu-flessibilita--39342569/,,,,,,srclc:ita,"AGI/Vista - ""Ora, chiaramente, lei mi chiede sostanzialmente che cosa accadrà con la prossima manovra, che cosa devono aspettarsi le imprese del NordEst. Io ovviamente capisco, Direttore, l'indole del giornalista, non posso anticiparle molto perché noi siamo all'inizio del lavoro che ci porterà a definire le misure che comporranno la Legge di bilancio. Notoriamente non è un lavoro facile e non è neanche un lavoro veloce. Quello che posso darle per certo è che continueremo nella direzione che abbiamo intrapreso fino ad ora, perché noi abbiamo seguito sempre la stessa logica in questi anni, cioè aggiungere anno dopo anno un tassello di più alla stessa strategia. E quella strategia si è sempre concentrata su salari e difesa del potere d'acquisto, sostegno alle imprese, protezione della famiglia e incentivo alla natalità e salute. Posso dirle, oltre alla Legge di bilancio, che tra i molti dossier che noi abbiamo sul tavolo, uno dei principali su cui stiamo lavorando riguarda la maggiore flessibilità che abbiamo ottenuto in Europa per far fronte alla crisi energetica. Parliamo, come lei sa, di una disponibilità che vale complessivamente oltre 14 miliardi di euro in due anni. Sono risorse molto importanti che vogliamo utilizzare particolarmente per abbassare in modo strutturale i prezzi dell'energia per le imprese, che per me un'altra priorità assoluta. C'è poi il tema dell'estensione della ZES Unica - e concludo: anche questo mi pare atteso e attenzionato anche dalle imprese del Nord"", lo ha detto la Premier Meloni in videocollegamento all'evento, organizzato da Il Gazzettino, ""Oltre le Radici: il modello Nordest tra Europa, impresa e futuro”. Chigi Fonte: Agenzia Vista / Alexander Jakhnagiev"
20261001094751,Marketscreenerc,https://it.marketscreener.com/notizie/china-resources-pharmaceuticals-ha-bisogno-di-qualcosa-di-piu-della-scala-distributiva-per-affermars-ce785ad3df81ff24,,,,,,srclc:ita,"China Resources Pharmaceuticals Group Limited ha aumentato il fatturato, ma gli investitori prestano sempre più attenzione agli utili. 
                    
Il settore sanitario cinese non consiste più semplicemente nel vendere più farmaci, ma nello sviluppare prodotti migliori.
Secondo l'Ufficio nazionale di statistica cinese, nel primo semestre del 2026 i produttori farmaceutici hanno realizzato ricavi per 1.200 Mrd CNY. Gli utili del settore sono aumentati del 4,2% su base annua, mentre il fatturato è rimasto sostanzialmente stabile. Il comparto continua a trasformarsi: i farmaci innovativi e i dispositivi medici assumono un ruolo sempre più importante, mentre la crescita si stabilizza.
In un aggiornamento correlato, KPMG stima che il mercato farmaceutico cinese passerà da 226,7 Mrd USD nel 2025 a 448,0 Mrd USD entro il 2035, corrispondenti a un tasso di crescita annuo composto del 6,5%. La previsione riflette l'invecchiamento demografico, l'aumento della spesa sanitaria e il continuo sostegno delle politiche pubbliche ai medicinali avanzati. 
È un segnale del fatto che la domanda si sta spostando verso terapie a maggior valore aggiunto, prodotti biofarmaceutici e specialità, allontanandosi dalla tradizionale crescita trainata dai volumi.
China Resources Pharmaceutical, una delle maggiori aziende farmaceutiche integrate della Cina, opera nella produzione, nella distribuzione e nella vendita al dettaglio di prodotti farmaceutici, con un'esposizione lungo l'intera catena del valore sanitario. L'azienda gestisce 90 impianti produttivi, dispone di una rete distributiva composta da circa 220 centri logistici in 28 province e gestisce 1.228 farmacie. Come si riflettono questi vantaggi nei conti?
I margini hanno bisogno di farmaci
Nel primo semestre del 2026 il fatturato ha raggiunto 134,5 Mrd CNY, in aumento del 2% su base annua rispetto ai 131,9 Mrd CNY precedenti. L'incremento è arrivato quasi interamente dal segmento della distribuzione, i cui ricavi sono aumentati del 2,5% su base annua, a 111 Mrd CNY dai 108,3 Mrd CNY precedenti. L'aumento è stato sufficiente a compensare il calo delle vendite della divisione produttiva, diminuite dell'1,5% su base annua a 24,4 Mrd CNY dai 24,8 Mrd CNY precedenti. 
L'utile lordo è rimasto pressoché invariato, salendo appena a 21,53 Mrd CNY dai 21,51 Mrd CNY dell'anno precedente. Anche i costi hanno seguito in larga misura la stessa dinamica. Le spese di vendita sono rimaste stabili a circa 10,1 Mrd CNY, mentre le spese amministrative sono aumentate solo marginalmente, a 3,3 Mrd CNY. La spesa per ricerca e sviluppo, tuttavia, è salita del 14,6% su base annua, a 1,1 Mrd CNY dai 970,9 Mio CNY precedenti. 
L'utile netto si è attestato a 5,0 Mrd CNY, in calo dello 0,6% su base annua rispetto ai 5,1 Mrd CNY precedenti. La pressione operativa e l'aumento delle imposte hanno pesato sugli utili. Il quadro, tuttavia, non è stato interamente negativo: i costi finanziari sono diminuiti e il contributo delle società collegate è migliorato.
Il flusso di cassa operativo è sceso a 1,4 Mrd CNY dagli 1,5 Mrd CNY precedenti, principalmente perché le rimanenze e i crediti commerciali hanno continuato ad assorbire liquidità. Gli investitori stanno monitorando questi sviluppi. 
Il mercato ha bisogno di essere convinto
Scambiate a 4,5 HKD (3,8 CNY), le azioni di China Resources Pharmaceutical hanno perso il 7,5% negli ultimi 12 mesi e restano ben al di sotto del massimo delle ultime 52 settimane, pari a 6,5 HKD (5,6 CNY). Gli investitori sembrano chiedersi se l'azienda sarà in grado di trasformare la debole crescita degli utili in un aumento degli utili futuri.
Lo scetticismo emerge anche dalla valutazione. Il titolo tratta a un rapporto prezzo/utili stimato per il 2026 di 5,7 volte, ben al di sotto della media triennale, pari a 8,0 volte. I mercati raramente applicano uno sconto senza una ragione, e i risultati recenti hanno fatto ben poco per spingere verso una rivalutazione del titolo. 
Eppure gli analisti restano decisamente più ottimisti degli investitori. Il prezzo obiettivo medio di 6,5 HKD (5,5 CNY) implica un potenziale rialzo del 45,8%, mentre 10 analisti su 11 hanno una raccomandazione ""Buy"".
Gli investitori orientati al reddito vengono almeno remunerati nell'attesa. Nell'esercizio 2025 il titolo offriva un rendimento da dividendo del 5,0% e gli analisti prevedono che il rendimento rimanga stabile fino all'esercizio 2028. 
È necessario verificare i rischi
L'azienda resta un peso massimo del settore sanitario, ma una base di fatturato più ampia non si traduce automaticamente in una maggiore redditività. Il management continua a dover affrontare la pressione sui prezzi esercitata dalle riforme sanitarie, la forte concorrenza, l'aumento della spesa per ricerca e sviluppo e la costante necessità di rinnovare il portafoglio prodotti. A queste difficoltà si aggiungono l'incertezza geopolitica, i cambiamenti normativi e un'adozione delle terapie più innovative più lenta del previsto."
20261001090423,La Provincia Unica Tv,https://www.laprovinciadicomo.it/stories/como-citta/le-monde-ancora-allattacco-del-sindaco-e-del-calcio-como-vogliono-trasformare-o_3962905_11/,,,,,,srclc:ita,"Le Monde ancora all’attacco del sindaco e del Calcio Como: «Vogliono trasformare la città in una Disneyland per adulti»
Un articolo del quotidiano francese, ripreso sull’ultimo numero di Internazionale, torna sulla questione della scuola Corridoni di Como
Lettura meno di un minuto.
Como
Ancora una volta il quotidiano francese Le Monde prende di mira la città di Como e in particolare il sindaco Alessandro Rapinese. In un articolo firmato da Allan Kaval (intitolato “L’ultima scuola di Ginostra”), ripreso sull’ultimo numero di Internazionale, viene affrontato il tema della chiusura di numerosi istituti scolastici a causa del calo demografico in Italia particolarmente significativo.
«Molti sindaci - si legge proprio nelle righe finali dell’articolo - sono preoccupati nel vedere, anno dopo anno, il tramonto senza fine delle proprie città e dei propri paesi, altri invece individuano in questo declino demografico delle opportunità economiche: Alessandro Rapinese, sindaco di Como, che un tempo era una città industriale, vuole approfittarne per sostituire una scuola con un parcheggio. Sui social media sono circolate immagini che lo mostrano mentre sposta un armadio nei corridoi vuoti dell’istituto. Il nuovo parcheggio dovrebbe servire per lo stadio della potentissima squadra di calcio, i cui dirigenti, provenienti dall’industria indonesiana del tabacco, intendono trasformare la città in un parco divertimenti, una Disneyland per adulti».
© RIPRODUZIONE RISERVATA"
20261001090136,Ansa,https://www.ansa.it/sito/notizie/economia/2026/10/01/fava-inps-sistema-assolutamente-solido_a5ffde1f-d7cb-4bc8-a753-aa8c658b0deb.html,,,,,,srclc:ita,"""Il sistema è solido,
assolutamente solido ed è una fortuna che sia solido ma questo
non toglie il fatto che dobbiamo pensare al futuro. Oggi siamo
in sicurezza ma domani chi lo sa. Dobbiamo pensare oggi, che
siamo in una situazione di comfort, a come superare le sfide che
si presentano davanti, come l'invecchiamento, la denatalità"". Lo
ha detto il presidente dell'Inps, Gabriele Fava, riferendosi al
sistema pensionistico a margine del convegno 'Il futuro in
armonia: educazione previdenziale per giovani studenti e
lavoratori'.
                                    
                                       
				   Fava ha parlato di ""sfide che vogliamo vincere. Noi Inps
stiamo portando avanti politiche sicuramente innovative, una
progettualità innovativa e concreta che va verso i giovani,
verso i senior, verso gli anziani"". L'obiettivo indicato dal
presidente dell'Inps è ""la qualità e il benessere di tutti"".
                                    
                                       
				
                                    
                                       
				          
                                
Riproduzione riservata © Copyright ANSA"
20261001090014,Cronachemaceratesi,https://www.cronachemaceratesi.it/2026/10/01/sardellini-costruzioni-compie-80-anni-dalle-case-coloniche-di-san-claudio-alle-citta-del-futuro/2110622/,,,,,,srclc:ita,"Sardellini Costruzioni compie 80 anni: 
 dalle case coloniche di San Claudio 
 alle città del futuro
				
				
MACERATA - L'azienda festeggia il suo compleanno domani pomeriggio al teatro Lauro Rossi. Tobia Sardellini, direttore tecnico e commerciale dell’azienda: «Fin da piccolo ho ascoltato storie e aneddoti, vogliamo condividerle insieme a tutti coloro che con noi hanno fatto questo lungo cammino»
Sardellini Costruzioni compie il proprio 80esimo anno e lo celebra con un evento privato che si terrà a Macerata, al teatro Lauro Rossi, domani alle 17,30 alla presenza delle autorità locali e regionali. A moderarlo la giornalista di SkyTg24 Veronica Voto.
Quella di Sardellini è una storia di impresa che attraversa le generazioni e accoglie il futuro all’insegna dell’innovazione. Una storia iniziata dall’intuizione di Romolo Sardellini, muratore artigiano di San Claudio, poi consolidata dal figlio Giovanni, che ha fondato l’azienda nel 1946, per proseguire con la terza generazione con in testa Pierluigi Sardellini e ora passata nelle mani di Tobia Sardellini e Romina Di Bonaventura. In 80 anni di appalti pubblici e privati, di opere di ingegneria, restauro e valorizzazione dei beni culturali, le professionalità si sono succedute senza sosta, collaborando con le più importanti istituzioni. «Fin da piccolo ho ascoltato storie e aneddoti sulle persone che hanno contribuito a fare la storia dell’impresa, sempre raccontate con grande passione – dice Tobia Sardellini, direttore tecnico e commerciale dell’azienda – da qui è nata l’idea di celebrare questo traguardo condividendo la storia di una famiglia e di una azienda, insieme a tutti coloro che con noi hanno fatto questo lungo cammino».
La storia di Sardellini parte da San Claudio, nel comune di Corridonia, passa per Macerata, poi Ancona, tutte le Marche, una fetta d’Italia tra l’Abruzzo e l’Emilia, dove c’è stato bisogno di ricostruire e rigenerare un patrimonio edilizio storico prezioso e fortemente identitario. Lavori per realizzare case, quartieri di città che crescevano con il crescere della loro popolazione, opere pubbliche che hanno disegnato l’Italia del boom economico e demografico, interventi per riportare al loro originario splendore capolavori di architettura e d’arte danneggiati dal tempo e dagli eventi naturali, infrastrutture pubbliche come ad esempio scuole e palazzi storici, chiese e interi borghi antichi. Sono i luoghi “narranti”, non solo dell’impresa-famiglia Sardellini, ma della nostra storia intera.
All’evento che si terrà domani sarà anche presentato il libro “Sardellini: Radici, Valori, Futuro”, uno sguardo al passato per mettere a fuoco ciò che ci aspetta domani, ammirare doti e valori di chi ci ha preceduti, proiettare questo patrimonio nel presente e tracciare, infine, la strada della crescita dell’intero territorio. Il volume racconta la lunga storia di Sardellini: dalle radici artigiane di Romolo alla fondazione dell’impresa da parte di Giovanni e, successivamente all’ingresso di Pierluigi fino a Tobia. E ancora dalle case coloniche di San Claudio ai quartieri della Macerata moderna, dalle grandi opere pubbliche degli anni ‘70 e ‘80, alla specializzazione nelle opere di ingegneria antisismica e nel restauro e valorizzazione dei beni culturali, accelerate dall’ingresso dell’ultima generazione di imprenditori.
Il volume ricostruisce una vicenda corale fatta di lavoro, responsabilità, qualità e legame con le persone. Una storia che guarda al passato per riconoscere i valori che hanno reso possibile il presente e per proiettare nel futuro una cultura d’impresa fondata su serietà, competenza, innovazione e amore per il territorio.
Inoltre, per l’occasione, l’azienda ha deciso di farsi carico del restauro di una tela di Giovanni Cingolani, esposta a Palazzo del Governo, “Torquato Tasso che sottopone la Gerusalemme Liberata all’Accademia dei Catenati di Macerata”."
