date_str,source,url,themes,locations,persons,organizations,tone,translation_info,full_text
20260610204446,Corriere,https://www.corriere.it/esteri/26_giugno_10/corea-sud-presidente-intervista-seul-roma-italia-lee-jae-myung-b1e5a542-b3c5-4948-b12d-fd691a852xlk.shtml,,,,,,srclc:ita,"Il presidente sudcoreano Lee Jae Myung: «Creatività e tecnologia: un nuovo asse tra Seul e Roma per l’AI del futuro»
Il presidente sudcoreano in Lee Jae Myung in visita di Stato in Italia: «Soft power cuore della nostra diplomazia». Vedrà prima Sergio Mattarella e poi Giorgia Meloni
Il presidente della Corea del Sud, Lee Jae-myung, a meno di sei mesi dalla visita ufficiale di Giorgia Meloni a Seul, restituisce la cortesia con una tappa romana in vista del prossimo G7. Oggi Lee vedrà il capo dello Stato, Sergio Mattarella. Domani l'incontro con la presidente del Consiglio. Lo abbiamo intervistato.
Italia e Corea del Sud sono due economie fortemente orientate all'export e all'innovazione: in quali settori vede le maggiori opportunità di cooperazione strategica tra i nostri Paesi nei prossimi anni?
«Corea del Sud e Italia sono Paesi che si assomigliano. Nonostante le limitate risorse naturali, entrambi hanno fatto leva sulla creatività, la tecnologia e lo spirito imprenditoriale e, attraverso l'export e l'innovazione, motori della propria crescita, si sono affermati al centro dell'economia mondiale.  È altamente simbolico il fatto che il primo modello automobilistico sviluppato autonomamente da Hyundai, la Pony, sia nato dalla mano del maestro italiano Giorgetto Giugiaro. L'industria automobilistica coreana, già dagli albori, ha avuto al suo fianco la creatività e la cultura del design italiano. Oggi la cooperazione tra i nostri due Paesi si trova di fronte a un nuovo punto di svolta. La Corea è competitiva nei settori dei semiconduttori, delle batterie, delle tecnologie digitali e dell'intelligenza artificiale; l'Italia, dal canto suo, dispone di una competitività riconosciuta a livello mondiale nei settori della meccanica, dell'aerospazio, dell'automotive, dell'energia e del design industriale. Ritengo che il potenziale di collaborazione tra i nostri Paesi sia particolarmente elevato nei settori in cui l'intelligenza artificiale si integra con la manifattura avanzata. La competizione del futuro non si baserà semplicemente sul volume delle produzioni, ma sulla capacità di unire in modo sempre più efficace la tecnologia e la creatività.
Sono certo che, come nel XX secolo Corea e Italia hanno scritto insieme una storia di successo nel settore manifatturiero, nel XXI secolo, nell'era dell'intelligenza artificiale, possano costruire insieme una nuova storia di innovazione industriale».
La Corea del Sud è diventata un protagonista globale nelle tecnologie avanzate, dai semiconduttori all'intelligenza artificiale. Qual è la sua strategia per mantenere competitivo il Paese in un contesto internazionale sempre più segnato dalla rivalità tra grandi potenze?
«La strategia della Corea si articola in tre punti. In primo luogo, puntiamo a consolidare ulteriormente un nostro punto di forza, le capacità manifatturiere avanzate, elevandone il livello. La Corea ha progressivamente consolidato una competitività di livello mondiale nei settori dei semiconduttori di memoria, delle batterie, dei display, della cantieristica navale e dell’industria automobilistica. In un contesto in cui la diffusione dell’intelligenza artificiale sta facendo crescere rapidamente la domanda di data center e semiconduttori avanzati, le imprese coreane stanno ampliando il proprio ruolo di fornitori strategici a sostegno dell’ecosistema globale dell’IA. Anche il governo, attraverso la creazione di cluster dedicati ai semiconduttori e il potenziamento delle infrastrutture, comprese quelle energetiche, sostiene la competitività delle imprese affinché possano mantenere un vantaggio tecnologico incolmabile dalla concorrenza. In secondo luogo, intendiamo aumentare la produttività industriale integrando manifattura e intelligenza artificiale. Nei nostri principali comparti industriali – semiconduttori, automobili, cantieristica, acciaio, energia – stiamo introducendo l’IA. Questo ci permette di passare ad un sistema produttivo ad alto rendimento basato sulla manifattura autonoma; strategia fondamentale per portare la competitività dell’industria coreana a un livello superiore. In terzo luogo, vogliamo ampliare la cooperazione con partner affidabili nel settore della tecnologia e nelle catene di approvvigionamento. Oggi nessun Paese è in grado di garantire da solo l’intera filiera delle materie prime critiche, dei semiconduttori, delle batterie o delle infrastrutture per l’intelligenza artificiale. La Corea rafforzerà la cooperazione con i principali partner europei, Italia inclusa, attraverso programmi di ricerca congiunta, scambi di talenti, collaborazione nella manifattura avanzata, nell’energia pulita e nelle catene di approvvigionamento strategiche. Quanto più intensa diventa la competizione tecnologica, tanto più cresce l’importanza della cooperazione tra Paesi. Sono convinto che Corea e Italia siano partner ideali per creare insieme nuove opportunità nei settori industriali del futuro. Mi auguro che questa visita di Stato rappresenti un’occasione per elevare ulteriormente il partenariato strategico tra i nostri due Paesi e per consolidare le basi di una prosperità condivisa a beneficio delle generazioni future».
L'Europa guarda con crescente attenzione all'Indo-Pacifico. Quale ruolo ritiene possa svolgere l'Italia nel rafforzamento dei rapporti politici ed economici tra l'Unione europea e la Corea del Sud?
«Oggi la comunità internazionale si trova ad affrontare un’epoca di crisi complesse, in cui si sovrappongono simultaneamente molteplici sfide, dalla guerra in Ucraina ai conflitti in Medio Oriente. In un contesto di questo tipo, assume un’importanza sempre maggiore il dialogo strategico tra la Corea e l’Europa, che condividono valori quali il libero scambio e il multilateralismo. Tra i Paesi europei, l’Italia presenta numerosi punti in comune con la Corea: la posizione geopolitica di collegamento tra continenti e rotte marittime, la competitività di un’economia manifatturiera orientata all’export, l’elevata dipendenza dalle catene globali di approvvigionamento e il forte impegno nella cooperazione multilaterale in quanto media potenza. Ritengo che l’Italia possa contribuire allo sviluppo delle relazioni tra Corea ed Europa sotto tre aspetti principali. In primo luogo, può favorire il dialogo strategico e la reciproca comprensione tra la Corea e l’Europa. Inoltre, i nostri due Paesi si preparano a elevare le relazioni al livello di “Partenariato Strategico Speciale” (Special Strategic Partnership). L’Italia è un Paese chiave sia del G7 sia dell’Unione europea, dotato di una solida rete di relazioni con le principali nazioni europee. Potrà quindi contribuire a far sì che la volontà della Corea di rafforzare i rapporti con l’UE sia ampiamente condivisa a livello europeo. In secondo luogo, nei settori industriali del futuro – IA, tecnologie quantistiche, spazio, transizione energetica. Il “Piano d’Azione Strategico 2026-2030” (Strategic Action Plan 2026-2030), che i nostri due Paesi si apprestano ad adottare, mira a istituzionalizzare una cooperazione orientata al futuro tra Corea e Italia e potrà rappresentare un modello per la collaborazione tra la Corea e altri Paesi europei. In terzo luogo, l’Italia può svolgere un ruolo di ponte nella cooperazione strategica tra Corea ed Europa per affrontare sfide globali quali il cambiamento climatico, la sicurezza energetica e la collaborazione allo sviluppo. Sulla base dei valori condivisi da Corea, Italia ed Europa, i nostri Paesi collaborano come membri responsabili della comunità internazionale. In particolare, nel corso di questa visita, sulla base della comune consapevolezza delle esigenze di sviluppo del continente africano, firmeremo un Memorandum d’Intesa sulla Cooperazione allo Sviluppo tra Corea e Italia, con l’obiettivo di promuovere progetti in grado di generare sinergie tra i due Paesi. L’Italia potrà svolgere un ruolo importante nell’estendere questa collaborazione a livello europeo. Per la Corea, il rafforzamento delle relazioni con l’Italia non si limita alla dimensione bilaterale, ma rappresenta anche un importante contributo all’ampliamento della cooperazione strategica con l’Europa. Allo stesso tempo, anche la Corea è pronta a collaborare attivamente come partner fondamentale dell’Italia nella regione indo-pacifica».
Sul piano diplomatico, quali sono oggi le principali priorità del suo governo nei confronti della Corea del Nord?
«Il nostro governo ha una visione chiara e determinata: aprire un’era di ""coesistenza pacifica e crescita condivisa"". Il nostro obiettivo ultimo è costruire una «pace in cui non sia necessario combattere».
La Corea del Sud è storicamente alleata degli Stati Uniti ma economicamente molto legata alla Cina. È ancora possibile mantenere un equilibrio tra sicurezza strategica e interessi economici?
«Per lungo tempo la politica estera della Corea è stata descritta attraverso la formula ""sicurezza con gli Stati Uniti, economia con la Cina"" (Anmi Gyeongjung). Ritengo tuttavia che, alla luce dei cambiamenti intervenuti nel contesto geopolitico internazionale, questo approccio dualistico abbia perso validità. Più che cercare di mantenere un equilibrio tra Washington e Pechino, la Corea intende sviluppare un nuovo approccio fondato sui propri interessi nazionali, basato su una valutazione articolata delle dinamiche di competizione, cooperazione e delle sfide emergenti. La Cina è il principale partner commerciale della Corea e un attore indispensabile nelle catene di approvvigionamento. Tuttavia, è innegabile che anche la competizione tra i due Paesi sia aumentata. Questo perché la competitività industriale e le capacità tecnologiche avanzate della Cina sono in continua evoluzione. In questo contesto, l'espansione della cooperazione economica con gli Stati Uniti nei settori tecnologicamente più avanzati rappresenta un elemento importante per rafforzare la competitività della nostra industria e favorire l'ulteriore sviluppo della nostra economia. L'alleanza con gli Stati Uniti rimane il pilastro fondamentale della politica estera coreana. Al tempo stesso, intendiamo approfondire e sviluppare tale alleanza alla luce delle nuove realtà del nostro tempo, rafforzando la nostra capacità autonoma di azione e promuovendo una più ampia rete di partenariati con altri Paesi. Capacità autonoma significa non dipendere dall’alleato ma diventare un partner affidabile, capace di assumersi direttamente la responsabilità della propria sicurezza. Si tratta di una visione pienamente allineata con la direzione auspicata dagli stessi Stati Uniti per le proprie alleanze. In questa prospettiva, il governo coreano sta portando avanti iniziative volte a recuperare il controllo operativo in tempo di guerra delle proprie forze armate e ad aumentare gli investimenti nella difesa».
La cultura sudcoreana, universalmente apprezzata come Hallyu – dal cinema alla musica, fino alle serie televisive – ha conquistato il pubblico mondiale. Quanto considera la «soft power diplomacy» uno strumento centrale della politica estera coreana?
«Ritengo che la forza più grande del soft power risieda nella capacità di mettere in contatto le persone. La cultura supera le barriere linguistiche e i confini nazionali, contribuisce alla reciproca conoscenza divenendo il punto di partenza per ampliare fiducia ed empatia tra i Paesi. Per questo, gli scambi culturali rappresentano uno dei pilastri della nostra diplomazia e costituiscono al tempo stesso una base solida per rafforzare la cooperazione politica ed economica. Mi auguro che la Corea, attraverso il fascino della propria cultura, possa dialogare sempre più attivamente con il resto del mondo. In questo contesto, la cooperazione con l’Italia, una delle grandi potenze del soft power mondiale, è ancora più significativa. Sono convinto che, facendo leva sulla ricchezza del proprio patrimonio culturale e sulla propria creatività, Corea e Italia potranno approfondire ulteriormente la cooperazione culturale e ampliare gli scambi tra i rispettivi cittadini, rendendo le relazioni bilaterali ancora più ricche e orientate al futuro».
Molti giovani europei, gli italiani prima di tutti, guardano alla Corea del Sud come a un modello tecnologico e culturale, ma osservano anche temi come pressione sociale, costo della vita e denatalità. Quali sono, secondo lei, le sfide interne più urgenti che il suo governo deve affrontare?
 
«Una delle questioni sociali più importanti che la Corea del Sud si trova oggi ad affrontare è il basso tasso di natalità e il conseguente declino demografico. Considero la denatalità non semplicemente una questione legata al numero di figli, ma un tema che riguarda la fiducia e la speranza nel futuro della nostra società. Solo quando i giovani potranno guardare con fiducia al proprio avvenire, le scelte legate al matrimonio, alla nascita dei figli e alla costruzione di una famiglia potranno aumentare in modo naturale. Accanto al declino demografico, vi è un’altra sfida alla quale dobbiamo prestare grande attenzione: gli squilibri territoriali e il progressivo spopolamento di determinate aree territoriali. Nel corso della rapida crescita economica del passato, popolazione e risorse si sono concentrate nell’area metropolitana della capitale; oggi, però, abbiamo bisogno di un nuovo modello di sviluppo. Lo sviluppo equilibrato del territorio non rappresenta soltanto un obiettivo politico, ma una vera e propria strategia di sopravvivenza per il futuro sostenibile della Corea. Naturalmente, queste sfide non riguardano soltanto la Corea. Anche molti Paesi avanzati, tra cui l’Italia, si confrontano con problematiche comuni quali la denatalità, l’invecchiamento della popolazione e gli squilibri territoriali. Proprio per questo ritengo che possiamo condividere le rispettive esperienze e ricercare insieme soluzioni efficaci. Il successo di una nazione non può essere misurato soltanto attraverso gli indicatori economici. Il mio obiettivo è costruire un Paese in cui i giovani possano accedere a buone opportunità di lavoro, istruzione, cultura e servizi sanitari e coltivare i propri sogni indipendentemente dalla regione in cui vivono. È questa la Corea che desidero costruire: una Corea per tutti, una crescita condivisa da tutti».
Il suo Paese nel dicembre 2024 ha vissuto un momento di gravi tensioni istituzionali, culminate con la destituzione del suo predecessore, Yoon Suk-yeol, il secondo capo di Stato a essere processato nel giro di pochi anni, considerando il caso della signora Park Geun-hye. Qual è, a suo avviso, la causa scatenante di queste crisi, peraltro risolte pacificamente, e infine ritiene che siano necessarie riforme di qualche tipo nel sistema costituzionale sudcoreano?
«Nel dicembre 2024, l’allora presidente della Repubblica ha posto la Corea del Sud in una situazione di crisi a causa dell’errata decisione di proclamare una legge marziale d’emergenza illegittima. Fortunatamente, grazie ai cittadini che si sono mobilitati insieme per difendere la democrazia, la legge marziale è stata neutralizzata. Tuttavia, quell’episodio ci ha fatto comprendere che mancavano adeguati strumenti di controllo in grado di limitare l’esercizio arbitrario del potere presidenziale. In Corea, negli ultimi trentanove anni, dalla riforma costituzionale del 1987, non è stata approvata neppure una revisione della Costituzione. Oggi il Paese è molto più maturo rispetto ad allora e ritengo necessario aggiornare la Costituzione affinché rispecchi la realtà del nostro tempo e, al contempo, predisporre meccanismi istituzionali capaci di impedire esercizi arbitrari del potere come quelli che hanno portato alla proclamazione della legge marziale illegittima»."
20260610193125,Varese News,https://www.varesenews.it/2026/06/sicurezza-e-sovraffollamento-nei-quartieri-lega-e-lombardia-ideale-incalzano-palazzo-estense/2603881/,,,,,,srclc:ita,"Sicurezza e sovraffollamento nei quartieri: Lega e Lombardia Ideale incalzano Palazzo Estense
Gli interventi in apertura di Consiglio comunale dei consiglieri Formato e Angei. Sotto la lente via Frasconi, le dichiarazioni di ospitalità e l'efficacia dell'ordinanza anti-alcol
Il tema della sicurezza urbana e del controllo del territorio torna a infiammare l’aula di Palazzo Estense. In apertura dell’ultima seduta del Consiglio comunale, i consiglieri della Lega Franco Formato e Stefano Angei hanno sollevato forti preoccupazioni riguardo ad alcune zone critiche della città, chiedendo un intervento ispettivo immediato da parte dell’amministrazione e delle forze dell’ordine.
Il caso di via Frasconi: segnalati presunti episodi di spaccio e appartamenti-ghetto
Il primo a prendere la parola è stato il consigliere Franco Formato, che ha fatto da portavoce ai timori dei residenti del comparto di via Frasconi a Biumo Inferiore.
«Nelle corti di questa zona della città – ha spiegato Formato – i residenti segnalano una situazione di forte sovraffollamento abitativo, con numerose persone che risulterebbero vivere all’interno di appartamenti dalle dimensioni decisamente ridotte. Una condizione che, se accertata, solleva pesanti interrogativi sul rispetto delle norme igienico-sanitarie e della tutela delle persone».
Al problema degli alloggi si affiancano dinamiche ben più complesse legata alla microcriminalità: «I cittadini continuano a segnalare fenomeni di degrado urbano, frequentazioni problematiche e presunti episodi di spaccio che alimentano un diffuso senso di insicurezza. Non è una questione di origine delle persone – ha tenuto a precisare il consigliere del Carroccio –, ma di rispetto delle regole, della legalità e della qualità della vita. I residenti onesti non possono essere lasciati soli».
Formato ha quindi chiesto formalmente alla Giunta di attivare controlli mirati e coordinati tra la Polizia Locale, le forze dell’ordine e gli enti competenti in materia di edilizia e sanità pubblica.
Angei: «Accesso agli atti sulle ospitalità temporanee e ordinanze anti-alcol inefficaci»
Sulla stessa linea l’intervento del collega di gruppo Stefano Angei, che ha annunciato un’azione ispettiva ad ampio raggio focalizzata proprio sugli strumenti di monitoraggio demografico e di pubblica sicurezza:
«Come Lega abbiamo recentemente depositato un accesso agli atti per ottenere l’elenco di tutte le dichiarazioni di ospitalità temporanea presentate negli ultimi tre anni a Varese. Si tratta di dati previsti dalla normativa nazionale anche in materia di antiterrorismo: se analizzati seriamente, possono diventare uno strumento utilissimo per scovare tempestivamente situazioni di degrado e criminalità prima che dilaghino nei quartieri».
Angei ha poi spostato l’attacco sull’efficacia dei provvedimenti emersi da Palazzo Estense, citando un secondo accesso agli atti depositato mercoledì 10 giugno in merito all’ordinanza sindacale entrata in vigore all’inizio del mese, che introduce il divieto di consumo di alcolici in alcune specifiche aree cittadine.
«Ci chiediamo se il sindaco, oltre a compiere questo esercizio di stile firmando l’ordinanza, abbia poi fornito alla Polizia Locale gli strumenti reali per verificarne il rispetto – ha affondato Angei –. Proprio uscendo dagli uffici comunali, è capitato di vedere, ad esempio davanti al famigerato “chiosco” di Piazza della Repubblica, persone che consumavano tranquillamente alcol in bottiglie di vetro, proprio sotto gli occhi di tutti e in totale spregio dei divieti. Una situazione che purtroppo si ripete identica in molte altre aree della città oggetto del provvedimento».
TAG ARTICOLO
Accedi o registrati per commentare questo articolo.
L'email è richiesta ma non verrà mostrata ai visitatori. Il contenuto di questo commento esprime il pensiero dell'autore e non rappresenta la linea editoriale di VareseNews.it, che rimane autonoma e indipendente. I messaggi inclusi nei commenti non sono testi giornalistici, ma post inviati dai singoli lettori che possono essere automaticamente pubblicati senza filtro preventivo. I commenti che includano uno o più link a siti esterni verranno rimossi in automatico dal sistema.
La community di VareseNews
Loro ne fanno già parte
Ultimi commenti
- Tommaso Guidotti su Sulla ciclabile di viale Belforte serve fare chiarezza
- Fabio Rocchi su Sulla ciclabile di viale Belforte serve fare chiarezza
- principe.rosso su Ragazzini spaccano con un martelletto il vetro di un autobus di Autolinee Varesine, l'azienda: ""Siamo esasperati""
- robertolonate su Cade da un'impalcatura in un cantiere a Tradate, operaio soccorso dai vigili del fuoco
- SABY24 su I genitori di un bimbo sono sordi, a Cocquio Trevisago una classe impara la lingua dei segni per la recita di fine anno
- Felice su Rissa con bastoni e sassaiola alla stazione di Garbagnate: danneggiato anche un treno"
20260610174009,Il Manifestoq,https://ilmanifesto.it/13-giugno-nessuna-agibilita-fisica-e-politica-ai-neofascisti-e-alla-remigrazione,,,,,,srclc:ita,"13 giugno: nessuna agibilità fisica e politica ai neofascisti e alla “remigrazione”
Stop remigration L'ultradestra razzista e suprematista vuole restringere ulteriormente e differenziare ancora di più le vite di chi è considerat* meritevole di vivere in Italia sulla base del ""sangue"" e di chi non lo è. Ma non lasceremo che questo accada
Appello contro la “remigrazione” e le attuali politiche migratorie. Per la libertà di movimento e l’uguaglianza
Si chiama “Remigrazione e Riconquista”, si legge pulizia etnica. È la proposta di legge di iniziativa popolare che prevede “il rientro volontario e assistito degli stranieri regolarmente presenti sul territorio nazionale nei Paesi di origine”. Non bastano i rimpatri “volontari” attualmente già previsti dalla legge. Si vuole introdurre nel nostro ordinamento un programma apposito per incentivare il ritorno nel paese di origine di persone con background migratorio che vivono magari da anni stabilmente nel nostro paese e che sono titolari di un permesso di soggiorno. Perché la “patria” e la “nazione” devono essere rigorosamente bianche.
Le destre estreme promotrici dell’iniziativa si sono date appuntamento a Roma il 13 giugno.
Roma è città aperta, antifascista e antirazzista: pretendiamo che tutte le autorità competenti, a partire dalle istituzioni locali, si assumano la responsabilità di impedire cortei, presidi e iniziative pubbliche che propagandano odio razziale, deportazione e discriminazione.
Il contesto italiano ed europeo
La remigrazione non nasce nel vuoto, si inserisce in un più ampio processo di neo-fascistizzazione, autoritarismo e imposizione di un regime di guerra esterno ed interno, che attraversa la politica istituzionale, riscrivendone linguaggi, paradigmi e confini, all’interno di un contesto europeo segnato dal razzismo sistemico.
Sono prospettive che in Italia si intrecciano con il progressivo irrigidimento delle politiche migratorie. La nuova normativa attualmente in discussione al Senato si inserisce in una lunga stagione di interventi normativi che hanno reso sempre più precaria la condizione delle persone migranti, ampliando i dispositivi di controllo, repressione e detenzione amministrativa. Nel frattempo, in diversi Paesi europei, forze dell’estrema destra e governi sempre più autoritari e securitari trasformano le persone migranti nel bersaglio privilegiato di campagne politiche fondate sulla paura, sulla costruzione del nemico interno e sulla divisione sociale.
Il Patto su Migrazione e Asilo rappresenta uno dei principali strumenti attraverso cui questa impostazione viene consolidata a livello europeo. Attraverso l’esternalizzazione delle frontiere, la moltiplicazione degli accordi con Paesi terzi, l’estensione delle procedure accelerate di frontiera, il rafforzamento dei meccanismi di detenzione e dei respingimenti, il Patto istituzionalizza un modello fondato sul controllo, sulla selezione gerarchica delle persone in movimento e sulla compressione dei diritti fondamentali. Così prende forma un continente della mobilità spezzata, dove alcuni si muovono liberamente e altri vivono sotto sorveglianza, precarietà e la costante minaccia della detenzione e della deportazione. L’irregolarità non è una condizione spontanea, ma un prodotto politico che spinge verso rotte pericolose, violenza e morte. La governance della migrazione non riguarda solo chi migra, ma interroga nel profondo la giustizia e l’uguaglianza, come la tumultuosa storia dell’Europa tra gli anni 20 e 40 del Novecento ha dimostrato, più e più volte, il tragico costo di distogliere lo sguardo.
In Europa esiste un doppio standard e un innegabile privilegio bianco con delle ricadute importanti nella vita quotidiana delle persone di origine straniera. In Italia la cittadinanza è già intesa come concessione, e dunque “ottenibile” e “revocabile”. Da tre decenni in Europa esistono centri per il rimpatrio, luoghi di detenzione dove le persone vengono private della libertà solo perché non in possesso di un permesso di soggiorno; permesso di soggiorno che, nella maggior parte dei casi, è difficilissimo da ottenere – o conservare – a causa di leggi dell’immigrazione razziste e punitive. Il razzismo sistemico e la disparità di trattamento sono evidenti anche nei controlli di polizia per strada e sui trasporti pubblici: molto più frequenti e violenti quando rivolti a persone razzializzate. L’inseguimento e lo speronamento del motorino su cui si trovavano Ramy Elgaml e Fares Bouzidi ne sono un esempio.
Invece di colmare questo divario strutturale, oggi l’ultradestra razzista e suprematista che propone la remigrazione vuole restringere ulteriormente e differenziare ancora di più le vite di chi è considerat* meritevole di vivere in Italia sulla base del “sangue” e di chi non lo è. Ma non lasceremo che questo accada.
La delirante proposta di legge di iniziativa popolare sulla «remigrazione»
Chi sta portando avanti la proposta della «remigrazione» vorrebbe “il rientro volontario e assistito” delle persone con background migratorio che vivono in Italia “nei paesi di origine”: lo Stato italiano dovrebbe affermare “come principio inderogabile” che “non esiste un diritto intrinseco a migrare”. I punti principali della proposta di legge intitolata «Remigrazione e Riconquista» sono solcati da un’idea razzista e suprematista. Tra le proposte:
- l’istituzione di un “Istituto della remigrazione”;
- la restrizione dei criteri per ottenere il ricongiungimento familiare;
- l’abolizione della protezione speciale;
- l’espulsione obbligatoria delle persone con background migratorio condannate per reati, al termine della pena, con divieto di reingresso per almeno 10 anni (estendibile in base alla gravità del reato) o
- possibilità di scontare la pena nel Paese d’origine tramite accordi bilaterali;
- l’introduzione di accordi individuali di rimpatrio volontario, con contributo economico in cambio della rinuncia definitiva al diritto di soggiorno e alla cittadinanza italiana;
- la riduzione della spesa pubblica destinata – con termine generico – “all’immigrazione” e destinazione delle risorse a un fondo per finanziare i programmi di “remigrazione volontaria”;
- l’eliminazione del decreto-flussi, che regola gli ingressi per lavoro;
- l’introduzione di incentivi per il rientro in Italia dei discendenti di italiani residenti all’estero;
- la creazione di un fondo riservato alle famiglie italiane “per sostenere la natalità” e “contrastare il declino demografico”;
- il potenziamento delle politiche di espulsione e detenzione nei CPR;
- la revoca della cittadinanza italiana ottenuta per naturalizzazione in caso di condanna definitiva per alcuni tipi di reato.
Cosa vogliamo
In tutta Italia esistono reti solidali, associazioni, collettivi, sindacati, sportelli sociali, realtà religiose, organizzazioni antirazziste, gruppi di mutuo aiuto e comunità territoriali che ogni giorno contrastano concretamente gli effetti delle politiche di esclusione e confinamento. Sono esperienze che difendono il diritto all’abitare, garantiscono l’accesso alle cure, sostengono percorsi di regolarizzazione, promuovono iniziative culturali e garantiscono l’accesso all’istruzione, offrono assistenza legale, costruiscono relazioni di solidarietà e praticano forme di accoglienza dal basso. È da queste pratiche già esistenti che bisogna partire per costruire una risposta collettiva all’avanzata delle politiche razziste e autoritarie.
È necessario rafforzare una convergenza civica ampia e plurale, capace di mettere in relazione soggetti diversi attorno alla difesa dei diritti fondamentali e della dignità di tutte le persone, indipendentemente dalla cittadinanza, dall’origine o dallo status amministrativo.
Una convergenza che non si limiti alla denuncia, ma sia in grado di produrre strumenti concreti di tutela, solidarietà e trasformazione sociale, capace di mettere in rete e rafforzare safe space territoriali, luoghi fisici e sociali aperti, accessibili e sicuri, nei quali le persone migranti possano trovare ascolto, orientamento, supporto legale e sociale, protezione dalle discriminazioni e possibilità di partecipazione attiva. Spazi capaci di mettere in rete competenze, risorse e pratiche già presenti nei territori, favorendo l’autorganizzazione e il protagonismo delle persone direttamente coinvolte.
Invertiamo la tendenza: contrastiamo la detenzione amministrativa e chiediamo la chiusura dei Centri di Permanenza per il Rimpatrio (CPR); ci opponiamo all’esternalizzazione delle frontiere e ai respingimenti in mare e ai confini; difendiamo il diritto d’asilo e la libertà di movimento; promuoviamo percorsi di regolarizzazione e accesso ai diritti; costruiamo comunità plurale fondate sull’uguaglianza sostanziale e sulla partecipazione.
Mettiamo in crisi quella logica che separa le persone tra vite da proteggere e vite da respingere, rivendichiamo la libertà di movimento, il diritto a una vita dignitosa, l’accesso alla casa, alla salute, all’istruzione, al lavoro e alla partecipazione democratica sono diritti universali.
Legare il diritto a un’idea identitaria di sangue e bianchezza è incompatibile con una società che si fonda su giustizia sociale, uguaglianza e autodeterminazione.
La lotta contro la remigrazione non riguarda soltanto il rifiuto di una proposta neofascista, ma l’opposizione a un intero paradigma politico fondato su confini, esclusione, razzializzazione e gerarchizzazione delle vite e che riguarda strutturalmente le politiche italiane ed europee sulla migrazione.
Per questo vi invitiamo ad aderire al corteo che partirà sabato 13 giugno 2026 da Piazza del Colosseo alle ore 15 e arriverà fino a Piazza Vittorio Emanuele.
È possibile aderire all’appello compilando il modulo a questo link:
Hanno aderito:
A Buon Diritto
A Sud
ActionAid Italia
Altro Ateneo Tor Vergata
APS Barikamà
Anpi Roma
Arci Roma
ASGI
Asinitas aps – Roma
Associazione Casa Delle Donne* Lucha y Siesta
Associazione Tezetà
Be Free Cooperativa
Casa dei Diritti Sociali ODV
CGIL Roma e Lazio
CivicoZero SCS
Clinica Legale Migrazioni e Asilo Roma Tre
CNCA
Coalizione Italiana per le Libertà e i Diritti civili (CILD)
Coordinamento dei Centri antiviolenza del Lazio
CS Astra19
CS Brancaleone
Diritti di Frontiera APS
Lab.Puzzle Bene Comune
Link Roma
Link Roma Tre
Link Sapienza
Lunaria APS
MaTeMù/CIES
Movimento Italiani Senza Cittadinanza
New Romalen
Nonna Roma
Polo Civico Esquilino Poleis
Ponte Donna APS
Progetto diritti
QuestaèRoma
Refugees Welcome Italia
Rete A Pieno Regime, No DDL Sicurezza Roma
Rete degli Studenti Medi Roma
Rete della Conoscenza Roma
Rete Yekatit 12/19
Sbilanciamoci!
Sea-Watch
Spazi Circolari
Spin Time Labs
Sportello legale Infomigrante Esc
Unione degli Studenti Roma
Unione degli Universitari Roma
In aggiornamento…
10/06/2026, 19:26 articolo aggiornato"
20260610161956,Quotidiano Nazionale,https://www.quotidiano.net/esteri/europa/la-nuova-ricetta-ue-per-dare-connettivita-energia-e-sicurezza-a-isole-aree-costiere-rcb5q4u2,,,,,,srclc:ita,"Milano 10 giugno 2026 – La Commissione europea definisce per la prima volta un approccio coordinato a sostegno delle isole e delle comunità costiere dell’Unione con l’obiettivo di sostenere le esigenze di territori in cui vivono oltre 110 milioni di cittadini UE. Bruxelles ha presentato mercoledì 10 giugno due strategie specifiche, una per le isole e una per le comunità costiere dell’UE, per affrontare in modo integrato i temi dell’economia, della connettività, dell’energia, dell’ambiente, della demografia e della sicurezza, con l’obiettivo di trasformare le sfide che questi territori si trovano ad affrontare in opportunità e punti di forza duraturi.
Le due strategie sono state presentate a Bruxelles al termine del Collegio dei commissari dal vicepresidente esecutivo della Commissione UE responsabile per la Coesione, Raffaele Fitto, e dal commissario europeo per la Pesca e gli Oceani, Costas Kadis.
“Per la prima volta, l’Unione europea dispone di quadri strategici dedicati ai suoi territori insulari e costieri”, ha spiegato Fitto, sottolineando che l’insularità “non è soltanto un dato geografico”, ma comporta “un costo economico reale” per cittadini e imprese. Secondo il vicepresidente esecutivo, nelle isole i costi di trasporto, i prezzi delle abitazioni e la fornitura dei servizi pubblici sono spesso più elevati rispetto alla terraferma, con un effetto strutturale negativo su reddito e competitività.
Secondo dati UE, almeno 17 milioni di persone vivono su oltre 4.000 isole in 16 Stati membri dell’Unione europea. Ben tre Paesi membri sono Stati insulari: Cipro, Irlanda e Malta. Sono invece 95 milioni i cittadini UE che vivono lungo i 70.000 km di coste e nelle zone costiere dei 22 Stati membri dell’Unione.
Le due strategie cercano di far fronte a problemi comuni che affliggono le comunità residenti e che fino ad oggi hanno limitato il loro potenziale. Gran parte delle isole dell’UE devono affrontare l’isolamento geografico, la connettività limitata, gli elevati costi e tempi di trasporto, i mercati piccoli e frammentati, l’eccessiva dipendenza dal turismo, ma anche l’eccessivo ricorso ai combustibili fossili, la vulnerabilità climatica, il declino demografico, la scarsità d’acqua, il ridotto accesso ai servizi essenziali e altri costi aggiuntivi derivanti dall’insularità.
Non meno problemi sono affrontati dalle comunità costiere, il cui ruolo è considerato vitale per un’economia blu sostenibile. Tra le principali sfide ci sono i cambiamenti climatici, la perdita di biodiversità marina e costiera, l’inquinamento marino, ma anche altre pressioni come il fenomeno dell’overtourism, la carenza di alloggi a prezzi accessibili, la stagionalità dell’attività economica e le limitate opportunità di lavoro, che causano l’emigrazione giovanile e l’instabilità economica.
Kadis ha ricordato che le coste europee generano “circa 265 miliardi di euro l’anno in valore aggiunto lordo” e sostengono milioni di posti di lavoro in settori come commercio marittimo, turismo, pesca, acquacoltura, energie rinnovabili, patrimonio culturale e sicurezza. Allo stesso tempo, ha avvertito il commissario, molte di queste aree rappresentano anche le frontiere marittime dell’Unione e sono sempre più esposte a pressioni che vanno dal cambiamento climatico all’inquinamento, dal turismo squilibrato al declino demografico.
In questo contesto, secondo la Commissione UE un approccio personalizzato è “essenziale”. Le due strategie lavorano in sinergia, rafforzandosi a vicenda per affrontare le pressioni comuni e al contempo rispondere alle specificità delle isole e delle comunità costiere.
Fitto ha insistito sul fatto che le priorità individuate “non sono state decise a Bruxelles”, ma sono il risultato di un dialogo con territori e comunità. La Commissione ha raccolto contributi attraverso incontri, missioni e una richiesta formale di evidenze alla quale hanno partecipato 358 stakeholder di 18 Stati membri, tra cittadini, autorità pubbliche, imprese, università, ONG e reti insulari. Le principali sfide indicate – connettività, alloggi, cambiamento demografico, dipendenza energetica e accesso ai servizi – sono poi diventate i pilastri della strategia.
Sostenere il futuro delle isole europee
La strategia dedicata alle isole si sviluppa attorno a quattro pilastri fondamentali, che vanno dallo sviluppo economico alla preparazione alle crisi. Il primo pilastro affronta lo sviluppo economico, la connettività, la competitività e l’innovazione, promuovendo l’imprenditorialità, la diversificazione delle economie locali, il turismo sostenibile e la digitalizzazione, affrontando al contempo le lacune di connettività che limitano l’attività economica e la vita sulle isole.
“La connettività è la sfida centrale per le isole”, ha affermato Fitto, spiegando che Bruxelles intende sostenere migliori infrastrutture di trasporto e digitali, valutare la situazione specifica delle isole nella revisione dei quadri sugli aiuti di Stato e fornire assistenza tecnica. La Commissione lancerà inoltre un’analisi approfondita del costo dell’insularità.
Il secondo pilastro riguarda invece la sicurezza energetica, la tutela ambientale e la resilienza climatica. Qui la Commissione propone di accelerare la decarbonizzazione, le energie rinnovabili, l’adattamento ai cambiamenti climatici e la protezione della biodiversità. Fitto ha ricordato che le isole sono spesso territori isolati anche dal punto di vista energetico e ha annunciato l’estensione fino al 2030 dell’iniziativa Clean Energy for EU Islands, insieme alla creazione di una piattaforma volontaria per gli operatori delle reti insulari.
Il terzo pilastro è incentrato sullo stato delle comunità e sulla situazione demografica e mira a rafforzare i servizi pubblici, la sanità, l’edilizia abitativa, l’istruzione e l’inclusione sociale per invertire il declino demografico e trattenere i giovani. Secondo Fitto, molte isole affrontano declino della popolazione, invecchiamento, fuga dei cervelli e forte pressione abitativa. Per questo, ha spiegato, la Commissione intende intervenire sull’accessibilità degli alloggi, sostenere la mobilità dei giovani e investire nel patrimonio culturale che rende uniche le comunità insulari.
Infine, il quarto pilastro affronta il problema della sicurezza e della preparazione alle crisi, rafforzando la resilienza contro i disastri naturali legati alla crisi climatica, i rischi marittimi e altre minacce emergenti. Fitto ha sottolineato che le isole hanno un valore strategico per l’architettura di sicurezza dell’UE: “Dal Baltico al Mediterraneo, le isole sono in prima linea di fronte alle sfide geopolitiche”, dalla difesa alle infrastrutture critiche fino alla gestione della migrazione.
Bruxelles indica che la strategia promuove l’instaurazione di un dialogo regolare tra le istituzioni dell’UE e le parti interessate che rappresentano gli interessi delle isole, nonché diverse misure di sostegno tecnico, tra cui il rafforzamento delle capacità e lo scambio di buone pratiche.
La Commissione invita gli Stati membri “a includere misure mirate per lo sviluppo delle isole nei loro futuri piani nazionali e regionali di partenariato”, comprese quelle legate all’insularità in settori quali la connettività, i servizi e le infrastrutture. Secondo Bruxelles, i Paesi UE sono inoltre invitati a “elaborare strumenti di investimento territoriale per promuovere strategie integrate per le isole e facilitare una migliore cooperazione”.
Fitto ha collegato la strategia anche alla revisione intermedia della politica di coesione, che sta riorientando oltre 1,5 miliardi di euro a sostegno delle priorità strategiche nei territori insulari. Guardando al prossimo Quadro finanziario pluriennale, il vicepresidente esecutivo ha aggiunto che la proposta della Commissione riconosce in modo esplicito la necessità di affrontare le disparità economiche, sociali e territoriali tenendo conto dei bisogni specifici dei territori con vincoli strutturali permanenti, comprese le isole. “La strategia è un punto di partenza, non un punto di arrivo”, ha detto Fitto, richiamando il “diritto delle persone a vivere, lavorare e prosperare nel luogo che chiamano casa”.
Come rendere più prospere le comunità costiere
Per quanto riguarda la strategia per le comunità costiere, la Commissione UE indica tre priorità: prosperità, resilienza e qualità della vita. Kadis ha spiegato che il piano riconosce la grande diversità dei territori costieri europei, che vanno dai piccoli villaggi di pescatori alle grandi città portuali. Per questo, secondo il commissario, servono soluzioni territoriali su misura, e non un approccio uniforme valido per tutti.
Per promuovere la prosperità, il piano incoraggia un’economia blu dinamica, competitiva e diversificata, favorendo l’innovazione, nuovi modelli di business – come il pescaturismo, la bioeconomia e le energie rinnovabili offshore – e creando opportunità di lavoro di alta qualità. Kadis ha spiegato che la strategia punta a sostenere i settori tradizionali, come pesca, acquacoltura e turismo, ma anche a incoraggiare nuove opportunità economiche legate all’innovazione, alla digitalizzazione e alle rinnovabili offshore.
Tra gli esempi citati dal commissario vi sono il doppio uso dei pescherecci per attività turistiche e di pesca, lo sviluppo della bioeconomia blu, compresi fertilizzanti a base di alghe, e la creazione di una metodologia di certificazione per i crediti di carbonio blu.
Per rafforzare la resilienza, il piano potenzia la capacità di adattamento ai cambiamenti climatici e alle più ampie sfide ambientali, economiche, sociali e di sicurezza, in particolare attraverso l’attuazione della recente iniziativa OceanEye. Kadis ha precisato che la strategia indica come sostenere le aree costiere nello sviluppo di piani di adattamento climatico e propone di esplorare, in cooperazione con la Banca europea per gli investimenti, nuove possibilità di investimento per l’adattamento costiero e il rafforzamento delle capacità progettuali.
Sul fronte ambientale, la strategia promuove anche partenariati di cogestione, con il coinvolgimento degli attori locali, inclusi i pescatori, nella designazione e nella gestione delle aree marine protette. Quanto alla sicurezza, il piano incoraggia l’uso di capacità digitali avanzate per la consapevolezza situazionale, le simulazioni e la pianificazione degli scenari, valorizzando anche il contributo volontario di pescatori, autorità portuali e altri attori marittimi locali nella segnalazione di attività anomale o sospette in mare.
Infine, la terza priorità ha l’obiettivo di migliorare la qualità della vita, attraverso la promozione di luoghi vivaci, inclusivi e attraenti in cui persone di tutte le età possano prosperare, lavorando, vivendo e godendosi l’ambiente circostante, salvaguardando al contempo la cultura marittima, il patrimonio e l’identità locale. Kadis ha indicato la casa come una delle questioni centrali per le comunità costiere, ricordando che la futura piattaforma paneuropea di investimento per alloggi sostenibili e a prezzi accessibili, lanciata in collaborazione con la Banca europea per gli investimenti, dovrebbe contribuire a mobilitare finanziamenti per l’edilizia sociale e accessibile. Anche il futuro Affordable Housing Act, ha aggiunto il commissario, avrà un ruolo importante nell’aiutare le comunità costiere a individuare soluzioni.
La strategia pone l’accento su soluzioni personalizzate e gestite a livello locale, riconoscendo le diverse esigenze delle comunità costiere, dai remoti villaggi di pescatori alle principali città portuali. Sono quattro le misure principali proposte da Bruxelles. La prima prevede una maggiore autonomia alle comunità costiere nella pianificazione dello spazio marittimo attraverso la prossima Legge sugli Oceani, promuovendo l’uso sostenibile del capitale naturale degli oceani, favorendo l’adattamento ai cambiamenti climatici e sbloccando opportunità per una crescita sostenibile.
La seconda misura prevede invece il sostegno dei cluster e delle filiere della bioeconomia blu nelle zone costiere attraverso progetti guidati dalle comunità locali, nell’ambito della futura Iniziativa europea per l’innovazione nella bioeconomia blu.
La terza misura prevede lo sviluppo di un sistema di certificazione per i crediti di carbonio blu al fine di creare nuove opportunità per i servizi dell’economia blu e per il reddito delle comunità costiere.
Infine, la quarta misura promuove la resilienza climatica attraverso una maggiore valutazione dei rischi, la mappatura degli investimenti e il sostegno allo sviluppo delle capacità per l’adattamento costiero, con il coinvolgimento della Banca europea per gli investimenti e delle missioni dell’UE sull’adattamento ai cambiamenti climatici e sul ripristino degli oceani e delle acque.
Sul piano dell’attuazione, Kadis ha sottolineato la necessità di un forte coordinamento tra livello europeo, nazionale, regionale e locale, oltre a un migliore allineamento degli strumenti finanziari dell’UE con attori come le banche nazionali di promozione e le istituzioni finanziarie multilaterali. Le due strategie, ha annunciato il commissario, saranno presentate il 26 giugno a Cipro, nella comunità costiera di Paphos, in collaborazione con la presidenza cipriota."
20260610161700,Money.it,https://www.money.it/perche-il-debito-degli-stati-uniti-e-diventato-troppo-grande-per-essere-ignorato,,,,,,srclc:ita,"Il debito USA ha superato i 39mila miliardi. Non è una crisi imminente: è qualcosa di più insidioso. E i rendimenti dei BTP potrebbero pagarne il prezzo.
Per molti anni il debito pubblico degli Stati Uniti è stato trattato come una specie di fondale immobile. C’era, cresceva, ogni tanto tornava nel dibattito politico, poi veniva di nuovo assorbito dalla forza del dollaro, dalla profondità di Wall Street e dalla convinzione che il Treasury fosse l’asset più sicuro del pianeta. Era il debito della superpotenza, quindi qualcosa di diverso dal debito degli altri.
Oggi quella certezza non è scomparsa, ma si è incrinata. Non perché Washington sia alla vigilia di un default classico, come un Paese emergente indebitato in valuta straniera. Il problema è più sottile e, proprio per questo, più difficile da ignorare. Gli Stati Uniti continuano a emettere la moneta di riserva globale, ma devono finanziare una montagna di debito sempre più grande in un mondo che non compra più Treasury con la stessa automatica fiducia di prima.
La domanda seria non è se domani mattina l’America fallirà - questa è una caricatura. La domanda è un’altra: che cosa accade ai mercati globali quando l’asset considerato privo di rischio comincia a richiedere un premio sempre più alto per essere detenuto? È qui che il debito americano smette di essere una faccenda contabile di Washington e diventa una variabile centrale per obbligazioni, Borse, valute, banche centrali e risparmiatori di tutto il mondo. [...]
Accedi ai contenuti riservati
Navighi con pubblicità ridotta
Ottieni sconti su prodotti e servizi
Disdici quando vuoi
Sei già iscritto? Clicca qui
© RIPRODUZIONE RISERVATA"
20260610152045,Veneziatoday,https://www.veneziatoday.it/attualita/conservatorio-prima-direttrice-chiara-staibano.html,,,,,,srclc:ita,"Il conservatorio Benedetto Marcello elegge la sua prima direttrice: è Chiara Staibano
L'ex vicedirettrice ha superato al ballottaggio Leonella Grasso Caprioli e guiderà l'istituto veneziano dal 1 novembre. Si tratta della prima donna in oltre 150 anni di storia
Il conservatorio di musica ""Benedetto Marcello"" di Venezia avrà per la prima volta una guida femminile, in oltre 150 anni di storia. Si tratta della prof.ssa Chiara Staibano, che ha superato la prof.ssa Leonella Grasso Caprioli e succederà ufficialmente a Roberto Gottipavero alla guida dell'istituto a partire dal 1° novembre 2026.
Clicca qui per iscriverti al canale WhatsApp di VeneziaToday
La tornata elettorale ha registrato una partecipazione straordinaria da parte del corpo docente. Su un totale di 93 aventi diritto di voto, lo scrutinio ha decretato una netta affermazione della prof.ssa Staibano, che ha raccolto 45 voti a suo favore, contro i 39 voti andati alla sfidante, la prof.ssa Leonella Grasso Caprioli. Le schede nulle e bianche rimaste al computo finale sono state 3.
«Il valore e la tradizione che ereditiamo dai 150 anni di storia di questa istituzione sono il nostro bagaglio e uno stimolo costante. Il 'Benedetto Marcello', internazionale per vocazione ed elezione, deve continuare a nutrire nuove generazioni di musicisti, mantenendo i propri orizzonti aperti e proiettati al futuro», ha dichiarato la neo-Direttrice a margine della proclamazione.
Chi è Chiara Staibano, prima donna alla guida del conservatorio
Già vicedirettrice dell'istituto per sei anni e figura di spicco della comunità accademica veneziana, Chiara Staibano vanta una carriera internazionale di altissimo profilo sia in ambito artistico che della ricerca. Diplomata in Oboe (classe di Guido Tagliabue) e specializzatasi con il massimo titolo solistico alla Staatliche Hochschule für Musik di Friburgo, ha collaborato con compagini di rilievo mondiale, tra cui la Chamber Orchestra of Europe e l'Orchestra del Maggio Musicale Fiorentino. Docente di Musica d'insieme per strumenti a fiato, ha tenuto masterclass in tutta Europa, affiancando all'attività concertistica una profonda dedizione alla ricerca musicologica e alla giuria di prestigiosi concorsi internazionali.
Il mandato della neo-eletta si apre sotto il segno di un forte impulso verso l'innovazione e la modernizzazione cosmopolita dell'istituto. Fortemente impegnata sul fronte delle relazioni internazionali – già membro del consiglio scientifico di Uni-Italia a Roma e referente per i progetti Extra-UE e ""Turandot"" – Staibano ha posto al centro del suo programma politico un piano di Recruitment globale. Tra gli obiettivi principali figurano l'introduzione istituzionale di corsi in lingua inglese per le discipline collettive, l'attivazione di Double Degrees (titoli accademici condivisi) con istituzioni estere partner e l'anticipo temporale del processo di ammissione per allineare il ""Benedetto Marcello"" ai tempi delle grandi accademie europee e anglosassoni.
Il programma della neo-eletta
Grande attenzione sarà inoltre riservata alla ricerca artistica di terzo ciclo, con il potenziamento dei neonati Dottorati di ricerca AFAM, e al consolidamento della ""filiera musicale"" sul territorio veneto, attraverso sinergie mirate con le scuole secondarie a indirizzo musicale per contrastare il calo demografico e valorizzare le classi strumentali meno numerose.
In risposta alle complessità logistiche di una città unica come Venezia, la nuova direzione si impegnerà attivamente nel supporto al diritto allo studio. Il programma prevede un'azione decisa nel supportare gli studenti nella ricerca di alloggi a costi non turistici, il rafforzamento delle borse di studio (anche tramite l'introduzione di una percentuale di solidarietà sui canoni di affitto degli spazi storici di Palazzo Pisani) e un potenziamento dei servizi di mediazione linguistica per la folta comunità di studenti internazionali. Sul piano operativo, Staibano mira inoltre all'ottimizzazione degli spazi didattici – forte di recenti accordi sul territorio – e all'estensione graduale dell'orario di apertura del conservatorio.
Il Conservatorio di Venezia rivolge un sentito ringraziamento al direttore uscente Roberto Gottipavero per il lavoro svolto e augura a Chiara Staibano un caloroso buon lavoro per il triennio a venire, pronti a inaugurare un capitolo straordinario della sua gloriosa storia.
VeneziaToday è anche su Mobile! Scarica l’App per rimanere sempre aggiornato."
20260610151008,Il Gazzettino,https://www.ilgazzettino.it/nordest/rovigo/mancano_bambini_asilo_chiude_2_anni_guarda_veneta-9581892.html,,,,,,srclc:ita,"GUARDA VENETA (ROVIGO) - Dopo quasi un secolo di attività educativa al servizio della comunità, la governance della Fondazione Asilo Monumento ai Caduti di Guarda Veneta ha presentato alla regione Veneto la richiesta di sospendere per due anni l'attività della scuola dell'infanzia.
 Una decisione sofferta che riguarda una realtà presente a Guarda fin dal 1931 e che ha accolto generazioni di bambini del paese. Alla base della richiesta vi sono il forte calo demografico registrato negli ultimi anni e il numero insufficiente di iscrizioni per il prossimo anno scolastico. I dati parlano chiaro: nel 2023 e nel 2024 non si sono registrate nascite nel comune, mentre nel 2025 i nuovi nati sono stati una decina un numero troppo basso per garantire la sostenibilità del servizio richiesto dalla normativa per poter accedere ai contributi regionali e statali destinati alle scuole dell'infanzia paritarie.
«È una decisione che abbiamo assunto con grande rammarico - spiega la presidente della Fondazione Monica Rizzato - ma la situazione attuale non ci consente di proseguire l'attività scolastica nelle condizioni richieste. Abbiamo valutato ogni possibile alternativa prima di arrivare a questa scelta».
RESTA IL DOPOSCUOLA
L'asilo resterà aperto fino alla conclusione dell'anno scolastico in corso, prevista per la fine di giugno. Da settembre la struttura continuerà comunque a svolgere un ruolo educativo e sociale attraverso il servizio di doposcuola, che rimarrà regolarmente attivo per le famiglie del territorio. «L'obiettivo aggiunge la presidente è preservare una realtà che dal 1931 rappresenta un punto di riferimento per Guarda Veneta. La sospensione viene richiesta come misura temporanea, nella speranza che nei prossimi anni il quadro demografico possa migliorare e permettere una ripresa dell'attività».
MOMENTO STORICO
Per il paese si tratta di una notizia che segna un momento storico: per la prima volta dalla sua fondazione, quasi cent'anni fa, l'asilo Monumento ai Caduti (sorto per volontà e con le offerte della popolazione che intesero onorare la memoria dei Caduti durante la guerra 1915-18) interrompe, temporaneamente la propria attività scolastica, simbolo delle difficoltà che il calo delle nascite sta causando a molte piccole comunità del territorio."
20260610150208,Bergamonews,https://www.bergamonews.it/2026/06/10/aree-interne-strategie-per-uno-sviluppo-sostenibile/900309/,,,,,,srclc:ita,"Il confronto
|Politica
/Azione Bergamo sulle Aree Interne: strategie per uno sviluppo sostenibile
10 giugno 2026 | 17:02
Azione Bergamo organizza un incontro pubblico dal titolo “Aree Interne: Strategie per uno Sviluppo Sostenibile”
Bergamo. Le Aree Interne rappresentano il cuore del Paese: coprono circa il 60% del territorio nazionale, comprendendo zone montane, collinari e piccoli borghi storici e ospitano circa un quarto dell’intera popolazione italiana, distribuito in oltre 4.000 comuni.
I dati Istat più recenti delineano un importante fenomeno di spopolamento, accompagnato da forte declino demografico.
Per cercate di invertire la rotta, servono interventi e investimenti immediati per garantire futuro e opportunità alle comunità locali, che riguardano il territorio e l’ambiente, i servizi essenziali, la cultura, l’innovazione e la digitalizzazione, il lavoro, l’impresa locale e l’inclusione.
Su queste basi, Azione Bergamo organizza un incontro pubblico dal titolo “Aree Interne: Strategie per uno Sviluppo Sostenibile“, che si terrà sabato 13 giugno 2026 dalle 10.30 a Clusone (BG), alla Sala Legrenzi in Piazza Marinoni 1.
“L’evento nasce con l’obiettivo di avviare un confronto aperto a partire dalle proposte concrete che Azione ha portato recentemente in Parlamento” spiega il segretario provinciale, Rossano Pirola. “Ora vogliamo portare sul territorio il grande lavoro fatto, partendo proprio dalla provincia di Bergamo. Poniamo al centro del dibattito alcuni temi cruciali per il rilancio dei territori montani e periferici: il contrasto allo spopolamento, la valorizzazione della cultura e delle risorse locali e la costruzione di territori più vivibili, innovativi e inclusivi.“
“In Lombardia assistiamo a una tendenza preoccupante: le città e i grandi centri crescono, mentre le nostre valli e aree interne si spopolano in modo inarrestabile” osserva la referente regionale Aree Interne di Azione, Simonetta Fiaccadori. “L’incontro di Clusone non sarà la solita conferenza frontale, ma una vera occasione di ascolto aperta a tutti. Vogliamo raccogliere i bisogni di chi vive e amministra il territorio: tutte le istanze diventeranno un documento programmatico da difendere in Regione e a livello nazionale.“
L’invito a partecipare e a portare il proprio contributo è esteso ad amministratori locali e rappresentanti istituzionali, esperti di sviluppo territoriale, economia e ambiente, imprese, associazioni, cooperative e cittadini.
L’evento è promosso e organizzato da Azione Bergamo."
20260610124240,Unione,https://www.unionesarda.it/news-sardegna/sassari-provincia/sassari-meta-delle-famiglie-ha-un-solo-componente-t3an0qvl,,,,,,srclc:ita,"Sassari, metà delle “famiglie” ha un solo componente
In città aumentano i nuclei ma si riduce il numero medio di coloro che ne fanno parte: cresce anche il numero di anziani senza nessuno in casaPer restare aggiornato entra nel nostro canale Whatsapp
Più famiglie ma con meno componenti a Sassari. È uno dei dettagli del rapporto demografico 2025 del Comune tratto dagli archivi dell'anagrafe e dello stato civile.
Fino a 6 mesi fa le famiglie erano 61.091, 309 in più rispetto al 2021. Guardando però al numero medio di componenti per nucleo il dato si restringe: dai 2,04 di 5 anni fa a 2 componenti oggi. Aumentano i nuclei familiari con una sola persona, che raggiungono la cifra di 28.204 (46.2% del totale). Lieve rialzo per le famiglie con due componenti mentre sono in caduta libera quelle con tre. Sono 3500 i mononuclei con cittadini ultra80enni, di cui 2.702 donne.
Le famiglie “a due” vedono prevalere la tipologia moglie-marito, ma il 36,4% è rappresentato da genitore-figlio/a. Crescono le coppie non sposate con un figlio/a fra i nuclei con tre componenti: 880 nel 2021, 1.092 nel 2025.
Diminuiscono le famiglie, comprensive di moglie-marito e tre figli minori: da 283 del 2021 a 197 nel 2025 su un totale di 1078 (574 quelle composte da marito, moglie e tre figli minorenni e maggiorenni)."
20260610121429,Corriere,https://bergamo.corriere.it/notizie/26_giugno_10/bergamo-avis-festeggia-i-90-anni-con-una-serie-di-eventi-traguardo-importante-e-responsabilita-per-il-futuro-df7f1903-da4b-40f8-b88f-e2a98b088xlk.shtml,,,,,,srclc:ita,"Bergamo, Avis festeggia i 90 anni con una serie di eventi: «Traguardo importante e responsabilità per il futuro»
Porta San Giorgio illuminata di rosso nella notte tra sabato e domenica: poi messa, corteo e momenti di approfondimento sull'importanza della donazione
Porta San Giacomo illuminata di rosso nella notte tra il 13 e il 14 giugno, simbolo cittadino di una comunità che continua a credere nei valori della solidarietà e della responsabilità collettiva. Questo il messaggio scelto per festeggiare la Giornata mondiale del donatore di sangue, istituita dall’Organizzazione mondiale della sanità, e l’impegno di chi in modo volontario, anonimo e gratuito contribuisce a salvare altre vite. Un appuntamento che celebra così nel migliore dei modi il 90esimo anniversario dell’Avis comunale di Bergamo, che proprio con le Donor weeks 2026 valorizza la cultura del dono e sensibilizza sull’importanza della donazione di sangue. Un’attività che dal 1936 a oggi è stata garantita dalla disponibilità di migliaia di cittadini. Un messaggio particolarmente importante in un periodo in cui si registra un calo demografico, a fronte dell’aumento del fabbisogno di plasma ed emoderivati da parte del sistema sanitario.
Le celebrazioni del 14 giugno inizieranno alle 9 con il ritrovo delle delegazioni Avis in largo Belotti. Alle 9.30 sarà celebrata la messa nella chiesa dei Santi Bartolomeo e Stefano, da cui poi partirà il corteo che percorrerà il Sentierone fino a Palazzo Frizzoni, accompagnato dalla fanfara Città dei Mille. Alle 11.30, in sala consiliare, si terrà quindi la cerimonia istituzionale alla presenza delle autorità cittadine e delle rappresentanze associative del territorio. La mattinata si concluderà poi alle 12.30 in piazza Matteotti con un momento conviviale aperto alla cittadinanza, organizzato dai gruppi della città dell’Associazione nazionale Alpini.
«C'è una frase, nel dialetto bergamasco, che racchiude perfettamente il senso della donazione: “Te öle bé”, ti voglio bene – sottolinea il presidente di Avis Comunale Bergamo, Paolo Comana –. Tre parole che non cercano la grandiosità, ma esprimono cura, attenzione e vicinanza. Donare sangue, plasma o emoderivati significa proprio questo: esserci per qualcuno che non si conosce, compiere un gesto silenzioso che può fare la differenza tra la vita e la morte. È un atto di responsabilità e di umanità che appartiene profondamente alla cultura bergamasca».
Tra gli appuntamenti del programma anche la giornata «Dono, salute, sport», il 20 giugno nella Casa dello Sport. L’iniziativa, promossa dall’Avis in collaborazione con il Comune e Csi Bergamo, proporrà tornei sportivi, momenti di approfondimento dedicati a benessere e prevenzione. Oltre che la premiazione del Donation Championship con l’assegnazione del trofeo Mario Rivola. La giornata sarà rivolta non soltanto ai più giovani, ma a tutti coloro che, attraverso la pratica sportiva, promuovono uno stile di vita sano e consapevole, rappresentando un esempio concreto di attenzione alla propria salute e al benessere della comunità.
Nell’ambito delle Donor weeks si terranno inoltre anche due momenti di approfondimento riservati a dirigenti e soci avisini. Il 13 giugno alle 9.30, nella sala Castoldi dell’Università, si terrà il seminario «IA: usarla per non subirla», organizzato con l’Avis regionale Lombardia e patrocinato dall’Ateneo bergamasco per offrire strumenti e riflessioni per l’utilizzo consapevole dell’intelligenza artificiale nelle attività associative. L’appuntamento sarà seguito, alle 18, dalla conference call «Promuovere i valori avisini all’estero» con la partecipazione dei referenti locali dell’ente Bergamaschi nel mondo, Avis Nazionale, Avis Svizzera e Avis Comunale Baden. L’incontro raffigurerà un’occasione di confronto sulle modalità più efficaci per mantenere vivo il legame con i donatori italiani residenti all’estero e promuovere la cultura avisina in una società sempre più globale e interconnessa.
«Novant’anni di storia rappresentano un traguardo importante, ma soprattutto una responsabilità verso il futuro – conclude Comana –. Queste iniziative sono un modo per dire grazie ai nostri donatori e, allo stesso tempo, coinvolgere nuove persone in una scelta che contribuisce significativamente a garantire la salute di tutta la comunità»."
20260610115347,Enna Press,https://ennapress.it/pozzallo-12-e-13-giugno-2026-uniti-sotto-lo-stesso-casco-al-via-costruzioni-migranti-forum-sindacale-euromediterraneo/,,,,,,srclc:ita,"Pozzallo, 12 e 13 giugno 2026
“Uniti sotto lo stesso casco”, al via Costruzioni Migranti Forum sindacale
Euromediterraneo
Due giorni di cultura, incontri e dibattiti con attivisti sindacali dell’area Euromediterraneo
per dare voce a chi non vuole arrendersi alle morti di frontiera e alla criminalizzazione
delle persone in movimento
Trovare una strada comune per combattere la frammentarietà dell’occupazione, la precarietà dei contratti,
la scarsa attenzione alla sicurezza e la solitudine delle persone. L’edilizia rappresenta uno dei principali
settori di inserimento per molti lavoratori migranti. Ma dietro l’inserimento dei nuovi arrivati, si
nascondono spesso rischi di mancata formazione, sfruttamento e caporalato. Partendo da una attenda
analisi della situazione attuale, vogliamo mettere a confronto esperienze internazionali di tutela e
organizzazioni sindacali dei lavoratori migranti nel settore delle costruzioni per cercare di dare un nostro
contributo al dibattito su come ripensare politiche di accoglienza a livello nazionale ed internazionale.
I dati delle Casse Edili ed Edilcasse, ci confermano una presenza crescente dei migranti nel settore edile.
Considerando i soli operai, si passa da una incidenza di circa il 30% nell’anno 2017 (Ottobre 2016-
Settembre 2017) al 37,7% dell’anno c.e. 2023, fino al 39,5% dell’anno c.e. 2024, un’incidenza che,
attraversando una fase di crescita settoriale. Se Albania, Romania e Marocco rimangono le nazionalità
maggiormente rappresentate, si segnala una forte crescita dell’Egitto, con 29.465 operai nell’anno c.e.
2023 e 38.572 nell’anno c.e. 2024, ma sono ben 18 le nazionalità con almeno 2.000 operai, tra cui diversi
paesi extra-europei come Tunisia, Pakistan, Nigeria, India e Senegal.
“Abbiamo scelto il comune di Pozzallo, riconosciuto a livello istituzionale come un fondamentale presidio
di frontiera nel sud della Sicilia, non solo per la sua posizione geografica, ma per quello che
rappresenta, ovvero uno dei principali punti di sbarco nel Mediterraneo e più importanti hotspot per la
gestione dei flussi migratori. Il mondo delle costruzioni sta cambiando velocemente per la presenza di
tanti nuovi cittadini che provengono da tutto il mondo. Parlare di sicurezza, di innovazione e di futuro
non può prescindere dalla capacità di accoglierli, integrarli e renderli cittadini attivi e consapevoli. La
tenuta dei diritti nei cantieri, passa da quanto saranno rispettati i lavoratori migranti. Più saranno
sfruttati e sottopagati, più saranno sottoposti a ricatto e disponibili a fare qualsiasi cosa, arretrando
nelle condizioni vanificando avanzamenti importanti e diritti acquisiti”, dice il segretario generale della
Fillea Cgil Antonio Di Franco.
Quindi, “Il tema dell’immigrazione rappresenta prima di tutto una fondamentale questione morale:
relativa all’identità del Paese, alla sua ricchezza culturale e al suo futuro. Accanto all’ apporto
economico e demografico diventa vitale quello sociale, culturale e spirituale. Con questa prospettiva
intendiamo sollecitare l’avvio di nuove politiche sull’ immigrazione, dalle quali dipenderà la tenuta dello
stato sociale del Paese, il rapporto fra i popoli e la cooperazione intergenerazionale. Noi siamo contro il
panico morale che induce la destra di questo Paese a parlare di Remigrazione, una lettura criminologica
dei movimenti umani sulla terra. Noi crediamo che da quanto integreremo e accoglieremo questi nuovi
cittadini, dipenderà il grado di giustizia sociale presente nella nostra Repubblica e necessaria nella
nostra idea di EuropaFederazione Italiana Lavoratori Legno Edilizia Industrie Affini ed Estrattive
Via G. B. Morgagni, 27 –00161 Roma – Tel. 06 44114625-627-628-637 –FAX 06.44235849
E MAIL: filleanazionale@filleacgil.it – WEBSITE: www.filleacgil.it
IL PROGRAMMA www.filleacgil.net
Giovedì 11 giugno alle ore 18.30 presso la Sala Consiglio Comunale, piazza Municipio 1, la conferenza
stampa di presentazione del Forum sindacale Euromediterraneo, interverranno i rappresentanti del
Comune di Pozzallo, della Cgil Ragusa, della Fillea Cgil Sicilia e della Fillea Cgil Nazionale
Venerdì 12 giugno
Ad aprire i lavori dalle ore 9.30 presso lo Spazio Cultura Meno Assenza, corso Vittorio Veneto 341, i
saluti di Roberto Ammatuna sindaco di Pozzallo, Giuseppe Roccuzzo segretario generale Cgil Ragusa.
Introduce Antonio Di Franco, segretario generale Fillea Cgil Nazionale. Nella prima sessione della
mattina verrà affrontato il tema dell’inserimento dei nuovi arrivati nel settore edile, dove si nascondono
spesso rischi di mancata formazione, sfruttamento e caporalato. Intento sarà quello di cercare di capire
qual’è la situazione di partenza e le rivendicazioni e prassi contrattuali nei diversi paesi
dell’Euromediterraneo, con interventi di Feliciano Iudicone, Dipartimento immigrazione Fillea Cgil
Nazionale, Katry Mohamed Shahin coordinamento Migranti Fillea Cgil, Jean Pascal François,
segretario internazionale FNSCBA CGT (Francia) Plamena Parteniotis segretario internazionale FCIW
Podkrepa (Bulgaria) Taieb Bahri segretario generale FGBB (Tunisia) Marko Tanasić esperto in
Politiche dell’Immigrazione ZSSS (Slovenia) Khaled Abu Zhour, segretario per il settore Costruzioni
PGFTU (Palestina) Modera Alberto Castiglione, giornalista di Antimafia Duemila
Alle ore 11.30 presso lo Spazio Cultura Meno Assenza, corso Vittorio Veneto 341, “Edilizia e lavoratori
migranti: sfide e strategie per rafforzare tutele e sindacalizzazione”. Questa sessione metterà a
confronto esperienze internazionali di tutela e organizzazione sindacale dei lavoratori migranti nel settore
delle costruzioni. Saranno presentate le iniziative sindacali promosse dalla BWI nei cantieri per la
costruzione degli stadi dei Mondiali FIFA, dove sono spesso emerse forme di grave sfruttamento. Saluti
di Giovanni Pistorio, segretario generale Fillea Cgil Sicilia. Intervengono Asma Guitouni coordinatrice
area Medio Oriente e Nord Africa (BWI) Marco Ferrer coordinatore politiche migratorie area Asia e
Pacifico (BWI) Jerry Ronquillo – presidente BQ (Qatar) Sirajul Islam presidente BMWAQ (Qatar)
Suzanne Baldago presidente MWAB (Bahrain) Prince Verma segretario BNKMU (India). Modera
Paola Cammilli Global Campaigns &Migration Director BWI.
Nel pomeriggio di venerdì 12 giugno ad aprire la riflessione su come ripensare le politiche di
accoglienza a livello nazionale ed internazionale e quali esperienze sono state messe in campo dalle parti
sociali dell’edilizia con Flavia Villani, funzionaria Dipartimento Edilizia Fillea Cgil Nazionale, Stefania
Congia Direzione Generale Politiche Migratorie Ministero del Lavoro, Silvia Rigano, funzionario
Dipartimento Relazioni Industriali Ance Nazionale, Orazio Licciardello docente di Psicologia Sociale
Università di Catania Giovanni Manoccio, presidente dell’associazione Don Vincenzo
Matrangolo, Ermira Behri coordinamento Migranti Fillea Cgil Roberto Ammatuna, sindaco di
Pozzallo. Modera Luciana Cimino, giornalista de Il Manifesto.
La serata si chiuderà con il dibattitto sul diritto a migrare e quello a restare, le cosiddette “seconde
generazioni” nel quadro di fenomeni migratori di lunga data assumono un ruolo cruciale nel determinare
l’effettiva integrazione tra culture. Un dialogo tra il segretario generale della Cgil Nazionale Maurizio
Landini e diversi ospiti con Santa Giuseppina Tumminelli, docente Università di Palermo, redattrice
Idos (Dossier Statistico Immigrazione), Si Mohamed Kaabour, coordinatore Idem network, Shaher
Saed, presidente PGFTU (Palestina) Sophie Volpato, esecutivo nazionale Rete degli Studenti
Medi, Anna Ricevuto, esecutivo nazionale Unione degli Universitari, Vito Azzara, portavoce
PattoXRestare, Sahar Locaputo, portavoce Puglia del Futuro, Embalo Saido, delegato Fillea Cgil
Genova Amplia Spa. Nel corso dell’iniziativa il live painting di Takoua Ben Mohammed, scrittrice e
fumettista. Modera Roberto Giovannini, vice direttore HuffPost Italia. A seguire il concerto live di
LelloFederazione Italiana Lavoratori Legno Edilizia Industrie Affini ed Estrattive
Via G. B. Morgagni, 27 –00161 Roma – Tel. 06 44114625-627-628-637 –FAX 06.44235849
E MAIL: filleanazionale@filleacgil.it – WEBSITE: www.filleacgil.it
Sabato 13 giugno
Nello Spazio Cultura Meno Assenza, dalle ore 9.00-11.40, la plenaria con presentazione documento
sindacale area Euromediterraneo con Antonio Di Franco, segretario generale Fillea Cgil nazionale, gli
Interventi membri del coordinamento migranti Fillea Cgil e le conclusioni di Ambet Yuson segretario
generale del sindacato internazionale BWI.
Visite: 177"
20260610111638,La Gazzetta Del Mezzogiorno,https://www.lagazzettadelmezzogiorno.it/news/puglia/2008674/economia-pugliese-ecco-il-report-annuale-di-bankitalia-crescita-dell-1-1-in-16-anni-bari-lecce-e-bat-sul-podio.html,,,,,,srclc:ita,"Fra il 2007 e il 2023 la Puglia ha registrato un aumento del valore aggiunto dell’1,1% (meno 1,9% nel Mezzogiorno e più 3,2% in Italia), il recupero ha interessato in particolare le province di Bari, Lecce e Barletta-Andria-Trani. I dati sono contenuti nel rapporto «L'economia della Puglia» presentato oggi a Bari dalla Banca d’Italia. La provincia di Bari ha registrato la crescita più elevata (5,8%), «sostenuta dall’andamento dei servizi». Dell’espansione del terziario hanno beneficiato anche le province di Lecce (1,7%) e Bat (1%). Hanno invece mostrato un andamento negativo Brindisi (meno 1,1%) «penalizzata da industria e costruzioni», Foggia (meno 3,5%) «che ha risentito del calo di costruzioni e servizi» e Taranto (meno 5,1%) «anche per le difficoltà del siderurgico».
Sempre Bari ha «registrato il maggiore incremento di occupazione, oltre a una contenuta flessione della produttività e un calo demografico marginale». Quanto a Foggia e Taranto, «hanno risentito maggiormente della riduzione della produttività e di andamenti particolarmente negativi della popolazione». Passando alle retribuzioni, fra il 2008 e il 2023 in Puglia sono diminuite del 9,8% a prezzi costanti, soprattutto a causa «della diminuzione delle ore lavorate per occupato». Nel 2022 e nel 2023 «il calo ha riflesso invece prevalentemente quello delle paghe orarie, penalizzate dall’aumento dell’inflazione». Dal rapporto emerge infine che nel 2025 il numero degli sportelli operativi nella regione è diminuito di altre venti unità, attestandosi a 916, localizzati in 189 Comuni (meno due rispetto al 2024). In dieci anni il numero di sportelli bancari è calato di quasi un terzo.
Negli ultimi anni, si legge ancora nel rapporto, il turismo in Puglia «ha registrato un'espansione significativa, che si è confermata nel 2025» con arrivi e presenze cresciuti, rispettivamente, del 13,1% e del 10,4% nell'ultimo anno.
Nel rapporto si sottolinea come «l'espansione della domanda internazionale, insieme a una progressiva riduzione della stagionalità tra gli italiani, hanno contribuito a distribuire i flussi in modo più equilibrato nel corso dell'anno e si sono accompagnate a un innalzamento qualitativo dell'offerta ricettiva"". Allo stesso tempo, dopo la pandemia, «le imprese locali del settore hanno dimostrato una spiccata reattività nel recupero della redditività e un calo della vulnerabilità finanziaria». ""Nel 2023 - è spiegato - il valore aggiunto dei servizi di alloggio e ristorazione era superiore del 18% rispetto a 10 anni prima (a fronte del 13% del totale dell'economia regionale); addetti e ore lavorate sono aumentati di oltre il 40%». Il comparto, si legge ancora, «registra una elevata diffusione di lavoro stagionale part-time e retribuzioni inferiori alla media del settore privato»."
20260610104600,Baritoday,https://www.baritoday.it/economia/crescita-ridotta-pil-puglia-traina-economia-regionale-bari.html,,,,,,srclc:ita,"Bari traina l'anemica crescita della Puglia: il report di Bankitalia incorona il capoluogo e la sua provincia
Rialzo record, nel lungo periodo, pari al 5,8%: la Terra di Bari conquista il primato regionale nel benessere. Bene il porto e il turismo 'multidimensionale', ma l’incertezza globale frena gli investimenti. Lieve salita per il Pil della Puglia: +0,4%, sotto la media del Sud Italia
Una Puglia a due velocità, dove la Terra di Bari si conferma il vero motore economico della regione. È questo il quadro che emerge dal rapporto annuale ‘L’economia della Puglia’, presentato dalla sede del capoluogo pugliese della Banca d’Italia e aggiornato con i dati disponibili a giugno 2026. A livello regionale il 2025 ha fatto registrare una crescita contenuta del Pil (+0,4% a prezzi costanti), ma Bari e provincia continuano a mostrare una vitalità superiore alla media nazionale e locale.
Bari leader nella crescita
Secondo l'analisi di lungo periodo (2007-2023), la provincia di Bari è quella che ha registrato la crescita più intensa in tutta la regione, con un aumento del valore aggiunto del 5,8%, superando ampiamente i livelli pre-crisi del 2008. Questo dinamismo è stato sostenuto principalmente dal settore dei servizi, a fronte di una flessione negli altri comparti. Non è solo una questione di numeri: il capoluogo vanta anche il primato regionale negli indicatori del Benessere Equo e Sostenibile (r-Bes). Bari eccelle in particolare negli ambiti ‘economia e lavoro’ e ‘qualità del contesto e ambiente’, distanziando nettamente province come Foggia e Taranto, che soffrono maggiormente per la riduzione della produttività e il calo demografico.
Porto e Turismo: i pilastri dell'area metropolitana
Il porto di Bari si conferma uno snodo cruciale per la logistica commerciale, con una specializzazione nel traffico ro-ro (veicoli su gomma). Nel 2025, lo scalo barese ha registrato un incremento del 6,2% nel traffico passeggeri e del 3,7% nella movimentazione delle merci, in netta controtendenza rispetto al calo generale registrato a livello regionale e nazionale per il traffico mercantile. Anche il settore turistico vede Bari in una posizione di privilegio. Classificata come ‘grande città a turismo multidimensionale’, Bari intercetta circa l'8% delle presenze regionali. A differenza delle località puramente balneari, soggette a forti picchi estivi, il capoluogo presenta un mercato turistico più strutturato e meno stagionale, con indici di utilizzazione delle strutture ricettive significativamente superiori alla media regionale.
Lavoro e finanza: Bari accentra le risorse
Sul fronte del mercato del lavoro, Bari ha fatto segnare il maggior incremento del tasso di occupazione nel confronto provinciale. L'area barese si distingue inoltre per una maggiore concentrazione di addetti nella manifattura ad alta tecnologia e nel terziario ad alta intensità di conoscenza, settori che garantiscono una maggiore tenuta economica nel tempo. Anche il sistema bancario conferma la centralità del territorio: a fine 2025, la provincia di Bari deteneva la quota più alta di prestiti bancari (oltre 22,8 miliardi di euro) e di depositi (circa 28,9 miliardi), segnando una crescita rispettiva del 2,1% e del 3,4% su base annua.
Le sfide per il futuro
Nonostante il primato barese, le nubi all'orizzonte non mancano. L'economia pugliese risente dell'instabilità geopolitica mondiale, che sta portando le imprese a prevedere una riduzione degli investimenti per l'anno in corso. L'inflazione, che in Puglia nel 2025 è stata del 2,1%, più alta della media nazionale (1,5%), continua a pesare sul potere d'acquisto delle famiglie, nonostante la crescita del reddito disponibile. La sfida per la Terra di Bari sarà ora quella di sfruttare pienamente le risorse del Pnrr, che vede già numerosi progetti in corso per il potenziamento digitale e infrastrutturale, per consolidare un primato che oggi la rende la vera locomotiva del Mezzogiorno.
BariToday è anche su Mobile! Scarica l’App per rimanere sempre aggiornato."
20260610103616,Bergamonews,https://www.bergamonews.it/2026/06/10/donor-weeks-2026-avis-bergamo-festeggia-90-anni-di-solidarieta/900603/,,,,,,srclc:ita,"Bergamo
|Donor Weeks 2026: Avis Bergamo festeggia 90 anni di solidarietà
Con le Donor Weeks 2026 prende il via un calendario di eventi dedicati alla promozione della cultura del dono, alla sensibilizzazione sull’importanza della donazione di sangue ed emocomponenti
Bergamo. Entrano nel vivo le celebrazioni per il 90° anniversario di Avis Comunale Bergamo: con le Donor Weeks 2026 prende il via un calendario di eventi dedicati alla promozione della cultura del dono, alla sensibilizzazione sull’importanza della donazione di sangue ed emocomponenti e al ringraziamento alle migliaia di cittadini che, dal 1936 a oggi, hanno scelto di trasformare un gesto semplice in un aiuto concreto per gli altri.
Il momento più significativo sarà domenica 14 giugno, in occasione della Giornata Mondiale del Donatore di Sangue, istituita dall’Organizzazione Mondiale della Sanità per celebrare chi, ogni giorno, contribuisce a salvare vite attraverso una donazione volontaria, anonima e gratuita. Una ricorrenza che, per l’Avis Comunale di Bergamo, rappresenta tradizionalmente un ulteriore motivo di incontro con la città, per rinnovare il dialogo con la comunità e promuovere i valori di solidarietà e responsabilità che da novant’anni sono alla base dell’impegno associativo.
Per l’occasione, nella notte tra il 13 e il 14 giugno, Porta San Giacomo sarà illuminata di rosso, diventando il simbolo cittadino di una comunità che continua a credere nei valori della solidarietà e della responsabilità collettiva. Un messaggio particolarmente importante in un periodo in cui si registra un calo demografico, a fronte dell’aumento del fabbisogno di plasma ed emoderivati da parte del sistema sanitario.
Le celebrazioni del 14 giugno inizieranno alle 9.00 con il ritrovo delle delegazioni Avis in Largo Belotti. Alle 9.30 sarà celebrata la Santa Messa nella Chiesa dei Santi Bartolomeo e Stefano, cui seguirà il corteo lungo il Sentierone fino a Palazzo Frizzoni, accompagnato dalla Fanfara “Città dei Mille”. Alle 11.30, nella Sala Consiliare del Comune di Bergamo, si terrà la cerimonia istituzionale alla presenza delle autorità cittadine e delle rappresentanze associative del territorio. La mattinata si concluderà alle 12.30 in Piazza Matteotti con un momento conviviale aperto alla cittadinanza, organizzato dai Gruppi della città appartenenti all’Associazione Nazionale Alpini.
«C’è una frase, nel dialetto bergamasco, che racchiude perfettamente il senso della donazione: “Te öle bé”, ti voglio bene – sottolinea il presidente di Avis Comunale Bergamo, Paolo Comana –. Tre parole che non cercano la grandiosità, ma esprimono cura, attenzione e vicinanza. Donare sangue, plasma o emoderivati significa proprio questo: esserci per qualcuno che non si conosce, compiere un gesto silenzioso che può fare la differenza tra la vita e la morte. È un atto di responsabilità e di umanità che appartiene profondamente alla cultura bergamasca».
Tra gli appuntamenti principali del programma figura anche la giornata “Dono, salute, sport”, in calendario il 20 giugno presso la Casa dello Sport di Bergamo. L’iniziativa, promossa dall’Avis in collaborazione con il Comune di Bergamo e CSI Bergamo, proporrà tornei sportivi, momenti di approfondimento dedicati a benessere e prevenzione e la premiazione del Donation Championship con l’assegnazione del Trofeo “Mario Rivola”. La giornata sarà rivolta non soltanto ai più giovani, ma a tutti coloro che, attraverso la pratica sportiva, promuovono uno stile di vita sano e consapevole, rappresentando un esempio concreto di attenzione alla propria salute e al benessere della comunità.
Nell’ambito delle Donor Weeks si terranno anche due momenti di approfondimento riservati a dirigenti e soci avisini. Il 13 giugno alle 9.30, presso la Sala Castoldi dell’Università degli studi di Bergamo, si terrà il seminario “IA: usarla per non subirla”, organizzato con l’Avis Regionale Lombardia e patrocinato dall’Ateneo bergamasco per offrire strumenti e riflessioni per l’utilizzo consapevole dell’intelligenza artificiale nelle attività associative. L’appuntamento sarà seguito, alle 18.00, dalla conference call “Promuovere i valori avisini all’estero” con la partecipazione dei referenti locali dell’Ente Bergamaschi nel Mondo, Avis Nazionale, Avis Svizzera e Avis Comunale Baden. L’incontro raffigurerà un’occasione di confronto sulle modalità più efficaci per mantenere vivo il legame con i donatori italiani residenti all’estero e promuovere la cultura avisina in una società sempre più globale e interconnessa.
«Novant’anni di storia rappresentano un traguardo importante, ma soprattutto una responsabilità verso il futuro – conclude Comana –. Queste iniziative sono un modo per dire grazie ai nostri donatori e, allo stesso tempo, coinvolgere nuove persone in una scelta che contribuisce significativamente a garantire la salute di tutta la comunità».
Il programma delle Donor Weeks 2026 è disponibile sul sito www.avisbg.it"
20260610100900,Huffpost Italia,https://www.huffingtonpost.it/economia/2026/06/10/news/population_cap_la_svizzera_vota_sul_blocco_demografico_ma_se_vince_il_si_a_rischio_750_miliardi_di_euro-22102408/,,,,,,srclc:ita,"La popolazione residente non dovrà superare i 10 milioni prima del 2050, pena la perdita di qualità della vita e del benessere, per cui al raggiungimento dei 9,5 milioni - probabilmente già nel 2030 -, scatteranno misure di contenimento su asilo e ricongiungimenti. È questo il quesito referendario su cui circa 5 milioni e mezzo di elettori svizzeri, gli aventi diritto, saranno chiamati a esprimersi il 14 giugno.
I commenti dei lettori
HuffPost crede nel valore del confronto tra diverse opinioni. Partecipa al dibattito con gli altri membri della community."
20260610100659,Italia A Tavola,https://www.italiaatavola.net//attualita-mercato/2026/6/10/bar-ristoranti-meloni-promette-meno-tasse-accesso-piu-facile-al-credito/119702/,,,,,,srclc:ita,"Riduzione della pressione fiscale, accesso al credito più semplice per le piccole e medie imprese e lotta alle attività irregolari. Sono questi alcuni dei temi affrontati dalla premier Giorgia Meloni nel suo intervento all’assemblea annuale di Confcommercio, un appuntamento che ha assunto un valore particolare anche dal punto di vista istituzionale. Come ha ricordato la stessa Meloni, infatti, si tratta della prima partecipazione di un presidente del Consiglio all’assemblea della confederazione negli ultimi dieci anni. Un intervento seguito con attenzione anche dai pubblici esercizi - in particolar modo bar e ristoranti -, che, ricordiamo, rappresentano una parte importante della base associativa di Confcommercio e che guardano con interesse sia alle prospettive di una riduzione del carico fiscale sia alle misure destinate a facilitare l’accesso al credito per imprese spesso chiamate a confrontarsi con investimenti, costi di gestione e necessità di liquidità.
    
    
        Bar, ristoranti e altre attività della ristorazione: i numeri
Secondo il recente Rapporto ristorazione 2026 di Fipe-Confcommercio, nel 2025 erano attive in Italia 324.436 imprese della ristorazione. Di queste, 124.917 erano bar, mentre 194.899 rientravano nella categoria dei ristoranti e delle attività di ristorazione mobile. Le restanti 4.620 imprese comprendevano servizi di catering, banqueting e ristorazione collettiva. Nonostante una lieve flessione rispetto agli anni precedenti, il comparto continua a rappresentare uno dei principali motori dell’economia italiana, con un ruolo centrale nei consumi, nel turismo, nell’occupazione e nell’accoglienza.
 
    
    
 
 
Meno tasse per il ceto medio, l’impegno del Governo
Come annunciato in apertura di articolo, il tema delle tasse è stato uno dei passaggi centrali del discorso della Meloni. Un argomento già richiamato dal presidente di Confcommercio Carlo Sangalli, che nel suo intervento aveva sollecitato un ulteriore intervento sul ceto medio chiedendo di ridurre l’aliquota centrale dal 35% al 33% per i redditi fino a 60mila euro: «Si proceda alla riduzione dell’aliquota centrale dal 35 al 33% per i redditi fino a 60mila euro, per dare il giusto riconoscimento al ceto medio».
 
Nel raccogliere questo stimolo, Meloni ha rivendicato il percorso già intrapreso dall’esecutivo e indicato la direzione che il Governo intende continuare a seguire nei prossimi mesi. «Siamo partiti ovviamente dai redditi più bassi, via via abbiamo allargato il raggio d’azione, non intendiamo fermarci, vogliamo fare di più, vogliamo fare di più particolarmente per alleggerire il carico fiscale sul ceto medio perché il taglio delle tasse è uno dei grandi obiettivi di questo Governo. Per intenderci altri parlano di tassare il patrimonio, noi lavoriamo perché gli italiani possano ambire ad averlo un patrimonio dopo decenni di lavoro e di sacrifici».
Credito alle imprese e contrasto alle attività irregolari
Accanto alla questione fiscale, la presidente del Consiglio ha posto l’accento sul rapporto tra imprese e sistema bancario, indicando come prioritaria la necessità di rendere più agevole l’accesso ai finanziamenti. Un tema particolarmente sentito da molte piccole e medie imprese del commercio, del turismo e della ristorazione, che spesso devono confrontarsi con procedure complesse e costi elevati per ottenere credito. «Vogliamo abbassare i costi, dare nuove garanzie, introdurre strumenti concreti affinché l’accesso al credito soprattutto per le piccole e medie imprese non sia più un percorso a ostacoli» ha detto la presidente.
Nel corso del suo intervento, la premier ha inoltre rivendicato l’azione del Governo contro il fenomeno delle cosiddette imprese “apri e chiudi”, indicando il rispetto delle regole come condizione necessaria per garantire una concorrenza corretta fra operatori economici. «Questa non è la repubblica delle banane, qui si rispettano le regole, come ricordava il presidente Sangalli non c’è mercato senza regole, non ci sono imprese sane e non c’è crescita” ha detto Meloni, ricordando le misure adottate dall’esecutivo contro le attività irregolari e rivendicando la chiusura di “24mila” imprese riconducibili a questo fenomeno.
Giovani e demografia, le sfide per il futuro
Nella parte finale del discorso, la presidente del Consiglio ha infine allargato lo sguardo alle prospettive di lungo periodo dell’economia italiana, individuando nelle giovani generazioni (un tema particolarmente sentito nel mondo Horeca) e nell’andamento demografico due delle principali sfide che il Paese sarà chiamato ad affrontare nei prossimi anni. «Noi abbiamo un’emergenza che si chiama giovani generazioni, la capacità di offrire maggiori e ulteriori opportunità alle energie migliori che abbiamo, e dall’altra parte la necessità di ribaltare l’emergenza demografica, uno dei più grandi problemi economici».
 
Un’agenda che ora attende attuazione
Insomma, buone, buonissime intenzioni e obiettivi ambiziosi quelli elencati da Giorgia Meloni, ai quali, però, ora dovranno necessariamente seguire provvedimenti concreti. Perché il commercio, ricordiamo, resta una delle anime dell’economia italiana e i pubblici esercizi - su tutti bar e ristoranti, motori del mondo dell’accoglienza - continuano a rappresentarne una componente essenziale, sia dal punto di vista economico sia da quello sociale."
20260610092756,Genovatoday,https://www.genovatoday.it/cronaca/immobiliare-case-sfitte-liguria.html,,,,,,srclc:ita,"Emergenza casa: in Liguria 7mila famiglie aspettano un alloggio, ma 4mila sono sfitti o inutlizzabili
La denuncia del sindacato Fillea: ""Nella nostra regione a fronte di migliaia di domande per le case popolari, poco più di un centinaio trovano accoglimento""
I numeri dell'emergenza casa in Liguria raccontano un paradosso: oltre 7mila famiglie stanno aspettando una casa popolare in Liguria, ma quasi 4mila sono gli alloggi sfitti o inutilizzabili per mancanza di manutenzione. Così, a fronte di migliaia di domande, poco più di un centinaio trovano accoglimento.
Questi sono i numeri diffusi da Fillea Cgil, che ha chiesto alla Regione un incontro urgente per chiedere di mettere in campo un piano di investimenti straordinari per dare rapidamente risposte.
Fillea attacca il governo: “Piano casa insufficiente”
“Sebbene il settore delle costruzioni e della casa pesino quasi un terzo del Pil - dice Fabio Marante, segretario generale Fillea Genova e Liguria - il piano casa del governo è distante dai bisogni delle persone. Sono 560 i milioni stanziati dal piano, cifra assolutamente insufficiente ad affrontare il problema così come peraltro rilevato anche da un recente studio del Cresme (centro di ricerche di mercato) che stima le risorse necessarie in 35 miliardi di euro, calcolati su 2 mila euro al metro quadrato per alloggi da 70 metri quadrati”.
In Liguria c'è anche un altro fattore da considerate: il dato demografico e l'avanzamento dell'età media. “I numeri - continua Marante - impongono un cambio di passo in termini di politica dell’abitare, innovazione tecnologica e social housing per dare risposte alle tante domande attraverso un investimento straordinario che consenta di agire anche sul fronte occupazionale edile”.
La proposta: l'auto recupero
Una soluzione, per Fillea, potrebbe essere l'assegnazione degli immobili anche attraverso la formula dell'“auto recupero”: gli inquilini anticipano gli interventi di manutenzione non strutturale, cifre che verrebbero recuperate attraverso sconti sugli affitti futuri. “Ma questa pratica - avverte - va monitorata attentamente affinché in questo contesto non si celi lavoro nero, grigio o sottopagato”.
GenovaToday è anche su Mobile! Scarica l’App per rimanere sempre aggiornato."
20260610074735,Veronasera,https://www.veronasera.it/economia/veneto-40mila-imprese-rischio-insolvenza-dati-10-giugno-2026.html,,,,,,srclc:ita,"Quasi 40 mila imprese a rischio insolvenza in Veneto, 7800 nel Veronese
Secondo i dati dell’osservatorio Business Scan 2026 sviluppato da Sevendata, l'incidenza rimane al di sotto della media italiana. Nell'area scaligera sono presenti il 19,8% delle imprese venete
In Veneto quasi 40 mila imprese sono esposte a rischio insolvenza. La regione mostra un profilo di solidità migliore della media nazionale: le imprese attive in regione sono 438.261 e, su queste, l’incidenza di quelle a rischio insolvenza, in un orizzonte di 12 mesi, si attesta al 9% (39.443 aziende), rimanendo a un livello decisamente al di sotto della media italiana pari al 12,1%, ovvero 674 mila imprese a rischio sul totale nazionale di 5.570.296 imprese attive (Sevendata su dati CCIAA).
Nel confronto nazionale, il Veneto si colloca tra le regioni meno esposte sotto questo profilo. Incidenze più elevate si osservano nel Lazio (17,5%), in Calabria (14,0%), Campania (13,8%), Sicilia (13,1%), Abruzzo (13%), Lombardia (12,6%), Molise (12,2%), Umbria e Puglia (12,1%), Basilicata (11,8%), Liguria (11,4%), Sardegna (11,1%), Toscana (11%), Emilia-Romagna (10,5%), Marche (10,1%); mentre livelli sotto media si rilevano in Trentino-Alto Adige (6,6%), Valle d’Aosta (7,5%), Piemonte (8,6%) e Friuli-Venezia Giulia (8,7%). Su base annua, la quota di imprese a rischio in Veneto è aumentata di 0,7 punti percentuali, a fronte di una crescita media nazionale dell’1%.
I dati emergono dall’osservatorio Business Scan 2026 sviluppato da Sevendata, data company italiana che analizza lo stato di salute del tessuto imprenditoriale italiano e il rischio di insolvenza a 12 mesi, da febbraio 2025 a febbraio 2026. Attraverso rating proprietario basato sull’intelligenza artificiale a reti neuronali, vengono focalizzate variabili economico-finanziarie, bilanci, eventi negativi pregiudizievoli e scoperti, profili del management e indicatori strutturali delle imprese su base settoriale e territoriale.
Dentro i confini regionali, l’analisi per provincia evidenzia una variabilità contenuta ma significativa: l’incidenza più elevata di imprese a maggiore rischio si osserva a Rovigo (9,5% pari a 2.179), seguita da Padova (9,3%, 8.231 imprese), Vicenza (9,2%, 6.951 imprese), Venezia (9,1%, 6.504 imprese) e Verona (9,0%, 7.818 imprese). Il valore più basso è nella provincia di Belluno (6,5%, 872 imprese), davanti a Treviso (8,4%, 6.679 imprese).
«Le imprese del Veneto nel 2026 si collocano in base al livello di rischio insolvenza a 12 mesi al quinto posto nella classifica nazionale, dato significativamente inferiore alla media nazionale, confermando una buona tenuta complessiva del tessuto produttivo – ha commentato Fabrizio Vigo, ceo e co-founder di Sevendata –. L’analisi provinciale mostra differenze da monitorare, con l’incidenza di rischio più alta a Rovigo e il profilo più solido in questo senso a Belluno. La regione mantiene una capacità di resilienza che si spiega con la qualità e la diversificazione della sua base produttiva: accanto a una forte vocazione manifatturiera, con un cuore di oltre 48mila imprese attive, il Veneto può contare su oltre 63mila imprese attive nel settore delle costruzioni e un notevole sviluppo dell’agroalimentare che conta oltre 59 mila realtà, parti di filiere locali che hanno storicamente dimostrato adattabilità. Allo stesso tempo, alcuni indicatori segnalano che la resilienza non va data per scontata: la contrazione delle imprese attive, il saldo demografico negativo delle imprese e il lieve arretramento del survival rate indicano un contesto in cui la tenuta deriva sempre più dalla capacità delle aziende di preservare equilibrio finanziario, continuità operativa e posizionamento di mercato in uno scenario marcroeconomico dinamico in gadro di gestire fenomeni di incertezza».
In termini di concentrazione del tessuto imprenditoriale, il maggior numero di imprese attive è a Padova (20,2% del totale regionale pari a 438.261 aziende) seguita da Verona (19,8%), Treviso (18,1%), Vicenza (17,2%) e Venezia (16,3%); mentre Rovigo e Belluno rappresentano rispettivamente il 5,2% e 3,1% della base imprese. Sul fronte della dinamica annua delle imprese attive, l’unico segnale positivo si registra a Belluno (+0,9%); la contrazione più marcata riguarda Rovigo (-1,9%), seguita da Verona (-1,7%), Padova (-1,3%), Treviso (-1,1%), Venezia (-0,4%) e Vicenza (-0,1%).
La lettura demografica regionale indica un saldo negativo tra nuove imprese e cessazioni: il tasso di natalità si attesta al 5,3% e la mortalità al 6,2% (saldo -0,9 punti percentuali). Anche gli indicatori di resilienza mostrano una lieve flessione: il survival rate - tasso di sopravvivenza - delle imprese nate nel 2024 e ancora attive nel 2026 è pari al 93,4%, in calo di 0,9 punti percentuali rispetto al biennio 2022–2024 (94,3%).
Dal punto di vista settoriale, il numero più alto di aziende attive si registra nel commercio (20,8%) seguito da edilizia (14,5%), agricoltura e pesca (13,5%). Le incidenze di rischio insolvenza più elevate si riscontrano invece tra attività estrattive in cava (28,1%), fornitori di energia e gas (26,8%), attività immobiliari (15,5%), fornitura di acqua e gestione rifiuti (14,8%). Le attività meno a rischio sono quelle legate a agricoltura e pesca (2,5%), istruzione (4,4%) seguite dalle attività finanziarie e assicurative (5,5%).
VeronaSera è anche su Mobile! Scarica l’App per rimanere sempre aggiornato."
20260610070813,Torino Cronaca,https://www.torinocronaca.it/news/torino/647157/no-al-dimensionamento-fino-al-2030-approvato-il-salva-scuole-ma-c-e-chi-sbuffa.html,,,,,,srclc:ita,"l'editoriale
Cerca
Il caso
10 Giugno 2026 - 09:08
Scuola: niente accorpamenti dopo le proteste. ”Salve” anche le piccole scuole di montagna
Dopo un autunno di proteste e polemiche contro il rischio di «istituti mostro» nei quartieri più fragili, il Piemonte congela il piano di dimensionamento scolastico: per i prossimi due anni scolastici non sono previsti nuovi accorpamenti tra autonomie. Lo prevede la delibera approvata dal Consiglio regionale con 29 voti favorevoli e 17 non partecipanti al voto sul triennio 2027-2030.
Il provvedimento, su proposta dell'assessora all'Istruzione Daniela Cameroni, rinvia di fatto ogni nuova fusione almeno fino al 2028/2029. «Nonostante il calo demografico, il Piemonte manterrà invariato l'attuale l'assetto delle autonomie scolastiche e nel 2029-2030 ci sarà la riduzione di una sola unità», dichiara l'esponente di giunta.
La scelta arriva dopo mesi di tensioni sul precedente piano che aveva coinvolto 15 istituti in Piemonte, sette nel Torinese, tra fusioni contestate da famiglie e sindacati. Alcuni accorpamenti erano stati già rivisti o bloccati. La Regione parla di una fase di stabilità del sistema, conferma le deroghe per le piccole scuole di montagna e la possibilità di attivare nuove sezioni dell'infanzia dove necessario. Invariato anche il numero complessivo delle autonomie nel prossimo biennio.
Critiche le consigliere Pd Gianna Pentenero ed Emanuela Verzella: «Invece di governare i processi, si è scelto di comprimere e sacrificare tutti i momenti di necessario approfondimento», dicono.
I più letti
CronacaQui.it | Direttore responsabile: Andrea Monticone
Vicedirettore: Marco Bardesono                                                           Capo servizio cronaca: Claudio Neve
Editore: Editoriale Argo s.r.l. Via Principe Tommaso 30 – 10125 Torino | C.F.08313560016 | P.IVA.08313560016.                      Redazione Torino: via Principe Tommaso, 30 – 10125 Torino      |Tel. 011.6669, Email redazione@torinocronaca.it. Fax. 0116669232 ISSN 2611-2272                                                                                           Amministratore unico e responsabile trattamento dati e sicurezza: Walter Altea 
Registrazione tribunale n° 1877 del 14.03.1950 Tribunale di Milano 
La società percepisce i contributi di cui al decreto legislativo 15 maggio 2017, n. 70. Indicazione resa ai sensi della lettera f) del comma 2 dell’articolo 5 del medesimo decreto legislativo.."
20260610050202,Il Sole 24 Ore,https://www.ilsole24ore.com/art/l-intelligenza-artificiale-arriva-ma-trova-l-italia-impreparata-AILZRiZD,,,,,,srclc:ita,"L’intelligenza artificiale arriva, ma trova l’Italia impreparata
Rapporto Formazione e Lavoro 2026 dell’Osservatorio Proxima: l’Italia ultima in Europa per occupazione tra i 20 e 29 anni. Il costo del capitale umano perduto nel flusso migratorio di giovani verso l’estero stimato a 159 miliardi di euro
3' di lettura
I punti chiave
3' di lettura
In due anni, la quota di imprese italiane con almeno dieci addetti che usa tecnologie di intelligenza artificiale è triplicata: dal 5% del 2023 al 16,4% del 2025. Ma il dato che rivela la struttura del problema è un altro: la mancanza di competenze adeguate frena il 58,6% delle aziende, che hanno valutato investimenti in AI senza realizzarli. La tecnologia arriva. Le competenze per usarla, no.
Tra i lavoratori di 22-25 anni, il tasso di ingresso in nuove occupazioni ad alta esposizione all’AI cala del 14% nell’era post-ChatGPT. L’AI erode i task formativi attraverso cui le nuove generazioni costruivano competenza sul campo. Un paradosso: proprio quando il mercato ha strutturalmente meno giovani da inserire, lo strumento che dovrebbe aumentare la produttività comprime lo spazio in cui quella produttività si impara. È quanto emerge dal Rapporto Formazione e Lavoro 2026 dell’Osservatorio Proxima, parte del gruppo Enzima12, presentato martedì 9 giugno 2026 a Roma.
La mancata formazione continua degli adulti costa all’Italia 26 miliardi l’anno
In generale, ammonta a ventisei miliardi di euro il costo annuo della mancata formazione continua degli adulti in Italia. L’equivalente di un’intera manovra di bilancio. Una cifra che non compare in nessun rendiconto pubblico, non figura in nessun bilancio aziendale, non emerge in nessun rapporto di sostenibilità. Eppure si accumula, ogni anno, con la puntualità di un debito che nessuno ha contratto formalmente ma che l’intera economia continua a pagare.
Il record di occupazione che non racconta tutta la storia
Il 2025 ha consegnato all’Italia il tasso di occupazione più alto dalla nascita delle serie storiche ISTAT: 62,5% nella fascia 15-64 anni, oltre 24 milioni di occupati. Una narrazione comprensibilmente attraente. Ma il record, scomposto per classi d’età, racconta un’altra storia.
Oltre l’80% dell’aumento occupazionale del 2024 è riconducibile agli over 50. Gli occupati con più di cinquant’anni hanno superato per la prima volta i 10 milioni - quasi il doppio rispetto al 2004. Nelle classi più giovani, si registra, invece, stagnazione o calo. Il meccanismo è noto: le riforme pensionistiche hanno alzato l’età effettiva di uscita dal mercato, trattenendo lavoratori maturi che in un altro regime sarebbero già andati in pensione. Il record di occupazione è, in larga misura, un effetto collaterale dell’invecchiamento demografico."
20260610050054,Quifinanza,https://quifinanza.it/economia/occupaizone-debito-pubblico-rapporto-paese-2026/997372/,,,,,,srclc:ita,"Ogni anno l’Unione Europea pubblica una sorta di pagella dei Paesi membri. Si chiamano “Rapporti paese” e forniscono un’analisi dettagliata degli sviluppi e delle sfide economiche e sociali di ciascuno Stato membro, valutando in che misura questi vengono affrontati dalle politiche nazionali. Sono pubblicati all’interno del più grande Pacchetto primavera, un esercizio annuale che coordina le politiche economiche e sociali. Sulla base delle analisi condotte sui singoli Stati, la Commissione riferisce una serie di raccomandazioni specifiche per Paese, con consigli su dove intervenire e come.
La principale sfida italiana è l’elevato debito pubblico, segue una produttività lenta e che rischia di ristagnare, una burocrazia che si sta snellendo, ma che è ancora troppo difficile, per esempio, per le procedure di autorizzazione, e i prezzi elevati dell’energia, che danneggiano la competitività. Ma non va tutto male, anzi ci sono dei punti nei quali l’Italia mostra di essere forte e in netto miglioramento. Vediamo la pagella dell’Italia, se è stata rimandata a settembre in qualche materia, dove può migliorare e quali sono le sue eccellenze.
Indice
La pagella dell’Italia: gli sviluppi economici
La crescita del Pil in Italia è rallentata e la causa è l’incertezza geopolitica. Questa ha pesato sulla spesa delle famiglie, e gli investimenti sono rimbalzati dopo il calo del 2024, dovuto alla revoca degli incentivi fiscali per l’edilizia residenziale. Eppure, nonostante le difficoltà, l’Italia fa segnare dati delle esportazioni in crescita, invertendo la tendenza negativa degli ultimi due anni.
Bene anche l’occupazione: sia il numero di occupati, che le ore lavorate sono aumentati dell’1,1% nel 2025. In particolare, gli incrementi sono stati registrati nei settori:
- dei servizi;
- delle costruzioni.
Calano invece i lavoratori nei settori:
- dell’agricoltura;
- dell’industria manifatturiera.
Aumentano i lavoratori a tempo indeterminato e i lavoratori autonomi, mentre diminuiscono i lavoratori a tempo determinato (-7,9%). In generale, il tasso di disoccupazione è in calo, al 6,1%. Ma nonostante questi progressi, l’Unione Europea segnala un tasso di occupazione rimasto al di sotto della media Ue, in particolare per donne e giovani. Bene, a tal proposito, le misure e gli incentivi mirati per la Zona economica speciale unica (Zes).
I salari risultano in crescita del 2,5%, soprattutto nell’industria e nelle costruzioni, e i salari reali hanno recuperato parte del potere d’acquisto precedentemente perso.
Produttività ferma
L’andamento del mercato del lavoro però non è accompagnato da una crescita della produttività. Dalla pagella dell’Unione Europea emerge come, a parte il periodo successivo alla pandemia di Covid-19, la crescita del Pil italiano sia rimasta costantemente indietro rispetto alla crescita dell’occupazione.
Dietro alla stagnazione ci sono sia fattori macroeconomici che microeconomici. Il rapporto descrive una predominanza di piccole imprese e la specializzazione in settori tradizionali a basso valore aggiunto che contribuiscono a investimenti cronicamente bassi in ricerca e innovazione. Pesano anche le disparità regionali tra Nord e Sud, gli elevati costi energetici (l’Italia dipende dall’energia e dalle materie prime importate e questo la rende particolarmente vulnerabile alle impennate dei prezzi delle materie prime, come avvenuto in seguito al conflitto in Medio Oriente) e un contesto imprenditoriale sfavorevole.
Obiettivi di Sviluppo Sostenibile: l’Italia migliora
L’Italia però sta compiendo dei progressi importanti su tutti gli Obiettivi di sviluppo sostenibile relativi alla competitività e alla stabilità economica, sebbene le performance rimangano comunque al di sotto della media europea.
I miglioramenti si vedono soprattutto in materia di innovazione, mentre industria e infrastrutture resilienti hanno visto dei miglioramenti, ma più lenti, dovuti a bassi livelli di investimento e dall’elevato debito pubblico.
Progressi significativi invece per gli indicatori relativi a:
- istruzione di qualità;
- lavoro dignitoso e crescita economica;
- pace, giustizia e istituzioni solide.
In pratica l’Italia sta migliorando sulla maggior parte degli Obiettivi di sviluppo sostenibile relativi alla sostenibilità e su tutti quelli relativi all’equità sociale, ma allo stesso tempo ci sono degli indicatori che mostrano tendenze negative come quelli relativi all’acqua potabile e ai servizi igienico-sanitari. Infatti l’impatto della siccità sugli ecosistemi è in aumento e le aree a rischio erosione del suolo si stanno espandendo.
Gli indicatori sanitari rimangono sopra la media europea e la percezione del proprio stato di salute è leggermente migliorata. Anche se gli indicatori sul rischio di povertà sono in miglioramento, l’Italia deve ancora recuperare terreno rispetto alla media europea.
La pagella dell’Italia: la qualità delle finanze
Quanto fatto sul piano economico ha un impatto positivo sulla finanza pubblica. Il disavanzo delle amministrazioni pubbliche italiane si è ridotto passando dal 3,4% del Pil nel 2024 al 3,1% nel 2025, grazie soprattutto all’aumento delle entrate dovuto alla crescita dell’occupazione e dei salari.
Il rapporto debito/Pil è diminuito dopo il picco della pandemia, ma ha ricominciato a salire nel 2024 e ad oggi si mantiene ancora sopra il livello pre-pandemia. L’Italia continua, secondo la pagella, ad affrontare le vulnerabilità legate all’elevato debito pubblico e alla debole crescita della produttività.
Si legge come, nonostante il miglioramento dei saldi primari, il rapporto debito pubblico/Pil dell’Italia abbia invertito la sua traiettoria discendente e abbia cominciato a salire, principalmente a causa dell’impatto ritardato dei crediti di imposta per il Superbonus.
Pesa anche la spesa pubblica per le pensioni e una crescita della produttività lenta. Quindi, secondo la Commissione, i rischi per la sostenibilità fiscale rimangono elevati nel medio termine, anche se il Governo ha attuato diverse politiche positive per promuovere la sostenibilità fiscale, tra cui il rafforzamento delle revisioni annuali della spesa, la riduzione del cuneo fiscale e la revisione delle agevolazioni fiscali.
La sfida demografica
In questo quadro appare di fondamentale importanza la sfida demografica. L’Italia infatti si trova ad affrontare un invecchiamento della popolazione e un basso tasso di fertilità. Si prevede che entro il 2050 la popolazione totale italiana diminuirà di oltre 4 milioni.
Si tratta di un declino demografico di lunga data, in particolare nel Sud, che comporta una contrazione della forza lavoro, ulteriormente aggravata dalla bassa partecipazione al mercato del lavoro di donne e giovani.
Per l’Unione Europea la migrazione può accelerare il rinnovamento demografico nel breve termine, ma nel lungo termine va affrontata la sfida della bassa natalità in Italia. Serve promuovere un ambiente più favorevole alla genitorialità attraverso posti di lavoro stabili e politiche del lavoro, soprattutto per i giovani."
20260610045742,Tutte Le Ultime Notizie,https://www.ilrestodelcarlino.it/ferrara/cronaca/auguri-cna-80-primavere-tra-9261117f,,,,,,srclc:ita,"Ottant’anni e non sentirli. Cna taglia questo importante traguardo in scioltezza e naturalmente con orgoglio anche perché, sottolinea subito in conferenza stampa la presidente Jessica Morelli, ""sono gli stessi della nostra Repubblica e del primo voto per le donne"". Nata come associazione al fianco degli artigiani (di produzione e di servizio), Cna ha progressivamente allargato il campo includendo piccola e media impresa, professionisti, commercianti. Sono più di quattromila le aziende associate nella provincia. E ora giustamente festeggia l’importante ricorrenza con una serie di iniziative, appunto presentate nella sede di via Caldirolo.
Si comincia la prossima settimana (mercoledì 17 per la precisione) e si termina in novembre. In entrambi i casi si tratterà, come vedremo, di importanti eventi. Nel mezzo, diversi saranno gli appuntamenti dislocati in vari centri della provincia. Già, perché persone, valori e appunto territorio, sono i fili conduttori, ha aggiunto la Morelli, di questo ""ottantesimo"" che si svilupperà all’insegna di una ""infinita passione"".
Sarà insomma la festa degli imprenditori che danno vita a questa potente organizzazione e dei dipendenti (anche i pensionati che mantengono l’antico legame) che operano nelle diverse sedi, ha sottolineato il direttore generale Matteo Carion. Si rende giustamente omaggio, quindi, a questi importanti decenni ma – ha poi rilevato Amelia Grandi responsabile dell’Area economica – si guarda avanti, oltre, per valorizzare questa grande realtà rappresentata dal mondo dell’artigianato e dell’imprenditoria. Sul ""piatto"" mille problemi e opportunità, dall’intelligenza artificiale all’inverno demografico. Ma l’artigianato resisterà, statene certi.
Dunque i festeggiamenti. Come hanno rilevato la stessa Grandi e Luigi Cecchi Ad di Delphi international, l’apertura delle celebrazioni è in programma nel pomeriggio del 17 in sede Cna. Sarà ripercorsa la storia dell’associazione con gli attori Matteo Bergonzoni e Camilla Benzi e verranno presentati il progetto giovani e il progetto donne sulla sostenibilità aziendale e sociale. Il 19 giugno Cna sarà in fiera a Bondeno, il 14 luglio a Estate Argenta, il 12 settembre alla Fiera di Cento, dal 25 al 29 settembre a Copparo e il 5 novembre a Sant’Agostino al cospetto di sua maestà il tartufo.
Per quanto riguarda la città, il 10 ottobre un evento svelerà ""la maglia dell’80°"" e il 22 ottobre ci sarà l’annuale assemblea dei pensionati. Attesa anche per la tradizionale sfilata di moda (il 3 luglio) ""Passione e stile"" che si svolgerà sui suggestivi Trepponti di Comacchio con il coinvolgimento delle imprese del settore moda. Sono molte le realtà economiche che si sono trasformate in partner, ha osservato Andrea Cobianchi responsabile bilancio e sviluppo. L’altro evento clou è rappresentato dalla conclusione delle celebrazioni, fissate per il 16 novembre quando, al teatro Abbado, saranno invitati i cittadini: andrà in scena un po’ di storia, molto spettacolo e la performance di Debora Villa."
20260610045712,Tutte Le Ultime Notizie,https://www.ilrestodelcarlino.it/rimini/cronaca/natalita-e-famiglie-generare-868ac5dd,,,,,,srclc:ita,"La natalità come sfida collettiva, l’infanzia come investimento sul futuro e la genitorialità come responsabilità condivisa. Sono questi i temi al centro della seconda edizione degli Stati Generali dell’Infanzia e dell’Adolescenza, in programma a Rimini da oggi al 12 giugno. Dopo il debutto dello scorso anno a Bologna, la manifestazione promossa dalla Regione Emilia-Romagna approda nella città felliniana con il titolo ""Generare: nascere figli, crescere genitori"", trasformando per tre giorni teatri, cinema e spazi pubblici in un laboratorio permanente di confronto sulle politiche dedicate alle famiglie.
L’iniziativa è stata presentata dall’assessora regionale a Scuola, Welfare e Politiche per l’infanzia Isabella Conti, che ha sottolineato come il tema della natalità non possa più essere affrontato soltanto dal punto di vista statistico. L’apertura ufficiale è prevista oggi nella Sala Ressi del Teatro Galli con il presidente della Regione Michele de Pascale e la ministra per la Famiglia Eugenia Maria Roccella, collegata da remoto. Interverranno anche il sindaco di Rimini Jamil Sadegholvaad e la vicesindaca Chiara Bellini.
Tra gli ospiti della prima giornata la giornalista Concita De Gregorio, la studiosa Florencia Andreola e lo psicologo Matteo Lancini, che terrà una lectio dedicata al significato dell’essere genitori oggi. Domani il Cinema Fulgor ospiterà il confronto sulle dinamiche demografiche e sulle politiche a sostegno delle famiglie, con il demografo Alessandro Rosina e la ricercatrice finlandese Anna Rotkirch. Spazio anche ai temi della salute nei primi mille giorni di vita, della maternità e della paternità.
La giornata conclusiva del 12 giugno tornerà al Teatro Galli e sarà dedicata alle trasformazioni della famiglia e al mondo degli adolescenti. Tra gli ospiti la sociologa Chiara Saraceno, lo psicoterapeuta Alberto Pellai e la scrittrice Espérance Hakuzwimana."
20260610024518,Linkiesta.it,https://www.linkiesta.it/2026/06/europa-italia-india-imec-roma-caos/,,,,,,srclc:ita,"In un mondo sempre più caotico, occorre rendersi più indipendenti. Per questo adesso serve una diversificazione dei partner ed è necessario firmare nuovi accordi economici e politici. Abbiamo una visione, dobbiamo solo riuscire a metterla in pratica L'articolo L’Italia può essere il ponte tra Europa e India proviene da Linkiesta.it ."
20260610005800,Il Giorno,https://www.ilgiorno.it/milano/cronaca/universita-bicocca-piano-conciliazione-njutzde1,,,,,,srclc:ita,"Milano, 10 giugno 2026 – Assenze giustificate per visite dei figli e dei familiari; ricevimenti anche da remoto ed esami flessibili; uno sportello dedicato alla genitorialità, una sala “allattamento e coccole“ in ogni area del campus e posteggi riservati.
Così Milano-Bicocca, nel giorno del suo 28esimo compleanno, lancia il programma di welfare per studenti in gravidanza, genitori o caregiver mentre sta per sviluppare una tassazione ad hoc per queste fasce, con agevolazioni economiche.
L’intenzione
L’obiettivo è uno: conciliare studio e famiglia, anche guardando alla popolazione accademica in evoluzione. Il rettore Marco Orlandi inquadra i numeri: “Dieci anni fa avevamo 30mila studenti, oggi sono 40mila, il 28% di loro è studente lavoratore, il 12% ha più di 30 anni”. Due le sfide: inverno demografico alle porte, ma anche gli atenei telematici che intercettano una fetta di studenti che lavora o ha problemi di conciliazione.
“Il concetto di diritto allo studio oggi è più ampio e articolato – spiega Orlandi –: l’università deve continuare a essere ascensore sociale, servono agevolazioni economiche ma anche servizi che rispondano a una platea di studenti molto diversificata”.
Le cifre
Bicocca quest’anno investe nel diritto allo studio 21,7 milioni, di cui 18,3 per borse di studio e 2,6 per integrazioni premi di laurea. La fascia di esenzione dalle tasse universitarie è stata estesa a 30mila euro di Isee, ma dal prossimo anno accademico - anche sulla base dei dati che arriveranno da queste misure - si studieranno agevolazioni per gli studenti genitori o caregiver: è stato creato un tavolo tecnico ad hoc.
Intanto si iniziano a integrare servizi e si pensa alla logistica, con percorsi con priorità di accesso nei punti di ristoro o negli sportelli di orientamento. A presentare le linee guida insieme al rettore anche il direttore generale Cristiano Nicoletti, la prorettrice alle Pari opportunità e alle Diversità, Sveva Magaraggia, e il prorettore ai Rapporti con il Sistema Sanitario e alla Salute, Giuseppe Carrà. Al centro un vero e proprio piano di sostegno alla genitorialità (0-6 anni), alla maternità e alla paternità e all’assistenza dei familiari.
Il pacchetto
Tra le misure previste, la giustificazione di assenze anche per gestire pratiche di affido o adozione e la definizione di modalità alternative di erogazione delle ore di lezione, ricevimenti in fasce orarie diverse da quelle standard, uno “Sportello unico genitorialità e caregiving familiare“ nello spazio B. Inclusione per la gestione della modulistica e delle autocertificazioni e per l’assistenza su contribuzioni, borse di studio, sospensioni, servizi; il supporto psicologico e per l’orientamento, con corsia preferenziale e consulenze per supporto alla genitorialità; saranno messi a sistema e ampliati anche i servizi già attivi per i bambini e i figli di studenti, docenti e personale come “Vengo anch’io” (che permette di accogliere i bimbi anche “a ore“ e con poco preavviso per coprire le emergenze famigliari), tariffe agevolate per i centri estivi e il counselling ostetrico."
20260610003600,Agenzia Giornalistica Italia,https://www.agi.it/scienza/news/2026-06-10/australia-koala-popolazione-crollata-uomo-37464306/,,,,,,srclc:ita,"AGI - Uno studio genomico rivoluzionario ha ridefinito la nostra comprensione della storia evolutiva del koala (Phascolarctos cinereus), rivelando che l'iconico marsupiale australiano ha subito un grave declino demografico circa 100.000 anni fa, prima dell'arrivo degli esseri umani nel continente. Ottenuti da ricercatori dell'Università di Sydney e della Texas A&M University, i risultati ribaltano studi precedenti che suggerivano che le popolazioni di koala fossero diminuite solo dopo l'arrivo degli esseri umani. I risultati sono stati annunciati sulla rivista Molecular Biology and Evolution.
I ricercatori hanno ricostruito meticolosamente la storia genetica del koala concentrandosi sul ""tasso di mutazione"" del suo genoma (l'insieme delle informazioni genetiche di un organismo). Per ogni organismo, con ogni generazione e prole, nuove mutazioni (cambiamenti genetici) compaiono naturalmente nel suo genoma. Il ""tasso di mutazione"" è il numero di nuove mutazioni per generazione. Ogni specie ha un tasso di mutazione unico, con i genomi che mutano più rapidamente in alcuni organismi rispetto ad altri.
Il calcolo del tasso di mutazione nei marsupiali
I ricercatori hanno sequenziato i genomi di quattro triadi genitore-prole e contato le mutazioni. Queste sono state utilizzate per calcolare un tasso di mutazione preciso nei koala, che è risultato essere circa la metà di quello osservato negli esseri umani. Questo nuovo tasso di mutazione si è rivelato un potente strumento genetico, applicato a 457 genomi di koala, che ha permesso ai ricercatori di studiare i cambiamenti nelle popolazioni di koala nel corso del tempo.
Questo è il primo studio a stimare i tassi di mutazione direttamente per i koala o per qualsiasi altra specie dell'ordine dei marsupiali Diprotodontia, che comprende anche vombati, canguri e opossum.
Studi precedenti avevano ipotizzato un drastico calo delle popolazioni di koala dopo l'arrivo degli esseri umani moderni nel continente, circa 65.000 anni fa. Tuttavia, questa ipotesi si basava su stime del tasso di mutazione ricavate da mammiferi filogeneticamente distanti come gli esseri umani e i topi.
Il clima del Pleistocene e la resilienza della specie
Lo studio ha rilevato che le popolazioni di koala hanno iniziato un forte declino circa 100.000 anni fa, raggiungendo un punto critico circa 60.000 anni fa. Il drastico calo demografico coincide con un periodo di intensi cambiamenti ambientali, in concomitanza con l'ultima era glaciale del tardo Pleistocene, molto prima del contatto con l'uomo.
""Lo studio riscrive la cronologia della storia genetica del koala in Australia"", afferma Toby Kovacs, dottorando che ha guidato la ricerca. ""Calcolando il tasso di mutazione delle popolazioni di koala moderne, possiamo stimare e ricostruire la cronologia genetica a ritroso fino a 100.000 anni fa, per avere un'idea della diversità genetica e delle dimensioni delle antiche popolazioni di koala."".
Il signor Kovacs ha affermato che i reperti fossili sono troppo scarsi per sapere con esattezza quanto fossero numerose le popolazioni di koala 100.000 anni fa, quindi lo studio dei loro genomi offre indizi fondamentali sulla loro storia evolutiva.
""Le analisi genomiche dimostrano che in passato i koala hanno subito un forte declino demografico a causa dei cambiamenti climatici e della perdita di habitat. Quando le condizioni ambientali sono migliorate, le loro popolazioni si sono riprese e si sono espanse in gran parte dell'Australia orientale""."
20260609205545,La Sicilia,https://www.lasicilia.it/news/attualita/3047220/ragusa-e-la-lenta-ritirata-dal-centro-storico.html,,,,,,srclc:ita,"Attualità
Ragusa e la lenta ritirata dal centro storico
La riflessione dell'architetto Giuseppe Nuccio Iacono sui fenomeni abitativi, e non solo, che interessano la città
La storia urbana di Ragusa degli ultimi cinquant’anni può essere letta come un lento, ma inesorabile spostamento del baricentro cittadino: dalle strade del centro verso la periferia, dai luoghi della prossimità ai luoghi dell’accessibilità automobilistica, dalla città abitata alla città consumata. A sostenerlo è l’architetto Giuseppe Nuccio Iacono, che in una lunga riflessione analizza le trasformazioni che hanno segnato il volto del capoluogo ibleo.
«Fino agli anni Settanta — ricorda Iacono — il centro storico di Ragusa Superiore era il cuore pulsante della vita urbana. Qui convivevano residenza, commercio, professioni, servizi pubblici. La città si viveva a piedi, e la rete di piccole attività commerciali era alimentata dalla presenza quotidiana degli abitanti». Un equilibrio che, secondo l’architetto, si è progressivamente incrinato con l’espansione urbana degli anni successivi.
Le nuove aree residenziali, più comode e accessibili, unite alla diffusione dell’automobile, hanno ridotto il valore della vicinanza fisica. Non era più necessario abitare accanto ai negozi o ai servizi per usufruirne. «La città ha iniziato a dilatarsi — spiega Iacono — e il centro ha perso gradualmente la sua centralità funzionale».
Su questo processo si è innestata la crescita della grande distribuzione. Supermercati prima, centri commerciali poi, hanno concentrato in un unico luogo merci, servizi e parcheggi, sottraendo clientela al commercio tradizionale. Il risultato, osserva l’architetto, non è stato solo economico: «La perdita di abitanti e attività di prossimità ha ridotto la densità sociale del centro storico, la sua vitalità, la sua capacità di attrarre».
A complicare il quadro, le difficoltà legate al patrimonio edilizio storico: costi elevati di manutenzione, vincoli di recupero, carenza di parcheggi, accessibilità limitata. Interi comparti urbani sono entrati in una spirale di invecchiamento demografico e progressivo abbandono.
Ragusa Ibla ha seguito una traiettoria diversa, ma non priva di contraddizioni. Dopo decenni di marginalità, il riconoscimento del suo valore monumentale e la crescita del turismo ne hanno favorito il recupero. Ma il successo turistico ha generato un nuovo squilibrio. «Molti spazi un tempo destinati alla vita quotidiana — osserva Iacono — sono stati assorbiti da attività rivolte quasi esclusivamente ai visitatori. In alcune strade si ha l’impressione di un grande bazar turistico più che di un quartiere urbano abitato».
Il problema, sottolinea l’architetto, non è l’esistenza di bar, ristoranti o negozi di souvenir, ma la loro eccessiva concentrazione. Quando scompaiono botteghe, servizi di quartiere, attività artigianali e residenti permanenti, il centro storico perde la sua pluralità funzionale e rischia di trasformarsi in una scenografia destinata al consumo turistico. «Una città storica può sopravvivere senza industrie — afferma — ma difficilmente può sopravvivere senza abitanti».
Per Iacono, la questione centrale non riguarda soltanto il recupero degli edifici, ma il recupero della vita urbana. Riportare residenti nel centro storico attraverso incentivi all’abitare, favorire attività economiche diversificate, migliorare l’accessibilità senza snaturare il tessuto urbano, limitare la monocultura turistica: sono queste, secondo l’architetto, le condizioni indispensabili per invertire il declino.
Una sfida complessa, che Ragusa non può più rimandare. Perché, come conclude Iacono, «una città non è fatta solo di pietre, ma delle persone che la abitano. Senza di loro, anche il patrimonio più prezioso rischia di diventare un guscio vuoto»."
20260609180420,Corriere Del Ticino,https://www.cdt.ch/news/la-tendenza-e-chiara-svizzera-con-sempre-meno-figli-430187,,,,,,srclc:ita,"La tendenza è chiara: Svizzera con sempre meno figli
Punto di partenza: «La genitorialità, nelle società moderne, ha cessato di essere un traguardo biologico o sociale dato per scontato per trasformarsi in una scelta deliberata e complessa, profondamente influenzata dalle strutture sociali e dai progetti di vita individuali». Punto d’arrivo, riferito alla Svizzera: «I figli sono sempre più visti come parte delle scelte di stile di vita dell’individuo». Insomma, la conclusione è una conferma della premessa dello studio. Nel tragitto tra i due punti, tra le due citazioni, c’è l’insieme dell’inchiesta condotta da IBSA Foundation per la ricerca scientifica e dal Programma di ricerca prioritario dell’Università di Zurigo Human Reproduction Reloaded, presentata oggi a Zurigo, «Genitorialità in Svizzera, un rapporto su (in)fertilità e assenza di figli». E dall’analisi appare chiara una duplice dinamica, che vede da un lato un aumento di chi sceglie consapevolmente di non avere figli - parliamo di un passaggio dal 6% al 17% tra i giovani in soli dieci anni -, e dall’altro un ricorso più strutturato, rispetto al passato, alla medicina della riproduzione per superare gli ostacoli, vuoi biologici o sociali.
Non siamo un’eccezione
La Svizzera non fa eccezione all’interno del quadro internazionale, segue piuttosto tendenze generali. Tra il 2015 e il 2023, il numero assoluto di nati vivi in Svizzera è sceso da 86.559 a 80.024 unità. Proporzioni che ritroviamo, simili, in quasi tutti i Paesi europei, che effettivamente registrano una diminuzione sia del tasso di natalità sia del tasso di fecondità, il tutto mentre l’età delle donne al primo parto e l’età media al parto sono in aumento. In Svizzera, attualmente (nel 2024), il tasso di fecondità è di circa 1,3 figli per donna, mentre la soglia di sostituzione generazionale (il parametro di riferimento per la sostituzione numerica a lungo termine di una popolazione) è fissata a quota 2,1 figli per donna. La conseguenza di queste tendenze? Un progressivo invecchiamento demografico, con ulteriori conseguenze negative a catena, come per esempio sui costi della salute o sul finanziamento dell’AVS. Detto delle conseguenze, lo studio si sofferma anche sulle cause. Nell’indagine effettuata, è stato chiesto ai partecipanti di valutare le ragioni che contribuiscono al calo della natalità in Svizzera. E la ragione più citata è stata la ricerca di realizzazione professionale e personale (77%), seguita dagli ostacoli finanziari (62%) e dal cambiamento di atteggiamenti e valori (49%). Insomma, un mix tra scelte individuali e fattori sociali ed economici. Di sicuro, come già accennato, nelle società moderne la non genitorialità scelta consapevolmente sta acquisendo sempre maggiore importanza. E qui i fattori evidenziati anche dallo studio sono svariati, passano dalla “banale” mancanza del desiderio di avere figli (45%) alla sensazione di una limitazione delle libertà personali (43%), dal desiderio di godersi consapevolmente la vita senza figli (43%) all’età considerata da qualcuno ormai avanzata (31%).
Il tema dell’infertilità
Mentre cresce la tendenza volontaria a non avere figli, resta comunque presente il ruolo dell’infertilità. Come ricorda lo studio stesso di IBSA Foundation e dell’Università di Zurigo, l’Organizzazione mondiale della sanità definisce l’infertilità come «il mancato raggiungimento di una gravidanza da parte di una coppia eterosessuale dopo almeno 12 mesi di rapporti sessuali regolari e non protetti». Circa il 20% di chi ha risposto all’indagine effettuata ha riferito di aver vissuto periodi di infertilità. E quanto più a lungo durano tali fasi, «tanto maggiore è il carico psicologico riportato dalle persone coinvolte». Rispetto alla quota di persone che riferisce periodi di infertilità, solo una piccola parte degli intervistati afferma di aver fatto ricorso personalmente alla medicina della riproduzione. Le procedure più utilizzate sono la terapia ormonale, l’inseminazione e la fecondazione in vitro. Silvia Misiti, direttrice di IBSA Foundation per la ricerca scientifica, oggi nel corso della presentazione dello studio ha definito il tema dell’infertilità come uno dei «più sottovalutati del nostro tempo». Ha poi specificato: «I dati mostrano chiaramente, per la prima volta, quanto sia ampio il divario tra il numero delle persone coinvolte e la limitata consapevolezza pubblica di questo fenomeno, ancora oggi influenzato da miti e stigmatizzazioni». Ha aggiunto: «La nostra responsabilità è ora quella di promuovere un’informazione fondata sull’empatia e sulla conoscenza». Insomma, è un tema che va conosciuto, va portato a galla, al di là proprio di miti e stigmatizzazioni. Interessante, in questo ambito, una annotazione riportata nel rapporto dai ricercatori: «I tassi di natalità, l’infertilità e la medicina della riproduzione sono sempre inseriti in contesti sociali più ampi, che a loro volta sono soggetti a continui processi di cambiamento sociale. I cambiamenti sociali più rilevanti si osservano nella diffusione della genitorialità single e dei figli nati fuori dal matrimonio, entrambi aumentati significativamente nel tempo». Cresce, al contempo, il livello di apertura della popolazione verso nuove forme di relazione e di famiglia, sia nei confronti di genitori single sia di genitori dello stesso sesso. Tale apertura è la stessa che si ritrova, nello studio, rispetto al ricorso ai servizi di medicina della riproduzione. «Nel loro insieme, tali atteggiamenti forniscono una base favorevole per l’ulteriore sviluppo di politiche familiari e sanitarie in Svizzera attentamente progettate e capaci di rispondere alle diverse esigenze dei vari gruppi di popolazione interessati dai molteplici processi di cambiamento trattati in questo rapporto».
«Non sembra che la politica abbia soluzioni davvero efficaci»
Nostra intervista al professor Jörg Rössel, oggi presente a Zurigo per la presentazione dello studio, di cui è uno dei responsabili. Insegna sociologia presso l'Università di Zurigo.
Insomma, la genitorialità è ormai una scelta deliberata, non più un traguardo scontato. Questo cambiamento culturale ha un costo demografico inevitabile.
«Probabilmente sì. La norma sociale di avere figli è oggi molto meno diffusa, quindi le persone possono decidere di avere o meno figli in base alle proprie priorità e preferenze individuali. Ciò aumenta la probabilità di un aumento della percentuale di persone senza figli». 
La quota di giovani che sceglie di non avere figli, in effetti, è passata dal 6% al 17% in dieci anni. Cosa ha innescato un’accelerazione così rapida?
«In realtà, la risposta si trova nella risposta precedente. La norma sociale di avere figli non è più così forte, avere figli è diventata una questione di scelta individuale. Pertanto, le persone possono anche scegliere di non avere figli». 
Il costo della vita in Svizzera è tra i più alti d’Europa: è davvero il principale freno alla natalità, o è un alibi che ne nasconde altri?
«Concentrarsi sul costo della vita mi sembrerebbe un po’ riduttivo. In realtà, la Svizzera è uno dei Paesi più ricchi del mondo. Quindi, se una condizione preliminare per avere figli fosse disporre di risorse economiche, gli svizzeri dovrebbero avere molti figli. Ciò che effettivamente emerge dalla ricerca è una relazione inversa tra il livello di ricchezza di un Paese e il suo tasso di fertilità». 
L’età media al primo figlio ha raggiunto i 31,3 anni, tra le più alte del continente. Questo rinvio è ancora reversibile o è un dato ormai strutturale?
«La domanda parte dal presupposto che la politica possa influenzare i comportamenti in materia di fertilità e i tassi di natalità. Si tratta di un’ipotesi discutibile, poiché la politica familiare ha sì un certo effetto sui comportamenti demografici, ma tale effetto è limitato». 
Se la tendenza prosegue, quali saranno le conseguenze?
«Dato l’attuale livello di fertilità, mortalità e migrazione, la popolazione residente in Svizzera continuerà ad aumentare, come è avvenuto in passato. L’influenza principale è la migrazione; se questa dovesse diminuire in futuro, come previsto da alcuni ricercatori, l’aumento della popolazione rallenterà».
La denatalità è un problema da risolvere o una realtà da gestire? E questo cambia l’approccio che dovrebbe avere la politica?
«Siamo sociologi e non politici. Il calo della natalità e il probabile calo demografico futuro sono realtà che dobbiamo affrontare e discutere. Osservando i tentativi a livello mondiale di invertire il calo della natalità, non sembra che la politica abbia una soluzione efficace»."
20260609180000,Panorama It,https://www.panorama.it/attualita/esteri/la-svizzera-al-voto-per-mettere-un-limite-alla-sua-popolazione,,,,,,srclc:ita,"In questo fine settimana la Svizzera andrà al voto per decidere se porre un limite legale alla sua popolazione. “No a una Svizzera da 10 milioni”, si chiama così l’iniziativa referendaria a cui i cittadini elvetici saranno chiamati a rispondere.
Presentata come “iniziativa per la sostenibilità”, il quesito referendario punta a contrastare la crescente carenza di alloggi, il rincaro degli affitti, il traffico, e la percepita sovrappopolazione turistica. In altre parole, si tratta di una misura che vuole limitare l’afflusso di immigrati all’interno della Confederazione.
Il referendum
L’iniziativa è promossa dall’UDC, l’Unione Democratica di Centro, che, a dispetto del nome, è il partito di destra con il maggior numero di seggi in parlamento, il quale è riuscita a raccogliere firme sufficienti per portare la questione alle urne domenica 14 giugno.
La proposta, qualora approvata, sancirebbe per legge che la popolazione residente permanente della Svizzera, contando sia i cittadini elvetici che gli stranieri con permesso di soggiorno, non possa superare i 10 milioni entro il 2050.
Il meccanismo proposto è graduato, perché prevede che qualora la popolazione superasse la soglia dei 9,5 milioni, il governo sarebbe tenuto ad adottare misure restrittive, tra cui un inasprimento delle regole in materia di asilo, ricongiungimento familiare ed emissione di permessi di soggiorno.
Se invece venisse raggiunto il tetto dei 10 milioni, le misure si farebbero più draconiane, con il governo che sarebbe costretto a rescindere l’accordo sulla libera circolazione delle persone con l’Unione Europea.
Non si deve dimenticare che la Svizzera, pur non essendo membro dell’UE, è integrata con essa attraverso numerosi accordi bilaterali, che le garantiscono l’accesso al mercato unico. Anche e soprattutto per questo, il governo federale e il Parlamento si sono espressi contro l’iniziativa.
I motivi dietro l’iniziativa
Dalla liberalizzazione della libera circolazione delle persone, avvenuta nel 2002, la popolazione svizzera è cresciuta di circa 1,7 milioni di abitanti, un fenomeno dovuto in larga parte all’immigrazione, a sua volta strettamente correlata all’andamento del mercato del lavoro.
L’UDC ha da anni fatto delle istanze dei nativi svizzeri il suo cavallo di battaglia. Il partito ha infatti denunciato quella che definisce un’immigrazione incontrollata, sostenendo che “il nostro piccolo Paese è saturo”.
Secondo l’UDC, la natura viene cementificata, le strade sono sempre più intasate, i trasporti pubblici sovraccarichi, le scuole al limite, gli affitti in costante ascesa, la criminalità in aumento e i costi per i contribuenti in forte espansione.
Non a caso, secondo i sondaggi, l’argomento più persuasivo tra i sostenitori dell’iniziativa è proprio quello relativo al sovraccarico delle infrastrutture svizzere, seguito dall’esigenza di limitare la crescita per proteggere le risorse naturali.
I detrattori, al contrario, sottolineano che aziende private e istituzioni pubbliche come ospedali e case di cura dipendono regolarmente dal reclutamento di lavoratori qualificati provenienti dall’UE, rendendo un tetto demografico potenzialmente dannoso.
I sondaggi
Il dibattito interno è stato molto acceso, e il risultato rimane ancora in bilico. Un sondaggio di fine aprile su oltre 16.000 intervistati mostrava il 52% favorevole all’iniziativa e il 46% contrario, un’inversione rispetto a marzo, quando i contrari erano in leggero vantaggio.
Un rilevamento successivo di GfS Bern per la radiotelevisione pubblica SRG, condotto tra il 20 aprile e il 3 maggio su quasi 20.000 partecipanti, fotografava invece una situazione di perfetta parità: 47% favorevoli e 47% contrari.
L’ultimo sondaggio disponibile, tuttavia, pubblicato il 3 giugno, ha segnato un’inversione di tendenza, con circa il 52% dei 19.400 intervistati che si è detto contrario alla proposta, e solo il 45% a favore.
Si arriva dunque al voto con una certa incertezza, con la Svizzera che potrebbe diventare il primo Paese nella storia a imporre un limite alla sua stessa popolazione."
20260609171000,Brindisireport,https://www.brindisireport.it/attualita/villa-castelli-solidale-inclusiva-punto-situazione-politiche-attive-lavoro-welfare.html,,,,,,srclc:ita,"""Villa Castelli solidale e inclusiva"": il punto della situazione su politiche attive del lavoro e welfare
Giovedì 11 giugno si svolgerà una conferenza alla presenza del sindaco Giovanni Barletta, del coordinatore del progetto Fulvio Iurlaro e dei rappresentanti istituzionali e dell'intera rete dei partner coinvolti
VILLA CASTELLI - Il progetto ""Villa Castelli solidale e inclusiva"", inserito nel programma Punti Cardinali for Work, traccia un primo, importante bilancio. Giovedì 11 giugno, alle ore 18, nella biblioteca comunale di Villa Castelli, in via della Pace 1, si svolgerà una conferenza alla presenza del sindaco Giovanni Barletta, del coordinatore del progetto Fulvio Iurlaro e dei rappresentanti istituzionali e dell'intera rete dei partner coinvolti. Sarà un momento di confronto fondamentale per fare il punto su un intervento incentrato sulle politiche attive del lavoro e sul welfare.
Capofila del progetto è il Comune di Villa Castelli che opera in stretta sinergia con un partenariato d’eccellenza che unisce Arpal Puglia (Centro per l'impiego di Francavilla Fontana); Cna Brindisi-Taranto; Programma Sviluppo; Formare Puglia; ItsAcademy Mobilità; Pro Loco Villa Castelli Ape e Prociv Arci-Villa Castelli. 
L'obiettivo è dare risposte concrete sui temi dell'accesso al lavoro e della formazione, a un contesto territoriale complesso. Villa Castelli, realtà a prevalente vocazione agricola e rurale, risente, infatti, di dinamiche demografiche ed economiche cruciali che evidenziano un costante calo demografico, bassi tassi di natalità e una progressiva migrazione giovanile verso aree economicamente più attrattive. Questo scenario alimenta un forte squilibrio socio-economico e un elevato tasso di criticità occupazionale che colpisce con particolare durezza le donne e le fasce giovanili.
Il tessuto locale, storicamente imperniato su microimprese agricole e artigianali, mostra spesso una ridotta propensione all’innovazione e una fatica strutturale nell'assorbire profili qualificati, generando un profondo mismatch tra domanda e offerta di lavoro. Una distanza acuitasi nel tempo sia per la carenza di competenze specifiche nei settori emergenti, sia per la storica debolezza dei canali di integrazione tra i mondi della formazione e dell'impiego, dove le opportunità di apprendistato, alternanza e tirocinio sono rimaste a lungo limitate.
""Villa Castelli solidale e inclusiva"" ha scelto di non limitarsi a erogare servizi spot, ma di costruire una vera e propria ""comunità orientativa educante"". Si tratta di un modello fondato sulla corresponsabilità attiva tra istituzioni, scuole, imprese e agenzie, capace di accorciare le distanze e trasformare l'orientamento in un processo continuo, inclusivo e strutturato. L'intervento agisce in perfetta coerenza con le linee del Fondo Sociale europeo Plus (Fse+), promuovendo le pari opportunità e l'innovazione sociale, con un'attenzione particolare per le categorie tradizionalmente più lontane dal mercato del lavoro, come i giovani Neet, le donne inattive, i disoccupati di lunga durata, i migranti e i caregiver. Attraverso un approccio personalizzato, calibrato sui bisogni educativi, culturali e di conciliazione dei tempi di vita e di lavoro, il progetto punta all'empowerment individuale per generare un impatto sociale duraturo e misurabile.
La proposta progettuale è il frutto di un lungo percorso di ascolto avviato già in fase preliminare attraverso tavoli tecnici e sessioni di co-progettazione con le associazioni e le organizzazioni datoriali aderenti. Questo confronto ha permesso di mappare i fabbisogni del territorio e di indirizzare le energie verso i segmenti a più alto potenziale di sviluppo, quali la transizione ecologica, il turismo sostenibile, i servizi alla persona e il rilancio dell'artigianato in chiave innovativa.
Le azioni concrete messe in campo, e che proseguiranno per i prossimi dodici mesi, si articolano in cinque pilastri fondamentali. Si parte dagli Orientation Lab, laboratori di tipo didattico, esperienziale e narrativo concepiti per stimolare scelte professionali e formative consapevoli, approfondendo anche i temi della cittadinanza digitale e degli incentivi occupazionali. Trovano poi spazio i Job Day, a stretto contatto con gli stakeholder locali per fare il punto sui trend del mercato e creare occasioni dirette di recruiting e autoimpiego con le imprese del territorio. Il supporto costante è invece garantito dagli Orientation Desk, sportelli di orientamento personalizzato per valorizzare le attitudini dei singoli cittadini nei momenti di transizione professionale.
A queste attività si affiancano i percorsi di animazione territoriale di Puglia Donna Partecipa, espressamente dedicati all’empowerment femminile e al contrasto dei divari di genere, e l’iniziativa Puglia Attrattiva #mareAsinistra, che prevede la partecipazione a manifestazioni e fiere di settore fuori dal Comune per promuovere l'offerta formativa e il potenziale occupazionale locale su scala più ampia.
Rimani aggiornato sulle notizie dalla tua provincia iscrivendoti al nostro canale whatsapp: clicca qui
Seguici gratuitamente anche sul canale Facebook: https://m.me/j/Abampv2kioahdYYR/
BrindisiReport è anche su Mobile! Scarica l’App per rimanere sempre aggiornato."
20260609170136,Varese News,https://www.varesenews.it/2026/06/la-voce-delle-imprese-e-del-sociale-insieme-creiamo-lavoro-e-valore/2602363/,,,,,,srclc:ita,"La voce delle imprese e del sociale: «Insieme creiamo lavoro e valore»
Da Confindustria alle cooperative sociali, passando per Artigiani e Confapi, il confronto evidenzia la necessità di rafforzare le alleanze per affrontare la carenza di manodopera e favorire l’inclusione
L’economia sociale non è un settore separato dall’economia tradizionale, ma una delle chiavi per lo sviluppo futuro dei territori. È il messaggio lanciato da Mauro Frangi, presidente di Confcooperative Insubria, durante il convegno sull’economia sociale dedicato al dialogo tra profit e non profit per l’inserimento lavorativo delle persone con disabilità.
Secondo Frangi, il modello di sviluppo dei prossimi anni sarà sempre più caratterizzato dall’integrazione tra dimensione economica e dimensione sociale, superando una contrapposizione che oggi non ha più ragione di esistere. Le cooperative sociali non rappresentano soltanto soggetti che erogano servizi, ma veri attori economici capaci di generare occupazione, coesione e innovazione.
UNA RISPOSTA AL FABBISOGNO DI MANODOPERA
Michela Conterno, imprenditrice e vicepresidente di Confindustria Varese con delega alle tematiche ESG e capitale umano, ha richiamato la necessità di rafforzare la conoscenza degli strumenti normativi e delle opportunità offerte dalla collaborazione con il terzo settore. Per le imprese, ha spiegato, è fondamentale realizzare inserimenti lavorativi efficaci, capaci di coniugare sostenibilità economica e sostenibilità sociale. In un contesto caratterizzato dalla scarsità di manodopera e dall’inverno demografico, l’inclusione non rappresenta soltanto un dovere etico, ma una concreta risposta ai bisogni produttivi delle aziende. Confindustria Varese, ha ricordato, è impegnata da anni in progetti che favoriscono l’inclusione di persone con disabilità, donne vittime di violenza, rifugiati e detenuti, nella convinzione che la diversità rappresenti un fattore di innovazione e crescita per le organizzazioni.
LA FORZA EMPATICA DELLE PMI
Il ruolo delle piccole e medie imprese è stato al centro dell’intervento di Sara Bartolini di Confartigianato Imprese Varese. Nelle aziende di dimensioni ridotte, ha spiegato, l’inclusione nasce spesso da una scelta spontanea e da una forte sensibilità sociale. L’imprenditore lavora quotidianamente accanto ai propri collaboratori e accompagna direttamente la crescita professionale delle persone inserite. Per questo le PMI possono diventare protagoniste di percorsi innovativi, trasferendo competenze alle cooperative sociali e contribuendo alla formazione di lavoratori che un domani potrebbero essere assunti stabilmente. La vera sfida, secondo Bartolini, è costruire una rete capace di mettere in relazione imprese, associazioni di categoria e mondo della cooperazione.
SUPERARE GLI STECCATI
Per Luciana Redaelli imprenditrice di Confapi Varese è la relazione il punto di partenza di ogni progetto inclusivo. Le piccole imprese, ha osservato, vivono il rapporto con i lavoratori in maniera diretta e personale e possono rappresentare un contesto particolarmente favorevole per l’accoglienza delle fragilità. Per questo è necessario rafforzare il dialogo con cooperative e istituzioni, valorizzando strumenti come le convenzioni dell’articolo 14 che consentono di costruire percorsi di inserimento accompagnati e sostenibili anche per le realtà produttive più piccole. Redaelli ha ribadito l’importanza di superare gli steccati di appartenenza per favorire una sana collaborazione tra associazioni di categoria in nome di un bene comune.
BISOGNO DI CONFRONTO
Dal mondo della cooperazione sociale è arrivata la testimonianza di Laura Telloni della cooperativa Ozanam. Tra le principali criticità emerse vi sono la difficoltà di reperire profili adeguati alle richieste delle imprese e la necessità di creare occasioni sempre più frequenti di confronto tra profit e non profit. Per Telloni il futuro passa attraverso una collaborazione strutturata e continuativa, nella quale le due realtà possano operare come parti complementari di uno stesso sistema territoriale. L’esperienza concreta di questa alleanza è stata raccontata da Maria Paola Toniolo di Bticino. L’azienda varesina è stata tra le prime a investire nell’inserimento di persone con disabilità intellettiva, creando nel tempo percorsi formativi e professionali che hanno consentito a molti lavoratori di trovare una collocazione stabile. Oggi la sfida consiste nel mantenere questi percorsi in un contesto produttivo sempre più tecnologico e complesso, accompagnando i lavoratori nei cambiamenti e formando allo stesso tempo colleghi e responsabili affinché sappiano gestire correttamente le diverse forme di disabilità.
SENTIRSI PARTE DI UNA SQUADRA
A portare la voce della cooperativa sociale Alfa è stata la presidente Radmyla Sydorkina, che ha ricordato come il lavoro rappresenti prima di tutto un’opportunità di autonomia, crescita personale e inclusione. La collaborazione con Lu-Ve Group, iniziata vent’anni fa, coinvolge oggi decine di lavoratori impegnati nelle attività di pulizia e manutenzione all’interno dell’azienda, in un percorso che consente loro di sentirsi parte integrante di una squadra e di una comunità. Un ruolo fondamentale è svolto anche dal supporto psicologico garantito da Claudia Stasi, che segue i lavoratori della cooperativa Alfa attraverso colloqui individuali e una presenza costante nei luoghi di lavoro. Ascolto, vicinanza e accompagnamento rappresentano strumenti essenziali per affrontare le difficoltà quotidiane e favorire una piena integrazione professionale.
NON È ASSISTENZIALISMO MA FORNITURA
A chiudere il quadro è stata la testimonianza di Fabio Liberali di Lu-Ve Group Multinazionale di Uboldo specializzata nella produzione di scambiatori di calore. Il rapporto tra azienda e cooperativa sociale, ha sottolineato, non è assistenzialismo ma una vera collaborazione professionale. Alfa è un fornitore di servizi a tutti gli effetti e il valore dell’inclusione si misura nella qualità del lavoro svolto e nella capacità di offrire opportunità concrete a persone che spesso partono da condizioni di forte fragilità. Un’esperienza che dimostra come competitività economica e responsabilità sociale possano procedere insieme, generando benefici per le imprese, per i lavoratori e per l’intero territorio.
L’economia sociale e la forza delle alleanze: così cresce la democrazia economica
Economia sociale, Varese tiene e cresce: più valore, più servizi, meno sedi legali
TAG ARTICOLO
Accedi o registrati per commentare questo articolo.
L'email è richiesta ma non verrà mostrata ai visitatori. Il contenuto di questo commento esprime il pensiero dell'autore e non rappresenta la linea editoriale di VareseNews.it, che rimane autonoma e indipendente. I messaggi inclusi nei commenti non sono testi giornalistici, ma post inviati dai singoli lettori che possono essere automaticamente pubblicati senza filtro preventivo. I commenti che includano uno o più link a siti esterni verranno rimossi in automatico dal sistema.
La community di VareseNews
Loro ne fanno già parte
Ultimi commenti
- Tommaso Guidotti su Sulla ciclabile di viale Belforte serve fare chiarezza
- Fabio Rocchi su Sulla ciclabile di viale Belforte serve fare chiarezza
- principe.rosso su Ragazzini spaccano con un martelletto il vetro di un autobus di Autolinee Varesine, l'azienda: ""Siamo esasperati""
- robertolonate su Cade da un'impalcatura in un cantiere a Tradate, operaio soccorso dai vigili del fuoco
- SABY24 su I genitori di un bimbo sono sordi, a Cocquio Trevisago una classe impara la lingua dei segni per la recita di fine anno
- Felice su Rissa con bastoni e sassaiola alla stazione di Garbagnate: danneggiato anche un treno"
20260609163502,Euronews It,http://it.euronews.com/2026/06/09/tunisia-quando-la-violenza-diventa-normale-come-la-politica-alimenta-lodio-anti-migranti,,,,,,srclc:ita,"Un attivista per i diritti umani a Euronews: se in Tunisia si accetta la violazione della dignità dei migranti, si perde il diritto morale di denunciare le discriminazioni contro i tunisini all’estero. I diritti umani sono universali, non selettivi
Da anni il dossier dei migranti irregolari provenienti dai Paesi dell'Africa subsahariana cova sotto la cenere in Tunisia**,** con un dibattito che si placa a fatica per poi tornare regolarmente in primo piano. Tra gli appelli all'espulsione e gli allarmi su un possibile cambiamento della composizione demografica del Paese, questo dossier è rimasto una delle questioni più divisive all'interno della società tunisina.
La campagna contro i migranti ha raggiunto il suo apice negli ultimi mesi, con l'escalation di discorsi d'odio sulle piattaforme social e la comparsa di inviti espliciti a esercitare violenza contro di loro. Anche se simili posizioni e dichiarazioni non sono nuove, la loro frequenza è aumentata e si è aggravata di recente, con la circolazione di post che parlano di aggressioni, trascinamenti per strada e sfratti, suscitando a loro volta reazioni indignate e dure critiche da parte di attivisti per i diritti umani.
Le radici del dibattito attuale risalgono alle dichiarazioni rilasciate dal presidente tunisino Kaïs Saïed nel febbraio 2023, quando ha parlato dell'arrivo di quelle che definì ""orde di migranti irregolari provenienti dall'Africa subsahariana"", ritenendo che ciò avesse portato a un aumento di ""violenza, reati e pratiche inaccettabili"". Saïed aveva sostenuto inoltre che la situazione facesse parte di ""un piano criminoso volto a cambiare la composizione demografica"" e a trasformare la Tunisia in ""un Paese esclusivamente africano, senza alcun legame con le nazioni araba e islamica"", secondo le sue parole.
Successivamente, il presidente Saïed ha affermato che le sue dichiarazioni erano state oggetto di ""un'interpretazione errata"" mirata a danneggiare l'immagine della Tunisia, insistendo sul fatto che la sua posizione riguardasse il dossier dell'immigrazione irregolare e non le persone migranti in quanto tali, per il loro colore della pelle o la loro nazionalità. Ciò è avvenuto sullo sfondo di una ondata di critiche internazionali e da parte di organizzazioni per i diritti umani, che all'epoca avevano giudicato quelle parole ""a carattere razzista"".
Da allora le campagne ostili a questa fascia particolarmente vulnerabile non si sono fermate. Esponenti politici, parlamentari e attivisti vicini al potere o suoi sostenitori continuano a pubblicare post e a prendere posizione sul dossier dell'immigrazione irregolare, collegandolo a timori demografici, di sicurezza ed economici.
Negli ultimi giorni, nuovi episodi di violenza che hanno suscitato un ampio dibattito hanno riportato l'attenzione sulla situazione dei migranti africani. Sui social è circolato un video che documenta l'aggressione da parte di un gruppo di giovani a una donna migrante incinta: hanno cercato di abusare sessualmente di lei davanti al marito, picchiato a sua volta, per poi filmare la scena e pubblicarla online. In alcune foto diffuse sui social si vedono chiaramente i segni delle ferite sul volto della vittima, mentre il video contiene insulti e parole volgari, suscitando una vasta ondata di indignazione tra attivisti e organizzazioni per i diritti umani.
Poco prima di questo episodio, era stato diffuso un altro video che mostra una donna tunisina nell'atto di cacciare da casa una migrante che teneva in braccio un bambino piccolo. La scena ha rilanciato il dibattito sulla crescita di atteggiamenti ostili e discriminatori verso i migranti nel Paese, in un contesto di appelli sempre più pressanti a tutelare i loro diritti e contrastare i discorsi d'odio e la violenza.
Una ""crisi morale"" che minaccia la società
Il tentato stupro e l'aggressione alla migrante hanno scatenato in Tunisia un'ondata di shock e di rabbia. Ma la gravità dell'episodio, come sottolinea Nidhal Khadhraoui, esperto di comunicazione politica e di diritti umani, in dichiarazioni a Euronews, non risiede tanto nel fatto in sé quanto nel contesto che ne ha permesso il verificarsi e la gestione.
La diffusione capillare del video e i commenti che l'hanno accompagnata, alcuni dei quali giustificavano, minimizzavano o addirittura deridevano quanto accaduto, mostrano, secondo Khadhraoui, che non siamo di fronte a un semplice ""atto criminale isolato"", ma a interrogativi più profondi sul clima sociale e politico che rende la dignità e i diritti del migrante africano un tema su cui si può chiudere un occhio o che si può calpestare.
A suo avviso, una società entra in ""una fase pericolosa"" quando la violenza contro un determinato gruppo diventa qualcosa che si può giustificare o tollerare. In quel momento, la violenza diventa il riflesso di un intero sistema di ""istigazione e disumanizzazione"".
Secondo l'analista, i contorni di questo clima hanno iniziato a emergere con maggior chiarezza dopo le dichiarazioni della presidenza tunisina sulla migrazione irregolare, che hanno spostato il dibattito da un approccio politico e amministrativo al tema a una narrazione incentrata sulla paura del ""cambiamento demografico"" e della ""minaccia all'identità nazionale"". Invece di affrontare il fenomeno come una questione complessa, con dimensioni economiche, sociali, umanitarie, giuridiche e di sicurezza, la presenza dei migranti nel Paese è stata presentata come un ""pericolo esistenziale per la società"".
Khadhraoui inserisce questa lettura nel quadro di quella che in Europa è conosciuta come teoria della ""grande sostituzione"", una tesi promossa da movimenti di estrema destra, secondo cui le popolazioni autoctone sarebbero oggetto di un cambiamento demografico sistematico a causa dell'immigrazione e dei più elevati tassi di natalità tra i migranti.
La pericolosità di questa teoria, spiega l'esperto, sta nella sua capacità di creare ""un nemico immaginario"". Il migrante non viene più visto come una persona in fuga dalla guerra, dalla povertà o dalla persecuzione, ma come uno strumento di una ""cospirazione"" volta a trasformare la struttura demografica delle società. Così, nella fantasia collettiva, la migrazione si trasforma in ""invasione"", ""occupazione"" o ""sostituzione"", aprendo la strada alla giustificazione della violenza come forma di autodifesa, individuale o del gruppo.
A suo dire, questa logica è stata importata nel contesto tunisino in una versione locale, attraverso la ripetizione di formule simili a quelle usate dall'estrema destra europea: si parla di cambiamento della composizione della popolazione, si associano i migranti alla criminalità, si presentano le associazioni umanitarie come ""soggetti sospetti"" e si trasforma la solidarietà con i migranti in un ""motivo di accusa"". In questo modo, il discorso ufficiale costruisce una cornice mentale che fa sentire a una parte della società che la violenza contro i migranti è ""comprensibile, giustificata o quantomeno non particolarmente scandalosa"".
Il prezzo delle politiche europee: migranti bloccati in Tunisia
Secondo Khadhraoui, questa evoluzione coincide con i cambiamenti intervenuti nei rapporti tra Tunisia e Unione europea dopo la firma del memorandum d'intesa sulla migrazione nel luglio 2023.
Da allora, il piccolo Paese nordafricano si è trovato in una posizione ""complessa"": Paese di transito, luogo di fatto di trattenimento dei migranti e linea di difesa avanzata delle frontiere degli Stati dell'Europa meridionale. Nonostante la retorica ufficiale contraria a trasformare la Tunisia nel ""gendarme di frontiera"" del Vecchio Continente, i dati politici, finanziari e di sicurezza indicano, secondo Khadhraoui, che Bruxelles, insieme all'Italia e ad alcuni governi europei alle prese con una forte ascesa delle destre estreme, ha trovato nelle autorità tunisine un partner in grado di contenere i flussi migratori verso le coste europee.
In questo quadro, la crisi dei migranti in Tunisia non può essere compresa separatamente dalla politica europea che punta a esternalizzare la gestione delle frontiere e le funzioni di deterrenza e trattenimento verso i Paesi del Sud. Di conseguenza, il Paese si è trasformato in uno spazio sospeso tra due realtà: non è un luogo di reale insediamento per i migranti, ma non è neppure un corridoio sicuro verso l'Europa. È piuttosto una ""zona di attesa in cui vulnerabilità, abusi e discriminazioni si aggravano"", afferma Khadhraoui.
Come ""autoritarismo e razzismo"" alimentano i circoli della violenza?
Khadhraoui avverte che questa dinamica si intreccia con il deterioramento del clima delle libertà in Tunisia, dove, a suo dire, si registrano ""persecuzioni contro oppositori, difensori dei diritti, giornalisti, sindacalisti e attivisti"". In una simile situazione, il migrante diventa ""l'anello più debole e più esposto alle violazioni"".
A suo giudizio, ""una società che si abitua a tacere davanti alle restrizioni delle libertà, alla repressione degli oppositori e all'indebolimento delle garanzie giudiziarie, diventa più incline a ignorare le violazioni che colpiscono i migranti"". L'analista ritiene che l'autoritarismo non prenda di mira un solo gruppo, ma ""crei un ambiente fondato sulla paura, sull'obbedienza e sulla ricerca costante di un avversario a cui attribuire la responsabilità delle crisi"".
Khadhraoui sottolinea inoltre che i discorsi di alcuni parlamentari e commentatori hanno contribuito ad alimentare l'ostilità verso i migranti africani. Alcuni deputati, racconta, hanno descritto la loro presenza come una ""catastrofe"" o una minaccia globale per il Paese, e in certi casi si sono espressi sulle donne migranti con termini giudicati ""umilianti"".
Per l'esperto, il passaggio dell'odio dai social alle istituzioni conferisce alla violenza una pericolosa legittimità simbolica. Chi compie un atto violento non ha sempre bisogno di un incitamento diretto: basta essere esposti di continuo a un discorso che presenta il migrante come una minaccia, una cospirazione o una fonte di pericolo perché la propria bussola morale si rimodelli di conseguenza. A quel punto, la vittima non è più percepita come tale, ma come ""nemico"", e la compassione non è più un valore umano, ma un comportamento visto come ""complicità o tradimento"".
Khadhraoui richiama poi una contraddizione evidente: gli stessi tunisini conoscono bene cosa significhi emigrare e affrontare le difficoltà che ne derivano. Decine di migliaia di loro vivono, lavorano o studiano all'estero, e alcuni subiscono a loro volta varie forme di razzismo, discriminazione e stereotipi negativi.
Khadhraoui insiste sul fatto che attribuire ai migranti la responsabilità delle crisi economiche e sociali li trasforma in ""capro espiatorio"" su cui incanalare la rabbia popolare. Il migrante non decide le politiche economiche, non gestisce le istituzioni dello Stato e non controlla le grandi scelte, eppure diventa facilmente il bersaglio di accuse e demonizzazioni.
La vera pericolosità, avverte, è che la violenza non resta confinata al gruppo preso di mira. Una società che si abitua a umiliare un gruppo debole impara gradualmente ad accettare la violenza come strumento per gestire i conflitti. Oggi la vittima può essere un migrante africano; domani può esserlo chiunque abbia un'opinione diversa, un altro colore della pelle o una diversa provenienza regionale o sociale.
Aggiunge che il raggio degli attacchi si è esteso anche a chiunque difenda i migranti o chieda la loro protezione. Un tunisino che denuncia il razzismo o definisce lo stupro un crimine a prescindere dall'identità della vittima può a sua volta essere accusato di tradimento, insultato o minacciato. Ciò dimostra, secondo lui, che la crisi è passata da un disaccordo sul dossier migratorio a un conflitto più profondo sul concetto stesso di umanità.
In questo contesto, Khadhraoui invita lo Stato tunisino a comprendere che sovranità non significa trasformare il Paese in uno spazio di violenza contro i gruppi più deboli, né in una ""zona di detenzione per conto dell'Europa"". La vera sovranità, a suo avviso, consiste nel rispetto della legge, nella tutela della dignità umana e nel rifiuto di trasformare la Tunisia in una prigione a cielo aperto per i migranti o in un terreno di scarico delle paure europee legate alla migrazione.
Khadhraoui conclude che il pericolo più grande che la società tunisina affronta oggi è ""abituarsi alle scene di umiliazione, aggressione e violenza razzista senza una reazione morale collettiva"". Quando ""una società perde la capacità di restare scioccata di fronte alla brutalità, comincia progressivamente a erodere le proprie fondamenta etiche dall'interno"". La violenza che oggi colpisce i migranti, ""domani può riversarsi sull'intera società, sulle sue istituzioni, sulle sue relazioni, sul suo linguaggio, sui suoi comportamenti quotidiani e sulla sua capacità di convivenza""."
20260609161050,Corriere Dell'umbria,https://www.corrieredellumbria.it/news/attualita/452873/todi-ora-parola-ai-cittadini-servono-piu-lavoro-e-servizi.html,,,,,,srclc:ita,"Attualità
Grande partecipazione al primo incontro pubblico promosso da Todi Ora, il nuovo spazio di confronto fisico e virtuale nato con l'obiettivo di aprire un confronto serio e concreto sui temi che riguardano il futuro della città e favorire la partecipazione dei cittadini in vista delle elezioni amministrative del 2027.
Al centro della mattinata la presentazione dei risultati del questionario sulla qualità della vita e sui servizi a Todi, al quale hanno risposto quasi 500 cittadini.
I dati - illustrati da Andrea Vannini - restituiscono il quadro di una città che chiede un deciso cambio di passo. Lavoro, giovani, calo demografico, servizi, sostegno alle famiglie, sanità, manutenzione delle strade e delle frazioni, accessibilità del centro storico sono i temi che emergono con maggiore forza.
“Particolarmente significativo - sottolineano i promotori dell'iniziativa - il giudizio sull'attuale amministrazione comunale: oltre tre cittadini su quattro esprimono una valutazione insufficiente. Un dato che evidenzia una diffusa insoddisfazione rispetto alla capacità di affrontare le questioni considerate prioritarie dalla cittadinanza e che conferma la richiesta di una visione nuova per il futuro della città”.
Dall'indagine emerge inoltre una riflessione importante: Todi continua ad essere apprezzata per la sua bellezza e per la sua capacità di attrarre visitatori, ma molti cittadini non vedono tradursi questi risultati in maggiori opportunità di lavoro, servizi e qualità della vita. In altre parole, non basta una città bella da visitare: serve una città nella quale sia possibile vivere, lavorare e costruire il proprio futuro.
A concludere l'iniziativa è stata l'assessora del Comune di Perugia Costanza Spera, che ha portato l'esperienza del capoluogo umbro sulle politiche sociali, il diritto all'abitare, il sostegno alle famiglie e l'inclusione. Un intervento particolarmente apprezzato perché ha mostrato come, anche a livello locale, sia possibile mettere in campo politiche concrete per contrastare le fragilità sociali, sostenere i giovani e rafforzare il legame tra istituzioni e cittadini.
Numerosi anche gli interventi dei singoli cittadini: Luca Rinaldi, Marco Battistini, Matteo Quartucci, Chiara Pepi, Michela Sordini, Daniela Luzzi, Marvin Asimwe, Luca Foschini, Emanuele Storti, Fabio Catterini, Massimo Tassoni, Eros Modolo. Presenti anche molti esponenti delle Associazioni.
L'obiettivo di Todi Ora è proprio questo: offrire uno spazio aperto di ascolto, confronto e proposta, capace di mettere al centro i problemi reali della città e le aspettative dei suoi cittadini. Il percorso avviato con questo primo incontro proseguirà nei prossimi mesi con nuove iniziative pubbliche, approfondimenti tematici e momenti di partecipazione fisica e virtuale.
*Iscrivendoti alla newsletter dichiari di aver letto e accettato le nostre Privacy Policy"
20260609151022,Corriere Dell'irpinia,https://corriereirpinia.it/lo-sviluppo-delle-aree-interne-territori-comunita-futuro-a-san-nicola-baronia-il-confronto-sulle-sfide-dellirpinia/,,,,,,srclc:ita,"Si terrà il prossimo 19 giugno alle ore 16.00, presso la Sala Consiliare del Comune di San Nicola Baronia, l’incontro dal titolo “Lo sviluppo delle aree interne: territori, comunità, futuro”, promosso nell’ambito delle iniziative della Manifattura delle Idee.
L’appuntamento rappresenta un’importante occasione di confronto sul presente e sulle prospettive delle aree interne, con particolare attenzione alle problematiche che interessano l’Irpinia e più in generale i piccoli comuni del Mezzogiorno. Spopolamento, servizi essenziali, infrastrutture, tutela ambientale e opportunità di sviluppo sostenibile saranno alcuni dei temi al centro del dibattito.
Ad aprire i lavori saranno i saluti del sindaco di San Nicola Baronia, Giuseppe Moriello.
Seguiranno gli interventi di Rosanna Repole, presidente della Comunità Montana “Città dell’Alta Irpinia”, di Giacomo Rosa, presidente di SVIMAR, e di Virgilio Caivano, presidente del Coordinamento Nazionale Piccoli Comuni Italiani, che offriranno una riflessione sulle strategie necessarie per rilanciare i territori interni e contrastarne il progressivo declino demografico ed economico.
Le conclusioni saranno affidate a Maurizio Petracca, consigliere regionale e capogruppo del Partito Democratico in Consiglio regionale della Campania, e a Claudia Pecoraro, assessore all’Ambiente della Regione Campania, chiamati a delineare il ruolo delle istituzioni regionali nelle politiche di sviluppo e valorizzazione delle aree marginali.
A coordinare l’incontro sarà Gerardo Capodilupo, dirigente del Partito Democratico di Avellino.
L’iniziativa si inserisce in una fase particolarmente delicata per le aree interne, chiamate a confrontarsi con fenomeni strutturali come l’invecchiamento della popolazione, l’emigrazione giovanile e la riduzione dei servizi pubblici. Al tempo stesso, questi territori possono rappresentare laboratori di innovazione, sostenibilità e qualità della vita, a patto che siano sostenuti da politiche mirate e investimenti adeguati.
L’obiettivo del confronto sarà proprio quello di individuare idee e percorsi concreti per trasformare le criticità in opportunità, mettendo al centro le comunità locali e il loro futuro."
20260609122833,Money.it,https://www.money.it/perche-canal-ha-deciso-di-quotarsi-sul-borsa-del-sud-africa,,,,,,srclc:ita,"Il gigante francese completa il takeover da 3 miliardi di dollari, si quota sul JSE e apre agli investitori una finestra privilegiata sul boom del pay-TV in Africa subsahariana.
La mattina del 3 giugno 2026 la Borsa di Johannesburg ha vissuto un momento storico. Le azioni di Canal+ SA hanno iniziato a negoziare sul listino principale del Johannesburg Stock Exchange (JSE), segnando il debutto del primo gruppo media francese nella storia della piazza sudafricana. Il titolo ha aperto a circa 58,50 rand, registrando un rialzo rispetto al prezzo di riferimento derivato dalle quotazioni londinesi, e ha confermato un interesse concreto da parte degli investitori locali.
Con una capitalizzazione di mercato intorno ai 2,5 miliardi di sterline (circa 3,4 miliardi di dollari), Canal+ non ha semplicemente aggiunto un altro ticker al tabellone: ha completato un’operazione di ampio respiro che ridefinisce il panorama dei media pay-TV in Africa e apre nuove prospettive per chi investe guardando al continente.
[...]Accedi ai contenuti riservati
Navighi con pubblicità ridotta
Ottieni sconti su prodotti e servizi
Disdici quando vuoi
Sei già iscritto? Clicca qui
© RIPRODUZIONE RISERVATA"
20260609105500,Money.it,https://www.money.it/warren-buffett-sottovaluta-il-comparto-sanita-ma-gli-investitori-non-dovrebbero-fare-lo-stesso-errore,,,,,,srclc:ita,"Buffett ignora il comparto sanitario ma ci sono 7 azioni nell’healthcare e nella diagnostica da comprare al volo.
Warren Buffett e Greg Abel stanno in gran parte ignorando un settore che gli investitori farebbero bene a non trascurare. Questo è il messaggio che emerge osservando con attenzione le scelte di investimento di Berkshire Hathaway, il colosso guidato per sei decenni dal leggendario investitore e ora passato nelle mani del suo successore designato.
Warren Buffett, come amministratore delegato di Berkshire Hathaway, ha consegnato per sessant’anni rendimenti superiori a quelli del mercato, basandosi su una strategia semplice ma efficace: investire in settori e aziende che conosceva profondamente, privilegiando quelle dotate di vantaggi competitivi duraturi. All’inizio del 2025 ha lasciato la carica di CEO a Greg Abel, che ha promesso di seguire fedelmente la strada tracciata dal maestro.
Lo stesso Buffett rimane presidente e si è detto disponibile a offrire supporto quando necessario. Eppure, guardando il portafoglio di Berkshire Hathaway aggiornato al primo trimestre 2026, del valore complessivo di circa 274 miliardi di dollari, emerge una vistosa assenza. [...]
Accedi ai contenuti riservati
Navighi con pubblicità ridotta
Ottieni sconti su prodotti e servizi
Disdici quando vuoi
Sei già iscritto? Clicca qui
© RIPRODUZIONE RISERVATA"
20260609101400,La Sicilia,https://www.lasicilia.it/news/italia-mondo/3047047/tiro-colpita-da-un-raid-israeliano-nel-pieno-dellesodo-colpiti-civili-e-soccorritori.html,,,,,,srclc:ita,"Guerra
Tiro raggiunta da un raid israeliano nel pieno dell’esodo: colpiti civili e soccorritori
Danneggiato anche il patrimonio culturale mentre il quartiere cristiano è travolto dall'evacuazione
A Tiro, nel sud del Libano stamattina un raid aereo israeliano ha colpito una zona residenziale dopo un ordine di sfollamento emesso poco prima dall’esercito israeliano. Il primo bilancio riferito dai media e rilanciato da ANSA, citando la Protezione Civile del Libano meridionale, parla di almeno 8 morti. Gli operatori, secondo la stessa ricostruzione, stavano evacuando gli anziani mentre i residenti cercavano di lasciare la città.
La sequenza dei fatti conta quanto i numeri. Il punto, qui, non è solo il bilancio umano, ancora provvisorio, ma il quadro in cui il bombardamento si inserisce: un attacco su una città già messa sotto pressione da ordini di evacuazione, con una popolazione civile in movimento e con il quartiere cristiano, finora in parte rimasto fuori da precedenti avvisi, questa volta incluso nell’ordine israeliano. Israele sostiene che in quell’area operino combattenti di Hezbollah; sul terreno, però, la conseguenza immediata è una nuova fuga di civili da una delle città simbolo del Libano meridionale.
Un attacco nel pieno dell’esodo
Secondo quanto riferito da ANSA, il raid ha investito una “popolare zona residenziale” di Tiro poco dopo gli ordini di sfollamento diramati dall’esercito israeliano. La Protezione Civile del Libano meridionale ha indicato il primo bilancio di 8 vittime, mentre la NNA, l’agenzia di stampa nazionale libanese, ha riferito delle operazioni di evacuazione in corso, in particolare per mettere in salvo le persone più fragili.
Il dettaglio che più colpisce è proprio questo: non si tratta di una città sorpresa nel sonno o di un bersaglio centrato nel pieno della vita ordinaria, ma di un luogo già attraversato dalla paura organizzata della fuga. Tiro non stava vivendo una giornata normale interrotta da un’esplosione; stava già vivendo la sua sospensione. Le auto in uscita, gli operatori al lavoro, i quartieri che si svuotano a pezzi raccontano una realtà in cui l’ordine di evacuazione non garantisce sicurezza, ma spesso segnala che il tempo utile è quasi finito.
L’ordine, inoltre, riguardava anche il quartiere cristiano della città. È un passaggio sensibile, sia sul piano operativo sia su quello politico e simbolico. Nei giorni scorsi, proprio quel settore urbano era stato al centro di tensioni e timori: secondo un reportage di Le Monde, dopo una precedente minaccia di evacuazione l’esercito libanese era stato dispiegato rapidamente nella città vecchia, mentre il presidente dell’Unione dei municipi di Tiro, Hassan Dbouk, aveva cercato di rassicurare la popolazione affermando che la situazione fosse sotto controllo e che non fossero stati trovati armamenti nel quartiere.
Tiro, molto più di un punto sulla mappa militare
Per capire perché quanto accade a Tiro abbia un peso particolare, bisogna uscire per un momento dal linguaggio dei bollettini. Tiro non è soltanto una città del sud vicina al fronte: è uno dei luoghi più antichi e stratificati del Mediterraneo, iscritta nella lista del patrimonio mondiale UNESCO dal 1984. L’agenzia delle Nazioni Unite la descrive come l’antica città fenicia che dominò le rotte marittime e fondò colonie come Cadice e Cartagine; il sito comprende resti archeologici di eccezionale valore, una parte dei quali sommersi, oltre a vestigia romane, medievali e crociate.
Questa dimensione non è ornamentale: cambia il modo in cui la guerra entra nello spazio urbano. A Tiro, l’idea di evacuazione non riguarda soltanto case, negozi, scuole e famiglie; investe anche una città che per il Libano è memoria storica, identità civile, economia locale, turismo perduto e patrimonio condiviso. UNESCO ha inoltre ricordato che nel novembre 2024 il sito ha ottenuto una forma di protezione rafforzata provvisoria in base al Secondo Protocollo della Convenzione dell’Aia, proprio per le preoccupazioni legate alle ostilità regionali; una missione dell’agenzia, nel marzo 2025, aveva rilevato danni ad aree moderne e impatti collaterali, pur senza confermare colpi diretti ai principali resti archeologici.
In altri termini: quando Tiro viene colpita o svuotata, non si consuma soltanto un episodio militare. Si allarga anche la frattura tra guerra e civiltà urbana.
La tregua che non tiene, gli avvisi che si moltiplicano
Il raid del 9 giugno arriva dentro un contesto già altamente instabile. Reuters riferiva il 7 giugno che l’esercito israeliano aveva emesso un avviso di evacuazione per i residenti di Tiro e delle aree circostanti, mentre continuavano i combattimenti con Hezbollah. Nello stesso dispaccio si ricordava che una tregua annunciata dagli Stati Uniti il 16 aprile 2026 aveva fermato solo in parte i bombardamenti su Beirut sud, senza però mettere fine alle ostilità nel Libano meridionale.
Anche la fragile architettura diplomatica appare logorata. Secondo AP, nei giorni scorsi Hezbollah ha respinto l’ultima proposta di cessate il fuoco, chiedendo il ritiro completo israeliano dal territorio libanese. Sempre AP ha riferito che il 6 giugno raid israeliani nel sud del Paese hanno ucciso 9 persone, tra cui 3 militari libanesi, spingendo il presidente libanese Joseph Aoun a denunciare una “flagrante violazione” della sovranità del Paese e del diritto internazionale.
La realtà, sul terreno, è che gli avvisi di evacuazione non sono più eccezioni ma parte ordinaria della guerra. IOM, nel suo rapporto sulla mobilità relativo al periodo 26 maggio – 2 giugno 2026, segnala che nonostante l’annuncio di una proroga del cessate il fuoco il 15 maggio 2026, le ostilità sono proseguite, con raid e ordini di sfollamento che hanno interessato almeno 61 località aggiuntive del Libano meridionale. Alla data del 31 maggio, risultavano ancora 130.369 sfollati distribuiti in 632 strutture collettive.
La città che si svuota e il peso della stanchezza civile
Ciò che accade oggi a Tiro non nasce da zero. La città vive da mesi sotto una pressione continua, fatta di bombardamenti, rientri parziali, nuove partenze, ordini revocati o estesi, paura sedimentata. Un reportage di AP di fine marzo 2026 descriveva Tiro come una città quasi fantasma, in gran parte svuotata dopo l’intensificazione degli attacchi israeliani e i vasti ordini di evacuazione estesi a tutto il territorio a sud del Litani.
Questa oscillazione tra spopolamento e ritorno è tipica delle guerre a bassa tregua: le famiglie rientrano quando credono che il peggio sia passato, ripartono quando un nuovo avviso annuncia un’altra fase dell’offensiva. È una dinamica che logora i redditi, le reti familiari, il commercio, l’accesso alla salute, l’istruzione, la capacità stessa di decidere. In città come Tiro, la guerra non è solo l’esplosione: è l’incertezza continua che trasforma la vita in una serie di attese interrotte.
L’effetto umanitario è ormai di scala nazionale. UNHCR ha avvertito già il 27 marzo 2026 che nel Paese più di 1 milione di persone — circa una su cinque — erano state costrette a lasciare le proprie case dall’inizio dell’escalation del 2 marzo. In quella stessa valutazione, l’agenzia parlava di una crisi umanitaria in rapido aggravamento, con pressioni enormi su famiglie ospitanti, servizi pubblici e sistemi locali di protezione.
Il nodo politico e il messaggio militare
Dal punto di vista israeliano, gli ordini di sfollamento sono giustificati dalla presenza operativa di Hezbollah in aree civili. Il problema, tuttavia, è che nel Libano del Sud la geografia militare e quella civile sono da tempo intrecciate, e il prezzo immediato viene pagato dalla popolazione. L’inclusione del quartiere cristiano di Tiro nell’ordine di evacuazione ha inoltre un valore specifico: segnala che ormai anche aree percepite come relativamente più “protette” o meno esposte non vengono più considerate tali.
Negli ultimi giorni, la pressione militare israeliana sul Libano meridionale si è accentuata proprio mentre il fronte diplomatico produceva segnali contraddittori. ANSA ha riferito il 5 giugno che il premier israeliano Benjamin Netanyahu non intendeva sottoporre al voto l’ultima intesa mediata dagli Usa finché Hezbollah non ne avesse accettato i termini; nello stesso contesto, da parte libanese, il presidente del Parlamento Nabih Berri aveva evocato per la prima volta la possibilità di un ritiro del movimento sciita dal sud, ma solo in presenza di un arretramento israeliano e di una tregua complessiva e incondizionata.
È su questo sfondo che Tiro torna a essere bersaglio e simbolo: simbolo del fatto che la guerra continua a bruciare più rapidamente di qualunque negoziato.
Civili, soccorritori, fragilità
Nel racconto di queste ore c’è un elemento che merita particolare attenzione: la vulnerabilità dei soggetti colpiti non riguarda solo chi fugge, ma anche chi soccorre. Le operazioni della Protezione Civile per evacuare gli anziani lo mostrano con chiarezza: in molte aree del Libano meridionale i soccorritori lavorano dentro un ambiente che può cambiare da corridoio di fuga a zona di impatto nel giro di pochissimo tempo.
Non è un dettaglio secondario. Quando le squadre di emergenza devono organizzare lo spostamento di persone fragili — anziani, malati, disabili, famiglie senza mezzi — la finestra temporale fa la differenza tra evacuazione e tragedia. E quando un raid colpisce mentre la popolazione sta eseguendo un ordine di sfollamento, il messaggio che arriva ai civili è devastante: partire non garantisce di salvarsi, restare non è un’opzione.
Tiro come specchio del Libano
Nel dibattito regionale, Tiro è spesso trattata come una località del fronte meridionale. Ma guardarla davvero significa vedere il Libano in miniatura: una città con memoria fenicia e ferite contemporanee, a maggioranza composita, con un porto, un retroterra impoverito, un valore simbolico che eccede il suo peso demografico. È una città dove la guerra non distrugge solo edifici, ma rompe la fiducia minima necessaria alla vita urbana.
Ecco perché il raid del 9 giugno 2026 pesa più del suo pur già grave bilancio iniziale. Perché arriva dopo l’ordine di evacuazione. Perché colpisce una popolazione già in movimento. Perché coinvolge una città che il mondo dovrebbe conoscere per le sue rovine, non per i suoi corridoi di fuga. E perché conferma, ancora una volta, che il Libano meridionale resta intrappolato in una logica in cui ogni tregua è annunciata come imminente e smentita poche ore dopo dai fatti.
A Tiro, oggi, la guerra ha assunto la forma più crudele: non quella dell’assalto improvviso, ma quella dell’attesa evacuata, della città che prova a obbedire e viene colpita comunque. Finché questa dinamica continuerà, ogni discussione diplomatica rischierà di apparire lontana, astratta, quasi irreale rispetto alla concretezza di ciò che accade nelle strade: anziani da portare via, famiglie in macchina, quartieri vuoti, fumo sopra il mare."
20260609094606,Money.it,https://www.money.it/germania-est-il-miracolo-economico-e-finito-e-il-divario-con-l-ovest-aumenta,,,,,,srclc:ita,"Il contesto della Germania dell’Est rimane cupo e rischia una pericolosa combinazione di stagnazione e inflazione energetica, aggravata dalle tensioni in Iran.
Dopo decenni di lenta ma costante rimonta, il miracolo economico della Germania Orientale rischia di interrompersi bruscamente. È l’allarme lanciato dal Wettbewerbsreport Ostdeutschland 2026, presentato nei giorni scorsi a Dresda dell’Istituto Ifo, il Leibniz-Institut für Wirtschaftsforschung an der Universität München, uno dei più importanti istituti di ricerca economica della Germania e d’Europa.
Il rapporto parla chiara: i Länder orientali potrebbero presto perdere di nuovo terreno rispetto all’Ovest più dinamico. «Il processo di recupero non è più un automatismo», ha ammonito l’autore dello studio, Joachim Ragnitz, intervistato dalla Berliner Zeitung. «Senza interventi decisi da parte di politica ed economia, il divario tornerà ad allargarsi».
Investimenti in caduta libera
[...]Accedi ai contenuti riservati
Navighi con pubblicità ridotta
Ottieni sconti su prodotti e servizi
Disdici quando vuoi
Sei già iscritto? Clicca qui
© RIPRODUZIONE RISERVATA"
20260609093443,Trevisotoday,https://www.trevisotoday.it/scuola/treviso-valeri-accorpate-toniolo-elementari-9-giugno-2026.html,,,,,,srclc:ita,"Denatalità, la scuola elementare Valeri sarà accorpata alla Toniolo
Martedì 9 giugno il Comune di Treviso ha approvato il Piano di riorganizzazione dei plessi scolastici. Quattro classi delle Valeri non hanno raggiunto il numero minimo e saranno spostate da San Paolo a Santa Bona. Due nuove sedi per il Cpia
Da settembre le quattro classi della scuola elementare “Valeri” in viale Olimpia, parte dell’Istituto Comprensivo IC5 “Luigi Coletti”, saranno accorpate alla scuola Toniolo in strada Santa Bona Nuova mentre il Centro provinciale per l'istruzione degli adulti (CPIA) ""Alberto Manzi"" troverà una nuova collocazione in due sedi più funzionali.
Sono queste le principali novità del Piano di riorganizzazione scolastica approvato martedì 9 giugno dal Comune di Treviso con l'obiettivo di far fronte al calo demografico e ottimizzare l'utilizzo degli edifici scolastici. La soglia minima prevista dal Ministero è di 30 iscritti per la scuola dell’infanzia, 50 iscritti per le elementari e 45 iscritti per le medie. La denatalità che non ha permesso di costituire le classi prime della scuola Valeri e della scuola Toniolo che conta la presenza di due sole classi per l’anno scolastico 2026/2027 e un totale di 29 alunni, mentre alla Valeri le classi sono quattro, per un totale di 78 studenti. Di fronte al numero di iscritti alla Toniolo, risultato inferiore alla soglia minima e alla presenza nelle vicinanze della “Valeri”, scuola dell’IC5 Coletti che non è riuscita a formare la classe prima, il Comune ha deciso di ottimizzare gli spazi accorpando tutti i bambini in un unico edificio. La scuola Toniolo, tra le due strutture, è risultata la più adatta trovandosi in una zona strategica per le famiglie provenienti dalla zona nord al confine con Ponzano Veneto. La proposta di accorpamento era arrivata dalla dirigente scolastica dell’IC5 Coletti Angela Ferraro. Dall’anno scolastico 2027/2028 l’IC5 Coletti avrà dunque un nuovo assetto senza le Valeri: scuole dell’infanzia Barbisan e San Paolo nella sede di viale Olimpia, sezione montessoriana della scuola Vittorino da Feltre, scuole elementari: Collodi, Toniolo, Vittorino da Feltre e Carducci, scuole medie Coletti (sede centrale e succursale).
NUOVE SEDI
Anche il CPIA “Alberto Manzi” verrà interessato dalla riorganizzazione. Attualmente il servizio è distribuito sul territorio in tre punti: TV1, nella sede centrale dell’Istituto Comprensivo 1 “Martini” in via Dorigo; TV2, nella sede centrale dell’Istituto Comprensivo n. 5 “L. Coletti” in via Abruzzo 1; la direzione, ospitata nell’immobile di proprietà comunale di via San Pelajo, 135/C. Dal momento che l’erogazione del servizio richiede una più adeguata separazione tra gli utenti scolastici di fasce d’età diverse, oltre a una migliore funzionalità degli spazi, una più efficace gestione delle attività educative e una maggiore coerenza delle esigenze educative si è valutata una nuova soluzione logistica, in grado di garantire meglio tutte queste necessità. Così, la sede TV1 si trasferirà all’ex scuola Cantù di via Tirindelli, riconsegnata all’amministrazione comunale nel 2025; la sede TV2 si sposterà alla scuola primaria “Valeri”, dove troverà spazio anche la direzione.
I COMMENTI
«La richiesta di accorpamento delle due scuole primarie in questione è stata proposta nonostante il grande dispiacere che la stessa provoca a me stessa e al corpo docenti, nonché alle famiglie - conclude la dirigente scolastica Angela Ferraro -. Tuttavia, a fronte di una reiterata mancanza di sufficienti iscrizioni nel corso degli ultimi anni e non volendo lasciare un plesso semivuoto a rischio isolamento sociale per i bambini e fonte di spreco economico, la scelta è stata praticamente obbligata, considerando inoltre le migliori condizioni dell’edificio ospitante».
«Di fronte allo svanire delle classi prime della Valeri e della Toniolo e a numeri comunque molto bassi di frequentanti nelle altre classi, occorre rivedere il piano e cominciare ad accorpare per rivitalizzare centri che inevitabilmente andrebbero a spegnersi. Gli edifici liberati non rimarranno vuoti: rinascono per offrire nuove opportunità ad altre realtà che operano nel campo della formazione scolastica» ha aggiunto l’assessore Gloria Sernagiotto.
Il dirigente scolastico del CPIA “Alberto Manzi”, Gianpaolo Bortolini, ha concluso: «Registriamo un volume di richieste estremamente elevato, che spesso fatichiamo a soddisfare integralmente, costringendoci a gestire liste d’attesa. Disporre finalmente di spazi adeguati, indipendenti e capaci di garantire una corretta separazione dei percorsi educativi per fasce d’età è per noi vitale: ci permetterà di dare risposte concrete a una domanda formativa in costante crescita e di innalzare la qualità del servizio offerto alla cittadinanza».
TrevisoToday è anche su Mobile! Scarica l’App per rimanere sempre aggiornato."
